REGION,CYCLONE_ID,LON,LAT,TIME,WIND_KTS,SIZE,PRESSURE_MB
ATLN,200301L,-66.0,31.4,2003-04-18 15:00:00,30.0,0.0,1008.0
ATLN,200301L,-66.3,31.9,2003-04-18 18:00:00,30.0,0.0,1007.0
ATLN,200301L,-66.6,32.5,2003-04-18 21:00:00,30.0,0.0,1007.0
ATLN,200301L,-68.6,34.5,2003-04-19 12:00:00,35.0,0.0,1006.0
ATLN,200301L,-68.8,34.4,2003-04-19 15:00:00,35.0,0.0,1006.0
ATLN,200301L,-69.1,34.3,2003-04-19 18:00:00,35.0,0.0,1006.0
ATLN,200301L,-69.0,34.0,2003-04-19 21:00:00,38.0,0.0,1006.0
ATLN,200301L,-68.2,32.0,2003-04-20 12:00:00,45.0,0.0,1000.0
ATLN,200301L,-67.8,31.9,2003-04-20 15:00:00,45.0,0.0,999.0
ATLN,200301L,-67.3,31.7,2003-04-20 18:00:00,45.0,0.0,998.0
ATLN,200301L,-66.8,31.5,2003-04-20 21:00:00,48.0,0.0,997.0
ATLN,200301L,-64.8,30.0,2003-04-21 12:00:00,50.0,0.0,995.0
ATLN,200301L,-64.0,29.7,2003-04-21 15:00:00,50.0,0.0,995.0
ATLN,200301L,-63.1,29.4,2003-04-21 18:00:00,50.0,0.0,994.0
ATLN,200301L,-62.3,29.4,2003-04-21 21:00:00,50.0,0.0,994.0
ATLN,200301L,-58.5,29.6,2003-04-22 12:00:00,45.0,0.0,995.0
ATLN,200301L,-57.5,29.6,2003-04-22 15:00:00,45.0,0.0,996.0
ATLN,200301L,-56.6,29.7,2003-04-22 18:00:00,45.0,0.0,996.0
ATLN,200301L,-55.7,29.9,2003-04-22 21:00:00,43.0,0.0,997.0
ATLN,200301L,-52.3,31.0,2003-04-23 09:00:00,40.0,0.0,1000.0
ATLN,200301L,-51.5,31.4,2003-04-23 12:00:00,40.0,0.0,1000.0
ATLN,200301L,-51.0,31.6,2003-04-23 15:00:00,38.0,0.0,1001.0
ATLN,200301L,-50.6,31.9,2003-04-23 18:00:00,35.0,0.0,1001.0
ATLN,200301L,-50.1,32.0,2003-04-23 21:00:00,35.0,0.0,1002.0
ATLN,200301L,-48.3,31.9,2003-04-24 09:00:00,35.0,0.0,1005.0
ATLN,200301L,-47.8,31.8,2003-04-24 12:00:00,35.0,0.0,1005.0
ATLN,200301L,-47.2,31.6,2003-04-24 15:00:00,35.0,0.0,1005.0
ATLN,200301L,-46.6,31.5,2003-04-24 18:00:00,35.0,0.0,1005.0
ATLN,200301L,-46.0,31.5,2003-04-24 21:00:00,35.0,0.0,1005.0
ATLN,200301L,-43.7,31.6,2003-04-25 09:00:00,33.0,0.0,1004.0
ATLN,200301L,-43.1,31.7,2003-04-25 12:00:00,30.0,0.0,1003.0
ATLN,200301L,-42.6,31.8,2003-04-25 15:00:00,30.0,0.0,1004.0
ATLN,200301L,-42.1,31.8,2003-04-25 18:00:00,30.0,0.0,1004.0
ATLN,200301L,-41.5,31.9,2003-04-25 21:00:00,30.0,0.0,1005.0
ATLN,200301L,-37.0,32.6,2003-04-26 09:00:00,35.0,0.0,1002.0
ATLN,200301L,-35.6,32.9,2003-04-26 12:00:00,35.0,0.0,1002.0
ATLN,200301L,-34.2,33.3,2003-04-26 15:00:00,38.0,0.0,1002.0
ATLN,200301L,-32.8,33.6,2003-04-26 18:00:00,40.0,0.0,1002.0
ATLN,200301L,-24.1,35.7,2003-04-27 09:00:00,40.0,0.0,1000.0
ATLN,200301L,-22.4,36.1,2003-04-27 12:00:00,40.0,0.0,1000.0
ATLN,200302L,-43.4,9.6,2003-06-11 09:00:00,30.0,0.0,1008.0
ATLN,200302L,-44.2,9.7,2003-06-11 12:00:00,30.0,0.0,1008.0
ATLN,200302L,-45.0,9.7,2003-06-11 15:00:00,30.0,0.0,1009.0
ATLN,200302L,-45.9,9.7,2003-06-11 18:00:00,30.0,0.0,1010.0
ATLN,200303L,-89.3,20.0,2003-06-28 12:00:00,20.0,0.0,1008.0
ATLN,200303L,-89.3,20.1,2003-06-28 15:00:00,20.0,0.0,1008.0
ATLN,200303L,-89.4,20.3,2003-06-28 18:00:00,20.0,0.0,1008.0
ATLN,200303L,-89.6,20.6,2003-06-28 21:00:00,20.0,0.0,1008.0
ATLN,200303L,-89.8,21.0,2003-06-29 00:00:00,20.0,0.0,1008.0
ATLN,200303L,-90.5,23.4,2003-06-29 12:00:00,35.0,0.0,1007.0
ATLN,200303L,-90.8,24.0,2003-06-29 15:00:00,38.0,0.0,1008.0
ATLN,200303L,-91.1,24.6,2003-06-29 18:00:00,40.0,0.0,1009.0
ATLN,200303L,-91.2,25.3,2003-06-29 21:00:00,43.0,0.0,1009.0
ATLN,200303L,-91.3,25.9,2003-06-30 00:00:00,45.0,0.0,1008.0
ATLN,200303L,-91.5,28.2,2003-06-30 12:00:00,50.0,0.0,1002.0
ATLN,200303L,-91.3,28.6,2003-06-30 15:00:00,50.0,0.0,1000.0
ATLN,200303L,-91.0,29.1,2003-06-30 18:00:00,50.0,0.0,997.0
ATLN,200303L,-90.7,29.8,2003-06-30 21:00:00,48.0,0.0,998.0
ATLN,200303L,-90.3,30.4,2003-07-01 00:00:00,45.0,0.0,998.0
ATLN,200303L,-88.4,32.7,2003-07-01 12:00:00,25.0,0.0,1004.0
ATLN,200303L,-87.7,33.2,2003-07-01 15:00:00,23.0,0.0,1006.0
ATLN,200303L,-87.0,33.6,2003-07-01 18:00:00,20.0,0.0,1007.0
ATLN,200303L,-86.5,33.9,2003-07-01 21:00:00,20.0,0.0,1007.0
ATLN,200303L,-86.0,34.1,2003-07-02 00:00:00,20.0,0.0,1007.0
ATLN,200303L,-83.5,35.6,2003-07-02 12:00:00,20.0,0.0,1009.0
ATLN,200303L,-82.8,36.0,2003-07-02 15:00:00,20.0,0.0,1009.0
ATLN,200303L,-82.0,36.5,2003-07-02 18:00:00,20.0,0.0,1009.0
ATLN,200303L,-80.8,36.9,2003-07-02 21:00:00,20.0,0.0,1009.0
ATLN,200303L,-79.5,37.3,2003-07-03 00:00:00,20.0,0.0,1009.0
ATLN,200304L,-57.5,12.6,2003-07-07 12:00:00,30.0,0.0,1010.0
ATLN,200304L,-58.6,12.9,2003-07-07 15:00:00,33.0,0.0,1010.0
ATLN,200304L,-59.8,13.2,2003-07-07 18:00:00,35.0,0.0,1010.0
ATLN,200304L,-60.9,13.4,2003-07-07 21:00:00,35.0,0.0,1010.0
ATLN,200304L,-67.6,14.4,2003-07-08 12:00:00,40.0,0.0,1009.0
ATLN,200304L,-68.8,14.6,2003-07-08 15:00:00,43.0,0.0,1008.0
ATLN,200304L,-70.0,14.8,2003-07-08 18:00:00,45.0,0.0,1006.0
ATLN,200304L,-71.0,14.9,2003-07-08 21:00:00,48.0,0.0,1004.0
ATLN,200304L,-76.5,15.3,2003-07-09 12:00:00,55.0,0.0,1004.0
ATLN,200304L,-77.5,15.6,2003-07-09 15:00:00,55.0,0.0,1003.0
ATLN,200304L,-79.4,16.0,2003-07-09 21:00:00,55.0,0.0,1002.0
ATLN,200304L,-80.3,16.1,2003-07-10 00:00:00,55.0,0.0,1002.0
ATLN,200304L,-82.8,17.5,2003-07-10 12:00:00,70.0,0.0,988.0
ATLN,200304L,-83.4,18.1,2003-07-10 15:00:00,63.0,0.0,996.0
ATLN,200304L,-84.1,18.6,2003-07-10 18:00:00,55.0,0.0,1003.0
ATLN,200304L,-84.8,19.1,2003-07-10 21:00:00,53.0,0.0,1007.0
ATLN,200304L,-85.5,19.7,2003-07-11 00:00:00,50.0,0.0,1010.0
ATLN,200304L,-87.2,21.1,2003-07-11 12:00:00,50.0,0.0,1009.0
ATLN,200304L,-87.7,21.5,2003-07-11 15:00:00,48.0,0.0,1009.0
ATLN,200304L,-88.2,21.8,2003-07-11 18:00:00,45.0,0.0,1009.0
ATLN,200304L,-88.7,22.2,2003-07-11 21:00:00,45.0,0.0,1009.0
ATLN,200304L,-89.2,22.6,2003-07-12 00:00:00,45.0,0.0,1008.0
ATLN,200304L,-90.7,23.9,2003-07-12 12:00:00,45.0,0.0,1006.0
ATLN,200304L,-90.8,24.3,2003-07-12 15:00:00,45.0,0.0,1007.0
ATLN,200304L,-90.9,24.6,2003-07-12 18:00:00,45.0,0.0,1008.0
ATLN,200304L,-91.2,24.8,2003-07-12 21:00:00,45.0,0.0,1006.0
ATLN,200304L,-91.5,24.9,2003-07-13 00:00:00,45.0,0.0,1003.0
ATLN,200304L,-92.1,25.1,2003-07-13 12:00:00,50.0,0.0,999.0
ATLN,200304L,-92.2,25.2,2003-07-13 15:00:00,50.0,0.0,997.0
ATLN,200304L,-92.2,25.3,2003-07-13 18:00:00,50.0,0.0,995.0
ATLN,200304L,-92.2,25.5,2003-07-13 21:00:00,53.0,0.0,993.0
ATLN,200304L,-92.2,25.6,2003-07-14 00:00:00,55.0,0.0,991.0
ATLN,200304L,-92.6,26.7,2003-07-14 12:00:00,55.0,0.0,991.0
ATLN,200304L,-92.8,27.0,2003-07-14 15:00:00,58.0,0.0,990.0
ATLN,200304L,-93.0,27.3,2003-07-14 18:00:00,60.0,0.0,989.0
ATLN,200304L,-93.3,27.5,2003-07-14 21:00:00,60.0,0.0,989.0
ATLN,200304L,-93.6,27.7,2003-07-15 00:00:00,60.0,0.0,988.0
ATLN,200304L,-95.5,28.3,2003-07-15 12:00:00,75.0,0.0,982.0
ATLN,200304L,-96.2,28.5,2003-07-15 15:00:00,73.0,0.0,983.0
ATLN,200304L,-96.9,28.6,2003-07-15 18:00:00,70.0,0.0,984.0
ATLN,200304L,-97.6,28.6,2003-07-15 21:00:00,60.0,0.0,990.0
ATLN,200304L,-98.2,28.5,2003-07-16 00:00:00,50.0,0.0,995.0
ATLN,200304L,-101.7,29.1,2003-07-16 15:00:00,35.0,0.0,1005.0
ATLN,200304L,-102.6,29.3,2003-07-16 18:00:00,35.0,0.0,1007.0
ATLN,200304L,-103.4,29.6,2003-07-16 21:00:00,33.0,0.0,1011.0
ATLN,200304L,-104.3,29.9,2003-07-17 00:00:00,30.0,0.0,1014.0
ATLN,200305L,-54.1,30.8,2003-07-16 12:00:00,25.0,0.0,1017.0
ATLN,200305L,-54.4,31.3,2003-07-16 15:00:00,28.0,0.0,1016.0
ATLN,200305L,-54.7,31.7,2003-07-16 18:00:00,30.0,0.0,1015.0
ATLN,200305L,-55.0,32.1,2003-07-16 21:00:00,33.0,0.0,1014.0
ATLN,200305L,-56.0,33.9,2003-07-17 09:00:00,48.0,0.0,1010.0
ATLN,200305L,-56.4,34.4,2003-07-17 12:00:00,50.0,0.0,1009.0
ATLN,200305L,-56.5,34.8,2003-07-17 15:00:00,53.0,0.0,1009.0
ATLN,200305L,-56.6,35.3,2003-07-17 18:00:00,55.0,0.0,1008.0
ATLN,200305L,-56.5,35.8,2003-07-17 21:00:00,55.0,0.0,1008.0
ATLN,200305L,-55.5,37.6,2003-07-18 09:00:00,58.0,0.0,1005.0
ATLN,200305L,-54.9,38.1,2003-07-18 12:00:00,60.0,0.0,1003.0
ATLN,200305L,-54.1,38.7,2003-07-18 15:00:00,63.0,0.0,1003.0
ATLN,200305L,-53.4,39.2,2003-07-18 18:00:00,65.0,0.0,1002.0
ATLN,200305L,-52.5,39.7,2003-07-18 21:00:00,65.0,0.0,1002.0
ATLN,200305L,-48.9,41.6,2003-07-19 09:00:00,65.0,0.0,1001.0
ATLN,200305L,-47.8,42.1,2003-07-19 12:00:00,65.0,0.0,1001.0
ATLN,200305L,-46.8,42.4,2003-07-19 15:00:00,63.0,0.0,1002.0
ATLN,200305L,-45.8,42.7,2003-07-19 18:00:00,60.0,0.0,1003.0
ATLN,200305L,-44.9,42.7,2003-07-19 21:00:00,58.0,0.0,1004.0
ATLN,200305L,-41.5,42.2,2003-07-20 09:00:00,43.0,0.0,1008.0
ATLN,200305L,-40.7,41.9,2003-07-20 12:00:00,40.0,0.0,1008.0
ATLN,200305L,-40.0,41.4,2003-07-20 15:00:00,35.0,0.0,1009.0
ATLN,200305L,-39.2,40.9,2003-07-20 18:00:00,30.0,0.0,1009.0
ATLN,200305L,-38.5,40.3,2003-07-20 21:00:00,30.0,0.0,1009.0
ATLN,200305L,-36.5,38.3,2003-07-21 09:00:00,28.0,0.0,1011.0
ATLN,200305L,-36.3,37.9,2003-07-21 12:00:00,25.0,0.0,1011.0
ATLN,200305L,-36.1,37.5,2003-07-21 15:00:00,25.0,0.0,1012.0
ATLN,200305L,-35.9,37.1,2003-07-21 18:00:00,25.0,0.0,1013.0
ATLN,200305L,-35.8,36.7,2003-07-21 21:00:00,25.0,0.0,1014.0
ATLN,200305L,-36.5,35.5,2003-07-22 09:00:00,25.0,0.0,1018.0
ATLN,200305L,-36.7,35.3,2003-07-22 12:00:00,25.0,0.0,1018.0
ATLN,200305L,-37.0,35.2,2003-07-22 15:00:00,25.0,0.0,1019.0
ATLN,200305L,-37.2,35.1,2003-07-22 18:00:00,25.0,0.0,1019.0
ATLN,200305L,-37.5,35.0,2003-07-22 21:00:00,23.0,0.0,1020.0
ATLN,200305L,-38.8,35.2,2003-07-23 09:00:00,20.0,0.0,1020.0
ATLN,200305L,-39.0,35.5,2003-07-23 12:00:00,20.0,0.0,1020.0
ATLN,200305L,-39.5,35.8,2003-07-23 15:00:00,20.0,0.0,1020.0
ATLN,200305L,-40.0,36.0,2003-07-23 18:00:00,20.0,0.0,1020.0
ATLN,200305L,-40.3,36.0,2003-07-23 21:00:00,20.0,0.0,1021.0
ATLN,200305L,-40.3,36.5,2003-07-24 09:00:00,20.0,0.0,1021.0
ATLN,200305L,-40.0,36.5,2003-07-24 12:00:00,20.0,0.0,1021.0
ATLN,200305L,-39.8,36.5,2003-07-24 15:00:00,20.0,0.0,1021.0
ATLN,200305L,-39.5,36.4,2003-07-24 18:00:00,20.0,0.0,1021.0
ATLN,200305L,-39.2,36.5,2003-07-24 21:00:00,20.0,0.0,1022.0
ATLN,200305L,-39.1,36.1,2003-07-25 09:00:00,20.0,0.0,1022.0
ATLN,200305L,-39.0,36.0,2003-07-25 12:00:00,20.0,0.0,1022.0
ATLN,200305L,-39.0,35.8,2003-07-25 15:00:00,20.0,0.0,1022.0
ATLN,200305L,-39.0,35.5,2003-07-25 18:00:00,20.0,0.0,1022.0
ATLN,200305L,-39.3,35.0,2003-07-25 21:00:00,20.0,0.0,1023.0
ATLN,200305L,-40.3,33.4,2003-07-26 09:00:00,20.0,0.0,1023.0
ATLN,200305L,-40.5,33.0,2003-07-26 12:00:00,20.0,0.0,1023.0
ATLN,200305L,-40.8,32.5,2003-07-26 15:00:00,20.0,0.0,1023.0
ATLN,200305L,-41.0,32.0,2003-07-26 18:00:00,20.0,0.0,1023.0
ATLN,200305L,-41.5,31.5,2003-07-26 21:00:00,20.0,0.0,1024.0
ATLN,200306L,-43.5,12.3,2003-07-19 18:00:00,30.0,0.0,1010.0
ATLN,200306L,-44.4,12.4,2003-07-19 21:00:00,30.0,0.0,1010.0
ATLN,200306L,-47.9,12.8,2003-07-20 09:00:00,30.0,0.0,1011.0
ATLN,200306L,-48.8,12.9,2003-07-20 12:00:00,30.0,0.0,1011.0
ATLN,200306L,-49.8,13.1,2003-07-20 15:00:00,30.0,0.0,1012.0
ATLN,200306L,-50.9,13.2,2003-07-20 18:00:00,30.0,0.0,1012.0
ATLN,200306L,-52.0,13.4,2003-07-20 21:00:00,30.0,0.0,1012.0
ATLN,200306L,-57.4,14.0,2003-07-21 12:00:00,30.0,0.0,1012.0
ATLN,200307L,-80.1,29.3,2003-07-25 12:00:00,25.0,0.0,1017.0
ATLN,200307L,-80.3,29.7,2003-07-25 15:00:00,25.0,0.0,1017.0
ATLN,200307L,-80.5,30.1,2003-07-25 18:00:00,25.0,0.0,1017.0
ATLN,200307L,-80.7,30.4,2003-07-25 21:00:00,28.0,0.0,1017.0
ATLN,200307L,-80.8,30.7,2003-07-26 00:00:00,30.0,0.0,1016.0
ATLN,200307L,-82.0,32.3,2003-07-26 12:00:00,20.0,0.0,1022.0
ATLN,200307L,-82.3,32.5,2003-07-26 15:00:00,18.0,0.0,1022.0
ATLN,200307L,-82.6,32.8,2003-07-26 18:00:00,15.0,0.0,1022.0
ATLN,200307L,-82.8,32.9,2003-07-26 21:00:00,15.0,0.0,1022.0
ATLN,200307L,-83.0,33.0,2003-07-27 00:00:00,15.0,0.0,1022.0
ATLN,200308L,-90.5,26.1,2003-08-15 12:00:00,45.0,0.0,1007.0
ATLN,200308L,-93.5,25.9,2003-08-15 21:00:00,53.0,0.0,998.0
ATLN,200308L,-94.4,25.9,2003-08-16 00:00:00,55.0,0.0,995.0
ATLN,200308L,-98.3,25.0,2003-08-16 15:00:00,50.0,0.0,996.0
ATLN,200308L,-98.9,24.8,2003-08-16 18:00:00,35.0,0.0,1003.0
ATLN,200308L,-99.6,24.8,2003-08-16 21:00:00,30.0,0.0,1006.0
ATLN,200309L,-68.2,16.2,2003-08-22 12:00:00,30.0,0.0,1008.0
ATLN,200310L,-30.7,14.6,2003-08-27 18:00:00,25.0,0.0,1009.0
ATLN,200310L,-35.2,14.9,2003-08-28 09:00:00,33.0,0.0,1007.0
ATLN,200310L,-36.2,15.0,2003-08-28 12:00:00,35.0,0.0,1006.0
ATLN,200310L,-37.2,15.1,2003-08-28 15:00:00,38.0,0.0,1005.0
ATLN,200310L,-38.2,15.1,2003-08-28 18:00:00,40.0,0.0,1004.0
ATLN,200310L,-42.5,15.4,2003-08-29 09:00:00,50.0,0.0,997.0
ATLN,200310L,-43.1,15.5,2003-08-29 12:00:00,50.0,0.0,997.0
ATLN,200310L,-43.7,15.7,2003-08-29 15:00:00,55.0,0.0,994.0
ATLN,200310L,-44.3,15.8,2003-08-29 18:00:00,60.0,0.0,990.0
ATLN,200310L,-45.0,16.1,2003-08-29 21:00:00,63.0,0.0,989.0
ATLN,200310L,-47.5,16.9,2003-08-30 09:00:00,78.0,0.0,979.0
ATLN,200310L,-48.0,17.0,2003-08-30 12:00:00,85.0,0.0,973.0
ATLN,200310L,-48.6,17.1,2003-08-30 15:00:00,93.0,0.0,967.0
ATLN,200310L,-49.2,17.3,2003-08-30 18:00:00,100.0,0.0,960.0
ATLN,200310L,-49.8,17.5,2003-08-30 21:00:00,105.0,0.0,956.0
ATLN,200310L,-52.5,18.0,2003-08-31 12:00:00,110.0,0.0,952.0
ATLN,200310L,-53.0,18.1,2003-08-31 15:00:00,113.0,0.0,950.0
ATLN,200310L,-53.5,18.2,2003-08-31 18:00:00,115.0,0.0,948.0
ATLN,200310L,-53.9,18.3,2003-08-31 21:00:00,118.0,0.0,947.0
ATLN,200310L,-56.3,18.7,2003-09-01 12:00:00,120.0,0.0,949.0
ATLN,200310L,-56.8,18.9,2003-09-01 15:00:00,123.0,0.0,947.0
ATLN,200310L,-57.3,19.0,2003-09-01 18:00:00,125.0,0.0,944.0
ATLN,200310L,-57.8,19.1,2003-09-01 21:00:00,125.0,0.0,944.0
ATLN,200310L,-59.9,20.1,2003-09-02 12:00:00,120.0,0.0,945.0
ATLN,200310L,-60.3,20.3,2003-09-02 15:00:00,120.0,0.0,946.0
ATLN,200310L,-60.7,20.5,2003-09-02 18:00:00,120.0,0.0,946.0
ATLN,200310L,-61.0,20.7,2003-09-02 21:00:00,118.0,0.0,946.0
ATLN,200310L,-62.3,21.9,2003-09-03 12:00:00,110.0,0.0,945.0
ATLN,200310L,-62.5,22.2,2003-09-03 15:00:00,110.0,0.0,945.0
ATLN,200310L,-62.8,22.5,2003-09-03 18:00:00,110.0,0.0,944.0
ATLN,200310L,-62.9,22.9,2003-09-03 21:00:00,113.0,0.0,942.0
ATLN,200310L,-63.8,24.8,2003-09-04 12:00:00,105.0,0.0,944.0
ATLN,200310L,-64.0,25.3,2003-09-04 15:00:00,108.0,0.0,943.0
ATLN,200310L,-64.3,25.8,2003-09-04 18:00:00,110.0,0.0,941.0
ATLN,200310L,-64.4,26.5,2003-09-04 21:00:00,113.0,0.0,941.0
ATLN,200310L,-65.3,30.1,2003-09-05 12:00:00,105.0,0.0,951.0
ATLN,200310L,-65.3,31.0,2003-09-05 15:00:00,105.0,0.0,951.0
ATLN,200310L,-65.3,31.8,2003-09-05 18:00:00,105.0,0.0,950.0
ATLN,200310L,-65.0,32.6,2003-09-05 21:00:00,103.0,0.0,952.0
ATLN,200310L,-62.4,36.0,2003-09-06 12:00:00,100.0,0.0,957.0
ATLN,200310L,-61.4,36.5,2003-09-06 15:00:00,100.0,0.0,958.0
ATLN,200310L,-60.4,36.9,2003-09-06 18:00:00,100.0,0.0,958.0
ATLN,200310L,-59.3,37.4,2003-09-06 21:00:00,95.0,0.0,960.0
ATLN,200310L,-53.4,40.6,2003-09-07 12:00:00,80.0,0.0,967.0
ATLN,200310L,-52.0,41.5,2003-09-07 15:00:00,78.0,0.0,970.0
ATLN,200310L,-50.7,42.3,2003-09-07 18:00:00,75.0,0.0,972.0
ATLN,200310L,-49.3,43.3,2003-09-07 21:00:00,73.0,0.0,974.0
ATLN,200310L,-42.8,47.5,2003-09-08 09:00:00,68.0,0.0,979.0
ATLN,200310L,-40.8,48.7,2003-09-08 12:00:00,65.0,0.0,980.0
ATLN,200310L,-38.4,50.2,2003-09-08 15:00:00,65.0,0.0,980.0
ATLN,200310L,-36.0,51.7,2003-09-08 18:00:00,65.0,0.0,980.0
ATLN,200311L,-92.4,24.3,2003-08-30 12:00:00,30.0,0.0,1008.0
ATLN,200311L,-92.8,24.6,2003-08-30 15:00:00,33.0,0.0,1009.0
ATLN,200311L,-93.3,24.9,2003-08-30 18:00:00,35.0,0.0,1009.0
ATLN,200311L,-93.8,25.4,2003-08-30 21:00:00,35.0,0.0,1009.0
ATLN,200311L,-94.3,25.8,2003-08-31 00:00:00,35.0,0.0,1009.0
ATLN,200311L,-95.4,29.8,2003-08-31 15:00:00,33.0,0.0,1008.0
ATLN,200311L,-95.6,30.1,2003-08-31 18:00:00,30.0,0.0,1009.0
ATLN,200311L,-96.0,30.5,2003-08-31 21:00:00,28.0,0.0,1009.0
ATLN,200311L,-96.4,30.9,2003-09-01 00:00:00,25.0,0.0,1009.0
ATLN,200311L,-96.1,33.1,2003-09-01 15:00:00,20.0,0.0,1011.0
ATLN,200311L,-95.7,33.6,2003-09-01 18:00:00,20.0,0.0,1011.0
ATLN,200311L,-95.3,33.9,2003-09-01 21:00:00,18.0,0.0,1011.0
ATLN,200311L,-95.0,34.1,2003-09-02 00:00:00,15.0,0.0,1011.0
ATLN,200312L,-87.7,27.4,2003-09-03 18:00:00,25.0,0.0,1013.0
ATLN,200312L,-87.8,27.5,2003-09-03 21:00:00,25.0,0.0,1012.0
ATLN,200312L,-87.8,27.6,2003-09-04 00:00:00,25.0,0.0,1011.0
ATLN,200312L,-87.2,27.8,2003-09-04 12:00:00,30.0,0.0,1010.0
ATLN,200312L,-86.3,27.8,2003-09-04 18:00:00,30.0,0.0,1002.0
ATLN,200312L,-86.0,27.7,2003-09-04 21:00:00,30.0,0.0,1003.0
ATLN,200312L,-85.8,27.6,2003-09-05 00:00:00,30.0,0.0,1004.0
ATLN,200312L,-84.4,28.1,2003-09-05 12:00:00,40.0,0.0,997.0
ATLN,200312L,-84.3,28.2,2003-09-05 15:00:00,45.0,0.0,997.0
ATLN,200312L,-84.2,28.3,2003-09-05 18:00:00,50.0,0.0,997.0
ATLN,200312L,-84.1,28.1,2003-09-05 21:00:00,40.0,0.0,1000.0
ATLN,200312L,-81.8,28.4,2003-09-06 12:00:00,25.0,0.0,1007.0
ATLN,200312L,-81.1,28.8,2003-09-06 15:00:00,25.0,0.0,1007.0
ATLN,200312L,-80.4,29.2,2003-09-06 18:00:00,25.0,0.0,1006.0
ATLN,200312L,-80.0,29.6,2003-09-06 21:00:00,28.0,0.0,1006.0
ATLN,200312L,-78.5,30.8,2003-09-07 12:00:00,30.0,0.0,1006.0
ATLN,200312L,-78.2,31.1,2003-09-07 15:00:00,30.0,0.0,1006.0
ATLN,200312L,-77.9,31.3,2003-09-07 18:00:00,30.0,0.0,1006.0
ATLN,200312L,-77.5,31.5,2003-09-07 21:00:00,30.0,0.0,1006.0
ATLN,200312L,-75.9,32.5,2003-09-08 12:00:00,30.0,0.0,1006.0
ATLN,200312L,-75.6,32.7,2003-09-08 15:00:00,28.0,0.0,1006.0
ATLN,200312L,-75.3,32.9,2003-09-08 18:00:00,25.0,0.0,1006.0
ATLN,200313L,-33.3,13.8,2003-09-06 09:00:00,38.0,0.0,1004.0
ATLN,200313L,-33.9,13.6,2003-09-06 12:00:00,40.0,0.0,1003.0
ATLN,200313L,-34.4,13.5,2003-09-06 15:00:00,43.0,0.0,1002.0
ATLN,200313L,-34.9,13.4,2003-09-06 18:00:00,45.0,0.0,1000.0
ATLN,200313L,-36.9,14.2,2003-09-07 09:00:00,63.0,0.0,989.0
ATLN,200313L,-37.3,14.4,2003-09-07 12:00:00,65.0,0.0,987.0
ATLN,200313L,-37.9,14.8,2003-09-07 15:00:00,68.0,0.0,986.0
ATLN,200313L,-38.5,15.2,2003-09-07 18:00:00,70.0,0.0,984.0
ATLN,200313L,-41.5,16.8,2003-09-08 09:00:00,103.0,0.0,959.0
ATLN,200313L,-42.0,17.1,2003-09-08 12:00:00,110.0,0.0,952.0
ATLN,200313L,-42.5,17.4,2003-09-08 15:00:00,110.0,0.0,952.0
ATLN,200313L,-43.1,17.6,2003-09-08 18:00:00,110.0,0.0,952.0
ATLN,200313L,-43.6,17.9,2003-09-08 21:00:00,113.0,0.0,950.0
ATLN,200313L,-45.8,19.1,2003-09-09 09:00:00,115.0,0.0,948.0
ATLN,200313L,-46.3,19.4,2003-09-09 12:00:00,115.0,0.0,948.0
ATLN,200313L,-46.8,19.7,2003-09-09 15:00:00,115.0,0.0,948.0
ATLN,200313L,-47.3,20.0,2003-09-09 18:00:00,115.0,0.0,948.0
ATLN,200313L,-47.8,20.3,2003-09-09 21:00:00,113.0,0.0,950.0
ATLN,200313L,-50.4,21.1,2003-09-10 12:00:00,115.0,0.0,948.0
ATLN,200313L,-50.9,21.1,2003-09-10 15:00:00,118.0,0.0,945.0
ATLN,200313L,-51.4,21.1,2003-09-10 18:00:00,120.0,0.0,942.0
ATLN,200313L,-51.8,21.1,2003-09-10 21:00:00,123.0,0.0,939.0
ATLN,200313L,-53.6,21.4,2003-09-11 09:00:00,130.0,0.0,930.0
ATLN,200313L,-54.0,21.4,2003-09-11 12:00:00,135.0,0.0,925.0
ATLN,200313L,-54.4,21.4,2003-09-11 15:00:00,140.0,0.0,920.0
ATLN,200313L,-54.8,21.5,2003-09-11 18:00:00,145.0,0.0,915.0
ATLN,200313L,-55.3,21.6,2003-09-11 21:00:00,143.0,0.0,918.0
ATLN,200313L,-57.4,21.6,2003-09-12 12:00:00,140.0,0.0,920.0
ATLN,200313L,-57.8,21.6,2003-09-12 15:00:00,140.0,0.0,920.0
ATLN,200313L,-58.2,21.7,2003-09-12 18:00:00,140.0,0.0,920.0
ATLN,200313L,-58.7,21.8,2003-09-12 21:00:00,138.0,0.0,923.0
ATLN,200313L,-61.0,22.1,2003-09-13 12:00:00,135.0,0.0,935.0
ATLN,200313L,-61.5,22.3,2003-09-13 15:00:00,138.0,0.0,934.0
ATLN,200313L,-62.1,22.5,2003-09-13 18:00:00,140.0,0.0,932.0
ATLN,200313L,-62.7,22.7,2003-09-13 21:00:00,138.0,0.0,934.0
ATLN,200313L,-65.8,23.5,2003-09-14 12:00:00,135.0,0.0,935.0
ATLN,200313L,-66.4,23.7,2003-09-14 15:00:00,138.0,0.0,934.0
ATLN,200313L,-67.0,23.9,2003-09-14 18:00:00,140.0,0.0,933.0
ATLN,200313L,-67.5,24.1,2003-09-14 21:00:00,135.0,0.0,935.0
ATLN,200313L,-69.4,24.8,2003-09-15 12:00:00,120.0,0.0,946.0
ATLN,200313L,-69.6,25.1,2003-09-15 15:00:00,118.0,0.0,948.0
ATLN,200313L,-69.8,25.3,2003-09-15 18:00:00,115.0,0.0,949.0
ATLN,200313L,-70.0,25.5,2003-09-15 21:00:00,110.0,0.0,951.0
ATLN,200313L,-70.9,26.8,2003-09-16 12:00:00,95.0,0.0,959.0
ATLN,200313L,-71.1,27.1,2003-09-16 15:00:00,95.0,0.0,959.0
ATLN,200313L,-71.2,27.4,2003-09-16 18:00:00,95.0,0.0,959.0
ATLN,200313L,-71.3,27.8,2003-09-16 21:00:00,95.0,0.0,958.0
ATLN,200313L,-72.5,29.7,2003-09-17 12:00:00,90.0,0.0,957.0
ATLN,200313L,-72.8,30.1,2003-09-17 15:00:00,90.0,0.0,956.0
ATLN,200313L,-73.0,30.6,2003-09-17 18:00:00,90.0,0.0,955.0
ATLN,200313L,-73.3,31.1,2003-09-17 21:00:00,90.0,0.0,954.0
ATLN,200313L,-75.2,33.7,2003-09-18 12:00:00,90.0,0.0,956.0
ATLN,200313L,-75.8,34.4,2003-09-18 15:00:00,88.0,0.0,957.0
ATLN,200313L,-76.4,35.1,2003-09-18 18:00:00,85.0,0.0,958.0
ATLN,200313L,-77.1,35.9,2003-09-18 21:00:00,75.0,0.0,964.0
ATLN,200313L,-80.3,40.9,2003-09-19 12:00:00,35.0,0.0,997.0
ATLN,200313L,-80.6,42.4,2003-09-19 15:00:00,33.0,0.0,999.0
ATLN,200313L,-80.9,43.9,2003-09-19 18:00:00,30.0,0.0,1000.0
ATLN,200313L,-81.0,46.0,2003-09-19 21:00:00,28.0,0.0,1000.0
ATLN,200314L,-21.9,11.5,2003-09-08 09:00:00,25.0,0.0,1009.0
ATLN,200314L,-22.2,11.4,2003-09-08 12:00:00,25.0,0.0,1009.0
ATLN,200314L,-22.4,11.3,2003-09-08 15:00:00,25.0,0.0,1009.0
ATLN,200314L,-22.6,11.2,2003-09-08 18:00:00,25.0,0.0,1009.0
ATLN,200314L,-24.0,12.0,2003-09-09 09:00:00,28.0,0.0,1007.0
ATLN,200314L,-24.4,12.4,2003-09-09 12:00:00,30.0,0.0,1007.0
ATLN,200314L,-24.6,13.0,2003-09-09 15:00:00,30.0,0.0,1007.0
ATLN,200314L,-24.9,13.6,2003-09-09 18:00:00,30.0,0.0,1007.0
ATLN,200314L,-25.1,15.6,2003-09-10 09:00:00,25.0,0.0,1010.0
ATLN,200314L,-25.2,15.9,2003-09-10 12:00:00,25.0,0.0,1010.0
ATLN,200315L,-62.4,28.2,2003-09-24 12:00:00,25.0,0.0,1009.0
ATLN,200315L,-62.3,28.3,2003-09-24 15:00:00,28.0,0.0,1008.0
ATLN,200315L,-62.2,28.3,2003-09-24 18:00:00,30.0,0.0,1007.0
ATLN,200315L,-62.1,28.4,2003-09-24 21:00:00,33.0,0.0,1007.0
ATLN,200315L,-61.4,29.2,2003-09-25 12:00:00,45.0,0.0,1000.0
ATLN,200315L,-61.5,29.8,2003-09-25 15:00:00,48.0,0.0,998.0
ATLN,200315L,-61.6,30.4,2003-09-25 18:00:00,50.0,0.0,996.0
ATLN,200315L,-61.7,30.6,2003-09-25 21:00:00,53.0,0.0,994.0
ATLN,200315L,-62.0,31.8,2003-09-26 12:00:00,65.0,0.0,987.0
ATLN,200315L,-62.0,32.1,2003-09-26 15:00:00,68.0,0.0,987.0
ATLN,200315L,-62.0,32.5,2003-09-26 18:00:00,70.0,0.0,987.0
ATLN,200315L,-62.0,32.9,2003-09-26 21:00:00,73.0,0.0,986.0
ATLN,200315L,-62.8,35.2,2003-09-27 12:00:00,75.0,0.0,979.0
ATLN,200315L,-63.0,35.4,2003-09-27 15:00:00,83.0,0.0,974.0
ATLN,200315L,-63.2,35.5,2003-09-27 18:00:00,90.0,0.0,969.0
ATLN,200315L,-63.4,35.9,2003-09-27 21:00:00,90.0,0.0,970.0
ATLN,200315L,-64.1,38.5,2003-09-28 12:00:00,90.0,0.0,970.0
ATLN,200315L,-64.1,39.4,2003-09-28 15:00:00,90.0,0.0,970.0
ATLN,200315L,-64.1,40.2,2003-09-28 18:00:00,90.0,0.0,970.0
ATLN,200315L,-64.0,41.5,2003-09-28 21:00:00,88.0,0.0,971.0
ATLN,200316L,-37.7,11.8,2003-09-25 18:00:00,30.0,0.0,1008.0
ATLN,200316L,-39.8,14.6,2003-09-26 09:00:00,30.0,0.0,1008.0
ATLN,200316L,-40.2,15.2,2003-09-26 12:00:00,30.0,0.0,1007.0
ATLN,200316L,-40.6,15.9,2003-09-26 15:00:00,30.0,0.0,1007.0
ATLN,200316L,-41.0,16.6,2003-09-26 18:00:00,30.0,0.0,1007.0
ATLN,200316L,-43.4,19.6,2003-09-27 09:00:00,30.0,0.0,1007.0
ATLN,200316L,-43.8,20.0,2003-09-27 12:00:00,30.0,0.0,1007.0
ATLN,200316L,-44.0,20.5,2003-09-27 15:00:00,33.0,0.0,1006.0
ATLN,200316L,-44.2,21.0,2003-09-27 18:00:00,35.0,0.0,1005.0
ATLN,200316L,-44.0,23.4,2003-09-28 09:00:00,50.0,0.0,997.0
ATLN,200316L,-43.6,23.9,2003-09-28 12:00:00,50.0,0.0,997.0
ATLN,200316L,-43.1,24.4,2003-09-28 15:00:00,50.0,0.0,997.0
ATLN,200316L,-42.6,24.8,2003-09-28 18:00:00,50.0,0.0,997.0
ATLN,200316L,-39.0,27.8,2003-09-29 09:00:00,55.0,0.0,993.0
ATLN,200316L,-38.2,28.3,2003-09-29 12:00:00,55.0,0.0,991.0
ATLN,200316L,-37.5,28.8,2003-09-29 15:00:00,60.0,0.0,989.0
ATLN,200316L,-36.8,29.2,2003-09-29 18:00:00,65.0,0.0,987.0
ATLN,200316L,-35.0,31.3,2003-09-30 09:00:00,55.0,0.0,992.0
ATLN,200316L,-35.1,31.8,2003-09-30 12:00:00,55.0,0.0,992.0
ATLN,200316L,-35.5,32.2,2003-09-30 15:00:00,53.0,0.0,994.0
ATLN,200316L,-36.0,32.6,2003-09-30 18:00:00,50.0,0.0,996.0
ATLN,200316L,-39.0,32.3,2003-10-01 09:00:00,53.0,0.0,996.0
ATLN,200316L,-39.6,32.2,2003-10-01 12:00:00,55.0,0.0,994.0
ATLN,200316L,-40.3,32.0,2003-10-01 15:00:00,60.0,0.0,991.0
ATLN,200316L,-40.9,31.7,2003-10-01 18:00:00,65.0,0.0,987.0
ATLN,200316L,-43.3,30.2,2003-10-02 09:00:00,75.0,0.0,979.0
ATLN,200316L,-43.6,30.1,2003-10-02 12:00:00,75.0,0.0,979.0
ATLN,200316L,-44.2,30.0,2003-10-02 15:00:00,78.0,0.0,978.0
ATLN,200316L,-44.7,29.9,2003-10-02 18:00:00,80.0,0.0,976.0
ATLN,200316L,-47.8,29.4,2003-10-03 12:00:00,90.0,0.0,970.0
ATLN,200316L,-48.5,29.5,2003-10-03 15:00:00,95.0,0.0,966.0
ATLN,200316L,-49.1,29.6,2003-10-03 18:00:00,100.0,0.0,962.0
ATLN,200316L,-49.7,29.8,2003-10-03 21:00:00,100.0,0.0,962.0
ATLN,200316L,-52.8,30.1,2003-10-04 12:00:00,105.0,0.0,956.0
ATLN,200316L,-53.4,30.1,2003-10-04 15:00:00,108.0,0.0,954.0
ATLN,200316L,-54.0,30.2,2003-10-04 18:00:00,110.0,0.0,952.0
ATLN,200316L,-54.4,30.3,2003-10-04 21:00:00,105.0,0.0,957.0
ATLN,200316L,-56.1,30.7,2003-10-05 12:00:00,90.0,0.0,973.0
ATLN,200316L,-56.3,31.0,2003-10-05 15:00:00,88.0,0.0,974.0
ATLN,200316L,-56.4,31.4,2003-10-05 18:00:00,85.0,0.0,975.0
ATLN,200316L,-56.3,31.8,2003-10-05 21:00:00,83.0,0.0,976.0
ATLN,200316L,-55.6,35.2,2003-10-06 12:00:00,75.0,0.0,979.0
ATLN,200316L,-55.3,36.0,2003-10-06 15:00:00,73.0,0.0,981.0
ATLN,200316L,-55.0,36.9,2003-10-06 18:00:00,70.0,0.0,983.0
ATLN,200316L,-54.5,37.8,2003-10-06 21:00:00,68.0,0.0,985.0
ATLN,200316L,-49.5,43.8,2003-10-07 12:00:00,60.0,0.0,987.0
ATLN,200316L,-48.4,45.6,2003-10-07 15:00:00,60.0,0.0,984.0
ATLN,200316L,-47.2,47.5,2003-10-07 18:00:00,60.0,0.0,980.0
ATLN,200317L,-84.7,18.5,2003-09-27 18:00:00,15.0,0.0,1009.0
ATLN,200317L,-84.8,18.6,2003-09-27 21:00:00,15.0,0.0,1009.0
ATLN,200317L,-86.0,19.3,2003-09-28 12:00:00,20.0,0.0,1008.0
ATLN,200317L,-86.5,19.5,2003-09-28 15:00:00,20.0,0.0,1008.0
ATLN,200317L,-86.9,19.7,2003-09-28 18:00:00,20.0,0.0,1008.0
ATLN,200317L,-87.2,19.9,2003-09-28 21:00:00,20.0,0.0,1008.0
ATLN,200317L,-89.3,20.8,2003-09-29 15:00:00,20.0,0.0,1007.0
ATLN,200317L,-89.6,21.0,2003-09-29 18:00:00,20.0,0.0,1007.0
ATLN,200317L,-90.0,21.1,2003-09-29 21:00:00,23.0,0.0,1007.0
ATLN,200317L,-92.3,21.3,2003-09-30 15:00:00,33.0,0.0,1007.0
ATLN,200317L,-92.5,21.2,2003-09-30 18:00:00,35.0,0.0,1006.0
ATLN,200317L,-92.7,21.0,2003-09-30 21:00:00,38.0,0.0,1006.0
ATLN,200317L,-92.9,20.9,2003-10-01 00:00:00,40.0,0.0,1006.0
ATLN,200317L,-93.1,21.0,2003-10-01 15:00:00,43.0,0.0,1004.0
ATLN,200317L,-93.2,21.0,2003-10-01 18:00:00,45.0,0.0,1003.0
ATLN,200317L,-93.3,20.9,2003-10-01 21:00:00,45.0,0.0,1003.0
ATLN,200317L,-93.4,20.9,2003-10-02 00:00:00,45.0,0.0,1002.0
ATLN,200317L,-93.5,20.4,2003-10-02 15:00:00,48.0,0.0,997.0
ATLN,200317L,-93.6,20.4,2003-10-02 18:00:00,50.0,0.0,996.0
ATLN,200317L,-93.8,20.4,2003-10-02 21:00:00,53.0,0.0,995.0
ATLN,200317L,-94.0,20.5,2003-10-03 00:00:00,55.0,0.0,993.0
ATLN,200317L,-94.6,20.0,2003-10-03 15:00:00,50.0,0.0,995.0
ATLN,200317L,-94.7,19.9,2003-10-03 18:00:00,50.0,0.0,995.0
ATLN,200317L,-94.6,19.8,2003-10-03 21:00:00,50.0,0.0,995.0
ATLN,200317L,-94.5,19.6,2003-10-04 00:00:00,50.0,0.0,995.0
ATLN,200317L,-93.8,19.1,2003-10-04 15:00:00,50.0,0.0,995.0
ATLN,200317L,-93.8,18.8,2003-10-04 18:00:00,50.0,0.0,996.0
ATLN,200317L,-93.7,18.7,2003-10-04 21:00:00,50.0,0.0,996.0
ATLN,200317L,-93.6,18.6,2003-10-05 00:00:00,50.0,0.0,996.0
ATLN,200317L,-93.6,18.3,2003-10-05 15:00:00,45.0,0.0,999.0
ATLN,200317L,-93.7,18.2,2003-10-05 18:00:00,40.0,0.0,1000.0
ATLN,200317L,-93.8,18.0,2003-10-05 21:00:00,38.0,0.0,1002.0
ATLN,200317L,-93.8,17.9,2003-10-06 00:00:00,35.0,0.0,1003.0
ATLN,200317L,-94.2,17.0,2003-10-06 15:00:00,20.0,0.0,1006.0
ATLN,200317L,-94.3,16.9,2003-10-06 18:00:00,20.0,0.0,1006.0
ATLN,200317L,-94.4,16.8,2003-10-06 21:00:00,18.0,0.0,1007.0
ATLN,200317L,-94.5,16.6,2003-10-07 00:00:00,15.0,0.0,1007.0
ATLN,200317L,-95.2,15.9,2003-10-07 15:00:00,15.0,0.0,1009.0
ATLN,200317L,-95.3,15.8,2003-10-07 18:00:00,15.0,0.0,1009.0
ATLN,200318L,-68.8,19.1,2003-10-10 18:00:00,40.0,0.0,1004.0
ATLN,200318L,-69.3,19.6,2003-10-10 21:00:00,40.0,0.0,1003.0
ATLN,200318L,-71.3,21.8,2003-10-11 12:00:00,35.0,0.0,1007.0
ATLN,200318L,-71.4,22.3,2003-10-11 15:00:00,35.0,0.0,1007.0
ATLN,200318L,-71.5,22.7,2003-10-11 18:00:00,35.0,0.0,1007.0
ATLN,200318L,-71.7,23.1,2003-10-11 21:00:00,35.0,0.0,1007.0
ATLN,200318L,-72.2,24.7,2003-10-12 12:00:00,30.0,0.0,1008.0
ATLN,200318L,-72.1,25.1,2003-10-12 15:00:00,30.0,0.0,1008.0
ATLN,200318L,-72.0,25.5,2003-10-12 18:00:00,30.0,0.0,1008.0
ATLN,200318L,-71.5,25.6,2003-10-12 21:00:00,30.0,0.0,1008.0
ATLN,200318L,-69.3,25.8,2003-10-13 12:00:00,30.0,0.0,1008.0
ATLN,200318L,-68.8,25.9,2003-10-13 15:00:00,30.0,0.0,1008.0
ATLN,200318L,-68.3,25.9,2003-10-13 18:00:00,30.0,0.0,1007.0
ATLN,200318L,-68.0,25.9,2003-10-13 21:00:00,28.0,0.0,1008.0
ATLN,200319L,-38.0,9.6,2003-10-13 09:00:00,25.0,0.0,1008.0
ATLN,200319L,-38.4,9.6,2003-10-13 12:00:00,25.0,0.0,1008.0
ATLN,200319L,-38.6,9.8,2003-10-13 15:00:00,28.0,0.0,1008.0
ATLN,200319L,-38.9,9.9,2003-10-13 18:00:00,30.0,0.0,1007.0
ATLN,200319L,-40.7,10.6,2003-10-14 09:00:00,30.0,0.0,1006.0
ATLN,200319L,-41.1,10.7,2003-10-14 12:00:00,30.0,0.0,1006.0
ATLN,200319L,-41.5,10.8,2003-10-14 15:00:00,33.0,0.0,1006.0
ATLN,200319L,-41.9,10.9,2003-10-14 18:00:00,35.0,0.0,1005.0
ATLN,200319L,-43.4,11.7,2003-10-15 09:00:00,45.0,0.0,1000.0
ATLN,200319L,-43.7,11.8,2003-10-15 12:00:00,45.0,0.0,1000.0
ATLN,200319L,-44.0,12.0,2003-10-15 15:00:00,45.0,0.0,1000.0
ATLN,200319L,-44.3,12.2,2003-10-15 18:00:00,45.0,0.0,1000.0
ATLN,200319L,-45.8,13.3,2003-10-16 09:00:00,48.0,0.0,999.0
ATLN,200319L,-46.0,13.5,2003-10-16 12:00:00,50.0,0.0,997.0
ATLN,200319L,-46.3,13.8,2003-10-16 15:00:00,53.0,0.0,996.0
ATLN,200319L,-46.6,14.0,2003-10-16 18:00:00,55.0,0.0,994.0
ATLN,200319L,-47.8,15.3,2003-10-17 09:00:00,58.0,0.0,992.0
ATLN,200319L,-48.0,15.5,2003-10-17 12:00:00,60.0,0.0,990.0
ATLN,200319L,-48.0,15.8,2003-10-17 15:00:00,58.0,0.0,992.0
ATLN,200319L,-48.1,16.1,2003-10-17 18:00:00,55.0,0.0,994.0
ATLN,200319L,-47.8,16.5,2003-10-18 12:00:00,55.0,0.0,994.0
ATLN,200319L,-47.8,16.6,2003-10-18 15:00:00,53.0,0.0,996.0
ATLN,200319L,-47.7,16.7,2003-10-18 18:00:00,50.0,0.0,997.0
ATLN,200319L,-47.3,17.5,2003-10-19 09:00:00,50.0,0.0,997.0
ATLN,200319L,-47.3,17.6,2003-10-19 12:00:00,50.0,0.0,997.0
ATLN,200319L,-47.4,17.6,2003-10-19 15:00:00,48.0,0.0,999.0
ATLN,200319L,-47.5,17.6,2003-10-19 18:00:00,45.0,0.0,1000.0
ATLN,200319L,-48.1,17.8,2003-10-20 12:00:00,40.0,0.0,1002.0
ATLN,200319L,-48.5,18.0,2003-10-20 15:00:00,38.0,0.0,1004.0
ATLN,200319L,-48.9,18.1,2003-10-20 18:00:00,35.0,0.0,1005.0
ATLN,200319L,-51.0,18.7,2003-10-21 12:00:00,45.0,0.0,1000.0
ATLN,200319L,-51.5,18.6,2003-10-21 15:00:00,45.0,0.0,1000.0
ATLN,200319L,-52.0,18.6,2003-10-21 18:00:00,45.0,0.0,1000.0
ATLN,200319L,-52.5,18.6,2003-10-21 21:00:00,43.0,0.0,1001.0
ATLN,200319L,-54.1,18.8,2003-10-22 12:00:00,35.0,0.0,1005.0
ATLN,200319L,-54.6,19.5,2003-10-22 18:00:00,35.0,0.0,1005.0
ATLN,200319L,-55.0,19.9,2003-10-22 21:00:00,35.0,0.0,1005.0
ATLN,200319L,-56.4,22.5,2003-10-23 12:00:00,30.0,0.0,1007.0
ATLN,200319L,-56.6,23.1,2003-10-23 15:00:00,30.0,0.0,1008.0
ATLN,200319L,-56.9,23.6,2003-10-23 18:00:00,30.0,0.0,1008.0
ATLN,200319L,-56.8,24.4,2003-10-23 21:00:00,28.0,0.0,1009.0
ATLN,200319L,-56.1,28.8,2003-10-24 12:00:00,25.0,0.0,1011.0
ATLN,200319L,-55.9,29.5,2003-10-24 15:00:00,25.0,0.0,1012.0
ATLN,200319L,-55.7,30.2,2003-10-24 18:00:00,25.0,0.0,1012.0
ATLN,200319L,-55.3,30.8,2003-10-24 21:00:00,23.0,0.0,1013.0
ATLN,200319L,-52.0,32.4,2003-10-25 12:00:00,20.0,0.0,1014.0
ATLN,200319L,-51.3,32.5,2003-10-25 15:00:00,20.0,0.0,1014.0
ATLN,200319L,-50.5,32.5,2003-10-25 18:00:00,20.0,0.0,1013.0
ATLN,200319L,-49.0,29.3,2003-10-26 12:00:00,30.0,0.0,1010.0
ATLN,200319L,-49.3,28.8,2003-10-26 15:00:00,30.0,0.0,1009.0
ATLN,200319L,-49.6,28.3,2003-10-26 18:00:00,30.0,0.0,1008.0
ATLN,200319L,-53.7,26.4,2003-10-27 12:00:00,35.0,0.0,1007.0
ATLN,200319L,-54.6,26.5,2003-10-27 15:00:00,35.0,0.0,1007.0
ATLN,200319L,-55.5,26.6,2003-10-27 18:00:00,35.0,0.0,1007.0
ATLN,200319L,-56.4,26.9,2003-10-27 21:00:00,33.0,0.0,1008.0
ATLN,200319L,-60.8,28.9,2003-10-28 12:00:00,30.0,0.0,1009.0
ATLN,200319L,-61.8,29.2,2003-10-28 15:00:00,30.0,0.0,1009.0
ATLN,200319L,-62.8,29.5,2003-10-28 18:00:00,30.0,0.0,1009.0
ATLN,200319L,-63.9,29.4,2003-10-28 21:00:00,28.0,0.0,1009.0
ATLN,200319L,-68.0,29.8,2003-10-29 15:00:00,25.0,0.0,1009.0
ATLN,200319L,-68.0,30.1,2003-10-29 18:00:00,25.0,0.0,1009.0
ATLN,200319L,-65.8,30.0,2003-10-30 12:00:00,30.0,0.0,1008.0
ATLN,200319L,-65.5,29.6,2003-10-30 15:00:00,30.0,0.0,1008.0
ATLN,200319L,-65.3,29.3,2003-10-30 18:00:00,30.0,0.0,1008.0
ATLN,200319L,-65.4,29.0,2003-10-30 21:00:00,30.0,0.0,1008.0
ATLN,200319L,-66.3,27.7,2003-10-31 12:00:00,30.0,0.0,1007.0
ATLN,200319L,-66.3,27.4,2003-10-31 15:00:00,30.0,0.0,1007.0
ATLN,200319L,-66.4,27.0,2003-10-31 18:00:00,30.0,0.0,1006.0
ATLN,200319L,-66.3,26.7,2003-10-31 21:00:00,30.0,0.0,1006.0
ATLN,200319L,-66.3,27.0,2003-11-01 12:00:00,30.0,0.0,1005.0
ATLN,200319L,-66.7,27.4,2003-11-01 15:00:00,30.0,0.0,1005.0
ATLN,200319L,-67.0,27.7,2003-11-01 18:00:00,30.0,0.0,1005.0
ATLN,200320L,-76.2,12.9,2003-12-04 12:00:00,30.0,0.0,1005.0
ATLN,200320L,-76.0,13.1,2003-12-04 15:00:00,33.0,0.0,1004.0
ATLN,200320L,-75.7,13.3,2003-12-04 18:00:00,35.0,0.0,1003.0
ATLN,200320L,-75.5,13.5,2003-12-04 21:00:00,40.0,0.0,1002.0
ATLN,200320L,-74.4,14.1,2003-12-05 12:00:00,50.0,0.0,993.0
ATLN,200320L,-74.1,14.2,2003-12-05 15:00:00,50.0,0.0,994.0
ATLN,200320L,-73.8,14.3,2003-12-05 18:00:00,50.0,0.0,995.0
ATLN,200320L,-73.4,14.7,2003-12-05 21:00:00,50.0,0.0,995.0
ATLN,200320L,-72.2,16.6,2003-12-06 12:00:00,55.0,0.0,995.0
ATLN,200320L,-72.1,16.9,2003-12-06 15:00:00,55.0,0.0,995.0
ATLN,200320L,-72.0,17.2,2003-12-06 18:00:00,55.0,0.0,994.0
ATLN,200320L,-71.7,17.5,2003-12-06 21:00:00,50.0,0.0,996.0
ATLN,200320L,-69.5,20.5,2003-12-07 12:00:00,40.0,0.0,1003.0
ATLN,200320L,-68.8,21.4,2003-12-07 15:00:00,43.0,0.0,1003.0
ATLN,200320L,-68.1,22.4,2003-12-07 18:00:00,45.0,0.0,1002.0
ATLN,200320L,-67.0,22.9,2003-12-07 21:00:00,45.0,0.0,1002.0
ATLN,200320L,-61.6,25.4,2003-12-08 12:00:00,40.0,0.0,1005.0
ATLN,200320L,-60.5,25.9,2003-12-08 15:00:00,40.0,0.0,1005.0
ATLN,200320L,-59.5,26.3,2003-12-08 18:00:00,40.0,0.0,1005.0
ATLN,200320L,-58.3,26.9,2003-12-08 21:00:00,40.0,0.0,1005.0
ATLN,200320L,-51.1,30.4,2003-12-09 12:00:00,40.0,0.0,1006.0
ATLN,200320L,-49.4,31.1,2003-12-09 15:00:00,40.0,0.0,1006.0
ATLN,200320L,-47.7,31.9,2003-12-09 18:00:00,40.0,0.0,1006.0
ATLN,200321L,-34.5,27.5,2003-12-07 18:00:00,40.0,0.0,1005.0
ATLN,200321L,-36.3,23.3,2003-12-08 09:00:00,40.0,0.0,1004.0
ATLN,200321L,-36.8,22.4,2003-12-08 12:00:00,40.0,0.0,1004.0
ATLN,200321L,-37.3,21.5,2003-12-08 15:00:00,40.0,0.0,1004.0
ATLN,200321L,-37.9,20.7,2003-12-08 18:00:00,40.0,0.0,1004.0
ATLN,200321L,-37.3,19.8,2003-12-09 09:00:00,45.0,0.0,995.0
ATLN,200321L,-37.2,19.5,2003-12-09 12:00:00,50.0,0.0,992.0
ATLN,200321L,-37.1,20.3,2003-12-09 15:00:00,55.0,0.0,991.0
ATLN,200321L,-37.0,21.0,2003-12-09 18:00:00,60.0,0.0,990.0
ATLN,200321L,-37.1,23.5,2003-12-10 09:00:00,33.0,0.0,1005.0
ATLN,200321L,-37.1,23.8,2003-12-10 12:00:00,30.0,0.0,1005.0
ATLN,200321L,-36.9,24.4,2003-12-10 15:00:00,30.0,0.0,1005.0
ATLN,200321L,-36.7,25.0,2003-12-10 18:00:00,30.0,0.0,1005.0
ATLN,200401L,-78.3,30.3,2004-07-31 18:00:00,25.0,0.0,1010.0
ATLN,200401L,-78.5,30.6,2004-07-31 21:00:00,25.0,0.0,1010.0
ATLN,200401L,-78.8,31.0,2004-08-01 00:00:00,25.0,0.0,1009.0
ATLN,200401L,-79.1,31.6,2004-08-01 12:00:00,30.0,0.0,1009.0
ATLN,200401L,-79.2,31.6,2004-08-01 15:00:00,33.0,12.5,1009.0
ATLN,200401L,-79.2,31.6,2004-08-01 18:00:00,35.0,25.0,1009.0
ATLN,200401L,-79.3,31.6,2004-08-01 21:00:00,35.0,25.0,1008.0
ATLN,200401L,-79.3,31.5,2004-08-02 00:00:00,35.0,25.0,1007.0
ATLN,200401L,-78.8,31.6,2004-08-02 15:00:00,50.0,61.3,993.0
ATLN,200401L,-78.7,31.8,2004-08-02 18:00:00,50.0,61.3,993.0
ATLN,200401L,-78.5,32.1,2004-08-02 21:00:00,55.0,61.3,990.0
ATLN,200401L,-78.2,32.4,2004-08-03 00:00:00,60.0,61.3,987.0
ATLN,200401L,-76.4,34.2,2004-08-03 12:00:00,85.0,63.8,974.0
ATLN,200401L,-75.8,34.8,2004-08-03 15:00:00,85.0,70.0,973.0
ATLN,200401L,-75.2,35.3,2004-08-03 18:00:00,85.0,76.3,972.0
ATLN,200401L,-74.5,35.6,2004-08-03 21:00:00,83.0,76.3,973.0
ATLN,200401L,-73.7,36.0,2004-08-04 00:00:00,80.0,76.3,974.0
ATLN,200401L,-70.2,37.3,2004-08-04 12:00:00,85.0,82.5,973.0
ATLN,200401L,-69.3,37.5,2004-08-04 15:00:00,90.0,96.3,969.0
ATLN,200401L,-68.3,37.8,2004-08-04 18:00:00,95.0,110.0,965.0
ATLN,200401L,-67.2,38.1,2004-08-04 21:00:00,100.0,108.8,961.0
ATLN,200401L,-59.6,40.8,2004-08-05 12:00:00,100.0,188.8,962.0
ATLN,200401L,-57.3,41.8,2004-08-05 15:00:00,95.0,188.1,966.0
ATLN,200401L,-55.0,42.7,2004-08-05 18:00:00,90.0,187.5,970.0
ATLN,200401L,-40.9,46.5,2004-08-06 09:00:00,58.0,187.5,986.0
ATLN,200401L,-37.5,47.0,2004-08-06 12:00:00,50.0,187.5,987.0
ATLN,200401L,-35.1,47.2,2004-08-06 15:00:00,40.0,93.8,990.0
ATLN,200401L,-32.7,47.4,2004-08-06 18:00:00,30.0,0.0,992.0
ATLN,200402L,-53.6,12.9,2004-08-03 12:00:00,25.0,0.0,1010.0
ATLN,200402L,-54.5,13.1,2004-08-03 15:00:00,25.0,0.0,1010.0
ATLN,200402L,-55.4,13.2,2004-08-03 18:00:00,25.0,0.0,1010.0
ATLN,200402L,-56.4,13.4,2004-08-03 21:00:00,28.0,0.0,1010.0
ATLN,200402L,-61.6,13.6,2004-08-04 12:00:00,30.0,0.0,1010.0
ATLN,200402L,-62.7,13.6,2004-08-04 15:00:00,30.0,0.0,1010.0
ATLN,200402L,-63.7,13.7,2004-08-04 18:00:00,30.0,0.0,1010.0
ATLN,200402L,-64.7,13.9,2004-08-04 21:00:00,28.0,0.0,1010.0
ATLN,200402L,-69.7,16.0,2004-08-05 12:00:00,25.0,0.0,1011.0
ATLN,200402L,-70.6,16.3,2004-08-05 15:00:00,25.0,0.0,1011.0
ATLN,200402L,-71.5,16.5,2004-08-05 18:00:00,25.0,0.0,1011.0
ATLN,200402L,-72.3,16.8,2004-08-05 21:00:00,25.0,0.0,1011.0
ATLN,200402L,-76.2,17.2,2004-08-06 12:00:00,25.0,0.0,1011.0
ATLN,200402L,-76.7,17.1,2004-08-06 15:00:00,25.0,0.0,1011.0
ATLN,200402L,-77.2,17.0,2004-08-06 18:00:00,25.0,0.0,1011.0
ATLN,200402L,-77.7,17.1,2004-08-06 21:00:00,25.0,0.0,1011.0
ATLN,200402L,-80.2,17.8,2004-08-07 12:00:00,20.0,0.0,1013.0
ATLN,200402L,-80.7,18.1,2004-08-07 15:00:00,20.0,0.0,1013.0
ATLN,200402L,-81.1,18.4,2004-08-07 18:00:00,20.0,0.0,1013.0
ATLN,200402L,-81.5,18.7,2004-08-07 21:00:00,20.0,0.0,1013.0
ATLN,200402L,-83.9,20.6,2004-08-08 15:00:00,25.0,0.0,1009.0
ATLN,200402L,-84.3,20.9,2004-08-08 18:00:00,25.0,0.0,1008.0
ATLN,200402L,-84.9,21.2,2004-08-08 21:00:00,25.0,0.0,1008.0
ATLN,200402L,-85.5,21.5,2004-08-09 00:00:00,25.0,0.0,1008.0
ATLN,200402L,-87.6,22.5,2004-08-09 12:00:00,35.0,25.0,1008.0
ATLN,200402L,-87.9,22.7,2004-08-09 15:00:00,38.0,25.0,1008.0
ATLN,200402L,-88.3,22.9,2004-08-09 18:00:00,40.0,25.0,1007.0
ATLN,200402L,-88.7,23.0,2004-08-09 21:00:00,43.0,25.0,1007.0
ATLN,200402L,-89.0,23.1,2004-08-10 00:00:00,45.0,25.0,1006.0
ATLN,200402L,-90.6,24.0,2004-08-10 12:00:00,50.0,25.0,1002.0
ATLN,200402L,-90.6,24.2,2004-08-10 15:00:00,48.0,28.8,1003.0
ATLN,200402L,-90.6,24.4,2004-08-10 18:00:00,45.0,32.5,1003.0
ATLN,200402L,-90.6,24.5,2004-08-10 21:00:00,43.0,28.8,1003.0
ATLN,200402L,-90.6,24.7,2004-08-11 00:00:00,40.0,25.0,1003.0
ATLN,200402L,-90.4,25.7,2004-08-11 12:00:00,45.0,38.8,1001.0
ATLN,200402L,-90.0,26.0,2004-08-11 15:00:00,50.0,38.8,1001.0
ATLN,200402L,-89.6,26.4,2004-08-11 18:00:00,55.0,38.8,1001.0
ATLN,200402L,-89.2,26.7,2004-08-11 21:00:00,53.0,38.8,1004.0
ATLN,200402L,-88.8,27.0,2004-08-12 00:00:00,50.0,38.8,1007.0
ATLN,200402L,-86.1,29.0,2004-08-12 12:00:00,45.0,38.8,1002.0
ATLN,200402L,-85.0,29.6,2004-08-12 15:00:00,38.0,19.4,1004.0
ATLN,200402L,-84.0,30.2,2004-08-12 18:00:00,30.0,0.0,1006.0
ATLN,200402L,-82.7,31.0,2004-08-12 21:00:00,28.0,0.0,1007.0
ATLN,200402L,-81.3,31.9,2004-08-13 00:00:00,25.0,0.0,1008.0
ATLN,200402L,-75.7,36.3,2004-08-13 15:00:00,25.0,0.0,1008.0
ATLN,200402L,-74.9,37.1,2004-08-13 18:00:00,25.0,0.0,1008.0
ATLN,200402L,-74.2,38.0,2004-08-13 21:00:00,23.0,0.0,1010.0
ATLN,200403L,-59.2,11.4,2004-08-09 12:00:00,30.0,0.0,1010.0
ATLN,200403L,-60.2,11.6,2004-08-09 15:00:00,30.0,0.0,1010.0
ATLN,200403L,-61.1,11.7,2004-08-09 18:00:00,30.0,0.0,1009.0
ATLN,200403L,-62.2,11.9,2004-08-09 21:00:00,30.0,0.0,1009.0
ATLN,200403L,-67.6,13.8,2004-08-10 12:00:00,40.0,53.8,1004.0
ATLN,200403L,-68.7,14.4,2004-08-10 15:00:00,43.0,53.8,1002.0
ATLN,200403L,-69.8,14.9,2004-08-10 18:00:00,45.0,53.8,1000.0
ATLN,200403L,-70.8,15.3,2004-08-10 21:00:00,50.0,53.8,1000.0
ATLN,200403L,-75.4,16.3,2004-08-11 12:00:00,60.0,60.0,995.0
ATLN,200403L,-76.1,16.5,2004-08-11 15:00:00,63.0,60.0,994.0
ATLN,200403L,-76.8,16.7,2004-08-11 18:00:00,65.0,60.0,993.0
ATLN,200403L,-77.4,17.0,2004-08-11 21:00:00,65.0,63.8,993.0
ATLN,200403L,-80.7,19.2,2004-08-12 12:00:00,80.0,71.3,984.0
ATLN,200403L,-81.2,19.9,2004-08-12 15:00:00,85.0,74.4,982.0
ATLN,200403L,-81.9,21.1,2004-08-12 21:00:00,90.0,78.1,978.0
ATLN,200403L,-82.2,21.7,2004-08-13 00:00:00,90.0,78.8,976.0
ATLN,200403L,-82.7,25.3,2004-08-13 15:00:00,110.0,71.3,958.0
ATLN,200403L,-82.4,26.1,2004-08-13 18:00:00,125.0,60.0,947.0
ATLN,200403L,-82.0,27.1,2004-08-13 21:00:00,100.0,54.4,959.0
ATLN,200403L,-81.6,28.1,2004-08-14 00:00:00,75.0,48.8,970.0
ATLN,200403L,-79.7,32.3,2004-08-14 12:00:00,65.0,63.8,988.0
ATLN,200403L,-78.9,33.4,2004-08-14 15:00:00,63.0,58.1,994.0
ATLN,200403L,-78.1,34.5,2004-08-14 18:00:00,60.0,52.5,1000.0
ATLN,200403L,-77.0,35.7,2004-08-14 21:00:00,50.0,47.5,1006.0
ATLN,200403L,-75.9,36.9,2004-08-15 00:00:00,40.0,42.5,1012.0
ATLN,200404L,-21.8,12.3,2004-08-13 12:00:00,30.0,0.0,1009.0
ATLN,200404L,-22.4,12.4,2004-08-13 15:00:00,30.0,0.0,1009.0
ATLN,200404L,-23.0,12.4,2004-08-13 18:00:00,30.0,0.0,1009.0
ATLN,200404L,-24.2,12.6,2004-08-14 00:00:00,35.0,45.0,1009.0
ATLN,200404L,-26.1,13.1,2004-08-14 09:00:00,43.0,51.3,1004.0
ATLN,200404L,-26.8,13.2,2004-08-14 12:00:00,45.0,52.5,1004.0
ATLN,200404L,-27.5,13.4,2004-08-14 15:00:00,50.0,65.6,999.0
ATLN,200404L,-28.1,13.5,2004-08-14 18:00:00,55.0,78.8,994.0
ATLN,200404L,-31.5,14.4,2004-08-15 09:00:00,78.0,95.0,980.0
ATLN,200404L,-32.1,14.7,2004-08-15 12:00:00,80.0,97.5,978.0
ATLN,200404L,-32.8,14.9,2004-08-15 15:00:00,83.0,97.5,977.0
ATLN,200404L,-33.5,15.2,2004-08-15 18:00:00,85.0,97.5,975.0
ATLN,200404L,-36.6,17.3,2004-08-16 09:00:00,90.0,78.8,970.0
ATLN,200404L,-37.2,17.7,2004-08-16 12:00:00,90.0,75.0,970.0
ATLN,200404L,-37.7,18.4,2004-08-16 15:00:00,93.0,73.1,967.0
ATLN,200404L,-38.2,19.0,2004-08-16 18:00:00,95.0,71.3,964.0
ATLN,200404L,-38.5,19.6,2004-08-16 21:00:00,95.0,73.1,965.0
ATLN,200404L,-39.8,22.5,2004-08-17 09:00:00,90.0,75.0,970.0
ATLN,200404L,-40.0,23.3,2004-08-17 12:00:00,90.0,75.0,970.0
ATLN,200404L,-40.1,24.0,2004-08-17 15:00:00,88.0,75.0,972.0
ATLN,200404L,-40.3,24.6,2004-08-17 18:00:00,85.0,75.0,974.0
ATLN,200404L,-40.0,27.7,2004-08-18 09:00:00,60.0,57.5,990.0
ATLN,200404L,-39.8,28.1,2004-08-18 12:00:00,55.0,52.5,994.0
ATLN,200404L,-39.3,28.5,2004-08-18 15:00:00,50.0,48.1,1000.0
ATLN,200404L,-38.9,28.9,2004-08-18 18:00:00,45.0,43.8,1005.0
ATLN,200404L,-38.3,29.1,2004-08-18 21:00:00,43.0,48.1,1006.0
ATLN,200404L,-37.7,29.8,2004-08-19 09:00:00,38.0,33.8,1007.0
ATLN,200404L,-37.7,29.9,2004-08-19 12:00:00,35.0,22.5,1007.0
ATLN,200404L,-37.5,29.9,2004-08-19 15:00:00,35.0,22.5,1007.0
ATLN,200404L,-37.2,29.9,2004-08-19 18:00:00,35.0,22.5,1007.0
ATLN,200404L,-37.1,30.4,2004-08-20 09:00:00,35.0,22.5,1011.0
ATLN,200404L,-37.2,30.5,2004-08-20 12:00:00,35.0,22.5,1011.0
ATLN,200404L,-37.4,30.7,2004-08-20 15:00:00,33.0,11.3,1012.0
ATLN,200404L,-37.6,30.9,2004-08-20 18:00:00,30.0,0.0,1012.0
ATLN,200404L,-37.8,30.9,2004-08-20 21:00:00,30.0,0.0,1012.0
ATLN,200404L,-38.8,30.6,2004-08-21 09:00:00,28.0,0.0,1014.0
ATLN,200404L,-38.9,30.7,2004-08-21 12:00:00,25.0,0.0,1014.0
ATLN,200404L,-39.0,30.6,2004-08-21 15:00:00,25.0,0.0,1014.0
ATLN,200404L,-39.2,30.5,2004-08-21 18:00:00,25.0,0.0,1014.0
ATLN,200404L,-39.5,30.4,2004-08-21 21:00:00,25.0,0.0,1015.0
ATLN,200404L,-40.5,30.3,2004-08-22 09:00:00,25.0,0.0,1015.0
ATLN,200404L,-40.8,30.3,2004-08-22 12:00:00,25.0,0.0,1015.0
ATLN,200404L,-41.0,30.4,2004-08-22 15:00:00,25.0,0.0,1016.0
ATLN,200404L,-41.2,30.4,2004-08-22 18:00:00,25.0,0.0,1016.0
ATLN,200404L,-41.6,30.6,2004-08-22 21:00:00,25.0,0.0,1016.0
ATLN,200404L,-42.9,32.0,2004-08-23 09:00:00,25.0,0.0,1017.0
ATLN,200404L,-43.3,32.3,2004-08-23 12:00:00,25.0,0.0,1017.0
ATLN,200404L,-43.5,32.7,2004-08-23 15:00:00,25.0,0.0,1017.0
ATLN,200404L,-43.8,33.1,2004-08-23 18:00:00,25.0,0.0,1017.0
ATLN,200404L,-44.0,33.5,2004-08-23 21:00:00,23.0,0.0,1018.0
ATLN,200404L,-44.2,33.9,2004-08-24 00:00:00,20.0,0.0,1018.0
ATLN,200404L,-44.8,35.1,2004-08-24 09:00:00,20.0,0.0,1019.0
ATLN,200404L,-45.0,35.5,2004-08-24 12:00:00,20.0,0.0,1019.0
ATLN,200404L,-45.1,36.0,2004-08-24 15:00:00,20.0,0.0,1019.0
ATLN,200404L,-45.2,36.4,2004-08-24 18:00:00,20.0,0.0,1019.0
ATLN,200405L,-45.6,9.0,2004-08-13 18:00:00,30.0,0.0,1011.0
ATLN,200405L,-46.5,9.1,2004-08-13 21:00:00,30.0,0.0,1011.0
ATLN,200405L,-51.4,10.1,2004-08-14 12:00:00,30.0,0.0,1011.0
ATLN,200405L,-52.5,10.3,2004-08-14 15:00:00,33.0,18.8,1011.0
ATLN,200405L,-53.5,10.5,2004-08-14 18:00:00,35.0,37.5,1010.0
ATLN,200405L,-54.7,10.8,2004-08-14 21:00:00,35.0,37.5,1010.0
ATLN,200405L,-60.8,11.8,2004-08-15 12:00:00,45.0,41.3,1009.0
ATLN,200405L,-61.8,11.9,2004-08-15 15:00:00,40.0,39.4,1010.0
ATLN,200405L,-62.8,12.1,2004-08-15 18:00:00,35.0,37.5,1010.0
ATLN,200406L,-37.5,11.3,2004-08-25 09:00:00,30.0,0.0,1008.0
ATLN,200406L,-38.3,11.3,2004-08-25 12:00:00,30.0,0.0,1007.0
ATLN,200406L,-39.0,11.4,2004-08-25 15:00:00,33.0,15.0,1006.0
ATLN,200406L,-39.8,11.5,2004-08-25 18:00:00,35.0,30.0,1005.0
ATLN,200406L,-43.7,12.6,2004-08-26 09:00:00,50.0,53.8,997.0
ATLN,200406L,-44.5,12.8,2004-08-26 12:00:00,55.0,57.5,994.0
ATLN,200406L,-45.1,13.1,2004-08-26 15:00:00,60.0,60.0,991.0
ATLN,200406L,-45.8,13.3,2004-08-26 18:00:00,65.0,62.5,987.0
ATLN,200406L,-46.3,13.5,2004-08-26 21:00:00,68.0,65.0,986.0
ATLN,200406L,-46.8,13.7,2004-08-27 00:00:00,70.0,67.5,984.0
ATLN,200406L,-48.1,14.4,2004-08-27 09:00:00,83.0,70.0,975.0
ATLN,200406L,-48.5,14.7,2004-08-27 12:00:00,90.0,72.5,970.0
ATLN,200406L,-48.9,15.1,2004-08-27 15:00:00,95.0,78.8,966.0
ATLN,200406L,-49.3,15.4,2004-08-27 18:00:00,100.0,85.0,962.0
ATLN,200406L,-49.6,15.7,2004-08-27 21:00:00,100.0,85.0,962.0
ATLN,200406L,-51.6,17.2,2004-08-28 12:00:00,105.0,90.0,958.0
ATLN,200406L,-52.0,17.4,2004-08-28 15:00:00,110.0,91.3,953.0
ATLN,200406L,-52.3,17.7,2004-08-28 18:00:00,115.0,92.5,948.0
ATLN,200406L,-52.6,17.9,2004-08-28 21:00:00,115.0,98.8,948.0
ATLN,200406L,-54.4,18.6,2004-08-29 12:00:00,115.0,122.5,948.0
ATLN,200406L,-54.7,18.7,2004-08-29 15:00:00,113.0,126.3,948.0
ATLN,200406L,-55.0,18.8,2004-08-29 18:00:00,110.0,130.0,948.0
ATLN,200406L,-55.4,18.9,2004-08-29 21:00:00,108.0,130.0,951.0
ATLN,200406L,-58.1,19.2,2004-08-30 12:00:00,100.0,132.5,956.0
ATLN,200406L,-58.7,19.3,2004-08-30 15:00:00,105.0,136.3,952.0
ATLN,200406L,-59.3,19.4,2004-08-30 18:00:00,110.0,140.0,948.0
ATLN,200406L,-60.0,19.5,2004-08-30 21:00:00,110.0,141.3,947.0
ATLN,200406L,-63.5,20.0,2004-08-31 12:00:00,120.0,142.5,949.0
ATLN,200406L,-64.3,20.1,2004-08-31 15:00:00,123.0,142.5,946.0
ATLN,200406L,-65.0,20.3,2004-08-31 18:00:00,125.0,142.5,942.0
ATLN,200406L,-65.7,20.5,2004-08-31 21:00:00,123.0,142.5,942.0
ATLN,200406L,-69.1,21.4,2004-09-01 12:00:00,120.0,142.5,937.0
ATLN,200406L,-69.8,21.6,2004-09-01 15:00:00,120.0,142.5,939.0
ATLN,200406L,-70.4,21.8,2004-09-01 18:00:00,120.0,142.5,941.0
ATLN,200406L,-70.9,22.0,2004-09-01 21:00:00,120.0,142.5,940.0
ATLN,200406L,-73.5,23.2,2004-09-02 12:00:00,120.0,142.5,939.0
ATLN,200406L,-73.9,23.5,2004-09-02 15:00:00,118.0,143.8,944.0
ATLN,200406L,-74.3,23.8,2004-09-02 18:00:00,115.0,145.0,948.0
ATLN,200406L,-74.7,24.0,2004-09-02 21:00:00,110.0,146.3,948.0
ATLN,200406L,-76.3,25.3,2004-09-03 12:00:00,95.0,148.8,958.0
ATLN,200406L,-76.7,25.5,2004-09-03 15:00:00,93.0,149.4,959.0
ATLN,200406L,-77.1,25.7,2004-09-03 18:00:00,90.0,150.0,960.0
ATLN,200406L,-77.3,25.9,2004-09-03 21:00:00,88.0,151.9,960.0
ATLN,200406L,-78.5,26.8,2004-09-04 12:00:00,90.0,153.8,962.0
ATLN,200406L,-78.8,26.8,2004-09-04 15:00:00,90.0,154.4,962.0
ATLN,200406L,-79.1,26.8,2004-09-04 18:00:00,90.0,155.0,962.0
ATLN,200406L,-79.3,26.9,2004-09-04 21:00:00,93.0,155.0,960.0
ATLN,200406L,-80.7,27.4,2004-09-05 12:00:00,80.0,143.8,969.0
ATLN,200406L,-81.2,27.6,2004-09-05 15:00:00,70.0,140.6,972.0
ATLN,200406L,-81.7,27.8,2004-09-05 18:00:00,60.0,137.5,975.0
ATLN,200406L,-82.0,28.0,2004-09-05 21:00:00,58.0,143.8,977.0
ATLN,200406L,-83.7,29.2,2004-09-06 12:00:00,55.0,82.5,982.0
ATLN,200406L,-83.8,29.6,2004-09-06 15:00:00,53.0,71.3,982.0
ATLN,200406L,-84.0,30.1,2004-09-06 18:00:00,50.0,60.0,982.0
ATLN,200406L,-84.3,30.6,2004-09-06 21:00:00,43.0,52.5,983.0
ATLN,200406L,-84.6,31.0,2004-09-07 00:00:00,35.0,45.0,984.0
ATLN,200406L,-85.2,32.0,2004-09-07 12:00:00,25.0,0.0,992.0
ATLN,200406L,-85.2,32.3,2004-09-07 15:00:00,25.0,0.0,994.0
ATLN,200406L,-85.1,32.5,2004-09-07 18:00:00,25.0,0.0,996.0
ATLN,200406L,-84.9,33.0,2004-09-07 21:00:00,25.0,0.0,997.0
ATLN,200406L,-84.7,33.4,2004-09-08 00:00:00,25.0,0.0,998.0
ATLN,200406L,-83.2,36.1,2004-09-08 12:00:00,25.0,0.0,1001.0
ATLN,200406L,-82.7,37.0,2004-09-08 15:00:00,25.0,0.0,1002.0
ATLN,200406L,-82.1,37.8,2004-09-08 18:00:00,25.0,0.0,1002.0
ATLN,200406L,-81.7,38.3,2004-09-08 21:00:00,25.0,0.0,1002.0
ATLN,200406L,-76.7,43.5,2004-09-09 15:00:00,33.0,18.8,1002.0
ATLN,200406L,-75.7,44.3,2004-09-09 18:00:00,30.0,0.0,1002.0
ATLN,200406L,-74.5,44.8,2004-09-09 21:00:00,28.0,0.0,1003.0
ATLN,200406L,-67.3,46.6,2004-09-10 12:00:00,20.0,0.0,1005.0
ATLN,200406L,-65.8,46.9,2004-09-10 15:00:00,20.0,0.0,1005.0
ATLN,200407L,-78.1,31.8,2004-08-27 12:00:00,25.0,0.0,1015.0
ATLN,200407L,-78.0,31.7,2004-08-27 15:00:00,25.0,0.0,1015.0
ATLN,200407L,-78.0,31.6,2004-08-27 18:00:00,25.0,0.0,1014.0
ATLN,200407L,-78.0,31.5,2004-08-27 21:00:00,28.0,0.0,1013.0
ATLN,200407L,-78.5,31.3,2004-08-28 12:00:00,45.0,25.0,1000.0
ATLN,200407L,-78.7,31.3,2004-08-28 15:00:00,48.0,41.3,999.0
ATLN,200407L,-78.8,31.3,2004-08-28 18:00:00,50.0,57.5,997.0
ATLN,200407L,-78.9,31.4,2004-08-28 21:00:00,53.0,53.8,996.0
ATLN,200407L,-79.5,32.8,2004-08-29 12:00:00,65.0,40.0,986.0
ATLN,200407L,-79.5,33.1,2004-08-29 15:00:00,55.0,27.5,989.0
ATLN,200407L,-79.6,33.5,2004-08-29 18:00:00,45.0,15.0,992.0
ATLN,200407L,-79.5,33.9,2004-08-29 21:00:00,38.0,7.5,994.0
ATLN,200407L,-78.3,36.0,2004-08-30 15:00:00,28.0,0.0,1001.0
ATLN,200407L,-77.8,36.4,2004-08-30 18:00:00,30.0,0.0,1002.0
ATLN,200407L,-77.2,36.8,2004-08-30 21:00:00,33.0,5.6,1002.0
ATLN,200407L,-72.9,39.1,2004-08-31 12:00:00,35.0,11.3,1001.0
ATLN,200407L,-71.7,39.7,2004-08-31 15:00:00,35.0,31.9,1000.0
ATLN,200407L,-70.5,40.2,2004-08-31 18:00:00,35.0,52.5,999.0
ATLN,200407L,-69.0,40.6,2004-08-31 21:00:00,38.0,60.0,999.0
ATLN,200407L,-59.6,43.0,2004-09-01 12:00:00,45.0,75.0,999.0
ATLN,200407L,-57.3,44.0,2004-09-01 15:00:00,45.0,108.8,999.0
ATLN,200407L,-55.0,45.0,2004-09-01 18:00:00,45.0,142.5,998.0
ATLN,200407L,-41.0,49.3,2004-09-02 09:00:00,45.0,120.0,995.0
ATLN,200408L,-65.2,29.0,2004-08-27 18:00:00,25.0,0.0,1016.0
ATLN,200408L,-66.6,29.2,2004-08-28 12:00:00,30.0,0.0,1015.0
ATLN,200408L,-66.9,29.4,2004-08-28 15:00:00,30.0,0.0,1015.0
ATLN,200408L,-67.2,29.7,2004-08-28 18:00:00,30.0,0.0,1015.0
ATLN,200408L,-67.8,29.9,2004-08-28 21:00:00,30.0,0.0,1015.0
ATLN,200408L,-69.8,31.1,2004-08-29 12:00:00,35.0,31.3,1012.0
ATLN,200408L,-70.2,31.5,2004-08-29 15:00:00,38.0,31.3,1009.0
ATLN,200408L,-70.5,31.8,2004-08-29 18:00:00,40.0,31.3,1005.0
ATLN,200408L,-70.8,32.2,2004-08-29 21:00:00,40.0,40.6,1005.0
ATLN,200408L,-71.5,36.7,2004-08-30 15:00:00,45.0,34.4,1008.0
ATLN,200408L,-71.4,37.6,2004-08-30 18:00:00,45.0,31.3,1008.0
ATLN,200408L,-71.3,38.8,2004-08-30 21:00:00,40.0,20.6,1010.0
ATLN,200408L,-70.5,43.1,2004-08-31 12:00:00,25.0,0.0,1014.0
ATLN,200409L,-27.6,9.7,2004-09-02 18:00:00,25.0,0.0,1009.0
ATLN,200409L,-31.2,9.6,2004-09-03 09:00:00,38.0,25.0,1004.0
ATLN,200409L,-32.1,9.5,2004-09-03 12:00:00,40.0,25.0,1003.0
ATLN,200409L,-32.9,9.4,2004-09-03 15:00:00,42.0,58.8,1002.0
ATLN,200409L,-33.6,9.3,2004-09-03 18:00:00,45.0,92.5,1000.0
ATLN,200409L,-37.4,8.9,2004-09-04 09:00:00,50.0,80.0,997.0
ATLN,200409L,-38.2,8.9,2004-09-04 12:00:00,50.0,80.0,997.0
ATLN,200409L,-39.0,8.9,2004-09-04 15:00:00,52.0,75.0,996.0
ATLN,200409L,-39.9,9.0,2004-09-04 18:00:00,55.0,70.0,994.0
ATLN,200409L,-44.2,9.7,2004-09-05 09:00:00,75.0,92.5,982.0
ATLN,200409L,-45.1,9.8,2004-09-05 12:00:00,85.0,95.0,977.0
ATLN,200409L,-46.0,10.0,2004-09-05 15:00:00,98.0,97.5,966.0
ATLN,200409L,-46.8,10.2,2004-09-05 18:00:00,110.0,100.0,955.0
ATLN,200409L,-47.6,10.4,2004-09-05 21:00:00,112.0,105.0,952.0
ATLN,200409L,-52.5,11.0,2004-09-06 12:00:00,110.0,115.0,955.0
ATLN,200409L,-53.5,11.2,2004-09-06 15:00:00,100.0,100.0,962.0
ATLN,200409L,-54.4,11.3,2004-09-06 18:00:00,90.0,85.0,969.0
ATLN,200409L,-55.2,11.2,2004-09-06 21:00:00,90.0,90.0,966.0
ATLN,200409L,-59.4,11.6,2004-09-07 12:00:00,100.0,100.0,963.0
ATLN,200409L,-60.2,11.7,2004-09-07 15:00:00,102.0,104.4,960.0
ATLN,200409L,-61.1,11.8,2004-09-07 18:00:00,105.0,108.8,956.0
ATLN,200409L,-61.9,11.9,2004-09-07 21:00:00,110.0,111.2,953.0
ATLN,200409L,-62.6,12.0,2004-09-08 00:00:00,115.0,113.8,950.0
ATLN,200409L,-65.5,12.6,2004-09-08 12:00:00,120.0,113.8,955.0
ATLN,200409L,-66.2,12.8,2004-09-08 15:00:00,120.0,113.8,952.0
ATLN,200409L,-67.0,13.0,2004-09-08 18:00:00,120.0,113.8,950.0
ATLN,200409L,-71.3,14.4,2004-09-09 15:00:00,135.0,113.1,920.0
ATLN,200409L,-71.9,14.7,2004-09-09 18:00:00,130.0,106.2,921.0
ATLN,200409L,-72.3,14.9,2004-09-09 21:00:00,130.0,113.1,922.0
ATLN,200409L,-75.2,16.5,2004-09-10 15:00:00,122.0,120.0,937.0
ATLN,200409L,-75.8,16.8,2004-09-10 18:00:00,120.0,120.0,940.0
ATLN,200409L,-76.2,17.1,2004-09-10 21:00:00,128.0,120.0,933.0
ATLN,200409L,-78.4,17.7,2004-09-11 12:00:00,125.0,125.0,925.0
ATLN,200409L,-78.7,17.9,2004-09-11 15:00:00,135.0,125.0,922.0
ATLN,200409L,-79.0,18.0,2004-09-11 18:00:00,145.0,125.0,920.0
ATLN,200409L,-79.3,18.1,2004-09-11 21:00:00,145.0,125.0,915.0
ATLN,200409L,-81.2,18.8,2004-09-12 12:00:00,135.0,130.0,919.0
ATLN,200409L,-81.7,19.0,2004-09-12 15:00:00,132.0,130.0,920.0
ATLN,200409L,-82.1,19.1,2004-09-12 18:00:00,130.0,130.0,920.0
ATLN,200409L,-82.4,19.3,2004-09-12 21:00:00,135.0,140.0,918.0
ATLN,200409L,-84.1,20.4,2004-09-13 12:00:00,140.0,145.0,915.0
ATLN,200409L,-84.4,20.6,2004-09-13 15:00:00,140.0,154.4,914.0
ATLN,200409L,-84.7,20.9,2004-09-13 18:00:00,140.0,163.8,912.0
ATLN,200409L,-84.9,21.2,2004-09-13 21:00:00,140.0,160.0,913.0
ATLN,200409L,-86.2,23.4,2004-09-14 15:00:00,122.0,187.5,930.0
ATLN,200409L,-86.5,23.7,2004-09-14 18:00:00,120.0,187.5,931.0
ATLN,200409L,-86.8,24.2,2004-09-14 21:00:00,120.0,187.5,930.0
ATLN,200409L,-87.9,26.7,2004-09-15 12:00:00,115.0,200.0,939.0
ATLN,200409L,-88.1,27.3,2004-09-15 15:00:00,115.0,193.8,938.0
ATLN,200409L,-88.2,27.9,2004-09-15 18:00:00,115.0,187.5,937.0
ATLN,200409L,-88.2,28.4,2004-09-15 21:00:00,112.0,187.5,934.0
ATLN,200409L,-87.7,31.4,2004-09-16 12:00:00,70.0,137.5,965.0
ATLN,200409L,-87.6,31.9,2004-09-16 15:00:00,60.0,93.8,970.0
ATLN,200409L,-87.4,32.5,2004-09-16 18:00:00,50.0,50.0,975.0
ATLN,200409L,-87.0,33.1,2004-09-16 21:00:00,40.0,25.0,980.0
ATLN,200409L,-84.0,35.4,2004-09-17 12:00:00,20.0,0.0,994.0
ATLN,200409L,-83.2,35.8,2004-09-17 15:00:00,20.0,0.0,995.0
ATLN,200409L,-82.3,36.2,2004-09-17 18:00:00,20.0,0.0,996.0
ATLN,200409L,-77.6,38.0,2004-09-18 09:00:00,15.0,0.0,999.0
ATLN,200409L,-76.7,38.4,2004-09-18 12:00:00,15.0,0.0,1000.0
ATLN,200409L,-76.1,38.2,2004-09-18 15:00:00,20.0,0.0,1001.0
ATLN,200409L,-75.5,38.0,2004-09-18 18:00:00,25.0,0.0,1002.0
ATLN,200409L,-74.8,37.8,2004-09-18 21:00:00,30.0,7.5,1002.0
ATLN,200409L,-74.0,37.5,2004-09-19 00:00:00,35.0,15.0,1003.0
ATLN,200409L,-74.2,35.2,2004-09-19 09:00:00,35.0,18.8,1006.0
ATLN,200409L,-74.5,34.5,2004-09-19 12:00:00,35.0,18.8,1008.0
ATLN,200409L,-75.2,33.6,2004-09-19 15:00:00,35.0,18.8,1008.0
ATLN,200409L,-75.8,32.8,2004-09-19 18:00:00,35.0,18.8,1008.0
ATLN,200409L,-76.7,31.9,2004-09-19 21:00:00,35.0,18.8,1008.0
ATLN,200409L,-77.5,31.0,2004-09-20 00:00:00,35.0,18.8,1008.0
ATLN,200409L,-78.7,27.5,2004-09-20 12:00:00,30.0,0.0,1009.0
ATLN,200409L,-78.9,26.9,2004-09-20 15:00:00,28.0,0.0,1009.0
ATLN,200409L,-79.1,26.4,2004-09-20 18:00:00,25.0,0.0,1009.0
ATLN,200409L,-79.4,26.2,2004-09-20 21:00:00,25.0,0.0,1009.0
ATLN,200409L,-82.2,25.5,2004-09-21 15:00:00,25.0,0.0,1010.0
ATLN,200409L,-82.8,25.2,2004-09-21 18:00:00,25.0,0.0,1010.0
ATLN,200409L,-83.4,25.0,2004-09-21 21:00:00,25.0,0.0,1010.0
ATLN,200409L,-87.3,26.0,2004-09-22 12:00:00,25.0,0.0,1010.0
ATLN,200409L,-87.9,26.2,2004-09-22 15:00:00,28.0,0.0,1009.0
ATLN,200409L,-88.6,26.5,2004-09-22 18:00:00,30.0,0.0,1008.0
ATLN,200409L,-89.0,26.8,2004-09-22 21:00:00,32.0,13.1,1008.0
ATLN,200409L,-89.5,27.1,2004-09-23 00:00:00,35.0,26.2,1007.0
ATLN,200409L,-92.5,29.0,2004-09-23 15:00:00,45.0,42.5,1000.0
ATLN,200409L,-92.7,29.2,2004-09-23 18:00:00,40.0,40.0,1003.0
ATLN,200409L,-93.0,29.4,2004-09-23 21:00:00,35.0,20.0,1003.0
ATLN,200409L,-93.2,29.6,2004-09-24 00:00:00,30.0,0.0,1003.0
ATLN,200410L,-39.7,31.5,2004-09-07 12:00:00,25.0,0.0,1009.0
ATLN,200410L,-39.5,31.6,2004-09-07 15:00:00,25.0,0.0,1009.0
ATLN,200410L,-39.3,31.7,2004-09-07 18:00:00,25.0,0.0,1009.0
ATLN,200410L,-38.7,32.0,2004-09-08 00:00:00,25.0,0.0,1010.0
ATLN,200410L,-37.6,32.5,2004-09-08 09:00:00,25.0,0.0,1012.0
ATLN,200410L,-37.1,32.8,2004-09-08 12:00:00,25.0,0.0,1012.0
ATLN,200410L,-36.5,33.3,2004-09-08 15:00:00,25.0,0.0,1012.0
ATLN,200410L,-36.0,33.8,2004-09-08 18:00:00,25.0,0.0,1012.0
ATLN,200410L,-34.0,36.4,2004-09-09 09:00:00,30.0,0.0,1013.0
ATLN,200410L,-33.6,36.5,2004-09-09 12:00:00,30.0,0.0,1013.0
ATLN,200410L,-33.5,36.2,2004-09-09 15:00:00,30.0,0.0,1014.0
ATLN,200410L,-33.4,36.0,2004-09-09 18:00:00,30.0,0.0,1014.0
ATLN,200410L,-30.2,35.4,2004-09-10 09:00:00,22.0,0.0,1016.0
ATLN,200410L,-29.5,35.3,2004-09-10 12:00:00,20.0,0.0,1016.0
ATLN,200411L,-60.0,15.9,2004-09-13 18:00:00,25.0,0.0,1010.0
ATLN,200411L,-60.4,15.9,2004-09-13 21:00:00,25.0,0.0,1010.0
ATLN,200411L,-62.6,16.4,2004-09-14 12:00:00,35.0,18.8,1006.0
ATLN,200411L,-63.0,16.5,2004-09-14 15:00:00,42.0,26.9,1001.0
ATLN,200411L,-63.5,16.7,2004-09-14 18:00:00,50.0,35.0,996.0
ATLN,200411L,-63.8,16.9,2004-09-14 21:00:00,52.0,35.0,996.0
ATLN,200411L,-65.4,17.6,2004-09-15 12:00:00,60.0,50.0,991.0
ATLN,200411L,-65.8,17.9,2004-09-15 15:00:00,60.0,55.0,991.0
ATLN,200411L,-66.2,18.1,2004-09-15 18:00:00,60.0,60.0,991.0
ATLN,200411L,-68.5,18.6,2004-09-16 12:00:00,70.0,27.5,984.0
ATLN,200411L,-68.8,18.7,2004-09-16 15:00:00,68.0,40.0,986.0
ATLN,200411L,-69.0,18.8,2004-09-16 18:00:00,65.0,52.5,988.0
ATLN,200411L,-69.2,19.0,2004-09-16 21:00:00,62.0,52.5,989.0
ATLN,200411L,-70.7,19.7,2004-09-17 12:00:00,50.0,100.0,990.0
ATLN,200411L,-71.2,19.9,2004-09-17 15:00:00,40.0,50.0,996.0
ATLN,200411L,-71.6,20.0,2004-09-17 18:00:00,30.0,0.0,1002.0
ATLN,200411L,-72.7,20.8,2004-09-18 09:00:00,45.0,30.0,1000.0
ATLN,200411L,-72.8,21.2,2004-09-18 12:00:00,45.0,36.2,1000.0
ATLN,200411L,-72.5,21.4,2004-09-18 15:00:00,42.0,36.9,1002.0
ATLN,200411L,-72.3,21.7,2004-09-18 18:00:00,40.0,37.5,1005.0
ATLN,200411L,-72.2,21.9,2004-09-18 21:00:00,40.0,37.5,1004.0
ATLN,200411L,-72.2,22.2,2004-09-19 00:00:00,40.0,37.5,1002.0
ATLN,200411L,-72.4,23.1,2004-09-19 09:00:00,40.0,37.5,1001.0
ATLN,200411L,-72.5,23.5,2004-09-19 12:00:00,40.0,37.5,1000.0
ATLN,200411L,-72.4,23.9,2004-09-19 15:00:00,42.0,56.2,998.0
ATLN,200411L,-72.3,24.2,2004-09-19 18:00:00,45.0,75.0,996.0
ATLN,200411L,-72.2,24.5,2004-09-19 21:00:00,48.0,75.0,995.0
ATLN,200411L,-72.1,24.8,2004-09-20 00:00:00,50.0,75.0,994.0
ATLN,200411L,-71.7,26.6,2004-09-20 12:00:00,60.0,82.5,989.0
ATLN,200411L,-71.6,26.9,2004-09-20 15:00:00,68.0,83.8,986.0
ATLN,200411L,-71.4,27.2,2004-09-20 18:00:00,75.0,85.0,984.0
ATLN,200411L,-71.1,27.3,2004-09-20 21:00:00,75.0,87.5,983.0
ATLN,200411L,-69.3,27.5,2004-09-21 15:00:00,75.0,93.8,972.0
ATLN,200411L,-69.2,27.4,2004-09-21 18:00:00,75.0,93.8,972.0
ATLN,200411L,-69.1,27.3,2004-09-21 21:00:00,78.0,93.1,972.0
ATLN,200411L,-68.5,26.5,2004-09-22 12:00:00,85.0,105.0,968.0
ATLN,200411L,-68.7,26.4,2004-09-22 15:00:00,85.0,105.0,968.0
ATLN,200411L,-68.8,26.2,2004-09-22 18:00:00,85.0,105.0,967.0
ATLN,200411L,-68.9,25.9,2004-09-22 21:00:00,85.0,105.0,966.0
ATLN,200411L,-69.6,25.5,2004-09-23 12:00:00,80.0,105.0,966.0
ATLN,200411L,-69.8,25.6,2004-09-23 15:00:00,78.0,105.0,966.0
ATLN,200411L,-70.0,25.8,2004-09-23 18:00:00,75.0,105.0,966.0
ATLN,200411L,-70.2,25.9,2004-09-23 21:00:00,72.0,105.0,966.0
ATLN,200411L,-72.2,26.2,2004-09-24 12:00:00,80.0,115.0,969.0
ATLN,200411L,-72.7,26.3,2004-09-24 15:00:00,82.0,115.0,968.0
ATLN,200411L,-73.1,26.4,2004-09-24 18:00:00,85.0,115.0,968.0
ATLN,200411L,-73.7,26.4,2004-09-24 21:00:00,85.0,124.4,966.0
ATLN,200411L,-76.9,26.6,2004-09-25 12:00:00,100.0,126.2,957.0
ATLN,200411L,-77.6,26.8,2004-09-25 15:00:00,102.0,130.0,954.0
ATLN,200411L,-78.2,26.9,2004-09-25 18:00:00,105.0,133.8,952.0
ATLN,200411L,-78.8,27.0,2004-09-25 21:00:00,105.0,142.5,952.0
ATLN,200411L,-81.6,27.7,2004-09-26 12:00:00,75.0,137.5,965.0
ATLN,200411L,-81.9,28.0,2004-09-26 15:00:00,65.0,134.4,968.0
ATLN,200411L,-82.3,28.3,2004-09-26 18:00:00,55.0,131.2,970.0
ATLN,200411L,-82.5,28.8,2004-09-26 21:00:00,50.0,119.4,974.0
ATLN,200411L,-83.8,31.8,2004-09-27 15:00:00,32.0,62.5,990.0
ATLN,200411L,-83.6,32.5,2004-09-27 18:00:00,30.0,0.0,993.0
ATLN,200411L,-83.4,32.9,2004-09-27 21:00:00,28.0,0.0,996.0
ATLN,200411L,-81.0,35.4,2004-09-28 12:00:00,20.0,0.0,1000.0
ATLN,200411L,-79.7,36.3,2004-09-28 15:00:00,22.0,0.0,1000.0
ATLN,200411L,-78.4,37.3,2004-09-28 18:00:00,25.0,0.0,999.0
ATLN,200411L,-77.4,37.8,2004-09-28 21:00:00,25.0,0.0,999.0
ATLN,200411L,-72.5,38.5,2004-09-29 12:00:00,35.0,37.5,999.0
ATLN,200412L,-29.9,11.2,2004-09-16 09:00:00,30.0,0.0,1008.0
ATLN,200412L,-30.7,11.2,2004-09-16 12:00:00,30.0,0.0,1007.0
ATLN,200412L,-31.4,11.2,2004-09-16 15:00:00,32.0,11.2,1006.0
ATLN,200412L,-32.1,11.2,2004-09-16 18:00:00,35.0,22.5,1005.0
ATLN,200412L,-34.8,11.8,2004-09-17 09:00:00,52.0,55.0,996.0
ATLN,200412L,-35.3,12.1,2004-09-17 12:00:00,55.0,57.5,994.0
ATLN,200412L,-35.6,12.6,2004-09-17 15:00:00,55.0,63.1,993.0
ATLN,200412L,-36.0,13.0,2004-09-17 18:00:00,55.0,68.8,992.0
ATLN,200412L,-38.4,14.8,2004-09-18 09:00:00,88.0,85.0,972.0
ATLN,200412L,-38.8,15.0,2004-09-18 12:00:00,90.0,90.0,970.0
ATLN,200412L,-39.2,15.3,2004-09-18 15:00:00,92.0,93.8,968.0
ATLN,200412L,-39.7,15.6,2004-09-18 18:00:00,95.0,97.5,965.0
ATLN,200412L,-40.2,15.8,2004-09-18 21:00:00,95.0,97.5,965.0
ATLN,200412L,-40.8,15.9,2004-09-19 00:00:00,95.0,97.5,965.0
ATLN,200412L,-42.0,16.1,2004-09-19 09:00:00,102.0,103.1,958.0
ATLN,200412L,-42.4,16.3,2004-09-19 12:00:00,105.0,105.0,955.0
ATLN,200412L,-42.9,16.5,2004-09-19 15:00:00,108.0,108.8,953.0
ATLN,200412L,-43.4,16.7,2004-09-19 18:00:00,110.0,112.5,951.0
ATLN,200412L,-44.5,16.8,2004-09-20 00:00:00,110.0,116.2,951.0
ATLN,200412L,-45.6,17.2,2004-09-20 09:00:00,112.0,142.5,950.0
ATLN,200412L,-46.0,17.5,2004-09-20 12:00:00,110.0,151.2,951.0
ATLN,200412L,-46.2,17.8,2004-09-20 15:00:00,110.0,156.9,951.0
ATLN,200412L,-46.5,18.1,2004-09-20 18:00:00,110.0,162.5,951.0
ATLN,200412L,-47.5,20.2,2004-09-21 09:00:00,122.0,203.1,940.0
ATLN,200412L,-47.8,20.8,2004-09-21 12:00:00,120.0,206.2,943.0
ATLN,200412L,-48.0,21.6,2004-09-21 15:00:00,112.0,209.4,946.0
ATLN,200412L,-48.3,22.3,2004-09-21 18:00:00,105.0,212.5,948.0
ATLN,200412L,-48.5,23.0,2004-09-21 21:00:00,102.0,212.5,952.0
ATLN,200412L,-49.5,26.2,2004-09-22 12:00:00,90.0,212.5,967.0
ATLN,200412L,-49.1,26.9,2004-09-22 15:00:00,90.0,215.6,968.0
ATLN,200412L,-48.7,27.5,2004-09-22 18:00:00,90.0,218.8,970.0
ATLN,200412L,-48.2,28.2,2004-09-22 21:00:00,92.0,228.1,968.0
ATLN,200412L,-45.3,31.6,2004-09-23 09:00:00,108.0,253.1,952.0
ATLN,200412L,-44.4,32.5,2004-09-23 12:00:00,105.0,256.2,953.0
ATLN,200412L,-43.7,33.5,2004-09-23 15:00:00,98.0,259.4,954.0
ATLN,200412L,-43.0,34.5,2004-09-23 18:00:00,90.0,262.5,955.0
ATLN,200412L,-40.9,41.0,2004-09-24 09:00:00,72.0,281.2,960.0
ATLN,200412L,-40.5,42.6,2004-09-24 12:00:00,70.0,287.5,961.0
ATLN,200412L,-40.5,44.0,2004-09-24 15:00:00,68.0,303.1,962.0
ATLN,200412L,-40.5,45.5,2004-09-24 18:00:00,65.0,318.8,962.0
ATLN,200413L,-32.4,13.3,2004-09-19 18:00:00,30.0,0.0,1004.0
ATLN,200413L,-33.3,13.3,2004-09-20 00:00:00,30.0,0.0,1004.0
ATLN,200413L,-34.8,13.4,2004-09-20 09:00:00,35.0,20.0,1003.0
ATLN,200413L,-35.4,13.5,2004-09-20 12:00:00,40.0,40.0,1002.0
ATLN,200413L,-35.9,13.6,2004-09-20 15:00:00,45.0,42.5,1000.0
ATLN,200413L,-36.4,13.7,2004-09-20 18:00:00,50.0,45.0,997.0
ATLN,200413L,-38.7,14.0,2004-09-21 09:00:00,60.0,45.0,990.0
ATLN,200413L,-39.1,14.1,2004-09-21 12:00:00,60.0,45.0,990.0
ATLN,200413L,-39.4,14.2,2004-09-21 15:00:00,60.0,45.0,990.0
ATLN,200413L,-39.7,14.3,2004-09-21 18:00:00,60.0,45.0,990.0
ATLN,200413L,-40.9,14.3,2004-09-22 09:00:00,48.0,42.5,998.0
ATLN,200413L,-41.1,14.2,2004-09-22 12:00:00,45.0,40.0,1000.0
ATLN,200413L,-41.3,14.1,2004-09-22 15:00:00,45.0,40.0,1000.0
ATLN,200413L,-41.5,13.9,2004-09-22 18:00:00,45.0,40.0,1000.0
ATLN,200413L,-40.3,13.1,2004-09-23 09:00:00,38.0,50.0,1002.0
ATLN,200413L,-40.0,13.1,2004-09-23 12:00:00,35.0,50.0,1003.0
ATLN,200413L,-40.2,13.7,2004-09-23 15:00:00,32.0,25.0,1004.0
ATLN,200413L,-40.5,14.3,2004-09-23 18:00:00,30.0,0.0,1005.0
ATLN,200413L,-42.8,13.9,2004-09-24 09:00:00,38.0,15.0,1002.0
ATLN,200413L,-43.2,13.9,2004-09-24 12:00:00,35.0,15.0,1003.0
ATLN,200413L,-43.5,13.9,2004-09-24 15:00:00,32.0,7.5,1004.0
ATLN,200413L,-43.8,14.0,2004-09-24 18:00:00,30.0,0.0,1005.0
ATLN,200413L,-45.1,15.3,2004-09-25 09:00:00,40.0,37.5,1002.0
ATLN,200413L,-45.4,15.7,2004-09-25 12:00:00,45.0,37.5,1000.0
ATLN,200413L,-45.5,16.2,2004-09-25 15:00:00,45.0,37.5,1000.0
ATLN,200413L,-45.7,16.7,2004-09-25 18:00:00,45.0,37.5,1000.0
ATLN,200413L,-46.0,18.4,2004-09-26 09:00:00,52.0,75.0,996.0
ATLN,200413L,-46.0,18.7,2004-09-26 12:00:00,55.0,75.0,994.0
ATLN,200413L,-46.0,18.9,2004-09-26 15:00:00,52.0,75.0,996.0
ATLN,200413L,-46.0,19.2,2004-09-26 18:00:00,50.0,75.0,997.0
ATLN,200413L,-46.0,19.4,2004-09-26 21:00:00,48.0,75.0,998.0
ATLN,200413L,-46.2,20.3,2004-09-27 09:00:00,45.0,68.8,1000.0
ATLN,200413L,-46.2,20.6,2004-09-27 12:00:00,45.0,62.5,1000.0
ATLN,200413L,-46.2,21.0,2004-09-27 15:00:00,42.0,48.1,1001.0
ATLN,200413L,-46.2,21.3,2004-09-27 18:00:00,40.0,33.8,1002.0
ATLN,200413L,-46.5,23.6,2004-09-28 09:00:00,42.0,53.8,1001.0
ATLN,200413L,-46.5,24.3,2004-09-28 12:00:00,45.0,53.8,1000.0
ATLN,200413L,-46.5,24.9,2004-09-28 15:00:00,50.0,51.9,997.0
ATLN,200413L,-46.5,25.4,2004-09-28 18:00:00,55.0,50.0,994.0
ATLN,200413L,-46.0,28.2,2004-09-29 09:00:00,60.0,111.2,990.0
ATLN,200413L,-45.8,28.9,2004-09-29 12:00:00,60.0,118.8,990.0
ATLN,200413L,-45.8,29.5,2004-09-29 15:00:00,60.0,118.8,990.0
ATLN,200413L,-45.8,30.1,2004-09-29 18:00:00,60.0,118.8,990.0
ATLN,200413L,-47.0,32.2,2004-09-30 09:00:00,52.0,138.8,996.0
ATLN,200413L,-47.3,32.4,2004-09-30 12:00:00,50.0,115.0,997.0
ATLN,200413L,-47.5,32.8,2004-09-30 15:00:00,48.0,103.8,998.0
ATLN,200413L,-47.8,33.1,2004-09-30 18:00:00,45.0,92.5,1000.0
ATLN,200413L,-47.0,36.3,2004-10-01 12:00:00,60.0,75.0,990.0
ATLN,200413L,-46.4,37.0,2004-10-01 15:00:00,60.0,68.8,990.0
ATLN,200413L,-45.8,37.7,2004-10-01 18:00:00,60.0,62.5,990.0
ATLN,200413L,-40.4,41.0,2004-10-02 09:00:00,65.0,62.5,987.0
ATLN,200413L,-39.1,41.6,2004-10-02 12:00:00,65.0,62.5,987.0
ATLN,200413L,-37.5,42.2,2004-10-02 15:00:00,60.0,61.9,990.0
ATLN,200413L,-36.0,42.8,2004-10-02 18:00:00,55.0,61.2,994.0
ATLN,200414L,-94.8,24.1,2004-10-08 15:00:00,32.0,31.2,1006.0
ATLN,200414L,-94.2,24.1,2004-10-08 18:00:00,35.0,62.5,1004.0
ATLN,200414L,-93.7,24.6,2004-10-09 00:00:00,40.0,62.5,1000.0
ATLN,200414L,-92.4,26.6,2004-10-09 15:00:00,38.0,52.5,1000.0
ATLN,200414L,-92.0,26.8,2004-10-09 18:00:00,40.0,55.0,997.0
ATLN,200414L,-91.7,27.1,2004-10-09 21:00:00,40.0,57.5,998.0
ATLN,200414L,-90.9,29.9,2004-10-10 15:00:00,28.0,0.0,1001.0
ATLN,200414L,-90.9,30.4,2004-10-10 18:00:00,25.0,0.0,1002.0
ATLN,200414L,-91.0,31.2,2004-10-10 21:00:00,25.0,0.0,1002.0
ATLN,200415L,-66.5,31.5,2004-10-10 12:00:00,40.0,156.2,1000.0
ATLN,200415L,-66.5,31.8,2004-10-10 15:00:00,40.0,146.9,999.0
ATLN,200415L,-66.5,32.1,2004-10-10 18:00:00,40.0,137.5,998.0
ATLN,200415L,-66.0,32.5,2004-10-10 21:00:00,40.0,112.5,996.0
ATLN,200415L,-61.8,36.0,2004-10-11 12:00:00,45.0,181.2,986.0
ATLN,200415L,-61.1,37.2,2004-10-11 15:00:00,45.0,215.6,986.0
ATLN,200415L,-60.5,38.5,2004-10-11 18:00:00,45.0,250.0,986.0
ATLN,200416L,-41.9,26.5,2004-11-26 12:00:00,35.0,162.5,1002.0
ATLN,200416L,-42.2,26.6,2004-11-26 15:00:00,35.0,193.8,1001.0
ATLN,200416L,-42.5,26.8,2004-11-26 18:00:00,35.0,225.0,1000.0
ATLN,200416L,-44.3,26.4,2004-11-27 12:00:00,35.0,237.5,1000.0
ATLN,200416L,-44.3,26.3,2004-11-27 15:00:00,35.0,221.9,1000.0
ATLN,200416L,-44.4,26.2,2004-11-27 18:00:00,35.0,206.2,1000.0
ATLN,200416L,-44.0,28.2,2004-11-28 12:00:00,35.0,165.0,1000.0
ATLN,200416L,-44.5,28.4,2004-11-28 15:00:00,35.0,165.0,1000.0
ATLN,200416L,-45.1,28.7,2004-11-28 18:00:00,35.0,165.0,999.0
ATLN,200416L,-47.9,29.6,2004-11-29 12:00:00,40.0,143.8,998.0
ATLN,200416L,-48.3,29.9,2004-11-29 15:00:00,42.0,137.5,998.0
ATLN,200416L,-48.8,30.2,2004-11-29 18:00:00,45.0,131.2,998.0
ATLN,200416L,-51.0,31.3,2004-11-30 12:00:00,40.0,100.0,997.0
ATLN,200416L,-51.0,31.5,2004-11-30 15:00:00,40.0,93.8,997.0
ATLN,200416L,-51.0,31.7,2004-11-30 18:00:00,40.0,87.5,997.0
ATLN,200416L,-50.4,31.6,2004-12-01 12:00:00,40.0,70.0,997.0
ATLN,200416L,-50.2,31.3,2004-12-01 15:00:00,38.0,63.1,997.0
ATLN,200416L,-50.1,31.0,2004-12-01 18:00:00,35.0,56.2,997.0
ATLN,200416L,-50.4,29.1,2004-12-02 12:00:00,30.0,0.0,995.0
ATLN,200416L,-50.2,28.8,2004-12-02 15:00:00,30.0,0.0,996.0
ATLN,200416L,-50.1,28.5,2004-12-02 18:00:00,30.0,0.0,996.0
ATLN,200416L,-50.3,26.5,2004-12-03 12:00:00,30.0,0.0,1000.0
ATLN,200416L,-50.5,26.4,2004-12-03 15:00:00,28.0,0.0,1001.0
ATLN,200416L,-50.6,26.2,2004-12-03 18:00:00,25.0,0.0,1002.0
ATLN,200416L,-50.4,25.0,2004-12-04 12:00:00,25.0,0.0,1010.0
ATLN,200416L,-50.6,25.1,2004-12-04 15:00:00,25.0,0.0,1010.0
ATLN,200416L,-50.9,25.1,2004-12-04 18:00:00,25.0,0.0,1011.0
ATLN,200416L,-51.4,26.1,2004-12-05 12:00:00,20.0,0.0,1014.0
ATLN,200501L,-84.0,16.9,2005-06-08 18:00:00,25.0,0.0,1004.0
ATLN,200501L,-84.0,17.1,2005-06-08 21:00:00,28.0,0.0,1004.0
ATLN,200501L,-83.9,17.4,2005-06-09 00:00:00,30.0,0.0,1003.0
ATLN,200501L,-84.0,19.0,2005-06-09 12:00:00,35.0,32.5,1002.0
ATLN,200501L,-84.0,19.4,2005-06-09 15:00:00,35.0,31.2,1002.0
ATLN,200501L,-84.1,19.7,2005-06-09 18:00:00,35.0,30.0,1002.0
ATLN,200501L,-84.2,20.0,2005-06-09 21:00:00,38.0,27.5,1002.0
ATLN,200501L,-84.2,20.4,2005-06-10 00:00:00,40.0,25.0,1001.0
ATLN,200501L,-84.9,23.9,2005-06-10 15:00:00,52.0,61.2,998.0
ATLN,200501L,-85.1,24.9,2005-06-10 18:00:00,55.0,67.5,995.0
ATLN,200501L,-85.3,25.7,2005-06-10 21:00:00,58.0,75.6,992.0
ATLN,200501L,-85.6,26.5,2005-06-11 00:00:00,60.0,83.8,990.0
ATLN,200501L,-87.3,29.5,2005-06-11 15:00:00,52.0,56.9,990.0
ATLN,200501L,-87.5,30.1,2005-06-11 18:00:00,50.0,32.5,991.0
ATLN,200501L,-87.5,30.8,2005-06-11 21:00:00,40.0,16.2,992.0
ATLN,200501L,-87.6,31.4,2005-06-12 00:00:00,30.0,0.0,994.0
ATLN,200501L,-88.0,35.0,2005-06-12 12:00:00,20.0,0.0,1003.0
ATLN,200501L,-87.9,36.0,2005-06-12 15:00:00,20.0,0.0,1004.0
ATLN,200501L,-87.8,37.0,2005-06-12 18:00:00,20.0,0.0,1005.0
ATLN,200501L,-87.7,37.8,2005-06-12 21:00:00,20.0,0.0,1006.0
ATLN,200501L,-87.5,38.5,2005-06-13 00:00:00,20.0,0.0,1006.0
ATLN,200501L,-85.0,42.0,2005-06-13 12:00:00,20.0,0.0,1005.0
ATLN,200501L,-84.5,42.5,2005-06-13 15:00:00,20.0,0.0,1005.0
ATLN,200501L,-84.0,43.0,2005-06-13 18:00:00,20.0,0.0,1005.0
ATLN,200501L,-82.5,43.4,2005-06-13 21:00:00,20.0,0.0,1004.0
ATLN,200501L,-81.1,43.7,2005-06-14 00:00:00,20.0,0.0,1003.0
ATLN,200502L,-95.4,19.7,2005-06-28 18:00:00,30.0,0.0,1006.0
ATLN,200502L,-95.6,19.9,2005-06-28 21:00:00,32.0,12.5,1006.0
ATLN,200502L,-95.8,20.0,2005-06-29 00:00:00,35.0,25.0,1005.0
ATLN,200502L,-97.3,20.8,2005-06-29 12:00:00,35.0,30.0,1005.0
ATLN,200502L,-97.7,21.1,2005-06-29 15:00:00,30.0,15.0,1006.0
ATLN,200502L,-98.1,21.4,2005-06-29 18:00:00,25.0,0.0,1007.0
ATLN,200502L,-98.3,21.7,2005-06-29 21:00:00,25.0,0.0,1008.0
ATLN,200502L,-98.5,22.0,2005-06-30 00:00:00,25.0,0.0,1008.0
ATLN,200503L,-86.7,18.3,2005-07-03 18:00:00,30.0,0.0,1009.0
ATLN,200503L,-87.0,18.5,2005-07-03 21:00:00,30.0,0.0,1008.0
ATLN,200503L,-87.2,18.6,2005-07-04 00:00:00,30.0,0.0,1007.0
ATLN,200503L,-88.5,20.9,2005-07-04 12:00:00,25.0,0.0,1011.0
ATLN,200503L,-88.8,21.6,2005-07-04 15:00:00,28.0,0.0,1010.0
ATLN,200503L,-89.0,22.3,2005-07-04 18:00:00,30.0,0.0,1010.0
ATLN,200503L,-89.3,23.1,2005-07-04 21:00:00,30.0,0.0,1010.0
ATLN,200503L,-89.7,23.9,2005-07-05 00:00:00,30.0,0.0,1009.0
ATLN,200503L,-90.4,26.4,2005-07-05 12:00:00,45.0,50.0,1002.0
ATLN,200503L,-90.5,27.0,2005-07-05 15:00:00,52.0,58.8,1000.0
ATLN,200503L,-90.5,27.6,2005-07-05 18:00:00,60.0,67.5,997.0
ATLN,200503L,-90.4,28.1,2005-07-05 21:00:00,62.0,68.8,994.0
ATLN,200503L,-90.3,28.5,2005-07-06 00:00:00,65.0,70.0,992.0
ATLN,200503L,-88.9,30.8,2005-07-06 12:00:00,40.0,17.5,998.0
ATLN,200503L,-88.5,31.2,2005-07-06 15:00:00,35.0,8.8,999.0
ATLN,200503L,-88.1,31.6,2005-07-06 18:00:00,30.0,0.0,1000.0
ATLN,200503L,-87.7,32.0,2005-07-06 21:00:00,28.0,0.0,1002.0
ATLN,200503L,-87.2,32.4,2005-07-07 00:00:00,25.0,0.0,1004.0
ATLN,200503L,-84.1,34.6,2005-07-07 12:00:00,20.0,0.0,1009.0
ATLN,200503L,-82.9,35.1,2005-07-07 15:00:00,20.0,0.0,1010.0
ATLN,200503L,-81.8,35.6,2005-07-07 18:00:00,20.0,0.0,1010.0
ATLN,200503L,-80.9,36.4,2005-07-07 21:00:00,20.0,0.0,1010.0
ATLN,200503L,-80.0,37.1,2005-07-08 00:00:00,20.0,0.0,1010.0
ATLN,200503L,-76.7,38.4,2005-07-08 12:00:00,25.0,0.0,1009.0
ATLN,200503L,-75.8,38.8,2005-07-08 15:00:00,25.0,0.0,1009.0
ATLN,200503L,-74.8,39.1,2005-07-08 18:00:00,25.0,0.0,1009.0
ATLN,200503L,-72.0,39.5,2005-07-09 00:00:00,25.0,0.0,1009.0
ATLN,200503L,-69.8,41.6,2005-07-09 12:00:00,30.0,0.0,1007.0
ATLN,200503L,-69.7,42.5,2005-07-09 15:00:00,30.0,0.0,1006.0
ATLN,200503L,-69.6,43.5,2005-07-09 18:00:00,30.0,0.0,1006.0
ATLN,200503L,-69.7,44.2,2005-07-09 21:00:00,30.0,0.0,1006.0
ATLN,200503L,-69.8,44.9,2005-07-10 00:00:00,30.0,0.0,1006.0
ATLN,200503L,-67.6,46.5,2005-07-10 12:00:00,25.0,0.0,1006.0
ATLN,200503L,-67.0,47.2,2005-07-10 15:00:00,22.0,0.0,1006.0
ATLN,200503L,-66.4,48.0,2005-07-10 18:00:00,20.0,0.0,1006.0
ATLN,200503L,-65.5,48.2,2005-07-10 21:00:00,20.0,0.0,1006.0
ATLN,200503L,-64.5,48.5,2005-07-11 00:00:00,20.0,0.0,1006.0
ATLN,200504L,-60.8,12.0,2005-07-04 18:00:00,25.0,0.0,1010.0
ATLN,200504L,-61.6,12.1,2005-07-04 21:00:00,28.0,0.0,1010.0
ATLN,200504L,-65.9,13.0,2005-07-05 12:00:00,35.0,35.0,1007.0
ATLN,200504L,-66.6,13.3,2005-07-05 15:00:00,38.0,35.0,1006.0
ATLN,200504L,-67.3,13.6,2005-07-05 18:00:00,40.0,35.0,1005.0
ATLN,200504L,-67.9,13.9,2005-07-05 21:00:00,42.0,37.5,1002.0
ATLN,200504L,-70.9,15.1,2005-07-06 12:00:00,55.0,63.8,991.0
ATLN,200504L,-71.4,15.3,2005-07-06 15:00:00,58.0,66.9,990.0
ATLN,200504L,-71.9,15.6,2005-07-06 18:00:00,60.0,70.0,989.0
ATLN,200504L,-72.5,15.9,2005-07-06 21:00:00,65.0,76.9,986.0
ATLN,200504L,-74.9,17.6,2005-07-07 12:00:00,90.0,100.0,967.0
ATLN,200504L,-75.5,18.1,2005-07-07 15:00:00,95.0,100.6,962.0
ATLN,200504L,-76.1,18.5,2005-07-07 18:00:00,100.0,101.2,957.0
ATLN,200504L,-76.6,18.9,2005-07-07 21:00:00,110.0,101.2,954.0
ATLN,200504L,-80.0,21.4,2005-07-08 15:00:00,125.0,113.8,940.0
ATLN,200504L,-80.6,22.0,2005-07-08 18:00:00,120.0,118.8,941.0
ATLN,200504L,-81.1,22.4,2005-07-08 21:00:00,110.0,123.8,950.0
ATLN,200504L,-81.6,22.7,2005-07-09 00:00:00,100.0,128.8,960.0
ATLN,200504L,-83.4,24.3,2005-07-09 12:00:00,80.0,135.0,967.0
ATLN,200504L,-83.8,24.8,2005-07-09 15:00:00,85.0,140.0,964.0
ATLN,200504L,-84.2,25.2,2005-07-09 18:00:00,90.0,145.0,962.0
ATLN,200504L,-84.6,25.6,2005-07-09 21:00:00,100.0,148.1,952.0
ATLN,200504L,-85.0,26.1,2005-07-10 00:00:00,110.0,151.2,942.0
ATLN,200504L,-86.3,28.5,2005-07-10 12:00:00,120.0,145.0,930.0
ATLN,200504L,-86.6,29.2,2005-07-10 15:00:00,115.0,128.8,936.0
ATLN,200504L,-86.9,29.9,2005-07-10 18:00:00,110.0,112.5,942.0
ATLN,200504L,-87.3,30.7,2005-07-10 21:00:00,78.0,82.5,956.0
ATLN,200504L,-87.7,31.5,2005-07-11 00:00:00,45.0,52.5,970.0
ATLN,200504L,-88.8,33.9,2005-07-11 12:00:00,25.0,0.0,997.0
ATLN,200504L,-88.9,34.6,2005-07-11 15:00:00,22.0,0.0,1000.0
ATLN,200504L,-89.1,35.3,2005-07-11 18:00:00,20.0,0.0,1002.0
ATLN,200504L,-89.2,35.8,2005-07-11 21:00:00,20.0,0.0,1002.0
ATLN,200504L,-89.2,36.4,2005-07-12 00:00:00,20.0,0.0,1003.0
ATLN,200504L,-88.7,37.7,2005-07-12 12:00:00,15.0,0.0,1007.0
ATLN,200504L,-88.5,37.9,2005-07-12 15:00:00,15.0,0.0,1008.0
ATLN,200504L,-88.3,38.1,2005-07-12 18:00:00,15.0,0.0,1008.0
ATLN,200504L,-87.8,38.5,2005-07-13 00:00:00,15.0,0.0,1009.0
ATLN,200504L,-86.2,39.2,2005-07-13 15:00:00,15.0,0.0,1010.0
ATLN,200504L,-85.8,39.2,2005-07-13 18:00:00,15.0,0.0,1010.0
ATLN,200504L,-85.8,39.2,2005-07-13 21:00:00,12.0,0.0,1010.0
ATLN,200504L,-85.7,39.2,2005-07-14 00:00:00,10.0,0.0,1009.0
ATLN,200504L,-85.6,38.7,2005-07-14 12:00:00,10.0,0.0,1010.0
ATLN,200504L,-85.6,38.5,2005-07-14 15:00:00,10.0,0.0,1010.0
ATLN,200504L,-85.6,38.4,2005-07-14 18:00:00,10.0,0.0,1010.0
ATLN,200504L,-85.7,38.2,2005-07-14 21:00:00,10.0,0.0,1010.0
ATLN,200504L,-85.8,38.1,2005-07-15 00:00:00,10.0,0.0,1009.0
ATLN,200504L,-86.4,38.1,2005-07-15 12:00:00,10.0,0.0,1012.0
ATLN,200504L,-86.5,38.2,2005-07-15 15:00:00,10.0,0.0,1012.0
ATLN,200504L,-86.6,38.4,2005-07-15 18:00:00,10.0,0.0,1012.0
ATLN,200504L,-86.7,38.5,2005-07-15 21:00:00,10.0,0.0,1012.0
ATLN,200504L,-86.8,38.6,2005-07-16 00:00:00,10.0,0.0,1011.0
ATLN,200504L,-86.2,40.2,2005-07-16 12:00:00,10.0,0.0,1013.0
ATLN,200504L,-85.7,40.5,2005-07-16 15:00:00,10.0,0.0,1014.0
ATLN,200504L,-85.2,40.8,2005-07-16 18:00:00,10.0,0.0,1014.0
ATLN,200504L,-84.7,41.0,2005-07-16 21:00:00,10.0,0.0,1014.0
ATLN,200504L,-84.1,41.3,2005-07-17 00:00:00,10.0,0.0,1013.0
ATLN,200504L,-81.8,43.5,2005-07-17 15:00:00,10.0,0.0,1012.0
ATLN,200504L,-81.4,43.9,2005-07-17 18:00:00,10.0,0.0,1012.0
ATLN,200504L,-81.0,44.2,2005-07-17 21:00:00,10.0,0.0,1011.0
ATLN,200504L,-80.5,44.6,2005-07-18 00:00:00,10.0,0.0,1010.0
ATLN,200505L,-43.9,10.9,2005-07-11 09:00:00,30.0,0.0,1009.0
ATLN,200505L,-44.4,10.9,2005-07-11 12:00:00,30.0,0.0,1009.0
ATLN,200505L,-44.9,10.9,2005-07-11 15:00:00,30.0,0.0,1008.0
ATLN,200505L,-45.4,11.0,2005-07-11 18:00:00,30.0,0.0,1007.0
ATLN,200505L,-46.1,11.0,2005-07-11 21:00:00,32.0,12.5,1006.0
ATLN,200505L,-49.4,11.0,2005-07-12 09:00:00,42.0,28.8,1004.0
ATLN,200505L,-50.2,11.0,2005-07-12 12:00:00,45.0,32.5,1004.0
ATLN,200505L,-51.1,11.0,2005-07-12 15:00:00,45.0,32.5,1004.0
ATLN,200505L,-52.0,11.0,2005-07-12 18:00:00,45.0,32.5,1004.0
ATLN,200505L,-52.9,11.0,2005-07-12 21:00:00,45.0,38.1,1004.0
ATLN,200505L,-57.2,11.2,2005-07-13 12:00:00,50.0,61.2,1003.0
ATLN,200505L,-58.0,11.3,2005-07-13 15:00:00,52.0,71.9,1003.0
ATLN,200505L,-58.9,11.4,2005-07-13 18:00:00,55.0,82.5,1003.0
ATLN,200505L,-59.5,11.5,2005-07-13 21:00:00,62.0,82.5,1001.0
ATLN,200505L,-63.2,12.4,2005-07-14 12:00:00,85.0,80.0,980.0
ATLN,200505L,-64.1,12.7,2005-07-14 15:00:00,92.0,78.1,976.0
ATLN,200505L,-64.9,12.9,2005-07-14 18:00:00,100.0,76.2,971.0
ATLN,200505L,-70.9,14.3,2005-07-15 15:00:00,105.0,88.8,966.0
ATLN,200505L,-71.8,14.5,2005-07-15 18:00:00,95.0,87.5,969.0
ATLN,200505L,-76.5,15.9,2005-07-16 12:00:00,130.0,90.0,944.0
ATLN,200505L,-77.2,16.1,2005-07-16 15:00:00,132.0,91.2,940.0
ATLN,200505L,-78.0,16.4,2005-07-16 18:00:00,135.0,92.5,937.0
ATLN,200505L,-78.8,16.8,2005-07-16 21:00:00,138.0,92.5,933.0
ATLN,200505L,-82.8,18.3,2005-07-17 12:00:00,130.0,92.5,946.0
ATLN,200505L,-83.5,18.6,2005-07-17 15:00:00,128.0,92.5,947.0
ATLN,200505L,-84.3,18.9,2005-07-17 18:00:00,125.0,92.5,948.0
ATLN,200505L,-85.0,19.2,2005-07-17 21:00:00,122.0,95.0,950.0
ATLN,200505L,-85.8,19.5,2005-07-18 00:00:00,120.0,97.5,951.0
ATLN,200505L,-88.9,21.3,2005-07-18 12:00:00,65.0,96.2,975.0
ATLN,200505L,-89.6,21.6,2005-07-18 15:00:00,65.0,85.6,980.0
ATLN,200505L,-90.3,22.0,2005-07-18 18:00:00,65.0,75.0,984.0
ATLN,200505L,-90.9,22.3,2005-07-18 21:00:00,70.0,80.0,982.0
ATLN,200505L,-91.5,22.6,2005-07-19 00:00:00,75.0,85.0,981.0
ATLN,200505L,-94.0,23.7,2005-07-19 12:00:00,80.0,95.0,977.0
ATLN,200505L,-94.5,23.9,2005-07-19 15:00:00,82.0,101.2,968.0
ATLN,200505L,-95.1,24.1,2005-07-19 18:00:00,85.0,107.5,959.0
ATLN,200505L,-95.6,24.2,2005-07-19 21:00:00,98.0,110.0,954.0
ATLN,200505L,-96.1,24.4,2005-07-20 00:00:00,110.0,112.5,948.0
ATLN,200505L,-98.2,24.9,2005-07-20 15:00:00,90.0,96.9,960.0
ATLN,200505L,-98.7,25.0,2005-07-20 18:00:00,70.0,90.0,975.0
ATLN,200505L,-99.2,25.0,2005-07-20 21:00:00,58.0,71.2,985.0
ATLN,200505L,-99.7,25.0,2005-07-21 00:00:00,45.0,52.5,995.0
ATLN,200506L,-75.0,25.0,2005-07-21 18:00:00,30.0,0.0,1010.0
ATLN,200506L,-75.5,25.4,2005-07-21 21:00:00,35.0,6.9,1010.0
ATLN,200506L,-76.8,26.6,2005-07-22 12:00:00,45.0,15.0,1007.0
ATLN,200506L,-76.8,27.0,2005-07-22 15:00:00,45.0,16.9,1006.0
ATLN,200506L,-76.7,27.4,2005-07-22 18:00:00,45.0,18.8,1006.0
ATLN,200506L,-76.7,27.8,2005-07-22 21:00:00,45.0,23.8,1004.0
ATLN,200506L,-76.6,28.1,2005-07-23 00:00:00,45.0,28.8,1003.0
ATLN,200506L,-75.4,29.2,2005-07-23 12:00:00,60.0,52.5,1001.0
ATLN,200506L,-75.1,29.4,2005-07-23 15:00:00,60.0,53.1,1001.0
ATLN,200506L,-74.7,29.7,2005-07-23 18:00:00,60.0,53.8,1001.0
ATLN,200506L,-74.1,29.9,2005-07-23 21:00:00,58.0,51.9,1001.0
ATLN,200506L,-71.9,30.7,2005-07-24 12:00:00,45.0,43.8,1001.0
ATLN,200506L,-71.6,30.9,2005-07-24 15:00:00,45.0,40.6,1000.0
ATLN,200506L,-71.2,31.1,2005-07-24 18:00:00,45.0,37.5,1000.0
ATLN,200506L,-71.2,31.1,2005-07-24 21:00:00,42.0,38.1,1000.0
ATLN,200506L,-69.8,30.9,2005-07-25 12:00:00,40.0,37.5,999.0
ATLN,200506L,-69.7,30.9,2005-07-25 15:00:00,40.0,37.5,999.0
ATLN,200506L,-69.6,30.9,2005-07-25 18:00:00,40.0,37.5,999.0
ATLN,200506L,-68.2,32.0,2005-07-26 15:00:00,35.0,22.5,1002.0
ATLN,200506L,-68.3,32.2,2005-07-26 18:00:00,35.0,22.5,1001.0
ATLN,200506L,-69.1,33.2,2005-07-27 12:00:00,45.0,45.0,999.0
ATLN,200506L,-69.2,33.4,2005-07-27 15:00:00,45.0,50.0,999.0
ATLN,200506L,-69.3,33.6,2005-07-27 18:00:00,45.0,55.0,999.0
ATLN,200506L,-69.3,33.9,2005-07-27 21:00:00,48.0,60.0,998.0
ATLN,200506L,-68.5,36.5,2005-07-28 15:00:00,48.0,52.5,998.0
ATLN,200506L,-67.3,37.8,2005-07-28 21:00:00,50.0,57.5,997.0
ATLN,200506L,-62.8,40.8,2005-07-29 12:00:00,50.0,78.8,997.0
ATLN,200506L,-61.5,41.5,2005-07-29 15:00:00,50.0,78.1,998.0
ATLN,200506L,-53.2,45.2,2005-07-30 09:00:00,42.0,61.2,1004.0
ATLN,200506L,-51.7,45.8,2005-07-30 12:00:00,40.0,62.5,1005.0
ATLN,200506L,-50.2,46.1,2005-07-30 15:00:00,40.0,62.5,1006.0
ATLN,200506L,-48.8,46.4,2005-07-30 18:00:00,40.0,62.5,1006.0
ATLN,200506L,-47.4,47.0,2005-07-30 21:00:00,40.0,62.5,1006.0
ATLN,200507L,-92.9,19.3,2005-07-23 18:00:00,25.0,0.0,1011.0
ATLN,200507L,-93.3,19.6,2005-07-23 21:00:00,28.0,0.0,1010.0
ATLN,200507L,-93.8,19.8,2005-07-24 00:00:00,30.0,0.0,1009.0
ATLN,200507L,-96.2,21.2,2005-07-24 15:00:00,35.0,62.5,1008.0
ATLN,200507L,-96.6,21.4,2005-07-24 18:00:00,35.0,75.0,1007.0
ATLN,200507L,-97.1,21.6,2005-07-24 21:00:00,38.0,71.9,1006.0
ATLN,200507L,-97.6,21.8,2005-07-25 00:00:00,40.0,68.8,1005.0
ATLN,200507L,-100.7,22.5,2005-07-25 15:00:00,22.0,0.0,1006.0
ATLN,200507L,-101.4,22.5,2005-07-25 18:00:00,20.0,0.0,1007.0
ATLN,200508L,-68.8,28.2,2005-08-02 18:00:00,30.0,0.0,1006.0
ATLN,200508L,-68.0,30.6,2005-08-03 15:00:00,48.0,41.2,1000.0
ATLN,200508L,-67.7,30.9,2005-08-03 18:00:00,50.0,41.2,999.0
ATLN,200508L,-63.6,31.9,2005-08-04 12:00:00,50.0,48.8,995.0
ATLN,200508L,-62.9,31.9,2005-08-04 15:00:00,52.0,50.6,994.0
ATLN,200508L,-62.1,32.0,2005-08-04 18:00:00,55.0,52.5,994.0
ATLN,200508L,-58.5,32.5,2005-08-05 12:00:00,50.0,60.0,995.0
ATLN,200508L,-58.1,32.5,2005-08-05 15:00:00,48.0,62.5,996.0
ATLN,200508L,-57.7,32.5,2005-08-05 18:00:00,45.0,65.0,997.0
ATLN,200508L,-57.4,32.5,2005-08-05 21:00:00,45.0,65.6,997.0
ATLN,200508L,-56.7,33.5,2005-08-06 12:00:00,50.0,66.2,995.0
ATLN,200508L,-56.7,33.5,2005-08-06 15:00:00,50.0,63.1,995.0
ATLN,200508L,-56.7,33.5,2005-08-06 18:00:00,50.0,60.0,995.0
ATLN,200508L,-56.1,33.8,2005-08-06 21:00:00,50.0,56.9,995.0
ATLN,200508L,-54.5,35.5,2005-08-07 09:00:00,48.0,56.2,996.0
ATLN,200508L,-54.0,36.0,2005-08-07 12:00:00,45.0,58.8,998.0
ATLN,200508L,-53.5,36.4,2005-08-07 15:00:00,45.0,58.8,998.0
ATLN,200508L,-52.9,36.8,2005-08-07 18:00:00,45.0,58.8,998.0
ATLN,200508L,-49.7,39.1,2005-08-08 09:00:00,45.0,77.5,998.0
ATLN,200508L,-48.6,39.6,2005-08-08 12:00:00,45.0,85.0,998.0
ATLN,200508L,-47.8,40.0,2005-08-08 15:00:00,45.0,85.0,998.0
ATLN,200508L,-46.9,40.4,2005-08-08 18:00:00,45.0,85.0,998.0
ATLN,200508L,-46.0,40.8,2005-08-08 21:00:00,45.0,91.2,998.0
ATLN,200508L,-42.0,42.0,2005-08-09 09:00:00,50.0,105.0,995.0
ATLN,200508L,-41.1,42.3,2005-08-09 12:00:00,50.0,105.0,995.0
ATLN,200508L,-40.0,42.6,2005-08-09 15:00:00,50.0,108.8,994.0
ATLN,200508L,-39.0,43.0,2005-08-09 18:00:00,50.0,112.5,994.0
ATLN,200508L,-38.0,43.5,2005-08-09 21:00:00,50.0,112.5,994.0
ATLN,200508L,-34.7,44.5,2005-08-10 09:00:00,50.0,126.2,994.0
ATLN,200508L,-34.1,44.5,2005-08-10 12:00:00,50.0,126.2,994.0
ATLN,200508L,-33.6,44.5,2005-08-10 15:00:00,50.0,118.8,994.0
ATLN,200508L,-33.1,44.4,2005-08-10 18:00:00,50.0,111.2,994.0
ATLN,200508L,-32.7,44.3,2005-08-10 21:00:00,48.0,101.2,996.0
ATLN,200508L,-31.2,43.7,2005-08-11 09:00:00,38.0,40.0,1002.0
ATLN,200508L,-31.0,43.5,2005-08-11 12:00:00,35.0,30.0,1003.0
ATLN,200508L,-30.9,43.4,2005-08-11 15:00:00,32.0,15.0,1004.0
ATLN,200508L,-30.7,43.3,2005-08-11 18:00:00,30.0,0.0,1005.0
ATLN,200508L,-30.6,43.1,2005-08-11 21:00:00,30.0,0.0,1006.0
ATLN,200508L,-31.1,42.2,2005-08-12 09:00:00,30.0,0.0,1008.0
ATLN,200508L,-31.4,42.0,2005-08-12 12:00:00,30.0,0.0,1009.0
ATLN,200508L,-31.4,41.6,2005-08-12 15:00:00,28.0,0.0,1010.0
ATLN,200508L,-31.5,41.3,2005-08-12 18:00:00,25.0,0.0,1010.0
ATLN,200508L,-31.5,41.0,2005-08-12 21:00:00,25.0,0.0,1010.0
ATLN,200508L,-31.5,40.5,2005-08-13 09:00:00,25.0,0.0,1011.0
ATLN,200508L,-31.5,40.5,2005-08-13 12:00:00,25.0,0.0,1011.0
ATLN,200508L,-31.8,40.9,2005-08-13 15:00:00,25.0,0.0,1012.0
ATLN,200508L,-32.0,41.2,2005-08-13 18:00:00,25.0,0.0,1012.0
ATLN,200508L,-32.2,41.6,2005-08-13 21:00:00,25.0,0.0,1014.0
ATLN,200509L,-33.5,12.9,2005-08-04 18:00:00,25.0,0.0,1009.0
ATLN,200509L,-36.1,15.1,2005-08-05 09:00:00,28.0,0.0,1008.0
ATLN,200509L,-36.8,15.6,2005-08-05 12:00:00,30.0,0.0,1008.0
ATLN,200509L,-37.6,16.1,2005-08-05 15:00:00,30.0,0.0,1008.0
ATLN,200509L,-38.4,16.6,2005-08-05 18:00:00,30.0,0.0,1008.0
ATLN,200509L,-39.1,16.9,2005-08-05 21:00:00,30.0,0.0,1008.0
ATLN,200509L,-41.0,17.9,2005-08-06 09:00:00,30.0,0.0,1008.0
ATLN,200509L,-41.6,18.2,2005-08-06 12:00:00,30.0,0.0,1008.0
ATLN,200509L,-42.2,18.5,2005-08-06 15:00:00,30.0,0.0,1008.0
ATLN,200509L,-42.8,18.8,2005-08-06 18:00:00,30.0,0.0,1008.0
ATLN,200509L,-43.1,19.1,2005-08-06 21:00:00,30.0,0.0,1008.0
ATLN,200509L,-44.6,19.9,2005-08-07 09:00:00,32.0,5.0,1006.0
ATLN,200509L,-45.0,20.2,2005-08-07 12:00:00,35.0,10.0,1005.0
ATLN,200509L,-45.5,20.5,2005-08-07 15:00:00,35.0,10.0,1005.0
ATLN,200509L,-46.0,20.8,2005-08-07 18:00:00,35.0,10.0,1005.0
ATLN,200509L,-49.1,22.0,2005-08-08 09:00:00,32.0,22.5,1008.0
ATLN,200509L,-49.9,22.2,2005-08-08 12:00:00,30.0,0.0,1009.0
ATLN,200509L,-50.4,22.3,2005-08-08 15:00:00,30.0,0.0,1009.0
ATLN,200509L,-50.9,22.4,2005-08-08 18:00:00,30.0,0.0,1009.0
ATLN,200509L,-51.5,22.4,2005-08-08 21:00:00,30.0,0.0,1009.0
ATLN,200509L,-53.7,22.4,2005-08-09 12:00:00,30.0,0.0,1009.0
ATLN,200509L,-54.2,22.4,2005-08-09 15:00:00,30.0,0.0,1009.0
ATLN,200509L,-54.8,22.4,2005-08-09 18:00:00,30.0,0.0,1009.0
ATLN,200509L,-57.2,22.4,2005-08-10 12:00:00,30.0,0.0,1009.0
ATLN,200509L,-57.7,22.6,2005-08-10 15:00:00,30.0,0.0,1008.0
ATLN,200509L,-58.1,22.8,2005-08-10 18:00:00,30.0,0.0,1008.0
ATLN,200509L,-58.7,23.1,2005-08-10 21:00:00,32.0,15.0,1006.0
ATLN,200509L,-61.7,24.7,2005-08-11 12:00:00,45.0,35.0,1001.0
ATLN,200509L,-62.3,25.0,2005-08-11 15:00:00,45.0,35.0,1001.0
ATLN,200509L,-62.9,25.4,2005-08-11 18:00:00,45.0,35.0,1001.0
ATLN,200509L,-63.3,25.9,2005-08-11 21:00:00,45.0,36.2,1001.0
ATLN,200509L,-66.3,27.9,2005-08-12 12:00:00,55.0,42.5,996.0
ATLN,200509L,-66.7,28.1,2005-08-12 15:00:00,55.0,55.6,996.0
ATLN,200509L,-67.1,28.4,2005-08-12 18:00:00,55.0,68.8,995.0
ATLN,200509L,-67.4,28.6,2005-08-12 21:00:00,58.0,70.0,994.0
ATLN,200509L,-69.0,30.0,2005-08-13 12:00:00,60.0,67.5,997.0
ATLN,200509L,-69.2,30.4,2005-08-13 15:00:00,60.0,69.4,998.0
ATLN,200509L,-69.4,30.8,2005-08-13 18:00:00,60.0,71.2,1000.0
ATLN,200509L,-69.7,31.2,2005-08-13 21:00:00,60.0,71.2,998.0
ATLN,200509L,-70.1,33.1,2005-08-14 12:00:00,55.0,66.2,999.0
ATLN,200509L,-70.0,33.5,2005-08-14 15:00:00,58.0,63.8,996.0
ATLN,200509L,-70.0,34.0,2005-08-14 18:00:00,60.0,61.2,994.0
ATLN,200509L,-69.8,34.5,2005-08-14 21:00:00,65.0,65.6,992.0
ATLN,200509L,-67.1,36.4,2005-08-15 15:00:00,78.0,85.0,982.0
ATLN,200509L,-66.5,36.5,2005-08-15 18:00:00,80.0,85.0,980.0
ATLN,200509L,-65.8,36.5,2005-08-15 21:00:00,80.0,81.2,980.0
ATLN,200509L,-63.0,36.6,2005-08-16 12:00:00,85.0,77.5,975.0
ATLN,200509L,-62.5,36.5,2005-08-16 15:00:00,88.0,81.2,972.0
ATLN,200509L,-62.0,36.5,2005-08-16 18:00:00,90.0,85.0,970.0
ATLN,200509L,-61.6,36.5,2005-08-16 21:00:00,85.0,85.0,974.0
ATLN,200509L,-59.1,36.9,2005-08-17 12:00:00,65.0,75.0,987.0
ATLN,200509L,-58.2,37.2,2005-08-17 15:00:00,65.0,75.0,987.0
ATLN,200509L,-57.3,37.6,2005-08-17 18:00:00,65.0,75.0,987.0
ATLN,200509L,-50.6,41.8,2005-08-18 09:00:00,55.0,133.1,991.0
ATLN,200509L,-48.9,43.3,2005-08-18 12:00:00,50.0,202.5,992.0
ATLN,200510L,-43.6,13.3,2005-08-13 12:00:00,25.0,0.0,1009.0
ATLN,200510L,-44.2,13.6,2005-08-13 15:00:00,28.0,0.0,1008.0
ATLN,200510L,-44.7,13.8,2005-08-13 18:00:00,30.0,0.0,1008.0
ATLN,200510L,-45.2,13.8,2005-08-13 21:00:00,30.0,0.0,1008.0
ATLN,200510L,-46.2,13.4,2005-08-14 09:00:00,25.0,0.0,1009.0
ATLN,200510L,-46.4,13.5,2005-08-14 12:00:00,25.0,0.0,1009.0
ATLN,200510L,-46.5,13.7,2005-08-14 15:00:00,25.0,0.0,1010.0
ATLN,200510L,-46.7,13.9,2005-08-14 18:00:00,25.0,0.0,1010.0
ATLN,200510L,-47.0,14.2,2005-08-14 21:00:00,25.0,0.0,1010.0
ATLN,200510L,-48.8,14.6,2005-08-15 09:00:00,25.0,0.0,1010.0
ATLN,200510L,-49.3,14.6,2005-08-15 12:00:00,25.0,0.0,1010.0
ATLN,200510L,-49.6,14.7,2005-08-15 15:00:00,25.0,0.0,1010.0
ATLN,200510L,-49.9,14.8,2005-08-15 18:00:00,25.0,0.0,1010.0
ATLN,200510L,-50.1,14.9,2005-08-15 21:00:00,25.0,0.0,1010.0
ATLN,200510L,-52.0,16.0,2005-08-16 12:00:00,25.0,0.0,1010.0
ATLN,200510L,-52.6,16.1,2005-08-16 15:00:00,25.0,0.0,1010.0
ATLN,200510L,-53.2,16.1,2005-08-16 18:00:00,25.0,0.0,1010.0
ATLN,200510L,-53.7,16.1,2005-08-16 21:00:00,25.0,0.0,1010.0
ATLN,200510L,-55.6,16.7,2005-08-17 12:00:00,25.0,0.0,1010.0
ATLN,200510L,-56.1,16.9,2005-08-17 15:00:00,25.0,0.0,1010.0
ATLN,200510L,-56.6,17.1,2005-08-17 18:00:00,25.0,0.0,1010.0
ATLN,200510L,-57.2,17.2,2005-08-17 21:00:00,25.0,0.0,1010.0
ATLN,200510L,-60.1,18.0,2005-08-18 12:00:00,25.0,0.0,1014.0
ATLN,200511L,-94.8,19.5,2005-08-22 15:00:00,32.0,7.5,1005.0
ATLN,200511L,-95.0,19.6,2005-08-22 18:00:00,35.0,15.0,1004.0
ATLN,200511L,-95.3,19.6,2005-08-22 21:00:00,40.0,23.8,1002.0
ATLN,200511L,-95.7,19.7,2005-08-23 00:00:00,45.0,32.5,1001.0
ATLN,200512L,-75.1,23.1,2005-08-23 18:00:00,30.0,0.0,1008.0
ATLN,200512L,-75.4,23.2,2005-08-23 21:00:00,30.0,0.0,1008.0
ATLN,200512L,-76.7,24.9,2005-08-24 15:00:00,38.0,30.0,1004.0
ATLN,200512L,-76.9,25.4,2005-08-24 18:00:00,40.0,30.0,1003.0
ATLN,200512L,-77.3,25.7,2005-08-24 21:00:00,42.0,30.0,1002.0
ATLN,200512L,-79.0,26.2,2005-08-25 12:00:00,55.0,50.0,994.0
ATLN,200512L,-79.3,26.2,2005-08-25 15:00:00,58.0,56.2,991.0
ATLN,200512L,-79.6,26.2,2005-08-25 18:00:00,60.0,62.5,988.0
ATLN,200512L,-79.9,26.0,2005-08-25 21:00:00,65.0,60.0,986.0
ATLN,200512L,-82.0,25.1,2005-08-26 12:00:00,75.0,55.0,979.0
ATLN,200512L,-82.3,25.0,2005-08-26 15:00:00,80.0,57.5,974.0
ATLN,200512L,-82.6,24.9,2005-08-26 18:00:00,85.0,60.0,968.0
ATLN,200512L,-82.9,24.8,2005-08-26 21:00:00,88.0,69.4,964.0
ATLN,200512L,-83.3,24.6,2005-08-27 00:00:00,90.0,78.8,959.0
ATLN,200512L,-84.7,24.4,2005-08-27 12:00:00,100.0,110.0,942.0
ATLN,200512L,-85.0,24.4,2005-08-27 15:00:00,100.0,111.2,945.0
ATLN,200512L,-85.3,24.5,2005-08-27 18:00:00,100.0,112.5,948.0
ATLN,200512L,-85.6,24.6,2005-08-27 21:00:00,100.0,116.2,944.0
ATLN,200512L,-85.9,24.8,2005-08-28 00:00:00,100.0,120.0,941.0
ATLN,200512L,-87.7,25.7,2005-08-28 12:00:00,145.0,156.2,909.0
ATLN,200512L,-88.2,26.0,2005-08-28 15:00:00,148.0,163.8,906.0
ATLN,200512L,-88.6,26.3,2005-08-28 18:00:00,150.0,171.2,902.0
ATLN,200512L,-88.9,26.8,2005-08-28 21:00:00,145.0,176.9,904.0
ATLN,200512L,-89.2,27.2,2005-08-29 00:00:00,140.0,182.5,905.0
ATLN,200512L,-89.6,29.5,2005-08-29 12:00:00,110.0,162.5,923.0
ATLN,200512L,-89.6,30.3,2005-08-29 15:00:00,95.0,141.2,936.0
ATLN,200512L,-89.6,31.1,2005-08-29 18:00:00,80.0,120.0,948.0
ATLN,200512L,-89.3,31.9,2005-08-29 21:00:00,65.0,98.1,954.0
ATLN,200512L,-89.1,32.6,2005-08-30 00:00:00,50.0,76.2,961.0
ATLN,200512L,-88.0,35.6,2005-08-30 12:00:00,30.0,0.0,985.0
ATLN,200512L,-87.5,36.3,2005-08-30 15:00:00,30.0,0.0,988.0
ATLN,200512L,-87.0,37.0,2005-08-30 18:00:00,30.0,0.0,990.0
ATLN,200512L,-86.2,37.8,2005-08-30 21:00:00,30.0,0.0,992.0
ATLN,200512L,-85.3,38.6,2005-08-31 00:00:00,30.0,0.0,994.0
ATLN,200513L,-45.1,14.0,2005-08-28 12:00:00,25.0,0.0,1009.0
ATLN,200513L,-45.8,14.4,2005-08-28 15:00:00,25.0,0.0,1008.0
ATLN,200513L,-46.4,14.9,2005-08-28 18:00:00,25.0,0.0,1007.0
ATLN,200513L,-47.0,15.3,2005-08-28 21:00:00,25.0,0.0,1007.0
ATLN,200513L,-50.6,17.7,2005-08-29 12:00:00,25.0,0.0,1008.0
ATLN,200513L,-51.5,18.1,2005-08-29 15:00:00,22.0,0.0,1008.0
ATLN,200513L,-52.5,18.5,2005-08-29 18:00:00,20.0,0.0,1009.0
ATLN,200513L,-54.2,24.2,2005-08-30 12:00:00,20.0,0.0,1010.0
ATLN,200513L,-53.9,24.9,2005-08-30 15:00:00,22.0,0.0,1010.0
ATLN,200513L,-53.6,25.5,2005-08-30 18:00:00,25.0,0.0,1010.0
ATLN,200513L,-53.2,26.2,2005-08-30 21:00:00,25.0,0.0,1010.0
ATLN,200513L,-50.4,29.0,2005-08-31 12:00:00,35.0,30.0,1006.0
ATLN,200513L,-50.2,29.6,2005-08-31 15:00:00,35.0,30.0,1006.0
ATLN,200513L,-50.1,30.1,2005-08-31 18:00:00,35.0,30.0,1007.0
ATLN,200513L,-51.4,31.9,2005-09-01 12:00:00,30.0,0.0,1010.0
ATLN,200513L,-51.5,32.1,2005-09-01 15:00:00,30.0,0.0,1010.0
ATLN,200513L,-51.5,32.3,2005-09-01 18:00:00,30.0,0.0,1010.0
ATLN,200513L,-51.8,32.3,2005-09-01 21:00:00,28.0,0.0,1010.0
ATLN,200513L,-52.3,33.2,2005-09-02 12:00:00,25.0,0.0,1010.0
ATLN,200513L,-52.5,33.5,2005-09-02 15:00:00,25.0,0.0,1010.0
ATLN,200513L,-52.7,33.9,2005-09-02 18:00:00,25.0,0.0,1010.0
ATLN,200513L,-53.0,34.3,2005-09-02 21:00:00,25.0,0.0,1010.0
ATLN,200513L,-54.2,36.6,2005-09-03 12:00:00,25.0,0.0,1010.0
ATLN,200513L,-54.0,37.0,2005-09-03 15:00:00,25.0,0.0,1010.0
ATLN,200513L,-53.9,37.4,2005-09-03 18:00:00,25.0,0.0,1010.0
ATLN,200514L,-45.5,18.8,2005-09-01 12:00:00,30.0,0.0,1008.0
ATLN,200514L,-45.9,19.1,2005-09-01 15:00:00,30.0,0.0,1008.0
ATLN,200514L,-46.2,19.3,2005-09-01 18:00:00,30.0,0.0,1008.0
ATLN,200514L,-46.7,19.6,2005-09-01 21:00:00,30.0,0.0,1008.0
ATLN,200514L,-49.4,21.1,2005-09-02 12:00:00,35.0,22.5,1006.0
ATLN,200514L,-49.8,21.3,2005-09-02 15:00:00,38.0,26.2,1004.0
ATLN,200514L,-50.2,21.5,2005-09-02 18:00:00,40.0,30.0,1003.0
ATLN,200514L,-50.6,21.8,2005-09-02 21:00:00,42.0,37.5,1002.0
ATLN,200514L,-53.1,24.4,2005-09-03 12:00:00,50.0,47.5,997.0
ATLN,200514L,-53.5,24.9,2005-09-03 15:00:00,52.0,53.8,996.0
ATLN,200514L,-54.0,25.5,2005-09-03 18:00:00,55.0,60.0,994.0
ATLN,200514L,-54.3,26.0,2005-09-03 21:00:00,58.0,61.2,992.0
ATLN,200514L,-55.5,28.6,2005-09-04 12:00:00,65.0,72.5,987.0
ATLN,200514L,-55.8,29.1,2005-09-04 15:00:00,70.0,72.5,984.0
ATLN,200514L,-56.0,29.6,2005-09-04 18:00:00,75.0,72.5,980.0
ATLN,200514L,-56.2,29.9,2005-09-04 21:00:00,75.0,72.5,980.0
ATLN,200514L,-56.8,31.5,2005-09-05 12:00:00,85.0,85.0,975.0
ATLN,200514L,-56.8,31.8,2005-09-05 15:00:00,88.0,85.0,972.0
ATLN,200514L,-56.7,32.1,2005-09-05 18:00:00,90.0,85.0,970.0
ATLN,200514L,-56.0,33.5,2005-09-06 12:00:00,80.0,95.0,975.0
ATLN,200514L,-55.7,33.7,2005-09-06 15:00:00,78.0,95.0,978.0
ATLN,200514L,-55.4,33.9,2005-09-06 18:00:00,75.0,95.0,980.0
ATLN,200514L,-55.0,34.1,2005-09-06 21:00:00,70.0,95.0,984.0
ATLN,200514L,-51.8,35.6,2005-09-07 12:00:00,75.0,168.8,980.0
ATLN,200514L,-51.3,36.0,2005-09-07 15:00:00,75.0,168.8,980.0
ATLN,200514L,-50.8,36.5,2005-09-07 18:00:00,75.0,168.8,980.0
ATLN,200514L,-50.3,36.9,2005-09-07 21:00:00,72.0,175.0,981.0
ATLN,200514L,-48.5,38.3,2005-09-08 09:00:00,65.0,187.5,985.0
ATLN,200514L,-48.0,38.7,2005-09-08 12:00:00,65.0,193.8,985.0
ATLN,200514L,-47.6,38.9,2005-09-08 15:00:00,65.0,193.8,985.0
ATLN,200514L,-47.2,39.1,2005-09-08 18:00:00,65.0,193.8,985.0
ATLN,200514L,-44.1,40.1,2005-09-09 09:00:00,55.0,171.9,988.0
ATLN,200514L,-43.4,40.4,2005-09-09 12:00:00,55.0,162.5,988.0
ATLN,200514L,-42.8,40.8,2005-09-09 15:00:00,52.0,162.5,988.0
ATLN,200514L,-42.1,41.1,2005-09-09 18:00:00,50.0,162.5,988.0
ATLN,200514L,-41.4,41.5,2005-09-09 21:00:00,50.0,162.5,988.0
ATLN,200514L,-38.5,43.7,2005-09-10 09:00:00,50.0,197.5,984.0
ATLN,200514L,-37.7,44.5,2005-09-10 12:00:00,50.0,220.0,980.0
ATLN,200514L,-37.0,45.2,2005-09-10 15:00:00,52.0,241.2,978.0
ATLN,200514L,-36.3,46.0,2005-09-10 18:00:00,55.0,262.5,975.0
ATLN,200515L,-67.0,28.4,2005-09-05 18:00:00,30.0,0.0,1008.0
ATLN,200515L,-66.8,28.4,2005-09-05 21:00:00,32.0,20.0,1006.0
ATLN,200515L,-66.5,28.5,2005-09-06 12:00:00,50.0,40.0,1000.0
ATLN,200515L,-66.5,28.6,2005-09-06 15:00:00,50.0,47.5,998.0
ATLN,200515L,-66.4,28.6,2005-09-06 18:00:00,50.0,55.0,997.0
ATLN,200515L,-66.3,28.6,2005-09-06 21:00:00,52.0,57.5,996.0
ATLN,200515L,-66.1,29.1,2005-09-07 15:00:00,68.0,85.0,986.0
ATLN,200515L,-66.0,29.3,2005-09-07 18:00:00,70.0,85.0,985.0
ATLN,200515L,-65.8,29.5,2005-09-07 21:00:00,72.0,85.0,984.0
ATLN,200515L,-63.8,30.5,2005-09-08 12:00:00,75.0,90.0,982.0
ATLN,200515L,-63.2,30.9,2005-09-08 15:00:00,75.0,90.0,982.0
ATLN,200515L,-62.7,31.4,2005-09-08 18:00:00,75.0,90.0,982.0
ATLN,200515L,-61.9,32.0,2005-09-08 21:00:00,78.0,118.8,980.0
ATLN,200515L,-55.8,34.0,2005-09-09 12:00:00,65.0,165.0,986.0
ATLN,200515L,-54.6,34.2,2005-09-09 15:00:00,60.0,165.0,988.0
ATLN,200515L,-53.4,34.5,2005-09-09 18:00:00,55.0,165.0,991.0
ATLN,200515L,-52.1,34.6,2005-09-09 21:00:00,55.0,157.5,994.0
ATLN,200515L,-47.5,34.5,2005-09-10 09:00:00,45.0,143.8,997.0
ATLN,200515L,-45.9,34.5,2005-09-10 12:00:00,45.0,137.5,997.0
ATLN,200515L,-45.0,34.7,2005-09-10 15:00:00,45.0,128.1,997.0
ATLN,200515L,-44.1,34.9,2005-09-10 18:00:00,45.0,118.8,997.0
ATLN,200515L,-43.1,35.0,2005-09-10 21:00:00,42.0,114.4,998.0
ATLN,200515L,-39.5,36.7,2005-09-11 09:00:00,40.0,116.9,1000.0
ATLN,200515L,-38.3,37.4,2005-09-11 12:00:00,40.0,125.0,1001.0
ATLN,200515L,-37.0,38.3,2005-09-11 15:00:00,40.0,137.5,1001.0
ATLN,200515L,-35.6,39.2,2005-09-11 18:00:00,40.0,150.0,1001.0
ATLN,200515L,-30.1,43.8,2005-09-12 09:00:00,35.0,187.5,1002.0
ATLN,200515L,-28.1,44.0,2005-09-12 12:00:00,35.0,187.5,1003.0
ATLN,200515L,-26.6,45.0,2005-09-12 15:00:00,35.0,187.5,1003.0
ATLN,200515L,-25.0,46.0,2005-09-12 18:00:00,35.0,187.5,1003.0
ATLN,200516L,-78.3,26.3,2005-09-06 12:00:00,25.0,0.0,1010.0
ATLN,200516L,-78.3,26.6,2005-09-06 15:00:00,25.0,0.0,1010.0
ATLN,200516L,-78.3,26.8,2005-09-06 18:00:00,25.0,0.0,1010.0
ATLN,200516L,-78.4,27.1,2005-09-06 21:00:00,28.0,0.0,1008.0
ATLN,200516L,-79.2,28.8,2005-09-07 15:00:00,42.0,35.6,998.0
ATLN,200516L,-79.3,28.8,2005-09-07 18:00:00,45.0,41.2,997.0
ATLN,200516L,-79.3,28.8,2005-09-07 21:00:00,45.0,41.2,996.0
ATLN,200516L,-79.6,28.6,2005-09-08 12:00:00,55.0,50.0,988.0
ATLN,200516L,-79.5,28.6,2005-09-08 15:00:00,58.0,60.0,988.0
ATLN,200516L,-79.5,28.6,2005-09-08 18:00:00,60.0,70.0,988.0
ATLN,200516L,-79.4,28.6,2005-09-08 21:00:00,62.0,65.0,989.0
ATLN,200516L,-79.1,29.3,2005-09-09 12:00:00,55.0,60.0,983.0
ATLN,200516L,-78.8,29.6,2005-09-09 15:00:00,60.0,63.8,983.0
ATLN,200516L,-78.5,29.8,2005-09-09 18:00:00,65.0,67.5,983.0
ATLN,200516L,-78.0,30.0,2005-09-09 21:00:00,62.0,68.8,983.0
ATLN,200516L,-76.4,31.6,2005-09-10 15:00:00,68.0,106.9,976.0
ATLN,200516L,-76.2,31.7,2005-09-10 18:00:00,70.0,112.5,977.0
ATLN,200516L,-76.1,31.8,2005-09-10 21:00:00,70.0,113.8,977.0
ATLN,200516L,-75.7,31.6,2005-09-11 12:00:00,70.0,122.5,978.0
ATLN,200516L,-75.8,31.5,2005-09-11 15:00:00,68.0,125.0,978.0
ATLN,200516L,-75.9,31.4,2005-09-11 18:00:00,65.0,127.5,978.0
ATLN,200516L,-76.1,31.3,2005-09-11 21:00:00,62.0,128.8,979.0
ATLN,200516L,-76.9,31.5,2005-09-12 12:00:00,55.0,125.0,988.0
ATLN,200516L,-77.1,31.6,2005-09-12 15:00:00,58.0,125.0,988.0
ATLN,200516L,-77.3,31.7,2005-09-12 18:00:00,60.0,125.0,989.0
ATLN,200516L,-77.5,31.8,2005-09-12 21:00:00,60.0,125.0,989.0
ATLN,200516L,-78.0,32.1,2005-09-13 12:00:00,60.0,115.0,989.0
ATLN,200516L,-78.0,32.2,2005-09-13 15:00:00,60.0,115.0,988.0
ATLN,200516L,-78.1,32.3,2005-09-13 18:00:00,60.0,115.0,988.0
ATLN,200516L,-78.1,32.5,2005-09-13 21:00:00,62.0,112.5,986.0
ATLN,200516L,-77.7,33.4,2005-09-14 12:00:00,75.0,102.5,980.0
ATLN,200516L,-77.6,33.6,2005-09-14 15:00:00,75.0,102.5,980.0
ATLN,200516L,-77.5,33.9,2005-09-14 18:00:00,75.0,102.5,979.0
ATLN,200516L,-77.2,34.0,2005-09-14 21:00:00,75.0,100.0,979.0
ATLN,200516L,-75.8,34.7,2005-09-15 12:00:00,65.0,97.5,984.0
ATLN,200516L,-75.7,34.7,2005-09-15 15:00:00,65.0,97.5,985.0
ATLN,200516L,-75.6,34.7,2005-09-15 18:00:00,65.0,97.5,986.0
ATLN,200516L,-75.3,34.7,2005-09-15 21:00:00,62.0,95.0,986.0
ATLN,200516L,-74.0,35.9,2005-09-16 15:00:00,52.0,83.8,994.0
ATLN,200516L,-73.6,36.4,2005-09-16 18:00:00,55.0,83.8,993.0
ATLN,200516L,-73.2,36.8,2005-09-16 21:00:00,55.0,87.5,994.0
ATLN,200516L,-66.1,42.4,2005-09-17 21:00:00,48.0,101.2,996.0
ATLN,200516L,-59.9,46.2,2005-09-18 12:00:00,45.0,100.0,1000.0
ATLN,200516L,-58.0,46.8,2005-09-18 15:00:00,45.0,100.0,1000.0
ATLN,200516L,-56.2,47.4,2005-09-18 18:00:00,45.0,100.0,999.0
ATLN,200516L,-54.2,47.9,2005-09-18 21:00:00,45.0,100.0,1000.0
ATLN,200516L,-47.2,49.2,2005-09-19 09:00:00,45.0,100.0,1000.0
ATLN,200516L,-45.7,49.5,2005-09-19 12:00:00,45.0,100.0,1000.0
ATLN,200516L,-43.9,49.8,2005-09-19 15:00:00,45.0,100.0,1000.0
ATLN,200517L,-54.5,13.3,2005-09-17 12:00:00,30.0,0.0,1008.0
ATLN,200517L,-54.7,13.4,2005-09-17 15:00:00,32.0,9.4,1008.0
ATLN,200517L,-54.9,13.5,2005-09-17 18:00:00,35.0,18.8,1007.0
ATLN,200517L,-55.5,14.9,2005-09-18 12:00:00,50.0,37.5,996.0
ATLN,200517L,-55.6,15.2,2005-09-18 15:00:00,52.0,45.0,994.0
ATLN,200517L,-55.7,15.6,2005-09-18 18:00:00,55.0,52.5,993.0
ATLN,200517L,-55.8,15.9,2005-09-18 21:00:00,60.0,52.5,990.0
ATLN,200517L,-56.2,17.2,2005-09-19 12:00:00,65.0,50.0,987.0
ATLN,200517L,-56.4,17.5,2005-09-19 18:00:00,65.0,52.5,987.0
ATLN,200517L,-56.5,17.6,2005-09-19 21:00:00,68.0,52.5,986.0
ATLN,200517L,-57.0,18.1,2005-09-20 12:00:00,60.0,62.5,990.0
ATLN,200517L,-57.1,18.3,2005-09-20 15:00:00,58.0,59.4,991.0
ATLN,200517L,-57.2,18.5,2005-09-20 18:00:00,55.0,56.2,992.0
ATLN,200517L,-57.2,18.7,2005-09-20 21:00:00,55.0,56.2,993.0
ATLN,200517L,-57.0,19.9,2005-09-21 12:00:00,45.0,60.0,1000.0
ATLN,200517L,-57.0,20.4,2005-09-21 15:00:00,42.0,55.0,1000.0
ATLN,200517L,-56.9,20.8,2005-09-21 18:00:00,40.0,50.0,1001.0
ATLN,200517L,-56.8,21.6,2005-09-21 21:00:00,38.0,47.5,1002.0
ATLN,200517L,-57.2,25.2,2005-09-22 12:00:00,35.0,37.5,1003.0
ATLN,200517L,-57.4,25.9,2005-09-22 15:00:00,35.0,28.1,1003.0
ATLN,200517L,-57.6,26.7,2005-09-22 18:00:00,35.0,18.8,1003.0
ATLN,200517L,-57.9,27.5,2005-09-22 21:00:00,35.0,28.1,1003.0
ATLN,200517L,-62.2,30.5,2005-09-23 12:00:00,30.0,0.0,1003.0
ATLN,200517L,-63.0,30.4,2005-09-23 15:00:00,30.0,0.0,1003.0
ATLN,200517L,-63.7,30.2,2005-09-23 18:00:00,30.0,0.0,1003.0
ATLN,200517L,-63.8,29.7,2005-09-23 21:00:00,30.0,0.0,1003.0
ATLN,200518L,-71.5,21.9,2005-09-18 12:00:00,30.0,0.0,1007.0
ATLN,200518L,-71.9,22.0,2005-09-18 15:00:00,32.0,26.2,1006.0
ATLN,200518L,-72.3,22.2,2005-09-18 18:00:00,35.0,52.5,1005.0
ATLN,200518L,-72.7,22.3,2005-09-18 21:00:00,40.0,56.2,1004.0
ATLN,200518L,-74.7,22.8,2005-09-19 12:00:00,55.0,77.5,997.0
ATLN,200518L,-75.3,23.0,2005-09-19 15:00:00,58.0,78.8,996.0
ATLN,200518L,-75.9,23.1,2005-09-19 18:00:00,60.0,80.0,994.0
ATLN,200518L,-76.6,23.2,2005-09-19 21:00:00,60.0,81.2,993.0
ATLN,200518L,-80.3,23.7,2005-09-20 12:00:00,70.0,87.5,985.0
ATLN,200518L,-80.9,23.8,2005-09-20 15:00:00,78.0,91.9,980.0
ATLN,200518L,-81.6,23.9,2005-09-20 18:00:00,85.0,96.2,975.0
ATLN,200518L,-82.2,24.0,2005-09-20 21:00:00,90.0,96.2,971.0
ATLN,200518L,-85.7,24.2,2005-09-21 15:00:00,132.0,122.5,930.0
ATLN,200518L,-86.2,24.3,2005-09-21 18:00:00,145.0,131.2,920.0
ATLN,200518L,-86.6,24.4,2005-09-21 21:00:00,148.0,135.6,908.0
ATLN,200518L,-88.3,25.2,2005-09-22 12:00:00,140.0,140.0,908.0
ATLN,200518L,-88.7,25.4,2005-09-22 15:00:00,132.0,140.0,910.0
ATLN,200518L,-89.1,25.6,2005-09-22 18:00:00,125.0,140.0,913.0
ATLN,200518L,-89.5,25.8,2005-09-22 21:00:00,122.0,141.2,914.0
ATLN,200518L,-91.5,27.1,2005-09-23 12:00:00,115.0,152.5,927.0
ATLN,200518L,-91.9,27.5,2005-09-23 15:00:00,112.0,152.5,928.0
ATLN,200518L,-92.3,27.8,2005-09-23 18:00:00,110.0,152.5,930.0
ATLN,200518L,-92.7,28.2,2005-09-23 21:00:00,108.0,148.8,930.0
ATLN,200518L,-93.0,28.6,2005-09-24 00:00:00,105.0,145.0,931.0
ATLN,200518L,-94.1,31.1,2005-09-24 15:00:00,55.0,91.2,962.0
ATLN,200518L,-94.1,31.6,2005-09-24 18:00:00,45.0,85.0,974.0
ATLN,200518L,-94.0,32.2,2005-09-24 21:00:00,40.0,65.0,978.0
ATLN,200518L,-94.0,32.7,2005-09-25 00:00:00,35.0,45.0,982.0
ATLN,200518L,-92.0,35.2,2005-09-25 15:00:00,25.0,0.0,998.0
ATLN,200518L,-91.4,35.8,2005-09-25 18:00:00,25.0,0.0,1000.0
ATLN,200518L,-90.8,36.4,2005-09-25 21:00:00,22.0,0.0,1002.0
ATLN,200519L,-32.7,11.8,2005-09-30 12:00:00,25.0,0.0,1009.0
ATLN,200519L,-32.9,12.0,2005-09-30 15:00:00,28.0,0.0,1008.0
ATLN,200519L,-33.0,12.2,2005-09-30 18:00:00,30.0,0.0,1007.0
ATLN,200519L,-33.6,13.6,2005-10-01 09:00:00,30.0,0.0,1008.0
ATLN,200519L,-33.7,13.8,2005-10-01 12:00:00,30.0,0.0,1008.0
ATLN,200519L,-33.8,14.1,2005-10-01 15:00:00,30.0,0.0,1008.0
ATLN,200519L,-33.9,14.4,2005-10-01 18:00:00,30.0,0.0,1008.0
ATLN,200519L,-34.8,16.1,2005-10-02 09:00:00,25.0,0.0,1008.0
ATLN,200519L,-35.3,16.6,2005-10-02 12:00:00,25.0,0.0,1009.0
ATLN,200520L,-85.9,19.0,2005-10-01 15:00:00,28.0,0.0,1006.0
ATLN,200520L,-86.2,19.1,2005-10-01 18:00:00,30.0,0.0,1005.0
ATLN,200520L,-86.5,19.2,2005-10-01 21:00:00,30.0,0.0,1004.0
ATLN,200520L,-87.9,19.8,2005-10-02 12:00:00,35.0,52.5,1003.0
ATLN,200520L,-88.3,20.1,2005-10-02 15:00:00,35.0,39.4,1004.0
ATLN,200520L,-88.8,20.3,2005-10-02 18:00:00,35.0,26.2,1004.0
ATLN,200520L,-89.3,20.4,2005-10-02 21:00:00,32.0,13.1,1004.0
ATLN,200520L,-92.0,20.2,2005-10-03 15:00:00,45.0,46.2,998.0
ATLN,200520L,-92.2,20.1,2005-10-03 18:00:00,50.0,48.8,997.0
ATLN,200520L,-93.2,19.8,2005-10-04 00:00:00,55.0,48.8,990.0
ATLN,200520L,-95.2,18.2,2005-10-04 15:00:00,58.0,61.9,982.0
ATLN,200520L,-95.6,17.9,2005-10-04 18:00:00,45.0,45.0,988.0
ATLN,200520L,-96.0,17.5,2005-10-04 21:00:00,38.0,22.5,994.0
ATLN,200520L,-96.4,17.2,2005-10-05 00:00:00,30.0,0.0,1000.0
ATLN,200521L,-29.4,35.3,2005-10-04 09:00:00,32.0,18.8,1006.0
ATLN,200521L,-28.5,35.9,2005-10-04 12:00:00,35.0,37.5,1004.0
ATLN,200521L,-27.6,36.5,2005-10-04 15:00:00,40.0,41.2,1000.0
ATLN,200521L,-26.7,37.1,2005-10-04 18:00:00,45.0,45.0,997.0
ATLN,200521L,-23.1,42.3,2005-10-05 09:00:00,40.0,45.0,1001.0
ATLN,200521L,-23.0,43.6,2005-10-05 12:00:00,40.0,45.0,1002.0
ATLN,200522L,-80.2,28.3,2005-10-05 12:00:00,40.0,107.5,1004.0
ATLN,200522L,-80.6,28.9,2005-10-05 15:00:00,42.0,115.6,1002.0
ATLN,200522L,-80.9,29.5,2005-10-05 18:00:00,45.0,123.8,1001.0
ATLN,200522L,-81.2,30.0,2005-10-05 21:00:00,45.0,90.6,1002.0
ATLN,200522L,-84.6,31.8,2005-10-06 12:00:00,25.0,0.0,1005.0
ATLN,200522L,-85.2,31.5,2005-10-06 15:00:00,20.0,0.0,1006.0
ATLN,200522L,-85.8,31.2,2005-10-06 18:00:00,15.0,0.0,1006.0
ATLN,200522L,-85.7,30.8,2005-10-06 21:00:00,12.0,0.0,1006.0
ATLN,200523L,-58.5,27.7,2005-10-08 12:00:00,30.0,0.0,1008.0
ATLN,200523L,-59.3,28.2,2005-10-08 15:00:00,30.0,0.0,1008.0
ATLN,200523L,-60.1,28.8,2005-10-08 18:00:00,30.0,0.0,1009.0
ATLN,200523L,-61.0,29.1,2005-10-08 21:00:00,28.0,0.0,1009.0
ATLN,200523L,-64.5,29.5,2005-10-09 12:00:00,25.0,0.0,1009.0
ATLN,200523L,-64.8,29.8,2005-10-09 15:00:00,25.0,0.0,1009.0
ATLN,200523L,-65.2,30.0,2005-10-09 18:00:00,25.0,0.0,1009.0
ATLN,200523L,-68.9,32.5,2005-10-10 12:00:00,30.0,0.0,1009.0
ATLN,200523L,-69.5,33.0,2005-10-10 15:00:00,30.0,0.0,1008.0
ATLN,200523L,-70.0,33.5,2005-10-10 18:00:00,30.0,0.0,1008.0
ATLN,200523L,-70.5,33.9,2005-10-10 21:00:00,30.0,0.0,1008.0
ATLN,200523L,-71.8,36.7,2005-10-11 12:00:00,30.0,0.0,1008.0
ATLN,200523L,-71.8,37.2,2005-10-11 15:00:00,30.0,0.0,1008.0
ATLN,200523L,-71.7,37.8,2005-10-11 18:00:00,30.0,0.0,1008.0
ATLN,200523L,-71.8,38.1,2005-10-11 21:00:00,30.0,0.0,1008.0
ATLN,200523L,-73.0,38.9,2005-10-12 12:00:00,35.0,45.0,1011.0
ATLN,200523L,-73.2,38.8,2005-10-12 15:00:00,38.0,45.0,1011.0
ATLN,200523L,-73.5,38.7,2005-10-12 18:00:00,40.0,45.0,1011.0
ATLN,200523L,-73.0,37.2,2005-10-13 12:00:00,40.0,45.0,1008.0
ATLN,200523L,-73.0,37.5,2005-10-13 15:00:00,40.0,45.0,1007.0
ATLN,200523L,-73.0,37.8,2005-10-13 18:00:00,40.0,45.0,1006.0
ATLN,200523L,-73.2,37.9,2005-10-13 21:00:00,40.0,45.0,1006.0
ATLN,200523L,-73.8,38.6,2005-10-14 12:00:00,35.0,45.0,1005.0
ATLN,200523L,-73.8,39.1,2005-10-14 15:00:00,32.0,22.5,1005.0
ATLN,200523L,-73.8,39.6,2005-10-14 18:00:00,30.0,0.0,1005.0
ATLN,200524L,-20.5,33.0,2005-10-08 09:00:00,42.0,60.0,1000.0
ATLN,200524L,-20.3,33.0,2005-10-08 12:00:00,45.0,57.5,1000.0
ATLN,200524L,-20.2,33.0,2005-10-08 15:00:00,45.0,55.0,1000.0
ATLN,200524L,-20.1,33.1,2005-10-08 18:00:00,45.0,52.5,1000.0
ATLN,200524L,-19.5,33.6,2005-10-09 09:00:00,52.0,55.0,996.0
ATLN,200524L,-19.3,33.8,2005-10-09 12:00:00,55.0,60.0,995.0
ATLN,200524L,-19.1,34.0,2005-10-09 15:00:00,60.0,65.0,992.0
ATLN,200524L,-18.9,34.1,2005-10-09 18:00:00,65.0,70.0,988.0
ATLN,200524L,-16.2,34.6,2005-10-10 09:00:00,48.0,45.0,994.0
ATLN,200524L,-15.3,34.7,2005-10-10 12:00:00,45.0,45.0,995.0
ATLN,200524L,-14.1,35.0,2005-10-10 15:00:00,40.0,42.5,996.0
ATLN,200524L,-12.8,35.4,2005-10-10 18:00:00,35.0,40.0,998.0
ATLN,200524L,-7.2,37.2,2005-10-11 09:00:00,30.0,0.0,1002.0
ATLN,200524L,-6.0,37.7,2005-10-11 12:00:00,30.0,0.0,1003.0
ATLN,200525L,-78.5,17.6,2005-10-15 18:00:00,25.0,0.0,1004.0
ATLN,200525L,-78.7,17.6,2005-10-15 21:00:00,25.0,0.0,1004.0
ATLN,200525L,-79.2,17.5,2005-10-16 12:00:00,30.0,0.0,1003.0
ATLN,200525L,-79.3,17.5,2005-10-16 15:00:00,30.0,0.0,1002.0
ATLN,200525L,-79.4,17.5,2005-10-16 18:00:00,30.0,0.0,1002.0
ATLN,200525L,-79.5,17.4,2005-10-16 21:00:00,30.0,0.0,1002.0
ATLN,200525L,-79.7,16.3,2005-10-17 12:00:00,40.0,25.0,999.0
ATLN,200525L,-79.8,16.1,2005-10-17 15:00:00,42.0,35.0,998.0
ATLN,200525L,-79.8,16.0,2005-10-17 18:00:00,45.0,45.0,997.0
ATLN,200525L,-79.8,15.9,2005-10-17 21:00:00,50.0,52.5,992.0
ATLN,200525L,-80.3,16.2,2005-10-18 12:00:00,65.0,83.8,979.0
ATLN,200525L,-80.7,16.4,2005-10-18 15:00:00,70.0,88.8,977.0
ATLN,200525L,-81.1,16.6,2005-10-18 18:00:00,75.0,93.8,975.0
ATLN,200525L,-83.1,17.4,2005-10-19 15:00:00,150.0,146.9,887.0
ATLN,200525L,-83.4,17.4,2005-10-19 18:00:00,140.0,162.5,892.0
ATLN,200525L,-83.7,17.6,2005-10-19 21:00:00,138.0,163.8,892.0
ATLN,200525L,-85.2,18.3,2005-10-20 12:00:00,130.0,158.8,910.0
ATLN,200525L,-85.3,18.5,2005-10-20 15:00:00,130.0,156.9,914.0
ATLN,200525L,-85.5,18.6,2005-10-20 18:00:00,130.0,155.0,917.0
ATLN,200525L,-85.7,18.9,2005-10-20 21:00:00,130.0,155.0,920.0
ATLN,200525L,-86.4,20.1,2005-10-21 12:00:00,125.0,155.0,929.0
ATLN,200525L,-86.6,20.2,2005-10-21 15:00:00,122.0,155.0,928.0
ATLN,200525L,-86.7,20.3,2005-10-21 18:00:00,120.0,155.0,926.0
ATLN,200525L,-86.8,20.5,2005-10-21 21:00:00,120.0,155.0,928.0
ATLN,200525L,-87.1,21.0,2005-10-22 12:00:00,100.0,155.0,947.0
ATLN,200525L,-87.1,21.1,2005-10-22 15:00:00,92.0,155.0,952.0
ATLN,200525L,-87.1,21.3,2005-10-22 18:00:00,85.0,155.0,958.0
ATLN,200525L,-87.0,21.5,2005-10-22 21:00:00,85.0,155.0,959.0
ATLN,200525L,-86.1,22.4,2005-10-23 12:00:00,85.0,175.0,961.0
ATLN,200525L,-85.8,22.8,2005-10-23 15:00:00,88.0,175.0,962.0
ATLN,200525L,-85.4,23.1,2005-10-23 18:00:00,90.0,175.0,963.0
ATLN,200525L,-84.8,23.6,2005-10-23 21:00:00,92.0,175.0,960.0
ATLN,200525L,-81.0,26.2,2005-10-24 12:00:00,95.0,193.8,950.0
ATLN,200525L,-79.9,27.1,2005-10-24 15:00:00,100.0,193.8,952.0
ATLN,200525L,-78.8,28.0,2005-10-24 18:00:00,105.0,193.8,955.0
ATLN,200525L,-77.4,29.1,2005-10-24 21:00:00,108.0,200.0,955.0
ATLN,200525L,-67.9,36.8,2005-10-25 12:00:00,90.0,262.5,970.0
ATLN,200525L,-65.7,38.6,2005-10-25 15:00:00,82.0,262.5,973.0
ATLN,200525L,-63.5,40.5,2005-10-25 18:00:00,75.0,262.5,976.0
ATLN,200525L,-61.8,41.5,2005-10-25 21:00:00,68.0,262.5,977.0
ATLN,200525L,-55.0,45.0,2005-10-26 12:00:00,50.0,262.5,986.0
ATLN,200525L,-53.5,45.2,2005-10-26 15:00:00,45.0,262.5,988.0
ATLN,200525L,-52.0,45.5,2005-10-26 18:00:00,40.0,262.5,990.0
ATLN,200526L,-67.5,15.8,2005-10-22 12:00:00,30.0,0.0,1007.0
ATLN,200526L,-68.0,16.1,2005-10-22 15:00:00,32.0,10.0,1006.0
ATLN,200526L,-68.5,16.5,2005-10-22 18:00:00,35.0,20.0,1005.0
ATLN,200526L,-69.0,16.9,2005-10-22 21:00:00,40.0,26.2,1002.0
ATLN,200526L,-72.2,18.6,2005-10-23 12:00:00,35.0,12.5,1002.0
ATLN,200526L,-72.5,19.2,2005-10-23 15:00:00,32.0,6.2,1003.0
ATLN,200526L,-72.7,19.8,2005-10-23 18:00:00,30.0,0.0,1004.0
ATLN,200526L,-72.8,20.7,2005-10-23 21:00:00,30.0,0.0,1004.0
ATLN,200526L,-72.4,25.1,2005-10-24 12:00:00,30.0,0.0,1004.0
ATLN,200526L,-71.6,26.5,2005-10-24 15:00:00,30.0,0.0,1004.0
ATLN,200526L,-70.8,27.9,2005-10-24 18:00:00,30.0,0.0,1004.0
ATLN,200527L,-80.9,10.4,2005-10-26 18:00:00,30.0,0.0,1007.0
ATLN,200527L,-81.0,10.6,2005-10-26 21:00:00,30.0,0.0,1007.0
ATLN,200527L,-81.3,11.3,2005-10-27 12:00:00,45.0,32.5,1000.0
ATLN,200527L,-81.3,11.4,2005-10-27 15:00:00,48.0,32.5,998.0
ATLN,200527L,-81.3,11.6,2005-10-27 18:00:00,50.0,32.5,997.0
ATLN,200527L,-81.2,11.8,2005-10-27 21:00:00,50.0,32.5,996.0
ATLN,200527L,-81.0,12.8,2005-10-28 12:00:00,50.0,32.5,993.0
ATLN,200527L,-81.0,13.0,2005-10-28 15:00:00,50.0,33.8,992.0
ATLN,200527L,-81.1,13.2,2005-10-28 18:00:00,50.0,35.0,991.0
ATLN,200527L,-81.2,13.3,2005-10-28 21:00:00,55.0,37.5,990.0
ATLN,200527L,-81.6,13.7,2005-10-29 12:00:00,75.0,50.0,982.0
ATLN,200527L,-81.8,13.7,2005-10-29 15:00:00,75.0,50.0,981.0
ATLN,200527L,-82.1,13.7,2005-10-29 18:00:00,75.0,50.0,980.0
ATLN,200527L,-82.3,13.6,2005-10-29 21:00:00,82.0,50.0,975.0
ATLN,200527L,-83.5,12.9,2005-10-30 12:00:00,90.0,50.0,970.0
ATLN,200527L,-83.8,12.8,2005-10-30 15:00:00,72.0,52.5,980.0
ATLN,200527L,-84.1,12.7,2005-10-30 18:00:00,55.0,55.0,990.0
ATLN,200527L,-84.5,12.7,2005-10-30 21:00:00,38.0,27.5,995.0
ATLN,200528L,-63.4,13.8,2005-11-14 12:00:00,30.0,0.0,1006.0
ATLN,200528L,-63.8,13.9,2005-11-14 15:00:00,30.0,0.0,1006.0
ATLN,200528L,-64.2,14.1,2005-11-14 18:00:00,30.0,0.0,1005.0
ATLN,200528L,-64.6,14.1,2005-11-14 21:00:00,30.0,0.0,1004.0
ATLN,200528L,-67.1,14.4,2005-11-15 12:00:00,35.0,10.0,1004.0
ATLN,200528L,-67.8,14.6,2005-11-15 15:00:00,32.0,5.0,1004.0
ATLN,200528L,-68.4,14.7,2005-11-15 18:00:00,30.0,0.0,1005.0
ATLN,200528L,-69.2,14.8,2005-11-15 21:00:00,30.0,0.0,1006.0
ATLN,200528L,-73.1,14.7,2005-11-16 12:00:00,25.0,0.0,1006.0
ATLN,200528L,-74.2,14.8,2005-11-16 15:00:00,25.0,0.0,1006.0
ATLN,200528L,-75.4,14.8,2005-11-16 18:00:00,25.0,0.0,1006.0
ATLN,200528L,-76.5,14.9,2005-11-16 21:00:00,25.0,0.0,1006.0
ATLN,200528L,-81.7,15.6,2005-11-17 12:00:00,30.0,0.0,1007.0
ATLN,200528L,-82.4,15.7,2005-11-17 15:00:00,30.0,0.0,1007.0
ATLN,200528L,-83.1,15.8,2005-11-17 18:00:00,30.0,0.0,1007.0
ATLN,200528L,-83.6,15.8,2005-11-17 21:00:00,30.0,0.0,1007.0
ATLN,200528L,-85.5,15.5,2005-11-18 12:00:00,30.0,0.0,1006.0
ATLN,200528L,-85.5,15.6,2005-11-18 15:00:00,32.0,18.8,1006.0
ATLN,200528L,-85.6,15.7,2005-11-18 18:00:00,35.0,37.5,1006.0
ATLN,200528L,-85.6,15.8,2005-11-18 21:00:00,38.0,41.2,1006.0
ATLN,200528L,-85.4,16.1,2005-11-19 12:00:00,45.0,45.0,1002.0
ATLN,200528L,-85.2,16.2,2005-11-19 18:00:00,40.0,45.0,1004.0
ATLN,200528L,-85.1,16.3,2005-11-19 21:00:00,40.0,45.0,1004.0
ATLN,200528L,-85.2,16.7,2005-11-20 12:00:00,30.0,0.0,1007.0
ATLN,200528L,-85.3,16.8,2005-11-20 15:00:00,30.0,0.0,1007.0
ATLN,200528L,-85.5,16.9,2005-11-20 18:00:00,30.0,0.0,1007.0
ATLN,200528L,-85.5,17.0,2005-11-20 21:00:00,28.0,0.0,1008.0
ATLN,200528L,-84.8,16.7,2005-11-21 12:00:00,25.0,0.0,1008.0
ATLN,200528L,-84.5,16.5,2005-11-21 15:00:00,25.0,0.0,1008.0
ATLN,200528L,-84.3,16.4,2005-11-21 18:00:00,25.0,0.0,1009.0
ATLN,200528L,-83.9,15.9,2005-11-21 21:00:00,25.0,0.0,1009.0
ATLN,200529L,-48.0,27.0,2005-11-19 12:00:00,25.0,0.0,1010.0
ATLN,200529L,-47.8,26.9,2005-11-19 15:00:00,25.0,0.0,1010.0
ATLN,200529L,-47.5,26.7,2005-11-19 18:00:00,25.0,0.0,1009.0
ATLN,200529L,-44.8,27.7,2005-11-20 12:00:00,30.0,0.0,1007.0
ATLN,200529L,-44.1,27.9,2005-11-20 15:00:00,32.0,18.8,1005.0
ATLN,200529L,-43.5,28.0,2005-11-20 18:00:00,35.0,37.5,1003.0
ATLN,200529L,-40.1,29.9,2005-11-21 12:00:00,35.0,118.8,996.0
ATLN,200529L,-39.9,30.4,2005-11-21 15:00:00,38.0,118.8,995.0
ATLN,200529L,-39.6,30.9,2005-11-21 18:00:00,40.0,118.8,994.0
ATLN,200529L,-39.8,31.2,2005-11-22 12:00:00,45.0,156.2,988.0
ATLN,200529L,-40.1,30.9,2005-11-22 15:00:00,45.0,168.8,987.0
ATLN,200529L,-40.5,30.7,2005-11-22 18:00:00,45.0,181.2,986.0
ATLN,200529L,-41.2,27.4,2005-11-23 12:00:00,50.0,243.8,983.0
ATLN,200529L,-41.0,26.9,2005-11-23 15:00:00,50.0,228.1,983.0
ATLN,200529L,-40.8,26.4,2005-11-23 18:00:00,50.0,212.5,983.0
ATLN,200529L,-39.0,24.8,2005-11-24 12:00:00,60.0,176.2,980.0
ATLN,200529L,-39.0,24.7,2005-11-24 15:00:00,60.0,169.4,980.0
ATLN,200529L,-38.9,24.6,2005-11-24 18:00:00,60.0,162.5,980.0
ATLN,200529L,-39.6,23.3,2005-11-25 12:00:00,55.0,130.0,982.0
ATLN,200529L,-39.7,23.1,2005-11-25 15:00:00,52.0,125.6,984.0
ATLN,200529L,-39.8,22.8,2005-11-25 18:00:00,50.0,121.2,985.0
ATLN,200529L,-38.9,21.9,2005-11-26 09:00:00,38.0,110.0,995.0
ATLN,200529L,-38.4,22.0,2005-11-26 12:00:00,35.0,110.0,997.0
ATLN,200529L,-37.8,22.3,2005-11-26 15:00:00,35.0,106.9,997.0
ATLN,200529L,-37.3,22.6,2005-11-26 18:00:00,35.0,103.8,997.0
ATLN,200529L,-33.0,25.8,2005-11-27 09:00:00,52.0,101.9,988.0
ATLN,200529L,-31.9,26.7,2005-11-27 12:00:00,60.0,112.5,982.0
ATLN,200529L,-30.9,27.5,2005-11-27 15:00:00,60.0,112.5,982.0
ATLN,200529L,-29.9,28.3,2005-11-27 18:00:00,60.0,112.5,982.0
ATLN,200529L,-23.2,30.0,2005-11-28 09:00:00,60.0,135.0,984.0
ATLN,200529L,-21.6,30.2,2005-11-28 12:00:00,60.0,145.0,985.0
ATLN,200529L,-19.9,30.2,2005-11-28 15:00:00,60.0,152.5,986.0
ATLN,200529L,-18.2,30.2,2005-11-28 18:00:00,60.0,160.0,986.0
ATLN,200529L,-8.8,31.6,2005-11-29 09:00:00,42.0,95.6,996.0
ATLN,200529L,-6.6,32.6,2005-11-29 12:00:00,35.0,75.0,1000.0
ATLN,200529L,-3.8,34.0,2005-11-29 15:00:00,32.0,37.5,1002.0
ATLN,200530L,-50.0,31.6,2005-11-29 12:00:00,45.0,63.8,993.0
ATLN,200530L,-50.4,31.5,2005-11-29 15:00:00,45.0,63.8,993.0
ATLN,200530L,-50.8,31.4,2005-11-29 18:00:00,45.0,63.8,993.0
ATLN,200530L,-53.5,30.8,2005-11-30 12:00:00,55.0,71.2,991.0
ATLN,200530L,-53.9,30.5,2005-11-30 15:00:00,52.0,69.4,991.0
ATLN,200530L,-54.2,30.1,2005-11-30 18:00:00,50.0,67.5,991.0
ATLN,200530L,-51.9,30.8,2005-12-01 12:00:00,50.0,75.0,992.0
ATLN,200530L,-51.6,31.1,2005-12-01 15:00:00,52.0,82.5,992.0
ATLN,200530L,-51.3,31.4,2005-12-01 18:00:00,55.0,90.0,991.0
ATLN,200530L,-48.9,33.2,2005-12-02 12:00:00,60.0,82.5,989.0
ATLN,200530L,-48.4,33.5,2005-12-02 15:00:00,62.0,86.2,988.0
ATLN,200530L,-47.9,33.9,2005-12-02 18:00:00,65.0,90.0,987.0
ATLN,200530L,-45.0,34.5,2005-12-03 12:00:00,65.0,100.0,987.0
ATLN,200530L,-44.4,34.5,2005-12-03 15:00:00,65.0,100.0,987.0
ATLN,200530L,-43.7,34.5,2005-12-03 18:00:00,65.0,100.0,987.0
ATLN,200530L,-39.8,34.3,2005-12-04 12:00:00,70.0,81.2,984.0
ATLN,200530L,-39.3,34.3,2005-12-04 15:00:00,70.0,81.2,984.0
ATLN,200530L,-38.8,34.3,2005-12-04 18:00:00,70.0,81.2,985.0
ATLN,200530L,-35.5,33.8,2005-12-05 12:00:00,75.0,81.2,981.0
ATLN,200530L,-35.0,33.8,2005-12-05 15:00:00,72.0,81.2,983.0
ATLN,200530L,-34.6,33.7,2005-12-05 18:00:00,70.0,81.2,985.0
ATLN,200530L,-33.7,32.3,2005-12-06 12:00:00,65.0,110.0,987.0
ATLN,200530L,-34.0,31.9,2005-12-06 15:00:00,65.0,108.1,987.0
ATLN,200530L,-34.2,31.6,2005-12-06 18:00:00,65.0,106.2,987.0
ATLN,200530L,-37.1,29.4,2005-12-07 12:00:00,65.0,115.0,987.0
ATLN,200530L,-37.6,29.0,2005-12-07 15:00:00,62.0,105.0,989.0
ATLN,200530L,-38.1,28.7,2005-12-07 18:00:00,60.0,95.0,991.0
ATLN,200530L,-40.0,26.5,2005-12-08 12:00:00,30.0,0.0,1005.0
ATLN,200530L,-40.2,26.2,2005-12-08 15:00:00,30.0,0.0,1006.0
ATLN,200530L,-40.5,25.9,2005-12-08 18:00:00,30.0,0.0,1006.0
ATLN,200530L,-40.1,24.7,2005-12-09 12:00:00,25.0,0.0,1009.0
ATLN,200530L,-39.7,24.7,2005-12-09 15:00:00,25.0,0.0,1009.0
ATLN,200530L,-39.2,24.7,2005-12-09 18:00:00,25.0,0.0,1009.0
ATLN,200531L,-36.6,24.7,2005-12-30 12:00:00,45.0,88.8,1002.0
ATLN,200531L,-36.8,24.9,2005-12-30 15:00:00,45.0,93.8,1001.0
ATLN,200531L,-37.0,25.2,2005-12-30 18:00:00,45.0,98.8,1000.0
ATLN,200531L,-37.9,25.7,2005-12-31 12:00:00,50.0,86.2,997.0
ATLN,200531L,-38.0,25.7,2005-12-31 15:00:00,48.0,86.2,998.0
ATLN,200531L,-38.1,25.7,2005-12-31 18:00:00,45.0,86.2,1000.0
ATLN,200531L,-38.5,25.2,2006-01-01 12:00:00,50.0,87.5,997.0
ATLN,200531L,-38.5,25.1,2006-01-01 15:00:00,52.0,85.0,996.0
ATLN,200531L,-38.6,25.0,2006-01-01 18:00:00,55.0,82.5,994.0
ATLN,200531L,-40.4,23.8,2006-01-02 12:00:00,45.0,75.0,1000.0
ATLN,200531L,-40.6,23.7,2006-01-02 15:00:00,48.0,75.0,998.0
ATLN,200531L,-40.8,23.6,2006-01-02 18:00:00,50.0,75.0,997.0
ATLN,200531L,-41.6,23.2,2006-01-03 12:00:00,55.0,75.0,994.0
ATLN,200531L,-41.9,23.1,2006-01-03 15:00:00,55.0,75.0,994.0
ATLN,200531L,-42.1,23.0,2006-01-03 18:00:00,55.0,75.0,994.0
ATLN,200531L,-43.6,21.9,2006-01-04 12:00:00,45.0,81.2,1000.0
ATLN,200531L,-44.1,21.8,2006-01-04 15:00:00,42.0,73.1,1001.0
ATLN,200531L,-44.6,21.7,2006-01-04 18:00:00,40.0,65.0,1002.0
ATLN,200531L,-47.3,22.2,2006-01-05 12:00:00,35.0,43.8,1006.0
ATLN,200531L,-47.6,22.4,2006-01-05 15:00:00,35.0,42.5,1006.0
ATLN,200531L,-47.9,22.7,2006-01-05 18:00:00,35.0,41.2,1007.0
ATLN,200531L,-49.6,23.1,2006-01-06 12:00:00,30.0,0.0,1008.0
ATLN,200531L,-49.9,23.2,2006-01-06 15:00:00,28.0,0.0,1008.0
ATLN,200531L,-50.2,23.3,2006-01-06 18:00:00,25.0,0.0,1009.0
ATLN,200531L,-54.2,24.8,2006-01-07 12:00:00,25.0,0.0,1014.0
ATLN,200531L,-55.0,25.6,2006-01-07 15:00:00,25.0,0.0,1015.0
ATLN,200531L,-55.7,26.3,2006-01-07 18:00:00,25.0,0.0,1016.0
ATLN,200601L,-85.3,21.0,2006-06-10 12:00:00,30.0,0.0,1003.0
ATLN,200601L,-85.5,21.4,2006-06-10 15:00:00,30.0,0.0,1003.0
ATLN,200601L,-85.7,21.9,2006-06-10 18:00:00,30.0,0.0,1003.0
ATLN,200601L,-86.0,22.2,2006-06-10 21:00:00,32.0,21.9,1003.0
ATLN,200601L,-86.3,22.5,2006-06-11 00:00:00,35.0,43.8,1003.0
ATLN,200601L,-87.8,23.6,2006-06-11 12:00:00,40.0,75.0,1002.0
ATLN,200601L,-87.8,24.3,2006-06-11 18:00:00,40.0,87.5,1004.0
ATLN,200601L,-87.8,24.6,2006-06-11 21:00:00,40.0,87.5,1004.0
ATLN,200601L,-87.8,25.0,2006-06-12 00:00:00,40.0,87.5,1004.0
ATLN,200601L,-86.3,26.8,2006-06-12 12:00:00,60.0,87.5,1000.0
ATLN,200601L,-85.8,27.1,2006-06-12 15:00:00,60.0,95.0,998.0
ATLN,200601L,-85.4,27.5,2006-06-12 18:00:00,60.0,102.5,997.0
ATLN,200601L,-85.2,27.8,2006-06-12 21:00:00,60.0,93.8,996.0
ATLN,200601L,-85.0,28.0,2006-06-13 00:00:00,60.0,85.0,995.0
ATLN,200601L,-84.1,29.5,2006-06-13 12:00:00,45.0,70.0,996.0
ATLN,200601L,-83.8,29.9,2006-06-13 15:00:00,40.0,53.8,996.0
ATLN,200601L,-83.5,30.3,2006-06-13 18:00:00,35.0,37.5,997.0
ATLN,200601L,-83.2,30.8,2006-06-13 21:00:00,35.0,35.0,999.0
ATLN,200601L,-82.8,31.3,2006-06-14 00:00:00,35.0,32.5,1001.0
ATLN,200601L,-79.1,34.9,2006-06-14 15:00:00,35.0,40.6,1002.0
ATLN,200601L,-77.5,35.5,2006-06-14 18:00:00,35.0,56.2,1002.0
ATLN,200601L,-75.2,36.2,2006-06-14 21:00:00,40.0,65.6,1000.0
ATLN,200601L,-73.0,37.0,2006-06-15 00:00:00,45.0,75.0,999.0
ATLN,200601L,-66.8,40.9,2006-06-15 12:00:00,50.0,152.5,979.0
ATLN,200601L,-65.5,41.8,2006-06-15 15:00:00,52.0,181.2,975.0
ATLN,200601L,-64.2,42.6,2006-06-15 18:00:00,55.0,210.0,971.0
ATLN,200601L,-63.1,43.3,2006-06-15 21:00:00,55.0,210.0,970.0
ATLN,200601L,-56.8,46.7,2006-06-16 09:00:00,48.0,180.0,978.0
ATLN,200601L,-55.0,47.4,2006-06-16 12:00:00,45.0,150.0,985.0
ATLN,200601L,-53.2,48.3,2006-06-16 15:00:00,42.0,137.5,988.0
ATLN,200601L,-51.5,49.3,2006-06-16 18:00:00,40.0,125.0,990.0
ATLN,200602L,-68.7,37.2,2006-07-16 12:00:00,30.0,0.0,1009.0
ATLN,200602L,-68.5,37.5,2006-07-16 15:00:00,30.0,0.0,1009.0
ATLN,200602L,-68.2,37.7,2006-07-16 18:00:00,30.0,0.0,1009.0
ATLN,200602L,-67.9,38.0,2006-07-16 21:00:00,30.0,0.0,1009.0
ATLN,200602L,-65.1,40.0,2006-07-17 12:00:00,40.0,15.0,1003.0
ATLN,200602L,-64.4,40.5,2006-07-17 15:00:00,42.0,15.0,1000.0
ATLN,200602L,-63.7,41.1,2006-07-17 18:00:00,45.0,15.0,998.0
ATLN,200602L,-62.9,41.8,2006-07-17 21:00:00,42.0,15.0,998.0
ATLN,200602L,-59.0,44.6,2006-07-18 09:00:00,32.0,7.5,1006.0
ATLN,200602L,-58.0,45.5,2006-07-18 12:00:00,30.0,0.0,1007.0
ATLN,200602L,-56.9,46.3,2006-07-18 15:00:00,28.0,0.0,1008.0
ATLN,200602L,-54.3,47.9,2006-07-18 21:00:00,25.0,0.0,1010.0
ATLN,200602L,-47.8,49.5,2006-07-19 09:00:00,25.0,0.0,1013.0
ATLN,200602L,-46.1,49.8,2006-07-19 12:00:00,25.0,0.0,1014.0
ATLN,200603L,-73.3,32.3,2006-07-18 12:00:00,30.0,0.0,1010.0
ATLN,200603L,-73.3,32.6,2006-07-18 15:00:00,32.0,10.0,1009.0
ATLN,200603L,-73.3,33.0,2006-07-18 18:00:00,35.0,20.0,1008.0
ATLN,200603L,-73.4,33.4,2006-07-18 21:00:00,35.0,22.5,1007.0
ATLN,200603L,-73.5,33.8,2006-07-19 00:00:00,35.0,25.0,1006.0
ATLN,200603L,-73.6,35.2,2006-07-19 12:00:00,40.0,60.0,1004.0
ATLN,200603L,-73.5,35.5,2006-07-19 15:00:00,45.0,61.2,1004.0
ATLN,200603L,-73.5,35.9,2006-07-19 18:00:00,50.0,62.5,1003.0
ATLN,200603L,-73.3,36.2,2006-07-19 21:00:00,50.0,69.4,1002.0
ATLN,200603L,-73.2,36.6,2006-07-20 00:00:00,50.0,76.2,1002.0
ATLN,200603L,-73.0,38.3,2006-07-20 12:00:00,50.0,80.0,1002.0
ATLN,200603L,-72.8,38.7,2006-07-20 15:00:00,48.0,80.0,1002.0
ATLN,200603L,-72.5,39.1,2006-07-20 18:00:00,45.0,80.0,1002.0
ATLN,200603L,-72.2,39.5,2006-07-20 21:00:00,45.0,71.9,1002.0
ATLN,200603L,-71.8,39.8,2006-07-21 00:00:00,45.0,63.8,1003.0
ATLN,200603L,-68.4,42.4,2006-07-21 12:00:00,40.0,68.8,1002.0
ATLN,200603L,-67.3,43.1,2006-07-21 15:00:00,38.0,84.4,1001.0
ATLN,200603L,-64.8,44.6,2006-07-21 21:00:00,35.0,118.8,1001.0
ATLN,200603L,-63.3,45.5,2006-07-22 00:00:00,35.0,137.5,1002.0
ATLN,200603L,-58.2,47.9,2006-07-22 09:00:00,32.0,68.8,1004.0
ATLN,200603L,-56.5,48.5,2006-07-22 12:00:00,30.0,0.0,1004.0
ATLN,200604L,-59.8,17.2,2006-08-01 12:00:00,40.0,15.0,1006.0
ATLN,200604L,-60.2,17.4,2006-08-01 15:00:00,45.0,15.0,1005.0
ATLN,200604L,-60.6,17.7,2006-08-01 18:00:00,50.0,15.0,1004.0
ATLN,200604L,-61.0,17.9,2006-08-01 21:00:00,50.0,22.5,1004.0
ATLN,200604L,-63.0,19.0,2006-08-02 12:00:00,55.0,43.8,1001.0
ATLN,200604L,-63.5,19.3,2006-08-02 15:00:00,52.0,39.4,1002.0
ATLN,200604L,-63.9,19.6,2006-08-02 18:00:00,50.0,35.0,1004.0
ATLN,200604L,-64.3,19.8,2006-08-02 21:00:00,50.0,35.0,1006.0
ATLN,200604L,-66.8,20.4,2006-08-03 12:00:00,35.0,17.5,1011.0
ATLN,200604L,-67.2,20.5,2006-08-03 15:00:00,32.0,8.8,1011.0
ATLN,200604L,-67.7,20.6,2006-08-03 18:00:00,30.0,0.0,1011.0
ATLN,200604L,-71.1,21.2,2006-08-04 12:00:00,25.0,0.0,1011.0
ATLN,200604L,-71.7,21.2,2006-08-04 15:00:00,25.0,0.0,1012.0
ATLN,200604L,-72.2,21.3,2006-08-04 18:00:00,25.0,0.0,1012.0
ATLN,200604L,-72.8,21.4,2006-08-04 21:00:00,25.0,0.0,1012.0
ATLN,200604L,-76.3,21.8,2006-08-05 12:00:00,20.0,0.0,1012.0
ATLN,200604L,-76.9,22.0,2006-08-05 15:00:00,20.0,0.0,1012.0
ATLN,200604L,-77.6,22.1,2006-08-05 18:00:00,20.0,0.0,1012.0
ATLN,200604L,-78.2,22.2,2006-08-05 21:00:00,20.0,0.0,1012.0
ATLN,200604L,-81.7,23.2,2006-08-06 12:00:00,15.0,0.0,1013.0
ATLN,200605L,-21.7,11.6,2006-08-21 18:00:00,30.0,0.0,1007.0
ATLN,200605L,-24.6,13.0,2006-08-22 09:00:00,30.0,0.0,1007.0
ATLN,200605L,-25.3,13.4,2006-08-22 12:00:00,30.0,0.0,1007.0
ATLN,200605L,-26.0,13.8,2006-08-22 15:00:00,30.0,0.0,1006.0
ATLN,200605L,-26.7,14.2,2006-08-22 18:00:00,30.0,0.0,1005.0
ATLN,200605L,-30.2,16.2,2006-08-23 09:00:00,42.0,36.9,1002.0
ATLN,200605L,-31.0,16.7,2006-08-23 12:00:00,45.0,37.5,1001.0
ATLN,200605L,-31.7,17.1,2006-08-23 15:00:00,45.0,35.0,1001.0
ATLN,200605L,-32.4,17.6,2006-08-23 18:00:00,45.0,32.5,1001.0
ATLN,200605L,-36.3,19.6,2006-08-24 09:00:00,45.0,32.5,1000.0
ATLN,200605L,-37.1,20.1,2006-08-24 12:00:00,45.0,32.5,1000.0
ATLN,200605L,-37.9,20.5,2006-08-24 15:00:00,45.0,32.5,1000.0
ATLN,200605L,-38.7,20.9,2006-08-24 18:00:00,45.0,32.5,1000.0
ATLN,200605L,-39.5,21.3,2006-08-24 21:00:00,45.0,33.1,1000.0
ATLN,200605L,-42.1,23.1,2006-08-25 09:00:00,42.0,28.1,1002.0
ATLN,200605L,-42.7,23.6,2006-08-25 12:00:00,40.0,30.0,1002.0
ATLN,200605L,-43.4,24.0,2006-08-25 15:00:00,38.0,26.2,1004.0
ATLN,200605L,-44.1,24.4,2006-08-25 18:00:00,35.0,22.5,1005.0
ATLN,200605L,-44.6,24.6,2006-08-25 21:00:00,35.0,22.5,1006.0
ATLN,200605L,-46.5,25.4,2006-08-26 09:00:00,28.0,0.0,1010.0
ATLN,200605L,-46.9,25.7,2006-08-26 12:00:00,25.0,0.0,1010.0
ATLN,200605L,-47.2,26.1,2006-08-26 15:00:00,25.0,0.0,1010.0
ATLN,200605L,-47.5,26.5,2006-08-26 18:00:00,25.0,0.0,1011.0
ATLN,200605L,-49.0,28.9,2006-08-27 09:00:00,25.0,0.0,1012.0
ATLN,200605L,-49.1,29.4,2006-08-27 12:00:00,25.0,0.0,1012.0
ATLN,200605L,-49.0,30.0,2006-08-27 15:00:00,25.0,0.0,1012.0
ATLN,200605L,-48.9,30.6,2006-08-27 18:00:00,25.0,0.0,1012.0
ATLN,200605L,-48.6,31.4,2006-08-27 21:00:00,25.0,0.0,1012.0
ATLN,200606L,-61.6,12.7,2006-08-24 18:00:00,30.0,0.0,1008.0
ATLN,200606L,-65.8,13.7,2006-08-25 12:00:00,35.0,20.0,1005.0
ATLN,200606L,-66.4,13.8,2006-08-25 15:00:00,35.0,20.0,1004.0
ATLN,200606L,-67.1,14.0,2006-08-25 18:00:00,35.0,20.0,1004.0
ATLN,200606L,-67.7,14.2,2006-08-25 21:00:00,38.0,20.0,1003.0
ATLN,200606L,-70.4,15.1,2006-08-26 12:00:00,50.0,35.0,997.0
ATLN,200606L,-70.8,15.4,2006-08-26 15:00:00,52.0,42.5,997.0
ATLN,200606L,-71.2,15.7,2006-08-26 18:00:00,55.0,50.0,997.0
ATLN,200606L,-71.6,16.0,2006-08-26 21:00:00,55.0,47.5,996.0
ATLN,200606L,-73.4,17.4,2006-08-27 12:00:00,55.0,52.5,997.0
ATLN,200606L,-73.7,17.6,2006-08-27 15:00:00,50.0,48.8,1000.0
ATLN,200606L,-74.0,17.8,2006-08-27 18:00:00,45.0,45.0,1002.0
ATLN,200606L,-74.3,18.1,2006-08-27 21:00:00,42.0,37.5,1002.0
ATLN,200606L,-75.6,20.0,2006-08-28 12:00:00,35.0,41.2,1005.0
ATLN,200606L,-76.0,20.4,2006-08-28 15:00:00,35.0,46.9,1006.0
ATLN,200606L,-76.4,20.8,2006-08-28 18:00:00,35.0,52.5,1007.0
ATLN,200606L,-76.9,21.2,2006-08-28 21:00:00,35.0,46.9,1007.0
ATLN,200606L,-79.3,23.2,2006-08-29 12:00:00,40.0,28.8,1006.0
ATLN,200606L,-79.6,23.5,2006-08-29 15:00:00,40.0,38.1,1006.0
ATLN,200606L,-79.9,23.9,2006-08-29 18:00:00,40.0,47.5,1005.0
ATLN,200606L,-80.2,24.3,2006-08-29 21:00:00,40.0,48.8,1004.0
ATLN,200606L,-81.0,26.1,2006-08-30 12:00:00,35.0,30.0,1002.0
ATLN,200606L,-81.0,26.6,2006-08-30 15:00:00,35.0,20.0,1002.0
ATLN,200606L,-80.9,27.0,2006-08-30 18:00:00,35.0,10.0,1001.0
ATLN,200606L,-80.8,27.6,2006-08-30 21:00:00,35.0,11.2,1000.0
ATLN,200606L,-79.9,30.6,2006-08-31 12:00:00,55.0,41.2,995.0
ATLN,200606L,-79.6,31.2,2006-08-31 15:00:00,58.0,56.2,994.0
ATLN,200606L,-79.2,31.9,2006-08-31 18:00:00,60.0,71.2,993.0
ATLN,200606L,-78.8,32.5,2006-08-31 21:00:00,60.0,76.9,990.0
ATLN,200606L,-77.6,35.8,2006-09-01 12:00:00,30.0,0.0,991.0
ATLN,200606L,-77.4,36.2,2006-09-01 15:00:00,35.0,12.5,994.0
ATLN,200606L,-77.2,36.6,2006-09-01 18:00:00,40.0,25.0,997.0
ATLN,200606L,-77.1,36.9,2006-09-01 21:00:00,40.0,31.2,1000.0
ATLN,200606L,-76.7,38.2,2006-09-02 12:00:00,40.0,37.5,1007.0
ATLN,200606L,-76.7,38.5,2006-09-02 15:00:00,40.0,37.5,1008.0
ATLN,200606L,-76.7,38.9,2006-09-02 18:00:00,40.0,37.5,1010.0
ATLN,200606L,-76.7,39.4,2006-09-02 21:00:00,38.0,37.5,1011.0
ATLN,200606L,-77.5,43.1,2006-09-03 12:00:00,20.0,0.0,1014.0
ATLN,200606L,-77.2,43.8,2006-09-03 15:00:00,20.0,0.0,1014.0
ATLN,200606L,-77.0,44.5,2006-09-03 18:00:00,20.0,0.0,1015.0
ATLN,200606L,-76.4,45.0,2006-09-03 21:00:00,20.0,0.0,1015.0
ATLN,200607L,-39.4,14.1,2006-09-03 18:00:00,30.0,0.0,1007.0
ATLN,200607L,-41.6,15.7,2006-09-04 09:00:00,30.0,0.0,1007.0
ATLN,200607L,-42.3,16.0,2006-09-04 12:00:00,30.0,0.0,1007.0
ATLN,200607L,-42.9,16.2,2006-09-04 15:00:00,30.0,0.0,1007.0
ATLN,200607L,-43.5,16.4,2006-09-04 18:00:00,30.0,0.0,1007.0
ATLN,200607L,-44.1,16.5,2006-09-04 21:00:00,30.0,0.0,1007.0
ATLN,200607L,-46.5,16.9,2006-09-05 09:00:00,35.0,47.5,1006.0
ATLN,200607L,-46.9,17.0,2006-09-05 12:00:00,35.0,47.5,1005.0
ATLN,200607L,-47.3,17.1,2006-09-05 15:00:00,38.0,48.8,1004.0
ATLN,200607L,-47.8,17.3,2006-09-05 18:00:00,40.0,50.0,1003.0
ATLN,200607L,-50.2,18.3,2006-09-06 09:00:00,42.0,96.9,1003.0
ATLN,200607L,-50.6,18.5,2006-09-06 12:00:00,45.0,111.2,1003.0
ATLN,200607L,-51.0,18.8,2006-09-06 15:00:00,45.0,122.5,1002.0
ATLN,200607L,-51.3,19.0,2006-09-06 18:00:00,45.0,133.8,1000.0
ATLN,200607L,-53.3,19.9,2006-09-07 12:00:00,40.0,212.5,1002.0
ATLN,200607L,-53.8,20.1,2006-09-07 15:00:00,40.0,212.5,1002.0
ATLN,200607L,-54.3,20.3,2006-09-07 18:00:00,40.0,212.5,1002.0
ATLN,200607L,-55.0,20.6,2006-09-07 21:00:00,40.0,212.5,1002.0
ATLN,200607L,-58.8,21.7,2006-09-08 12:00:00,40.0,212.5,1002.0
ATLN,200607L,-59.5,21.8,2006-09-08 15:00:00,42.0,209.4,1001.0
ATLN,200607L,-60.1,21.9,2006-09-08 18:00:00,45.0,206.2,1000.0
ATLN,200607L,-60.5,22.3,2006-09-08 21:00:00,48.0,204.4,998.0
ATLN,200607L,-63.2,24.4,2006-09-09 12:00:00,50.0,197.5,992.0
ATLN,200607L,-63.6,24.8,2006-09-09 15:00:00,50.0,197.5,992.0
ATLN,200607L,-64.0,25.1,2006-09-09 18:00:00,50.0,197.5,991.0
ATLN,200607L,-64.3,25.6,2006-09-09 21:00:00,55.0,186.2,989.0
ATLN,200607L,-65.9,28.1,2006-09-10 12:00:00,75.0,168.8,978.0
ATLN,200607L,-66.0,28.7,2006-09-10 15:00:00,78.0,171.2,977.0
ATLN,200607L,-66.1,29.3,2006-09-10 18:00:00,80.0,173.8,976.0
ATLN,200607L,-66.2,29.9,2006-09-10 21:00:00,80.0,176.2,976.0
ATLN,200607L,-65.7,32.4,2006-09-11 12:00:00,75.0,172.5,974.0
ATLN,200607L,-65.3,33.0,2006-09-11 15:00:00,75.0,197.5,974.0
ATLN,200607L,-65.0,33.6,2006-09-11 18:00:00,75.0,222.5,974.0
ATLN,200607L,-64.5,34.2,2006-09-11 21:00:00,72.0,247.5,974.0
ATLN,200607L,-61.9,37.4,2006-09-12 12:00:00,65.0,315.0,976.0
ATLN,200607L,-61.0,38.0,2006-09-12 15:00:00,65.0,307.5,976.0
ATLN,200607L,-60.2,38.5,2006-09-12 18:00:00,65.0,300.0,977.0
ATLN,200607L,-55.6,45.5,2006-09-13 12:00:00,70.0,345.0,967.0
ATLN,200607L,-54.8,46.0,2006-09-13 15:00:00,70.0,345.0,965.0
ATLN,200607L,-54.0,46.4,2006-09-13 18:00:00,70.0,345.0,963.0
ATLN,200607L,-52.6,47.0,2006-09-13 21:00:00,68.0,345.0,964.0
ATLN,200607L,-46.8,48.9,2006-09-14 09:00:00,58.0,345.0,968.0
ATLN,200607L,-45.2,49.2,2006-09-14 12:00:00,55.0,345.0,970.0
ATLN,200607L,-43.9,49.5,2006-09-14 15:00:00,52.0,345.0,973.0
ATLN,200607L,-42.6,49.8,2006-09-14 18:00:00,50.0,345.0,976.0
ATLN,200607L,-33.8,49.6,2006-09-15 09:00:00,45.0,330.0,983.0
ATLN,200607L,-31.7,49.5,2006-09-15 12:00:00,45.0,330.0,984.0
ATLN,200607L,-29.6,49.6,2006-09-15 15:00:00,42.0,311.2,985.0
ATLN,200607L,-27.5,49.8,2006-09-15 18:00:00,40.0,292.5,986.0
ATLN,200608L,-53.8,20.2,2006-09-10 18:00:00,25.0,0.0,1012.0
ATLN,200608L,-54.1,20.2,2006-09-10 21:00:00,28.0,0.0,1012.0
ATLN,200608L,-56.3,20.9,2006-09-11 12:00:00,35.0,16.2,1008.0
ATLN,200608L,-56.7,21.1,2006-09-11 15:00:00,38.0,16.2,1006.0
ATLN,200608L,-57.1,21.4,2006-09-11 18:00:00,40.0,16.2,1005.0
ATLN,200608L,-57.4,21.6,2006-09-11 21:00:00,45.0,20.6,1004.0
ATLN,200608L,-58.2,22.8,2006-09-12 12:00:00,50.0,37.5,998.0
ATLN,200608L,-58.2,23.1,2006-09-12 15:00:00,52.0,39.4,996.0
ATLN,200608L,-58.2,23.4,2006-09-12 18:00:00,55.0,41.2,994.0
ATLN,200608L,-58.2,23.7,2006-09-12 21:00:00,60.0,45.0,990.0
ATLN,200608L,-57.9,25.6,2006-09-13 12:00:00,80.0,76.2,980.0
ATLN,200608L,-57.8,26.1,2006-09-13 15:00:00,88.0,80.6,972.0
ATLN,200608L,-57.7,26.5,2006-09-13 18:00:00,95.0,85.0,965.0
ATLN,200608L,-57.5,26.9,2006-09-13 21:00:00,100.0,93.8,960.0
ATLN,200608L,-56.2,29.1,2006-09-14 12:00:00,105.0,105.0,956.0
ATLN,200608L,-55.8,29.5,2006-09-14 15:00:00,105.0,105.0,957.0
ATLN,200608L,-55.4,29.8,2006-09-14 18:00:00,105.0,105.0,958.0
ATLN,200608L,-53.5,31.1,2006-09-15 12:00:00,85.0,87.5,973.0
ATLN,200608L,-53.5,31.1,2006-09-15 15:00:00,82.0,87.5,974.0
ATLN,200608L,-53.5,31.1,2006-09-15 18:00:00,80.0,87.5,976.0
ATLN,200608L,-53.5,31.1,2006-09-15 21:00:00,78.0,88.8,978.0
ATLN,200608L,-53.8,31.3,2006-09-16 12:00:00,65.0,85.0,987.0
ATLN,200608L,-53.8,31.4,2006-09-16 15:00:00,65.0,85.0,987.0
ATLN,200608L,-53.9,31.5,2006-09-16 18:00:00,65.0,85.0,987.0
ATLN,200608L,-53.8,31.7,2006-09-16 21:00:00,65.0,87.5,987.0
ATLN,200608L,-53.3,33.3,2006-09-17 12:00:00,70.0,90.0,983.0
ATLN,200608L,-53.1,33.7,2006-09-17 15:00:00,70.0,90.0,983.0
ATLN,200608L,-52.9,34.1,2006-09-17 18:00:00,70.0,90.0,983.0
ATLN,200608L,-52.5,34.5,2006-09-17 21:00:00,72.0,82.5,982.0
ATLN,200608L,-48.7,36.9,2006-09-18 12:00:00,80.0,77.5,976.0
ATLN,200608L,-47.5,37.2,2006-09-18 15:00:00,82.0,77.5,974.0
ATLN,200608L,-46.3,37.5,2006-09-18 18:00:00,85.0,77.5,972.0
ATLN,200608L,-44.8,37.8,2006-09-18 21:00:00,85.0,78.8,972.0
ATLN,200608L,-38.6,38.0,2006-09-19 09:00:00,85.0,105.6,974.0
ATLN,200608L,-37.0,38.0,2006-09-19 12:00:00,80.0,118.8,977.0
ATLN,200608L,-35.2,37.9,2006-09-19 15:00:00,78.0,118.8,978.0
ATLN,200608L,-33.5,37.8,2006-09-19 18:00:00,75.0,118.8,979.0
ATLN,200608L,-24.4,37.7,2006-09-20 09:00:00,68.0,122.5,982.0
ATLN,200608L,-22.6,37.8,2006-09-20 12:00:00,65.0,122.5,983.0
ATLN,200608L,-20.6,38.1,2006-09-20 15:00:00,65.0,122.5,983.0
ATLN,200608L,-18.5,38.5,2006-09-20 18:00:00,65.0,122.5,983.0
ATLN,200608L,-10.4,43.8,2006-09-21 06:00:00,55.0,150.0,986.0
ATLN,200608L,-9.7,46.1,2006-09-21 09:00:00,55.0,148.8,984.0
ATLN,200608L,-9.0,48.5,2006-09-21 12:00:00,55.0,147.5,982.0
ATLN,200609L,-22.0,11.9,2006-09-12 12:00:00,25.0,0.0,1007.0
ATLN,200609L,-22.6,11.9,2006-09-12 15:00:00,28.0,0.0,1007.0
ATLN,200609L,-23.2,11.9,2006-09-12 18:00:00,30.0,0.0,1007.0
ATLN,200609L,-27.1,12.1,2006-09-13 09:00:00,30.0,0.0,1007.0
ATLN,200609L,-28.0,12.2,2006-09-13 12:00:00,30.0,0.0,1007.0
ATLN,200609L,-29.0,12.3,2006-09-13 15:00:00,30.0,0.0,1006.0
ATLN,200609L,-30.0,12.5,2006-09-13 18:00:00,30.0,0.0,1006.0
ATLN,200609L,-34.7,13.4,2006-09-14 09:00:00,38.0,37.5,1004.0
ATLN,200609L,-35.6,13.6,2006-09-14 12:00:00,40.0,37.5,1003.0
ATLN,200609L,-36.3,13.8,2006-09-14 15:00:00,40.0,46.9,1003.0
ATLN,200609L,-37.0,14.0,2006-09-14 18:00:00,40.0,56.2,1003.0
ATLN,200609L,-40.2,15.2,2006-09-15 09:00:00,48.0,61.9,998.0
ATLN,200609L,-40.8,15.5,2006-09-15 12:00:00,50.0,67.5,997.0
ATLN,200609L,-41.5,15.8,2006-09-15 15:00:00,52.0,74.4,996.0
ATLN,200609L,-42.1,16.2,2006-09-15 18:00:00,55.0,81.2,995.0
ATLN,200609L,-44.8,18.0,2006-09-16 09:00:00,62.0,115.6,988.0
ATLN,200609L,-45.3,18.4,2006-09-16 12:00:00,65.0,122.5,987.0
ATLN,200609L,-45.8,18.6,2006-09-16 15:00:00,65.0,122.5,986.0
ATLN,200609L,-46.2,18.9,2006-09-16 18:00:00,65.0,122.5,986.0
ATLN,200609L,-46.7,19.1,2006-09-16 21:00:00,68.0,122.5,984.0
ATLN,200609L,-48.1,20.1,2006-09-17 09:00:00,78.0,122.5,978.0
ATLN,200609L,-48.4,20.3,2006-09-17 12:00:00,80.0,122.5,976.0
ATLN,200609L,-48.6,20.6,2006-09-17 15:00:00,85.0,122.5,973.0
ATLN,200609L,-48.8,20.8,2006-09-17 18:00:00,90.0,122.5,970.0
ATLN,200609L,-49.0,21.1,2006-09-17 21:00:00,95.0,130.0,966.0
ATLN,200609L,-49.5,22.4,2006-09-18 09:00:00,105.0,137.5,956.0
ATLN,200609L,-49.7,22.7,2006-09-18 12:00:00,105.0,137.5,958.0
ATLN,200609L,-50.0,23.1,2006-09-18 15:00:00,100.0,143.8,960.0
ATLN,200609L,-50.4,23.6,2006-09-18 18:00:00,95.0,150.0,962.0
ATLN,200609L,-52.5,24.4,2006-09-19 12:00:00,95.0,168.8,958.0
ATLN,200609L,-53.0,24.4,2006-09-19 15:00:00,92.0,168.8,957.0
ATLN,200609L,-53.5,24.4,2006-09-19 18:00:00,90.0,168.8,956.0
ATLN,200609L,-56.0,25.4,2006-09-20 12:00:00,90.0,168.8,959.0
ATLN,200609L,-56.4,25.6,2006-09-20 15:00:00,85.0,168.8,960.0
ATLN,200609L,-56.7,25.9,2006-09-20 18:00:00,80.0,168.8,960.0
ATLN,200609L,-56.9,26.4,2006-09-20 21:00:00,80.0,168.8,961.0
ATLN,200609L,-57.0,29.0,2006-09-21 12:00:00,75.0,180.0,968.0
ATLN,200609L,-57.0,29.6,2006-09-21 15:00:00,75.0,185.0,969.0
ATLN,200609L,-57.0,30.2,2006-09-21 18:00:00,75.0,190.0,970.0
ATLN,200609L,-56.8,30.8,2006-09-21 21:00:00,75.0,190.0,970.0
ATLN,200609L,-55.1,33.6,2006-09-22 12:00:00,70.0,206.2,970.0
ATLN,200609L,-54.4,34.2,2006-09-22 15:00:00,70.0,209.4,969.0
ATLN,200609L,-53.7,34.9,2006-09-22 18:00:00,70.0,212.5,968.0
ATLN,200609L,-52.7,35.3,2006-09-22 21:00:00,72.0,225.0,966.0
ATLN,200609L,-48.5,36.8,2006-09-23 09:00:00,80.0,262.5,962.0
ATLN,200609L,-47.5,37.1,2006-09-23 12:00:00,80.0,262.5,962.0
ATLN,200609L,-46.5,37.4,2006-09-23 15:00:00,78.0,262.5,962.0
ATLN,200609L,-45.4,37.7,2006-09-23 18:00:00,75.0,262.5,963.0
ATLN,200609L,-44.3,38.2,2006-09-23 21:00:00,72.0,275.0,964.0
ATLN,200609L,-39.5,40.0,2006-09-24 09:00:00,65.0,309.4,964.0
ATLN,200609L,-38.2,40.6,2006-09-24 12:00:00,65.0,318.8,964.0
ATLN,200609L,-37.0,41.3,2006-09-24 15:00:00,65.0,318.8,964.0
ATLN,200609L,-35.9,42.0,2006-09-24 18:00:00,65.0,318.8,964.0
ATLN,200609L,-32.5,44.4,2006-09-25 09:00:00,62.0,284.4,967.0
ATLN,200609L,-31.7,44.7,2006-09-25 12:00:00,60.0,275.0,968.0
ATLN,200609L,-30.8,44.8,2006-09-25 15:00:00,58.0,271.9,970.0
ATLN,200609L,-23.9,45.8,2006-09-26 09:00:00,50.0,223.8,982.0
ATLN,200609L,-22.7,46.0,2006-09-26 12:00:00,50.0,210.0,984.0
ATLN,200609L,-21.4,46.6,2006-09-26 15:00:00,48.0,200.0,985.0
ATLN,200610L,-52.6,26.1,2006-09-27 18:00:00,30.0,0.0,1012.0
ATLN,200610L,-54.5,28.3,2006-09-28 15:00:00,40.0,52.5,1006.0
ATLN,200610L,-54.6,28.6,2006-09-28 18:00:00,40.0,61.2,1006.0
ATLN,200610L,-54.8,28.8,2006-09-28 21:00:00,40.0,73.1,1006.0
ATLN,200610L,-55.8,29.2,2006-09-29 12:00:00,45.0,86.2,1003.0
ATLN,200610L,-56.8,29.6,2006-09-29 21:00:00,55.0,86.2,998.0
ATLN,200610L,-58.9,31.0,2006-09-30 15:00:00,68.0,87.5,990.0
ATLN,200610L,-60.3,33.8,2006-10-01 12:00:00,70.0,105.0,986.0
ATLN,200610L,-60.3,34.5,2006-10-01 15:00:00,70.0,105.0,986.0
ATLN,200610L,-60.3,35.2,2006-10-01 18:00:00,70.0,105.0,987.0
ATLN,200610L,-60.0,36.2,2006-10-01 21:00:00,68.0,111.9,988.0
ATLN,200610L,-56.2,42.5,2006-10-02 12:00:00,60.0,143.8,990.0
ATLN,200610L,-55.0,44.0,2006-10-02 15:00:00,58.0,140.6,992.0
ATLN,200610L,-53.7,45.5,2006-10-02 18:00:00,55.0,137.5,995.0
ATLN,200610L,-52.4,46.5,2006-10-02 21:00:00,55.0,131.2,996.0
ATLN,200610L,-47.0,49.5,2006-10-03 12:00:00,35.0,57.5,1000.0
ATLN,200701L,-74.0,35.5,2007-05-06 12:00:00,35.0,30.0,1012.0
ATLN,200701L,-73.5,35.2,2007-05-06 15:00:00,38.0,67.5,1010.0
ATLN,200701L,-73.0,35.0,2007-05-06 18:00:00,40.0,105.0,1009.0
ATLN,200701L,-72.3,34.6,2007-05-06 21:00:00,45.0,175.0,1007.0
ATLN,200701L,-73.1,32.3,2007-05-07 12:00:00,65.0,260.0,998.0
ATLN,200701L,-73.5,31.9,2007-05-07 15:00:00,65.0,268.8,998.0
ATLN,200701L,-74.0,31.5,2007-05-07 18:00:00,65.0,277.5,998.0
ATLN,200701L,-74.5,31.2,2007-05-07 21:00:00,60.0,271.2,999.0
ATLN,200701L,-77.2,30.4,2007-05-08 12:00:00,50.0,192.5,1001.0
ATLN,200701L,-77.6,30.4,2007-05-08 15:00:00,50.0,163.8,1001.0
ATLN,200701L,-77.9,30.4,2007-05-08 18:00:00,50.0,135.0,1001.0
ATLN,200701L,-79.2,30.9,2007-05-09 12:00:00,45.0,92.5,1003.0
ATLN,200701L,-79.4,30.9,2007-05-09 15:00:00,42.0,71.2,1003.0
ATLN,200701L,-79.6,30.9,2007-05-09 18:00:00,40.0,50.0,1003.0
ATLN,200701L,-79.7,30.8,2007-05-09 21:00:00,40.0,47.5,1003.0
ATLN,200701L,-79.8,30.7,2007-05-10 00:00:00,40.0,45.0,1003.0
ATLN,200701L,-79.9,30.1,2007-05-10 12:00:00,30.0,0.0,1003.0
ATLN,200701L,-79.8,29.9,2007-05-10 15:00:00,30.0,0.0,1003.0
ATLN,200701L,-79.8,29.7,2007-05-10 18:00:00,30.0,0.0,1003.0
ATLN,200701L,-79.8,29.5,2007-05-10 21:00:00,30.0,0.0,1004.0
ATLN,200701L,-79.7,28.8,2007-05-11 12:00:00,25.0,0.0,1005.0
ATLN,200701L,-79.6,28.6,2007-05-11 15:00:00,25.0,0.0,1005.0
ATLN,200701L,-79.5,28.5,2007-05-11 18:00:00,25.0,0.0,1005.0
ATLN,200701L,-79.3,28.5,2007-05-11 21:00:00,25.0,0.0,1006.0
ATLN,200701L,-78.5,29.1,2007-05-12 12:00:00,25.0,0.0,1006.0
ATLN,200701L,-78.2,29.2,2007-05-12 15:00:00,25.0,0.0,1006.0
ATLN,200701L,-78.0,29.4,2007-05-12 18:00:00,25.0,0.0,1006.0
ATLN,200701L,-77.6,29.5,2007-05-12 21:00:00,25.0,0.0,1006.0
ATLN,200701L,-74.2,30.8,2007-05-13 12:00:00,25.0,0.0,1007.0
ATLN,200701L,-73.1,31.1,2007-05-13 15:00:00,25.0,0.0,1007.0
ATLN,200701L,-71.9,31.4,2007-05-13 18:00:00,25.0,0.0,1007.0
ATLN,200701L,-70.7,31.6,2007-05-13 21:00:00,25.0,0.0,1007.0
ATLN,200702L,-87.0,18.1,2007-05-31 00:00:00,25.0,0.0,1008.0
ATLN,200702L,-86.8,19.1,2007-05-31 12:00:00,25.0,0.0,1006.0
ATLN,200702L,-86.7,19.4,2007-05-31 15:00:00,25.0,0.0,1006.0
ATLN,200702L,-86.6,19.6,2007-05-31 18:00:00,25.0,0.0,1005.0
ATLN,200702L,-86.3,19.9,2007-05-31 21:00:00,25.0,0.0,1005.0
ATLN,200702L,-86.0,20.1,2007-06-01 00:00:00,25.0,0.0,1005.0
ATLN,200702L,-85.8,22.3,2007-06-01 12:00:00,30.0,0.0,1004.0
ATLN,200702L,-85.8,23.0,2007-06-01 15:00:00,35.0,22.5,1002.0
ATLN,200702L,-85.7,23.6,2007-06-01 18:00:00,40.0,45.0,1000.0
ATLN,200702L,-85.5,24.0,2007-06-01 21:00:00,45.0,47.5,998.0
ATLN,200702L,-85.2,24.3,2007-06-02 00:00:00,50.0,50.0,997.0
ATLN,200702L,-83.2,27.0,2007-06-02 12:00:00,40.0,57.5,1000.0
ATLN,200702L,-82.7,28.4,2007-06-02 15:00:00,35.0,28.8,1000.0
ATLN,200702L,-82.1,29.7,2007-06-02 18:00:00,30.0,0.0,1001.0
ATLN,200702L,-81.8,30.5,2007-06-02 21:00:00,32.0,15.0,999.0
ATLN,200702L,-81.4,31.4,2007-06-03 00:00:00,35.0,30.0,997.0
ATLN,200702L,-80.0,32.8,2007-06-03 12:00:00,40.0,100.0,994.0
ATLN,200702L,-79.2,33.2,2007-06-03 15:00:00,40.0,106.2,994.0
ATLN,200702L,-78.4,33.7,2007-06-03 18:00:00,40.0,112.5,994.0
ATLN,200702L,-77.2,34.5,2007-06-03 21:00:00,40.0,112.5,993.0
ATLN,200702L,-76.0,35.3,2007-06-04 00:00:00,40.0,112.5,992.0
ATLN,200702L,-73.2,39.0,2007-06-04 12:00:00,40.0,112.5,990.0
ATLN,200702L,-72.7,39.9,2007-06-04 15:00:00,38.0,112.5,990.0
ATLN,200702L,-72.1,40.7,2007-06-04 18:00:00,35.0,112.5,991.0
ATLN,200702L,-71.4,41.5,2007-06-04 21:00:00,35.0,112.5,992.0
ATLN,200702L,-70.8,42.4,2007-06-05 00:00:00,35.0,112.5,992.0
ATLN,200702L,-69.0,46.0,2007-06-05 09:00:00,30.0,0.0,992.0
ATLN,200702L,-68.5,47.5,2007-06-05 12:00:00,30.0,0.0,992.0
ATLN,200703L,-64.2,39.1,2007-07-31 12:00:00,45.0,82.5,999.0
ATLN,200703L,-63.2,39.9,2007-07-31 15:00:00,45.0,85.6,999.0
ATLN,200703L,-62.3,40.7,2007-07-31 18:00:00,45.0,88.8,999.0
ATLN,200703L,-61.1,41.6,2007-07-31 21:00:00,45.0,92.5,996.0
ATLN,200703L,-56.0,45.0,2007-08-01 09:00:00,50.0,96.2,991.0
ATLN,200703L,-54.5,46.0,2007-08-01 12:00:00,55.0,96.2,990.0
ATLN,200703L,-52.0,47.5,2007-08-01 15:00:00,58.0,115.0,989.0
ATLN,200703L,-49.5,49.0,2007-08-01 18:00:00,60.0,133.8,988.0
ATLN,200704L,-29.8,12.1,2007-08-13 09:00:00,30.0,0.0,1006.0
ATLN,200704L,-30.7,12.1,2007-08-13 12:00:00,30.0,0.0,1005.0
ATLN,200704L,-31.5,12.1,2007-08-13 15:00:00,30.0,0.0,1005.0
ATLN,200704L,-32.4,12.0,2007-08-13 18:00:00,30.0,0.0,1005.0
ATLN,200704L,-37.4,11.8,2007-08-14 09:00:00,32.0,7.5,1004.0
ATLN,200704L,-38.3,11.8,2007-08-14 12:00:00,35.0,15.0,1004.0
ATLN,200704L,-39.2,11.8,2007-08-14 15:00:00,38.0,22.5,1003.0
ATLN,200704L,-40.1,11.8,2007-08-14 18:00:00,40.0,30.0,1002.0
ATLN,200704L,-40.9,11.9,2007-08-14 21:00:00,45.0,35.6,1000.0
ATLN,200704L,-44.2,12.2,2007-08-15 09:00:00,50.0,41.2,997.0
ATLN,200704L,-45.1,12.3,2007-08-15 12:00:00,50.0,41.2,997.0
ATLN,200704L,-46.0,12.6,2007-08-15 15:00:00,52.0,43.1,996.0
ATLN,200704L,-47.0,12.8,2007-08-15 18:00:00,55.0,45.0,994.0
ATLN,200704L,-48.1,12.9,2007-08-15 21:00:00,58.0,45.0,992.0
ATLN,200704L,-53.3,13.5,2007-08-16 12:00:00,80.0,70.0,972.0
ATLN,200704L,-54.4,13.7,2007-08-16 15:00:00,80.0,79.4,972.0
ATLN,200704L,-55.5,13.8,2007-08-16 18:00:00,80.0,88.8,972.0
ATLN,200704L,-56.6,13.9,2007-08-16 21:00:00,80.0,88.8,974.0
ATLN,200704L,-61.7,14.4,2007-08-17 12:00:00,90.0,107.5,967.0
ATLN,200704L,-62.6,14.6,2007-08-17 15:00:00,100.0,117.5,964.0
ATLN,200704L,-63.5,14.8,2007-08-17 18:00:00,110.0,127.5,961.0
ATLN,200704L,-68.0,15.4,2007-08-18 12:00:00,145.0,150.0,923.0
ATLN,200704L,-68.8,15.7,2007-08-18 15:00:00,138.0,147.5,926.0
ATLN,200704L,-69.5,15.9,2007-08-18 18:00:00,130.0,145.0,930.0
ATLN,200704L,-70.2,16.0,2007-08-18 21:00:00,125.0,141.2,925.0
ATLN,200704L,-74.3,16.8,2007-08-19 12:00:00,125.0,145.0,923.0
ATLN,200704L,-75.2,17.0,2007-08-19 15:00:00,125.0,138.1,926.0
ATLN,200704L,-76.0,17.1,2007-08-19 18:00:00,125.0,131.2,930.0
ATLN,200704L,-76.9,17.3,2007-08-19 21:00:00,125.0,131.2,928.0
ATLN,200704L,-81.5,17.8,2007-08-20 12:00:00,130.0,126.2,926.0
ATLN,200704L,-82.4,17.9,2007-08-20 15:00:00,132.0,126.2,925.0
ATLN,200704L,-83.3,18.0,2007-08-20 18:00:00,135.0,126.2,924.0
ATLN,200704L,-85.1,18.2,2007-08-21 00:00:00,145.0,128.8,914.0
ATLN,200704L,-88.7,18.9,2007-08-21 12:00:00,110.0,146.2,935.0
ATLN,200704L,-89.6,19.0,2007-08-21 15:00:00,92.0,132.5,948.0
ATLN,200704L,-90.5,19.2,2007-08-21 18:00:00,75.0,118.8,960.0
ATLN,200704L,-91.3,19.4,2007-08-21 21:00:00,70.0,118.1,970.0
ATLN,200704L,-92.2,19.7,2007-08-22 00:00:00,65.0,117.5,979.0
ATLN,200704L,-96.4,20.5,2007-08-22 15:00:00,78.0,129.4,975.0
ATLN,200704L,-97.3,20.5,2007-08-22 18:00:00,75.0,116.2,974.0
ATLN,200704L,-98.2,20.5,2007-08-22 21:00:00,52.0,58.1,986.0
ATLN,200704L,-99.0,20.5,2007-08-23 00:00:00,30.0,0.0,998.0
ATLN,200705L,-90.7,23.7,2007-08-15 00:00:00,25.0,0.0,1006.0
ATLN,200705L,-92.9,25.2,2007-08-15 12:00:00,30.0,0.0,1005.0
ATLN,200705L,-93.5,25.5,2007-08-15 15:00:00,32.0,7.5,1004.0
ATLN,200705L,-94.0,25.8,2007-08-15 18:00:00,35.0,15.0,1004.0
ATLN,200705L,-94.6,26.1,2007-08-15 21:00:00,35.0,16.9,1004.0
ATLN,200705L,-95.2,26.3,2007-08-16 00:00:00,35.0,18.8,1003.0
ATLN,200705L,-97.4,28.5,2007-08-16 15:00:00,28.0,0.0,1006.0
ATLN,200705L,-97.8,28.8,2007-08-16 18:00:00,25.0,0.0,1006.0
ATLN,200705L,-98.2,29.1,2007-08-16 21:00:00,25.0,0.0,1006.0
ATLN,200705L,-98.6,29.4,2007-08-17 00:00:00,25.0,0.0,1006.0
ATLN,200705L,-101.0,30.8,2007-08-17 15:00:00,20.0,0.0,1008.0
ATLN,200705L,-101.4,31.1,2007-08-17 18:00:00,20.0,0.0,1008.0
ATLN,200705L,-101.8,31.8,2007-08-18 00:00:00,20.0,0.0,1008.0
ATLN,200705L,-101.2,33.6,2007-08-18 15:00:00,20.0,0.0,1008.0
ATLN,200705L,-101.0,34.0,2007-08-18 18:00:00,20.0,0.0,1007.0
ATLN,200705L,-100.1,34.8,2007-08-19 00:00:00,25.0,0.0,1004.0
ATLN,200705L,-97.1,35.8,2007-08-19 15:00:00,28.0,1.2,1004.0
ATLN,200705L,-96.5,35.9,2007-08-19 18:00:00,20.0,0.0,1007.0
ATLN,200706L,-56.6,11.5,2007-08-31 12:00:00,25.0,0.0,1009.0
ATLN,200706L,-57.3,11.5,2007-08-31 15:00:00,28.0,0.0,1008.0
ATLN,200706L,-58.0,11.5,2007-08-31 18:00:00,30.0,0.0,1008.0
ATLN,200706L,-58.7,11.8,2007-08-31 21:00:00,32.0,3.8,1008.0
ATLN,200706L,-62.8,12.2,2007-09-01 12:00:00,50.0,30.0,1001.0
ATLN,200706L,-63.6,12.3,2007-09-01 15:00:00,55.0,48.8,1000.0
ATLN,200706L,-64.5,12.4,2007-09-01 18:00:00,60.0,67.5,999.0
ATLN,200706L,-65.3,12.5,2007-09-01 21:00:00,62.0,67.5,996.0
ATLN,200706L,-69.4,13.0,2007-09-02 12:00:00,90.0,76.2,980.0
ATLN,200706L,-70.2,13.2,2007-09-02 15:00:00,102.0,77.5,971.0
ATLN,200706L,-71.1,13.4,2007-09-02 18:00:00,115.0,78.8,962.0
ATLN,200706L,-72.0,13.6,2007-09-02 21:00:00,132.0,78.8,948.0
ATLN,200706L,-76.9,14.2,2007-09-03 12:00:00,140.0,70.0,937.0
ATLN,200706L,-77.8,14.2,2007-09-03 15:00:00,128.0,70.0,944.0
ATLN,200706L,-78.7,14.3,2007-09-03 18:00:00,115.0,70.0,951.0
ATLN,200706L,-79.6,14.4,2007-09-03 21:00:00,115.0,68.1,950.0
ATLN,200706L,-83.8,14.3,2007-09-04 15:00:00,112.0,63.8,948.0
ATLN,200706L,-84.4,14.3,2007-09-04 18:00:00,85.0,55.0,962.0
ATLN,200706L,-84.9,14.4,2007-09-04 21:00:00,68.0,43.8,972.0
ATLN,200706L,-87.3,15.5,2007-09-05 12:00:00,20.0,0.0,1006.0
ATLN,200706L,-87.8,15.8,2007-09-05 15:00:00,20.0,0.0,1006.0
ATLN,200706L,-88.3,16.1,2007-09-05 18:00:00,20.0,0.0,1007.0
ATLN,200706L,-89.5,16.5,2007-09-06 00:00:00,20.0,0.0,1007.0
ATLN,200706L,-93.1,17.4,2007-09-06 15:00:00,18.0,0.0,1008.0
ATLN,200706L,-93.8,17.7,2007-09-06 18:00:00,15.0,0.0,1010.0
ATLN,200707L,-73.8,31.1,2007-09-08 12:00:00,35.0,50.0,1010.0
ATLN,200707L,-74.2,31.5,2007-09-08 15:00:00,35.0,42.5,1010.0
ATLN,200707L,-76.4,34.3,2007-09-09 12:00:00,50.0,32.5,1004.0
ATLN,200707L,-76.3,34.8,2007-09-09 15:00:00,48.0,34.4,1005.0
ATLN,200707L,-76.3,35.2,2007-09-09 18:00:00,45.0,36.2,1006.0
ATLN,200707L,-76.0,35.6,2007-09-09 21:00:00,42.0,40.6,1006.0
ATLN,200707L,-73.8,37.1,2007-09-10 12:00:00,30.0,0.0,1009.0
ATLN,200707L,-72.9,37.3,2007-09-10 15:00:00,30.0,0.0,1010.0
ATLN,200707L,-72.0,37.5,2007-09-10 18:00:00,30.0,0.0,1010.0
ATLN,200707L,-71.0,37.7,2007-09-10 21:00:00,30.0,0.0,1010.0
ATLN,200708L,-44.0,13.0,2007-09-12 09:00:00,28.0,0.0,1008.0
ATLN,200708L,-44.3,13.0,2007-09-12 12:00:00,30.0,0.0,1008.0
ATLN,200708L,-44.7,13.1,2007-09-12 15:00:00,30.0,0.0,1008.0
ATLN,200708L,-47.1,13.9,2007-09-13 09:00:00,35.0,22.5,1005.0
ATLN,200708L,-47.5,14.1,2007-09-13 12:00:00,35.0,22.5,1005.0
ATLN,200708L,-47.8,14.2,2007-09-13 15:00:00,35.0,22.5,1004.0
ATLN,200708L,-48.1,14.4,2007-09-13 18:00:00,35.0,22.5,1004.0
ATLN,200708L,-49.9,15.3,2007-09-14 12:00:00,40.0,33.8,1004.0
ATLN,200708L,-50.2,15.4,2007-09-14 15:00:00,40.0,33.8,1004.0
ATLN,200708L,-50.9,15.8,2007-09-14 21:00:00,38.0,32.5,1004.0
ATLN,200708L,-53.3,16.3,2007-09-15 12:00:00,35.0,8.8,1005.0
ATLN,200708L,-53.8,16.4,2007-09-15 15:00:00,32.0,4.4,1006.0
ATLN,200708L,-54.4,16.5,2007-09-15 18:00:00,30.0,0.0,1006.0
ATLN,200708L,-54.9,16.6,2007-09-15 21:00:00,30.0,0.0,1006.0
ATLN,200708L,-57.2,17.1,2007-09-16 12:00:00,30.0,0.0,1006.0
ATLN,200708L,-57.7,17.1,2007-09-16 15:00:00,30.0,0.0,1006.0
ATLN,200708L,-58.1,17.2,2007-09-16 18:00:00,30.0,0.0,1007.0
ATLN,200708L,-58.5,17.2,2007-09-16 21:00:00,28.0,0.0,1008.0
ATLN,200708L,-60.6,18.0,2007-09-17 12:00:00,25.0,0.0,1010.0
ATLN,200708L,-60.8,18.2,2007-09-17 15:00:00,25.0,0.0,1010.0
ATLN,200708L,-61.0,18.4,2007-09-17 18:00:00,25.0,0.0,1010.0
ATLN,200708L,-61.2,18.6,2007-09-17 21:00:00,22.0,0.0,1010.0
ATLN,200708L,-62.0,19.1,2007-09-18 12:00:00,20.0,0.0,1011.0
ATLN,200709L,-95.0,28.1,2007-09-12 15:00:00,40.0,22.5,1004.0
ATLN,200709L,-95.0,28.3,2007-09-12 18:00:00,45.0,27.5,1001.0
ATLN,200709L,-94.9,28.6,2007-09-12 21:00:00,50.0,31.2,999.0
ATLN,200709L,-94.8,28.8,2007-09-13 00:00:00,55.0,35.0,997.0
ATLN,200709L,-93.2,30.6,2007-09-13 15:00:00,50.0,21.9,994.0
ATLN,200709L,-92.9,31.0,2007-09-13 18:00:00,35.0,17.5,1000.0
ATLN,200709L,-92.3,31.7,2007-09-14 00:00:00,25.0,0.0,1006.0
ATLN,200709L,-90.2,32.7,2007-09-14 12:00:00,20.0,0.0,1012.0
ATLN,200710L,-85.4,29.1,2007-09-21 12:00:00,30.0,0.0,1005.0
ATLN,200710L,-85.8,29.4,2007-09-21 15:00:00,30.0,0.0,1005.0
ATLN,200710L,-86.1,29.7,2007-09-21 18:00:00,30.0,0.0,1005.0
ATLN,200710L,-86.4,30.0,2007-09-21 21:00:00,28.0,0.0,1006.0
ATLN,200711L,-46.2,36.1,2007-09-23 09:00:00,35.0,78.8,1006.0
ATLN,200711L,-46.3,36.0,2007-09-23 12:00:00,35.0,78.8,1004.0
ATLN,200711L,-46.3,36.2,2007-09-23 15:00:00,35.0,78.8,1004.0
ATLN,200711L,-46.3,36.5,2007-09-23 18:00:00,35.0,78.8,1004.0
ATLN,200711L,-46.3,36.8,2007-09-23 21:00:00,35.0,65.6,1004.0
ATLN,200711L,-45.3,38.7,2007-09-24 09:00:00,35.0,52.5,1004.0
ATLN,200711L,-44.7,39.3,2007-09-24 12:00:00,35.0,45.0,1004.0
ATLN,200711L,-44.1,40.1,2007-09-24 15:00:00,32.0,22.5,1004.0
ATLN,200711L,-43.5,41.0,2007-09-24 18:00:00,30.0,0.0,1004.0
ATLN,200712L,-37.5,10.4,2007-09-25 09:00:00,35.0,27.5,1005.0
ATLN,200712L,-38.0,10.6,2007-09-25 12:00:00,35.0,27.5,1005.0
ATLN,200712L,-38.6,10.7,2007-09-25 15:00:00,35.0,27.5,1005.0
ATLN,200712L,-39.2,10.8,2007-09-25 18:00:00,35.0,27.5,1005.0
ATLN,200712L,-42.0,11.4,2007-09-26 09:00:00,58.0,45.6,992.0
ATLN,200712L,-42.4,11.7,2007-09-26 12:00:00,65.0,58.8,988.0
ATLN,200712L,-43.3,12.3,2007-09-26 18:00:00,65.0,85.0,990.0
ATLN,200712L,-46.2,13.3,2007-09-27 09:00:00,55.0,121.9,1000.0
ATLN,200712L,-46.8,13.5,2007-09-27 12:00:00,55.0,112.5,1002.0
ATLN,200712L,-47.3,13.8,2007-09-27 15:00:00,52.0,107.5,1004.0
ATLN,200712L,-47.9,14.1,2007-09-27 18:00:00,50.0,102.5,1005.0
ATLN,200712L,-48.3,14.1,2007-09-27 21:00:00,50.0,102.5,1005.0
ATLN,200712L,-49.0,14.6,2007-09-28 12:00:00,35.0,77.5,1008.0
ATLN,200712L,-49.2,15.2,2007-09-28 15:00:00,35.0,80.0,1008.0
ATLN,200712L,-49.4,15.8,2007-09-28 18:00:00,35.0,82.5,1008.0
ATLN,200712L,-50.2,16.0,2007-09-28 21:00:00,35.0,86.2,1008.0
ATLN,200712L,-54.2,16.8,2007-09-29 12:00:00,30.0,0.0,1009.0
ATLN,200713L,-94.8,21.8,2007-09-25 18:00:00,25.0,0.0,1009.0
ATLN,200713L,-95.0,21.8,2007-09-25 21:00:00,25.0,0.0,1008.0
ATLN,200713L,-95.2,21.7,2007-09-26 00:00:00,25.0,0.0,1008.0
ATLN,200713L,-94.6,21.1,2007-09-26 15:00:00,30.0,0.0,1008.0
ATLN,200713L,-94.6,21.2,2007-09-26 21:00:00,30.0,0.0,1008.0
ATLN,200713L,-94.7,21.2,2007-09-27 00:00:00,30.0,0.0,1008.0
ATLN,200713L,-95.4,20.6,2007-09-27 15:00:00,52.0,30.0,1004.0
ATLN,200713L,-96.0,20.5,2007-09-27 21:00:00,65.0,41.2,996.0
ATLN,200713L,-96.3,20.5,2007-09-28 00:00:00,70.0,45.0,990.0
ATLN,200713L,-98.3,20.6,2007-09-28 15:00:00,25.0,0.0,1005.0
ATLN,200713L,-98.7,20.7,2007-09-28 18:00:00,20.0,0.0,1008.0
ATLN,200714L,-26.0,14.0,2007-09-28 09:00:00,28.0,0.0,1010.0
ATLN,200714L,-26.2,14.0,2007-09-28 12:00:00,30.0,0.0,1009.0
ATLN,200714L,-26.4,14.0,2007-09-28 15:00:00,30.0,0.0,1008.0
ATLN,200714L,-26.6,14.0,2007-09-28 18:00:00,30.0,0.0,1008.0
ATLN,200714L,-27.8,14.8,2007-09-29 09:00:00,35.0,52.5,1006.0
ATLN,200714L,-28.1,15.0,2007-09-29 12:00:00,35.0,52.5,1005.0
ATLN,200714L,-28.6,15.2,2007-09-29 15:00:00,35.0,52.5,1005.0
ATLN,200714L,-29.0,15.3,2007-09-29 18:00:00,35.0,52.5,1005.0
ATLN,200714L,-31.4,15.9,2007-09-30 09:00:00,28.0,0.0,1006.0
ATLN,200714L,-32.0,15.9,2007-09-30 12:00:00,25.0,0.0,1007.0
ATLN,200714L,-32.6,16.0,2007-09-30 15:00:00,25.0,0.0,1007.0
ATLN,200714L,-33.3,16.1,2007-09-30 18:00:00,25.0,0.0,1007.0
ATLN,200714L,-36.6,16.4,2007-10-01 09:00:00,25.0,0.0,1008.0
ATLN,200714L,-37.2,16.5,2007-10-01 12:00:00,25.0,0.0,1008.0
ATLN,200714L,-37.9,16.7,2007-10-01 15:00:00,25.0,0.0,1008.0
ATLN,200714L,-38.6,16.9,2007-10-01 18:00:00,25.0,0.0,1008.0
ATLN,200714L,-42.0,17.9,2007-10-02 09:00:00,20.0,0.0,1010.0
ATLN,200714L,-42.6,18.2,2007-10-02 12:00:00,20.0,0.0,1010.0
ATLN,200714L,-43.0,18.5,2007-10-02 15:00:00,22.0,0.0,1010.0
ATLN,200714L,-43.5,18.9,2007-10-02 18:00:00,25.0,0.0,1010.0
ATLN,200714L,-46.0,20.4,2007-10-03 09:00:00,25.0,0.0,1010.0
ATLN,200714L,-46.5,20.7,2007-10-03 12:00:00,25.0,0.0,1010.0
ATLN,200714L,-47.0,21.0,2007-10-03 15:00:00,28.0,0.0,1010.0
ATLN,200714L,-47.5,21.3,2007-10-03 18:00:00,30.0,0.0,1010.0
ATLN,200714L,-50.7,22.4,2007-10-04 12:00:00,25.0,0.0,1010.0
ATLN,200714L,-51.0,22.8,2007-10-04 15:00:00,25.0,0.0,1010.0
ATLN,200714L,-51.3,23.1,2007-10-04 18:00:00,25.0,0.0,1010.0
ATLN,200714L,-51.6,23.4,2007-10-04 21:00:00,25.0,0.0,1010.0
ATLN,200714L,-53.0,24.5,2007-10-05 12:00:00,20.0,0.0,1011.0
ATLN,200714L,-53.2,24.6,2007-10-05 15:00:00,20.0,0.0,1011.0
ATLN,200714L,-53.5,24.6,2007-10-05 18:00:00,20.0,0.0,1011.0
ATLN,200715L,-52.6,29.5,2007-10-11 12:00:00,30.0,0.0,1011.0
ATLN,200715L,-51.8,29.8,2007-10-11 15:00:00,30.0,0.0,1011.0
ATLN,200715L,-51.0,30.1,2007-10-11 18:00:00,30.0,0.0,1011.0
ATLN,200715L,-49.4,30.2,2007-10-12 12:00:00,25.0,0.0,1011.0
ATLN,200715L,-49.4,30.4,2007-10-12 15:00:00,25.0,0.0,1012.0
ATLN,200715L,-49.4,30.5,2007-10-12 18:00:00,25.0,0.0,1012.0
ATLN,200715L,-50.3,31.8,2007-10-13 12:00:00,25.0,0.0,1013.0
ATLN,200715L,-50.1,32.1,2007-10-13 15:00:00,25.0,0.0,1012.0
ATLN,200715L,-50.0,32.5,2007-10-13 18:00:00,25.0,0.0,1012.0
ATLN,200715L,-46.8,34.6,2007-10-14 12:00:00,25.0,0.0,1010.0
ATLN,200715L,-45.8,35.1,2007-10-14 15:00:00,25.0,0.0,1010.0
ATLN,200715L,-44.7,35.6,2007-10-14 18:00:00,25.0,0.0,1010.0
ATLN,200715L,-40.6,36.1,2007-10-15 09:00:00,30.0,0.0,1006.0
ATLN,200715L,-39.9,36.1,2007-10-15 12:00:00,30.0,0.0,1005.0
ATLN,200715L,-39.3,36.2,2007-10-15 15:00:00,30.0,0.0,1004.0
ATLN,200715L,-38.8,36.3,2007-10-15 18:00:00,30.0,0.0,1004.0
ATLN,200715L,-34.4,39.2,2007-10-16 09:00:00,32.0,22.5,1000.0
ATLN,200715L,-33.5,39.8,2007-10-16 12:00:00,35.0,45.0,999.0
ATLN,200715L,-32.6,40.3,2007-10-16 15:00:00,38.0,63.8,998.0
ATLN,200715L,-31.8,40.8,2007-10-16 18:00:00,40.0,82.5,996.0
ATLN,200715L,-27.5,44.8,2007-10-17 09:00:00,45.0,75.0,998.0
ATLN,200715L,-26.7,45.8,2007-10-17 12:00:00,45.0,75.0,998.0
ATLN,200715L,-25.9,47.2,2007-10-17 15:00:00,42.0,75.0,998.0
ATLN,200715L,-25.2,48.7,2007-10-17 18:00:00,40.0,75.0,999.0
ATLN,200716L,-61.2,18.1,2007-10-24 12:00:00,25.0,0.0,1009.0
ATLN,200716L,-61.5,18.2,2007-10-24 15:00:00,25.0,0.0,1009.0
ATLN,200716L,-62.0,18.6,2007-10-24 21:00:00,25.0,0.0,1009.0
ATLN,200716L,-63.5,19.2,2007-10-25 12:00:00,25.0,0.0,1007.0
ATLN,200716L,-63.8,19.1,2007-10-25 15:00:00,25.0,0.0,1006.0
ATLN,200716L,-64.1,19.1,2007-10-25 18:00:00,25.0,0.0,1006.0
ATLN,200716L,-64.4,19.0,2007-10-25 21:00:00,25.0,0.0,1006.0
ATLN,200716L,-66.7,17.2,2007-10-26 12:00:00,25.0,0.0,1004.0
ATLN,200716L,-67.2,16.9,2007-10-26 15:00:00,25.0,0.0,1004.0
ATLN,200716L,-67.7,16.5,2007-10-26 18:00:00,25.0,0.0,1004.0
ATLN,200716L,-68.1,16.3,2007-10-26 21:00:00,25.0,0.0,1004.0
ATLN,200716L,-70.1,15.3,2007-10-27 12:00:00,25.0,0.0,1004.0
ATLN,200716L,-70.5,15.4,2007-10-27 15:00:00,25.0,0.0,1004.0
ATLN,200716L,-71.0,15.4,2007-10-27 18:00:00,25.0,0.0,1004.0
ATLN,200716L,-71.1,15.6,2007-10-27 21:00:00,28.0,0.0,1004.0
ATLN,200716L,-71.6,16.3,2007-10-28 12:00:00,40.0,43.8,999.0
ATLN,200716L,-71.7,16.5,2007-10-28 15:00:00,45.0,51.2,998.0
ATLN,200716L,-71.8,16.6,2007-10-28 18:00:00,50.0,58.8,996.0
ATLN,200716L,-71.9,16.9,2007-10-28 21:00:00,50.0,65.0,998.0
ATLN,200716L,-72.9,19.2,2007-10-29 12:00:00,40.0,103.8,1002.0
ATLN,200716L,-73.2,19.7,2007-10-29 15:00:00,42.0,105.0,1002.0
ATLN,200716L,-73.6,20.2,2007-10-29 18:00:00,45.0,106.2,1001.0
ATLN,200716L,-74.1,20.6,2007-10-29 21:00:00,45.0,106.2,1000.0
ATLN,200716L,-76.8,20.8,2007-10-30 12:00:00,40.0,81.2,999.0
ATLN,200716L,-77.1,20.8,2007-10-30 15:00:00,38.0,59.4,1000.0
ATLN,200716L,-77.4,20.8,2007-10-30 18:00:00,35.0,37.5,1000.0
ATLN,200716L,-78.3,22.5,2007-10-31 12:00:00,45.0,65.0,995.0
ATLN,200716L,-78.5,22.6,2007-10-31 15:00:00,45.0,70.0,995.0
ATLN,200716L,-78.8,22.6,2007-10-31 18:00:00,45.0,75.0,995.0
ATLN,200716L,-78.7,22.8,2007-10-31 21:00:00,48.0,80.0,995.0
ATLN,200716L,-78.0,23.9,2007-11-01 12:00:00,50.0,87.5,993.0
ATLN,200716L,-77.7,24.5,2007-11-01 15:00:00,52.0,97.5,992.0
ATLN,200716L,-77.3,25.1,2007-11-01 18:00:00,55.0,107.5,992.0
ATLN,200716L,-76.9,25.8,2007-11-01 21:00:00,62.0,120.6,986.0
ATLN,200716L,-74.4,28.7,2007-11-02 12:00:00,70.0,186.2,981.0
ATLN,200716L,-73.8,29.5,2007-11-02 15:00:00,70.0,194.4,980.0
ATLN,200716L,-73.3,30.3,2007-11-02 18:00:00,70.0,202.5,980.0
ATLN,200716L,-72.8,31.3,2007-11-02 21:00:00,70.0,255.0,980.0
ATLN,200716L,-70.9,36.4,2007-11-03 12:00:00,75.0,375.0,974.0
ATLN,200716L,-70.3,37.6,2007-11-03 15:00:00,75.0,371.2,972.0
ATLN,200716L,-69.7,38.8,2007-11-03 18:00:00,75.0,367.5,970.0
ATLN,200716L,-69.0,40.0,2007-11-03 21:00:00,72.0,367.5,969.0
ATLN,200716L,-64.3,47.5,2007-11-04 12:00:00,60.0,306.2,966.0
ATLN,200716L,-63.2,49.4,2007-11-04 15:00:00,60.0,306.2,966.0
ATLN,200717L,-61.8,18.3,2007-12-10 12:00:00,35.0,87.5,1009.0
ATLN,200717L,-73.8,19.1,2007-12-12 12:00:00,35.0,75.0,1008.0
ATLN,200717L,-74.8,19.1,2007-12-12 15:00:00,32.0,37.5,1008.0
ATLN,200717L,-80.1,19.4,2007-12-13 12:00:00,30.0,0.0,1007.0
ATLN,200717L,-80.7,19.5,2007-12-13 15:00:00,30.0,0.0,1007.0
ATLN,200717L,-84.2,19.6,2007-12-14 12:00:00,30.0,0.0,1007.0
ATLN,200717L,-85.1,19.5,2007-12-14 18:00:00,30.0,0.0,1007.0
ATLN,200717L,-87.8,22.5,2007-12-15 15:00:00,30.0,0.0,1007.0
ATLN,200717L,-88.2,23.3,2007-12-15 18:00:00,30.0,0.0,1007.0
ATLN,200801L,-87.5,17.5,2008-05-31 00:00:00,35.0,37.5,1005.0
ATLN,200801L,-88.4,18.0,2008-05-31 12:00:00,35.0,81.2,1005.0
ATLN,200801L,-88.6,18.1,2008-05-31 15:00:00,35.0,81.2,1005.0
ATLN,200801L,-88.8,18.2,2008-05-31 18:00:00,35.0,81.2,1005.0
ATLN,200801L,-90.4,18.0,2008-06-01 12:00:00,30.0,0.0,1006.0
ATLN,200801L,-90.6,17.9,2008-06-01 15:00:00,30.0,0.0,1006.0
ATLN,200801L,-90.8,17.8,2008-06-01 18:00:00,30.0,0.0,1006.0
ATLN,200801L,-90.9,17.7,2008-06-01 21:00:00,28.0,0.0,1006.0
ATLN,200802L,-24.0,13.1,2008-07-03 12:00:00,35.0,22.5,1006.0
ATLN,200802L,-24.6,13.1,2008-07-03 15:00:00,35.0,22.5,1006.0
ATLN,200802L,-25.2,13.2,2008-07-03 18:00:00,35.0,22.5,1006.0
ATLN,200802L,-28.5,14.4,2008-07-04 09:00:00,42.0,41.2,1002.0
ATLN,200802L,-29.2,14.8,2008-07-04 12:00:00,45.0,45.0,1000.0
ATLN,200802L,-30.0,15.1,2008-07-04 15:00:00,45.0,45.0,1000.0
ATLN,200802L,-30.8,15.4,2008-07-04 18:00:00,45.0,45.0,1000.0
ATLN,200802L,-35.4,16.4,2008-07-05 09:00:00,45.0,45.0,1000.0
ATLN,200802L,-36.4,16.4,2008-07-05 12:00:00,45.0,45.0,1000.0
ATLN,200802L,-37.4,16.5,2008-07-05 15:00:00,45.0,45.0,1000.0
ATLN,200802L,-38.4,16.6,2008-07-05 18:00:00,45.0,45.0,1000.0
ATLN,200802L,-39.3,16.7,2008-07-05 21:00:00,45.0,45.0,1000.0
ATLN,200802L,-43.3,17.3,2008-07-06 09:00:00,45.0,45.0,1000.0
ATLN,200802L,-44.3,17.6,2008-07-06 12:00:00,45.0,45.0,1000.0
ATLN,200802L,-45.2,18.0,2008-07-06 15:00:00,45.0,45.0,1000.0
ATLN,200802L,-46.2,18.4,2008-07-06 18:00:00,45.0,45.0,1000.0
ATLN,200802L,-47.0,18.6,2008-07-06 21:00:00,50.0,45.0,997.0
ATLN,200802L,-50.0,19.2,2008-07-07 09:00:00,72.0,76.2,981.0
ATLN,200802L,-50.7,19.4,2008-07-07 12:00:00,80.0,76.2,975.0
ATLN,200802L,-51.2,19.6,2008-07-07 15:00:00,90.0,76.2,968.0
ATLN,200802L,-51.6,19.9,2008-07-07 18:00:00,100.0,76.2,960.0
ATLN,200802L,-51.9,20.2,2008-07-07 21:00:00,102.0,76.2,958.0
ATLN,200802L,-53.2,21.5,2008-07-08 09:00:00,98.0,76.2,962.0
ATLN,200802L,-53.5,21.8,2008-07-08 12:00:00,90.0,76.2,970.0
ATLN,200802L,-54.0,22.1,2008-07-08 15:00:00,82.0,71.9,975.0
ATLN,200802L,-54.4,22.4,2008-07-08 18:00:00,75.0,67.5,980.0
ATLN,200802L,-54.8,22.5,2008-07-08 21:00:00,72.0,67.5,982.0
ATLN,200802L,-57.0,23.8,2008-07-09 12:00:00,65.0,78.8,987.0
ATLN,200802L,-57.4,24.1,2008-07-09 15:00:00,75.0,80.6,980.0
ATLN,200802L,-57.8,24.5,2008-07-09 18:00:00,85.0,82.5,974.0
ATLN,200802L,-58.2,24.9,2008-07-09 21:00:00,88.0,82.5,972.0
ATLN,200802L,-59.8,26.3,2008-07-10 12:00:00,80.0,90.0,977.0
ATLN,200802L,-60.1,26.6,2008-07-10 15:00:00,78.0,90.0,978.0
ATLN,200802L,-60.5,26.9,2008-07-10 18:00:00,75.0,90.0,980.0
ATLN,200802L,-60.8,27.1,2008-07-10 21:00:00,75.0,95.0,980.0
ATLN,200802L,-61.8,28.3,2008-07-11 12:00:00,75.0,100.0,980.0
ATLN,200802L,-62.0,28.6,2008-07-11 15:00:00,78.0,107.5,978.0
ATLN,200802L,-62.1,28.8,2008-07-11 18:00:00,80.0,115.0,976.0
ATLN,200802L,-62.5,29.7,2008-07-12 12:00:00,75.0,142.5,976.0
ATLN,200802L,-62.5,29.8,2008-07-12 15:00:00,70.0,150.0,980.0
ATLN,200802L,-62.5,29.9,2008-07-12 18:00:00,65.0,157.5,983.0
ATLN,200802L,-62.5,29.9,2008-07-12 21:00:00,65.0,146.2,984.0
ATLN,200802L,-62.7,29.9,2008-07-13 12:00:00,60.0,135.0,988.0
ATLN,200802L,-62.8,30.0,2008-07-13 15:00:00,58.0,130.0,990.0
ATLN,200802L,-62.9,30.1,2008-07-13 18:00:00,55.0,125.0,991.0
ATLN,200802L,-63.0,30.3,2008-07-13 21:00:00,55.0,121.2,990.0
ATLN,200802L,-63.8,31.6,2008-07-14 12:00:00,55.0,117.5,994.0
ATLN,200802L,-63.9,32.0,2008-07-14 15:00:00,58.0,118.8,994.0
ATLN,200802L,-64.1,32.5,2008-07-14 18:00:00,60.0,120.0,995.0
ATLN,200802L,-63.9,33.0,2008-07-14 21:00:00,60.0,115.0,995.0
ATLN,200802L,-63.0,35.3,2008-07-15 12:00:00,60.0,105.0,995.0
ATLN,200802L,-62.8,35.8,2008-07-15 15:00:00,60.0,105.0,995.0
ATLN,200802L,-62.5,36.2,2008-07-15 18:00:00,60.0,105.0,995.0
ATLN,200802L,-62.1,36.5,2008-07-15 21:00:00,60.0,105.0,995.0
ATLN,200802L,-60.9,36.8,2008-07-16 12:00:00,60.0,105.0,995.0
ATLN,200802L,-60.8,36.5,2008-07-16 15:00:00,60.0,105.0,995.0
ATLN,200802L,-60.7,36.3,2008-07-16 18:00:00,60.0,105.0,995.0
ATLN,200802L,-60.5,36.0,2008-07-16 21:00:00,58.0,107.5,996.0
ATLN,200802L,-58.9,34.3,2008-07-17 12:00:00,50.0,105.0,997.0
ATLN,200802L,-58.3,34.1,2008-07-17 15:00:00,50.0,105.0,997.0
ATLN,200802L,-57.8,33.9,2008-07-17 18:00:00,50.0,105.0,997.0
ATLN,200802L,-56.9,33.8,2008-07-17 21:00:00,50.0,105.0,997.0
ATLN,200802L,-53.7,35.0,2008-07-18 09:00:00,55.0,108.1,995.0
ATLN,200802L,-53.0,35.5,2008-07-18 12:00:00,55.0,111.2,995.0
ATLN,200802L,-52.2,36.2,2008-07-18 15:00:00,60.0,111.2,992.0
ATLN,200802L,-51.5,36.9,2008-07-18 18:00:00,65.0,111.2,989.0
ATLN,200802L,-50.6,37.8,2008-07-18 21:00:00,65.0,111.2,989.0
ATLN,200802L,-47.1,41.2,2008-07-19 09:00:00,65.0,122.5,989.0
ATLN,200802L,-46.3,42.1,2008-07-19 12:00:00,65.0,133.8,989.0
ATLN,200802L,-45.3,42.9,2008-07-19 15:00:00,65.0,136.9,989.0
ATLN,200802L,-44.3,43.7,2008-07-19 18:00:00,65.0,140.0,989.0
ATLN,200802L,-38.5,48.8,2008-07-20 09:00:00,60.0,140.6,985.0
ATLN,200803L,-79.8,31.7,2008-07-19 00:00:00,25.0,0.0,1010.0
ATLN,200803L,-78.8,32.4,2008-07-19 12:00:00,35.0,37.5,1007.0
ATLN,200803L,-78.5,32.6,2008-07-19 15:00:00,40.0,37.5,1006.0
ATLN,200803L,-78.2,32.8,2008-07-19 18:00:00,45.0,37.5,1006.0
ATLN,200803L,-78.0,33.0,2008-07-19 21:00:00,45.0,37.5,1006.0
ATLN,200803L,-77.8,33.2,2008-07-20 00:00:00,45.0,37.5,1006.0
ATLN,200803L,-76.7,34.1,2008-07-20 12:00:00,45.0,25.0,1006.0
ATLN,200803L,-76.4,34.3,2008-07-20 15:00:00,45.0,25.0,1006.0
ATLN,200803L,-76.1,34.5,2008-07-20 18:00:00,45.0,25.0,1007.0
ATLN,200803L,-75.8,34.7,2008-07-20 21:00:00,45.0,25.0,1006.0
ATLN,200803L,-75.4,34.9,2008-07-21 00:00:00,45.0,25.0,1005.0
ATLN,200803L,-73.2,36.2,2008-07-21 12:00:00,55.0,57.5,1000.0
ATLN,200803L,-72.6,36.5,2008-07-21 15:00:00,55.0,57.5,1000.0
ATLN,200803L,-72.0,36.8,2008-07-21 18:00:00,55.0,57.5,1000.0
ATLN,200803L,-71.3,37.1,2008-07-21 21:00:00,55.0,55.0,1000.0
ATLN,200803L,-67.0,40.0,2008-07-22 12:00:00,55.0,52.5,998.0
ATLN,200803L,-62.5,42.5,2008-07-22 21:00:00,48.0,46.9,1000.0
ATLN,200804L,-83.6,17.8,2008-07-20 12:00:00,40.0,62.5,1008.0
ATLN,200804L,-84.1,18.2,2008-07-20 15:00:00,40.0,87.5,1008.0
ATLN,200804L,-84.6,18.6,2008-07-20 18:00:00,40.0,112.5,1008.0
ATLN,200804L,-85.2,19.2,2008-07-20 21:00:00,42.0,112.5,1008.0
ATLN,200804L,-85.8,19.8,2008-07-21 00:00:00,45.0,112.5,1007.0
ATLN,200804L,-88.8,21.8,2008-07-21 12:00:00,45.0,112.5,1005.0
ATLN,200804L,-89.6,22.3,2008-07-21 15:00:00,45.0,105.0,1005.0
ATLN,200804L,-90.4,22.8,2008-07-21 18:00:00,45.0,97.5,1005.0
ATLN,200804L,-91.2,22.9,2008-07-21 21:00:00,45.0,101.2,1002.0
ATLN,200804L,-92.0,23.0,2008-07-22 00:00:00,45.0,105.0,1000.0
ATLN,200804L,-94.1,23.7,2008-07-22 12:00:00,55.0,110.0,993.0
ATLN,200804L,-94.5,24.0,2008-07-22 15:00:00,58.0,115.0,992.0
ATLN,200804L,-94.9,24.3,2008-07-22 18:00:00,60.0,120.0,990.0
ATLN,200804L,-95.3,24.6,2008-07-22 21:00:00,62.0,115.0,986.0
ATLN,200804L,-95.7,24.9,2008-07-23 00:00:00,65.0,110.0,982.0
ATLN,200804L,-96.7,25.9,2008-07-23 12:00:00,85.0,110.0,967.0
ATLN,200804L,-97.0,26.1,2008-07-23 15:00:00,80.0,96.2,967.0
ATLN,200804L,-97.2,26.4,2008-07-23 18:00:00,75.0,82.5,967.0
ATLN,200804L,-97.8,26.5,2008-07-24 00:00:00,65.0,72.5,976.0
ATLN,200804L,-99.5,27.5,2008-07-24 15:00:00,40.0,57.5,994.0
ATLN,200804L,-100.0,27.9,2008-07-24 18:00:00,35.0,57.5,995.0
ATLN,200804L,-100.7,28.1,2008-07-24 21:00:00,30.0,28.8,998.0
ATLN,200804L,-101.4,28.3,2008-07-25 00:00:00,25.0,0.0,1000.0
ATLN,200804L,-104.5,29.1,2008-07-25 15:00:00,25.0,0.0,1008.0
ATLN,200804L,-105.0,29.4,2008-07-25 18:00:00,25.0,0.0,1009.0
ATLN,200804L,-105.3,29.7,2008-07-25 21:00:00,22.0,0.0,1010.0
ATLN,200804L,-105.7,30.0,2008-07-26 00:00:00,20.0,0.0,1012.0
ATLN,200804L,-106.5,31.4,2008-07-26 15:00:00,20.0,0.0,1012.0
ATLN,200804L,-106.7,31.9,2008-07-26 18:00:00,20.0,0.0,1014.0
ATLN,200804L,-106.5,32.4,2008-07-26 21:00:00,20.0,0.0,1015.0
ATLN,200804L,-106.3,32.9,2008-07-27 00:00:00,20.0,0.0,1016.0
ATLN,200805L,-87.4,28.1,2008-08-03 12:00:00,25.0,0.0,1010.0
ATLN,200805L,-87.6,28.1,2008-08-03 15:00:00,28.0,0.0,1010.0
ATLN,200805L,-87.8,28.1,2008-08-03 18:00:00,30.0,0.0,1009.0
ATLN,200805L,-88.2,28.1,2008-08-03 21:00:00,38.0,6.2,1006.0
ATLN,200805L,-88.5,28.1,2008-08-04 00:00:00,45.0,12.5,1002.0
ATLN,200805L,-90.3,28.1,2008-08-04 12:00:00,40.0,7.5,1002.0
ATLN,200805L,-90.7,28.2,2008-08-04 15:00:00,40.0,26.2,1002.0
ATLN,200805L,-91.0,28.3,2008-08-04 18:00:00,40.0,45.0,1001.0
ATLN,200805L,-91.3,28.4,2008-08-04 21:00:00,45.0,50.6,1000.0
ATLN,200805L,-91.7,28.5,2008-08-05 00:00:00,50.0,56.2,999.0
ATLN,200805L,-94.2,29.6,2008-08-05 12:00:00,55.0,52.5,996.0
ATLN,200805L,-94.5,29.8,2008-08-05 15:00:00,48.0,33.8,998.0
ATLN,200805L,-95.7,30.6,2008-08-06 00:00:00,30.0,0.0,1003.0
ATLN,200805L,-98.3,32.4,2008-08-06 15:00:00,20.0,0.0,1012.0
ATLN,200805L,-98.7,32.7,2008-08-06 18:00:00,20.0,0.0,1012.0
ATLN,200806L,-67.4,18.4,2008-08-15 12:00:00,30.0,0.0,1011.0
ATLN,200806L,-68.1,18.4,2008-08-15 15:00:00,32.0,18.8,1010.0
ATLN,200806L,-68.8,18.5,2008-08-15 18:00:00,35.0,37.5,1009.0
ATLN,200806L,-69.5,18.6,2008-08-15 21:00:00,38.0,46.9,1008.0
ATLN,200806L,-72.9,18.8,2008-08-16 12:00:00,40.0,56.2,1007.0
ATLN,200806L,-73.8,19.0,2008-08-16 15:00:00,40.0,46.9,1007.0
ATLN,200806L,-74.6,19.1,2008-08-16 18:00:00,40.0,37.5,1007.0
ATLN,200806L,-75.2,19.2,2008-08-16 21:00:00,42.0,37.5,1006.0
ATLN,200806L,-78.1,20.0,2008-08-17 12:00:00,45.0,35.0,1003.0
ATLN,200806L,-78.8,20.4,2008-08-17 15:00:00,45.0,40.0,1004.0
ATLN,200806L,-79.6,20.7,2008-08-17 18:00:00,45.0,45.0,1006.0
ATLN,200806L,-79.9,20.9,2008-08-17 21:00:00,45.0,45.0,1004.0
ATLN,200806L,-81.2,23.2,2008-08-18 12:00:00,50.0,47.5,1002.0
ATLN,200806L,-81.5,23.8,2008-08-18 15:00:00,50.0,56.2,1001.0
ATLN,200806L,-81.7,24.3,2008-08-18 18:00:00,50.0,65.0,1000.0
ATLN,200806L,-81.8,24.6,2008-08-18 21:00:00,50.0,65.0,998.0
ATLN,200806L,-81.9,25.0,2008-08-19 00:00:00,50.0,65.0,997.0
ATLN,200806L,-81.4,26.4,2008-08-19 12:00:00,55.0,62.5,988.0
ATLN,200806L,-81.2,26.7,2008-08-19 15:00:00,58.0,72.5,987.0
ATLN,200806L,-81.1,27.0,2008-08-19 18:00:00,60.0,82.5,986.0
ATLN,200806L,-81.0,27.2,2008-08-19 21:00:00,58.0,78.8,987.0
ATLN,200806L,-80.6,28.4,2008-08-20 12:00:00,45.0,47.5,994.0
ATLN,200806L,-80.6,28.5,2008-08-20 15:00:00,45.0,55.0,996.0
ATLN,200806L,-80.6,28.7,2008-08-20 18:00:00,45.0,62.5,997.0
ATLN,200806L,-80.5,28.8,2008-08-20 21:00:00,48.0,77.5,995.0
ATLN,200806L,-80.7,29.2,2008-08-21 12:00:00,50.0,92.5,993.0
ATLN,200806L,-80.8,29.2,2008-08-21 15:00:00,52.0,92.5,993.0
ATLN,200806L,-81.0,29.3,2008-08-21 18:00:00,55.0,92.5,993.0
ATLN,200806L,-81.1,29.3,2008-08-21 21:00:00,52.0,100.0,994.0
ATLN,200806L,-82.4,29.6,2008-08-22 12:00:00,45.0,55.0,996.0
ATLN,200806L,-82.7,29.7,2008-08-22 15:00:00,42.0,60.0,996.0
ATLN,200806L,-83.0,29.8,2008-08-22 18:00:00,40.0,65.0,997.0
ATLN,200806L,-83.4,29.8,2008-08-22 21:00:00,42.0,52.5,996.0
ATLN,200806L,-83.8,29.7,2008-08-23 00:00:00,45.0,40.0,996.0
ATLN,200806L,-85.2,30.0,2008-08-23 12:00:00,40.0,40.0,998.0
ATLN,200806L,-85.6,30.2,2008-08-23 15:00:00,40.0,33.8,998.0
ATLN,200806L,-85.9,30.5,2008-08-23 18:00:00,40.0,27.5,999.0
ATLN,200806L,-86.3,30.6,2008-08-23 21:00:00,35.0,13.8,999.0
ATLN,200806L,-86.7,30.8,2008-08-24 00:00:00,30.0,0.0,999.0
ATLN,200806L,-88.4,31.8,2008-08-24 12:00:00,30.0,0.0,1000.0
ATLN,200806L,-89.1,31.6,2008-08-24 15:00:00,30.0,0.0,1000.0
ATLN,200806L,-89.7,31.5,2008-08-24 18:00:00,30.0,0.0,1001.0
ATLN,200806L,-90.0,31.3,2008-08-25 00:00:00,30.0,0.0,1001.0
ATLN,200806L,-89.4,32.0,2008-08-25 12:00:00,25.0,0.0,1002.0
ATLN,200806L,-89.2,32.2,2008-08-25 15:00:00,25.0,0.0,1002.0
ATLN,200806L,-89.0,32.4,2008-08-25 18:00:00,25.0,0.0,1002.0
ATLN,200806L,-88.8,32.5,2008-08-25 21:00:00,22.0,0.0,1002.0
ATLN,200806L,-88.6,32.7,2008-08-26 00:00:00,20.0,0.0,1002.0
ATLN,200806L,-87.2,33.9,2008-08-26 12:00:00,20.0,0.0,1003.0
ATLN,200806L,-86.8,34.2,2008-08-26 15:00:00,20.0,0.0,1004.0
ATLN,200806L,-85.8,35.0,2008-08-27 00:00:00,15.0,0.0,1005.0
ATLN,200806L,-84.4,36.1,2008-08-27 12:00:00,15.0,0.0,1007.0
ATLN,200806L,-84.0,36.5,2008-08-27 15:00:00,15.0,0.0,1008.0
ATLN,200806L,-83.6,36.9,2008-08-27 18:00:00,15.0,0.0,1008.0
ATLN,200806L,-83.4,37.1,2008-08-27 21:00:00,15.0,0.0,1008.0
ATLN,200806L,-83.2,37.4,2008-08-28 00:00:00,15.0,0.0,1009.0
ATLN,200807L,-69.6,15.1,2008-08-25 12:00:00,35.0,27.5,1002.0
ATLN,200807L,-70.0,15.4,2008-08-25 15:00:00,42.0,30.6,999.0
ATLN,200807L,-70.5,15.8,2008-08-25 18:00:00,50.0,33.8,996.0
ATLN,200807L,-70.8,16.1,2008-08-25 21:00:00,55.0,33.8,994.0
ATLN,200807L,-72.1,17.5,2008-08-26 12:00:00,80.0,41.2,981.0
ATLN,200807L,-72.4,17.8,2008-08-26 15:00:00,75.0,39.4,986.0
ATLN,200807L,-72.9,18.2,2008-08-26 21:00:00,60.0,37.5,994.0
ATLN,200807L,-73.7,18.7,2008-08-27 12:00:00,45.0,22.5,998.0
ATLN,200807L,-73.8,18.8,2008-08-27 15:00:00,45.0,22.5,998.0
ATLN,200807L,-74.0,18.9,2008-08-27 18:00:00,45.0,22.5,999.0
ATLN,200807L,-74.5,18.9,2008-08-27 21:00:00,42.0,22.5,999.0
ATLN,200807L,-75.7,17.9,2008-08-28 12:00:00,60.0,46.2,984.0
ATLN,200807L,-76.0,17.9,2008-08-28 15:00:00,60.0,45.6,984.0
ATLN,200807L,-76.2,18.0,2008-08-28 18:00:00,60.0,45.0,984.0
ATLN,200807L,-76.6,17.9,2008-08-28 21:00:00,60.0,55.0,986.0
ATLN,200807L,-78.4,18.3,2008-08-29 12:00:00,50.0,85.0,989.0
ATLN,200807L,-78.8,18.6,2008-08-29 15:00:00,58.0,95.0,986.0
ATLN,200807L,-79.2,18.8,2008-08-29 18:00:00,65.0,105.0,984.0
ATLN,200807L,-79.6,19.0,2008-08-29 21:00:00,70.0,111.2,980.0
ATLN,200807L,-81.6,20.7,2008-08-30 12:00:00,110.0,113.8,955.0
ATLN,200807L,-82.0,21.1,2008-08-30 15:00:00,118.0,116.9,949.0
ATLN,200807L,-82.5,21.6,2008-08-30 18:00:00,125.0,120.0,943.0
ATLN,200807L,-83.0,22.1,2008-08-30 21:00:00,122.0,124.4,946.0
ATLN,200807L,-85.5,24.8,2008-08-31 12:00:00,100.0,152.5,961.0
ATLN,200807L,-86.1,25.4,2008-08-31 15:00:00,98.0,160.0,960.0
ATLN,200807L,-87.2,26.4,2008-08-31 21:00:00,95.0,171.2,956.0
ATLN,200807L,-87.7,26.9,2008-09-01 00:00:00,95.0,175.0,953.0
ATLN,200807L,-90.3,28.8,2008-09-01 12:00:00,95.0,172.5,955.0
ATLN,200807L,-90.8,29.3,2008-09-01 15:00:00,90.0,151.9,956.0
ATLN,200807L,-91.4,29.8,2008-09-01 18:00:00,85.0,131.2,958.0
ATLN,200807L,-91.8,30.2,2008-09-01 21:00:00,72.0,107.5,964.0
ATLN,200807L,-92.3,30.7,2008-09-02 00:00:00,60.0,83.8,971.0
ATLN,200807L,-93.7,32.4,2008-09-02 15:00:00,25.0,0.0,991.0
ATLN,200807L,-93.9,32.7,2008-09-02 18:00:00,20.0,0.0,993.0
ATLN,200807L,-93.9,33.0,2008-09-02 21:00:00,20.0,0.0,994.0
ATLN,200807L,-93.9,33.2,2008-09-03 00:00:00,20.0,0.0,995.0
ATLN,200807L,-94.4,33.8,2008-09-03 12:00:00,20.0,0.0,997.0
ATLN,200807L,-94.4,33.9,2008-09-03 15:00:00,20.0,0.0,998.0
ATLN,200807L,-94.4,34.0,2008-09-03 18:00:00,20.0,0.0,998.0
ATLN,200807L,-94.2,34.1,2008-09-03 21:00:00,18.0,0.0,998.0
ATLN,200807L,-94.1,34.3,2008-09-04 00:00:00,15.0,0.0,998.0
ATLN,200807L,-92.3,36.2,2008-09-04 12:00:00,15.0,0.0,1000.0
ATLN,200807L,-91.5,37.4,2008-09-04 15:00:00,18.0,0.0,1000.0
ATLN,200807L,-90.7,38.5,2008-09-04 18:00:00,20.0,0.0,1000.0
ATLN,200807L,-89.7,39.4,2008-09-04 21:00:00,20.0,0.0,1001.0
ATLN,200807L,-88.7,40.2,2008-09-05 00:00:00,20.0,0.0,1002.0
ATLN,200807L,-83.8,43.7,2008-09-05 12:00:00,20.0,0.0,1004.0
ATLN,200808L,-58.6,20.1,2008-08-28 12:00:00,35.0,25.0,1003.0
ATLN,200808L,-59.1,20.3,2008-08-28 15:00:00,35.0,25.0,1003.0
ATLN,200808L,-59.6,20.5,2008-08-28 18:00:00,35.0,25.0,1003.0
ATLN,200808L,-60.0,20.6,2008-08-28 21:00:00,38.0,28.8,1002.0
ATLN,200808L,-62.4,21.1,2008-08-29 12:00:00,45.0,45.0,1000.0
ATLN,200808L,-62.9,21.3,2008-08-29 15:00:00,45.0,53.8,1000.0
ATLN,200808L,-63.4,21.5,2008-08-29 18:00:00,45.0,62.5,1000.0
ATLN,200808L,-64.0,21.6,2008-08-29 21:00:00,45.0,71.9,1000.0
ATLN,200808L,-66.2,21.9,2008-08-30 12:00:00,45.0,93.8,1000.0
ATLN,200808L,-66.6,22.0,2008-08-30 15:00:00,45.0,96.9,1000.0
ATLN,200808L,-66.9,22.2,2008-08-30 18:00:00,45.0,100.0,1000.0
ATLN,200808L,-67.2,22.4,2008-08-30 21:00:00,48.0,105.0,1000.0
ATLN,200808L,-69.8,23.5,2008-08-31 12:00:00,40.0,90.0,999.0
ATLN,200808L,-70.4,23.6,2008-08-31 15:00:00,40.0,91.9,998.0
ATLN,200808L,-71.0,23.6,2008-08-31 18:00:00,40.0,93.8,997.0
ATLN,200808L,-71.3,23.6,2008-08-31 21:00:00,42.0,93.8,997.0
ATLN,200808L,-72.2,22.8,2008-09-01 12:00:00,60.0,108.8,990.0
ATLN,200808L,-72.3,22.6,2008-09-01 15:00:00,65.0,110.0,988.0
ATLN,200808L,-72.4,22.3,2008-09-01 18:00:00,70.0,111.2,985.0
ATLN,200808L,-72.3,22.1,2008-09-01 21:00:00,72.0,118.1,981.0
ATLN,200808L,-73.0,21.0,2008-09-02 12:00:00,60.0,118.8,983.0
ATLN,200808L,-73.0,20.8,2008-09-02 15:00:00,58.0,118.8,984.0
ATLN,200808L,-72.9,20.6,2008-09-02 18:00:00,55.0,118.8,985.0
ATLN,200808L,-72.8,20.5,2008-09-02 21:00:00,55.0,125.0,986.0
ATLN,200808L,-71.9,20.6,2008-09-03 12:00:00,45.0,162.5,996.0
ATLN,200808L,-71.8,21.1,2008-09-03 15:00:00,48.0,162.5,995.0
ATLN,200808L,-71.8,21.6,2008-09-03 18:00:00,50.0,162.5,994.0
ATLN,200808L,-71.8,22.1,2008-09-03 21:00:00,52.0,170.0,992.0
ATLN,200808L,-73.2,24.1,2008-09-04 12:00:00,55.0,183.8,989.0
ATLN,200808L,-73.8,24.6,2008-09-04 15:00:00,55.0,183.1,989.0
ATLN,200808L,-74.3,25.1,2008-09-04 18:00:00,55.0,182.5,989.0
ATLN,200808L,-75.0,25.6,2008-09-04 21:00:00,55.0,180.0,988.0
ATLN,200808L,-78.5,28.2,2008-09-05 12:00:00,55.0,167.5,980.0
ATLN,200808L,-78.6,29.0,2008-09-05 15:00:00,58.0,164.4,980.0
ATLN,200808L,-78.7,29.9,2008-09-05 18:00:00,60.0,161.2,980.0
ATLN,200808L,-79.0,30.7,2008-09-05 21:00:00,60.0,146.2,980.0
ATLN,200808L,-78.1,35.7,2008-09-06 12:00:00,45.0,87.5,985.0
ATLN,200808L,-77.4,36.8,2008-09-06 15:00:00,45.0,85.6,989.0
ATLN,200808L,-76.7,37.8,2008-09-06 18:00:00,45.0,83.8,993.0
ATLN,200808L,-75.6,38.9,2008-09-06 21:00:00,45.0,83.8,994.0
ATLN,200808L,-68.0,43.8,2008-09-07 12:00:00,45.0,71.2,995.0
ATLN,200808L,-65.8,44.8,2008-09-07 15:00:00,45.0,61.9,995.0
ATLN,200808L,-63.7,45.7,2008-09-07 18:00:00,45.0,52.5,995.0
ATLN,200808L,-61.4,46.4,2008-09-07 21:00:00,42.0,52.5,996.0
ATLN,200808L,-52.1,47.8,2008-09-08 12:00:00,35.0,112.5,996.0
ATLN,200809L,-37.7,17.2,2008-09-01 09:00:00,32.0,31.9,1006.0
ATLN,200809L,-38.4,17.3,2008-09-01 12:00:00,35.0,63.8,1005.0
ATLN,200809L,-39.1,17.4,2008-09-01 15:00:00,40.0,71.2,1004.0
ATLN,200809L,-39.9,17.5,2008-09-01 18:00:00,45.0,78.8,1003.0
ATLN,200809L,-43.5,18.4,2008-09-02 09:00:00,48.0,96.9,1000.0
ATLN,200809L,-44.3,18.7,2008-09-02 12:00:00,50.0,97.5,999.0
ATLN,200809L,-45.0,19.0,2008-09-02 15:00:00,52.0,103.1,998.0
ATLN,200809L,-45.8,19.3,2008-09-02 18:00:00,55.0,108.8,996.0
ATLN,200809L,-46.5,19.6,2008-09-02 21:00:00,55.0,108.1,995.0
ATLN,200809L,-50.3,20.6,2008-09-03 12:00:00,60.0,102.5,989.0
ATLN,200809L,-51.1,20.9,2008-09-03 15:00:00,68.0,102.5,984.0
ATLN,200809L,-51.9,21.1,2008-09-03 18:00:00,75.0,102.5,979.0
ATLN,200809L,-52.7,21.5,2008-09-03 21:00:00,90.0,103.1,968.0
ATLN,200809L,-56.4,23.0,2008-09-04 12:00:00,120.0,96.2,937.0
ATLN,200809L,-57.0,23.2,2008-09-04 15:00:00,118.0,95.0,938.0
ATLN,200809L,-57.7,23.4,2008-09-04 18:00:00,115.0,93.8,940.0
ATLN,200809L,-58.4,23.5,2008-09-04 21:00:00,115.0,93.1,942.0
ATLN,200809L,-61.9,23.5,2008-09-05 12:00:00,105.0,93.8,954.0
ATLN,200809L,-62.6,23.4,2008-09-05 15:00:00,102.0,95.6,956.0
ATLN,200809L,-63.4,23.2,2008-09-05 18:00:00,100.0,97.5,959.0
ATLN,200809L,-64.2,23.0,2008-09-05 21:00:00,100.0,98.1,960.0
ATLN,200809L,-67.7,21.9,2008-09-06 12:00:00,95.0,102.5,965.0
ATLN,200809L,-68.3,21.7,2008-09-06 15:00:00,105.0,105.6,958.0
ATLN,200809L,-69.0,21.5,2008-09-06 18:00:00,115.0,108.8,950.0
ATLN,200809L,-69.7,21.4,2008-09-06 21:00:00,115.0,110.0,948.0
ATLN,200809L,-72.8,21.0,2008-09-07 12:00:00,110.0,121.2,947.0
ATLN,200809L,-73.4,21.0,2008-09-07 15:00:00,108.0,122.5,946.0
ATLN,200809L,-74.0,21.0,2008-09-07 18:00:00,105.0,123.8,946.0
ATLN,200809L,-74.6,21.1,2008-09-07 21:00:00,110.0,126.2,946.0
ATLN,200809L,-77.8,21.1,2008-09-08 12:00:00,85.0,140.0,960.0
ATLN,200809L,-78.4,21.1,2008-09-08 15:00:00,80.0,140.0,962.0
ATLN,200809L,-79.1,21.2,2008-09-08 18:00:00,75.0,140.0,964.0
ATLN,200809L,-79.7,21.4,2008-09-08 21:00:00,72.0,143.1,964.0
ATLN,200809L,-82.4,22.4,2008-09-09 12:00:00,70.0,145.0,965.0
ATLN,200809L,-82.8,22.5,2008-09-09 15:00:00,68.0,145.0,966.0
ATLN,200809L,-83.3,22.7,2008-09-09 18:00:00,65.0,145.0,966.0
ATLN,200809L,-83.7,22.9,2008-09-09 21:00:00,65.0,147.5,967.0
ATLN,200809L,-85.2,23.8,2008-09-10 12:00:00,80.0,158.8,959.0
ATLN,200809L,-85.5,24.0,2008-09-10 15:00:00,82.0,161.2,958.0
ATLN,200809L,-86.1,24.4,2008-09-10 21:00:00,85.0,166.9,951.0
ATLN,200809L,-88.0,25.5,2008-09-11 12:00:00,85.0,200.0,946.0
ATLN,200809L,-88.5,25.6,2008-09-11 15:00:00,85.0,201.2,949.0
ATLN,200809L,-88.9,25.8,2008-09-11 18:00:00,85.0,202.5,952.0
ATLN,200809L,-89.5,26.0,2008-09-11 21:00:00,85.0,201.2,953.0
ATLN,200809L,-90.0,26.1,2008-09-12 00:00:00,85.0,200.0,954.0
ATLN,200809L,-92.7,27.2,2008-09-12 15:00:00,95.0,193.8,954.0
ATLN,200809L,-93.2,27.5,2008-09-12 18:00:00,95.0,192.5,954.0
ATLN,200809L,-93.6,27.9,2008-09-12 21:00:00,95.0,191.2,953.0
ATLN,200809L,-94.0,28.3,2008-09-13 00:00:00,95.0,190.0,952.0
ATLN,200809L,-95.2,31.0,2008-09-13 15:00:00,68.0,101.9,966.0
ATLN,200809L,-95.3,31.7,2008-09-13 18:00:00,50.0,81.2,974.0
ATLN,200809L,-95.1,32.6,2008-09-13 21:00:00,42.0,59.4,977.0
ATLN,200809L,-94.9,33.5,2008-09-14 00:00:00,35.0,37.5,980.0
ATLN,200809L,-91.0,37.6,2008-09-14 12:00:00,40.0,32.5,987.0
ATLN,200809L,-89.1,39.0,2008-09-14 15:00:00,45.0,57.5,988.0
ATLN,200809L,-87.2,40.3,2008-09-14 18:00:00,50.0,82.5,988.0
ATLN,200809L,-84.3,41.8,2008-09-14 21:00:00,50.0,82.5,988.0
ATLN,200809L,-71.1,47.2,2008-09-15 12:00:00,35.0,82.5,986.0
ATLN,200810L,-23.7,12.8,2008-09-02 09:00:00,35.0,15.0,1005.0
ATLN,200810L,-24.2,13.0,2008-09-02 12:00:00,35.0,15.0,1005.0
ATLN,200810L,-24.8,13.2,2008-09-02 15:00:00,40.0,27.5,1002.0
ATLN,200810L,-25.3,13.3,2008-09-02 18:00:00,45.0,40.0,1000.0
ATLN,200810L,-27.7,13.6,2008-09-03 09:00:00,55.0,79.4,994.0
ATLN,200810L,-28.2,13.7,2008-09-03 12:00:00,55.0,86.2,994.0
ATLN,200810L,-28.7,13.8,2008-09-03 15:00:00,55.0,86.2,994.0
ATLN,200810L,-29.2,13.8,2008-09-03 18:00:00,55.0,86.2,994.0
ATLN,200810L,-31.4,14.2,2008-09-04 09:00:00,48.0,63.8,998.0
ATLN,200810L,-31.9,14.4,2008-09-04 12:00:00,45.0,52.5,1000.0
ATLN,200810L,-32.3,14.5,2008-09-04 15:00:00,42.0,52.5,1001.0
ATLN,200810L,-32.7,14.6,2008-09-04 18:00:00,40.0,52.5,1002.0
ATLN,200810L,-34.2,15.5,2008-09-05 09:00:00,40.0,56.2,1002.0
ATLN,200810L,-34.5,15.6,2008-09-05 12:00:00,40.0,50.0,1003.0
ATLN,200810L,-34.7,15.7,2008-09-05 15:00:00,38.0,43.8,1004.0
ATLN,200810L,-34.9,15.8,2008-09-05 18:00:00,35.0,37.5,1004.0
ATLN,200810L,-36.8,16.6,2008-09-06 09:00:00,28.0,0.0,1006.0
ATLN,200810L,-37.3,16.7,2008-09-06 12:00:00,25.0,0.0,1007.0
ATLN,200810L,-37.8,16.8,2008-09-06 15:00:00,25.0,0.0,1007.0
ATLN,200810L,-38.3,16.8,2008-09-06 18:00:00,25.0,0.0,1007.0
ATLN,200810L,-40.5,17.1,2008-09-07 09:00:00,30.0,0.0,1007.0
ATLN,200810L,-40.9,17.1,2008-09-07 12:00:00,30.0,0.0,1007.0
ATLN,200810L,-41.2,17.1,2008-09-07 15:00:00,28.0,0.0,1007.0
ATLN,200810L,-41.6,17.2,2008-09-07 18:00:00,25.0,0.0,1007.0
ATLN,200810L,-43.8,17.8,2008-09-08 09:00:00,25.0,0.0,1008.0
ATLN,200810L,-44.2,18.0,2008-09-08 12:00:00,25.0,0.0,1009.0
ATLN,200810L,-44.9,18.1,2008-09-08 15:00:00,25.0,0.0,1010.0
ATLN,200810L,-45.6,18.1,2008-09-08 18:00:00,25.0,0.0,1010.0
ATLN,200810L,-51.4,16.3,2008-09-09 12:00:00,25.0,0.0,1010.0
ATLN,200810L,-52.0,16.3,2008-09-09 15:00:00,25.0,0.0,1010.0
ATLN,200810L,-52.5,16.3,2008-09-09 18:00:00,25.0,0.0,1010.0
ATLN,200810L,-53.0,16.3,2008-09-09 21:00:00,22.0,0.0,1010.0
ATLN,200811L,-68.7,22.4,2008-09-25 12:00:00,40.0,50.0,1002.0
ATLN,200811L,-68.6,22.8,2008-09-25 15:00:00,40.0,50.0,1002.0
ATLN,200811L,-68.4,23.1,2008-09-25 18:00:00,40.0,50.0,1001.0
ATLN,200811L,-68.2,23.6,2008-09-25 21:00:00,42.0,52.5,1000.0
ATLN,200811L,-68.6,26.0,2008-09-26 12:00:00,50.0,87.5,998.0
ATLN,200811L,-68.6,26.4,2008-09-26 15:00:00,50.0,83.8,999.0
ATLN,200811L,-68.6,26.9,2008-09-26 18:00:00,50.0,80.0,1000.0
ATLN,200811L,-68.6,27.8,2008-09-26 21:00:00,52.0,80.0,999.0
ATLN,200811L,-69.5,31.2,2008-09-27 12:00:00,65.0,107.5,996.0
ATLN,200811L,-69.6,32.2,2008-09-27 15:00:00,68.0,107.5,996.0
ATLN,200811L,-69.7,33.3,2008-09-27 18:00:00,70.0,107.5,995.0
ATLN,200811L,-69.7,34.3,2008-09-27 21:00:00,70.0,107.5,995.0
ATLN,200811L,-68.2,39.4,2008-09-28 12:00:00,75.0,135.0,989.0
ATLN,200811L,-67.5,40.5,2008-09-28 15:00:00,72.0,142.5,986.0
ATLN,200811L,-66.7,41.6,2008-09-28 18:00:00,70.0,150.0,984.0
ATLN,200811L,-66.5,42.7,2008-09-28 21:00:00,68.0,150.6,984.0
ATLN,200811L,-63.5,47.7,2008-09-29 12:00:00,45.0,151.2,994.0
ATLN,200811L,-63.0,48.0,2008-09-29 15:00:00,42.0,151.2,996.0
ATLN,200811L,-62.6,48.2,2008-09-29 18:00:00,40.0,151.2,999.0
ATLN,200811L,-62.0,48.3,2008-09-29 21:00:00,38.0,151.2,1000.0
ATLN,200811L,-60.8,48.1,2008-09-30 12:00:00,25.0,0.0,1005.0
ATLN,200812L,-35.2,37.5,2008-09-26 09:00:00,48.0,187.5,1010.0
ATLN,200812L,-35.5,37.0,2008-09-26 12:00:00,50.0,180.0,1009.0
ATLN,200812L,-35.8,36.8,2008-09-26 15:00:00,52.0,210.0,1008.0
ATLN,200812L,-36.0,36.5,2008-09-26 18:00:00,55.0,240.0,1007.0
ATLN,200812L,-37.6,37.5,2008-09-27 09:00:00,68.0,300.0,995.0
ATLN,200812L,-38.0,37.5,2008-09-27 12:00:00,70.0,300.0,992.0
ATLN,200812L,-38.5,37.5,2008-09-27 15:00:00,70.0,300.0,992.0
ATLN,200812L,-39.0,37.4,2008-09-27 18:00:00,70.0,300.0,992.0
ATLN,200812L,-41.9,37.1,2008-09-28 09:00:00,52.0,247.5,994.0
ATLN,200812L,-42.5,37.0,2008-09-28 12:00:00,50.0,247.5,995.0
ATLN,200812L,-43.3,36.9,2008-09-28 15:00:00,50.0,247.5,995.0
ATLN,200812L,-44.1,36.8,2008-09-28 18:00:00,50.0,247.5,995.0
ATLN,200812L,-47.7,37.2,2008-09-29 12:00:00,50.0,192.5,995.0
ATLN,200812L,-48.0,37.5,2008-09-29 15:00:00,50.0,190.0,995.0
ATLN,200812L,-48.2,37.8,2008-09-29 18:00:00,50.0,187.5,995.0
ATLN,200812L,-48.4,38.2,2008-09-29 21:00:00,50.0,186.9,996.0
ATLN,200812L,-48.9,40.6,2008-09-30 12:00:00,50.0,171.2,996.0
ATLN,200812L,-48.8,41.2,2008-09-30 15:00:00,50.0,175.0,995.0
ATLN,200812L,-48.8,41.7,2008-09-30 18:00:00,50.0,178.8,994.0
ATLN,200812L,-46.9,45.7,2008-10-01 12:00:00,40.0,178.8,995.0
ATLN,200812L,-46.6,46.6,2008-10-01 15:00:00,40.0,178.8,995.0
ATLN,200812L,-46.3,47.5,2008-10-01 18:00:00,40.0,178.8,995.0
ATLN,200813L,-94.1,19.1,2008-10-06 15:00:00,45.0,10.6,1000.0
ATLN,200813L,-94.5,19.4,2008-10-06 18:00:00,50.0,13.8,999.0
ATLN,200813L,-94.8,19.5,2008-10-06 21:00:00,52.0,11.9,998.0
ATLN,200813L,-95.2,19.7,2008-10-07 00:00:00,55.0,10.0,998.0
ATLN,200813L,-96.7,19.9,2008-10-07 15:00:00,42.0,7.5,1002.0
ATLN,200813L,-96.9,19.9,2008-10-07 18:00:00,30.0,0.0,1007.0
ATLN,200814L,-36.9,15.8,2008-10-12 09:00:00,32.0,15.0,1006.0
ATLN,200814L,-37.1,16.0,2008-10-12 12:00:00,35.0,30.0,1006.0
ATLN,200814L,-37.4,16.2,2008-10-12 15:00:00,35.0,32.5,1006.0
ATLN,200814L,-37.7,16.4,2008-10-12 18:00:00,35.0,35.0,1005.0
ATLN,200814L,-39.3,16.7,2008-10-13 09:00:00,32.0,21.9,1006.0
ATLN,200814L,-39.6,16.8,2008-10-13 12:00:00,30.0,0.0,1006.0
ATLN,200814L,-40.0,17.0,2008-10-13 15:00:00,30.0,0.0,1006.0
ATLN,200814L,-40.3,17.2,2008-10-13 18:00:00,30.0,0.0,1007.0
ATLN,200814L,-43.4,18.1,2008-10-14 09:00:00,28.0,0.0,1008.0
ATLN,200814L,-44.0,18.3,2008-10-14 12:00:00,25.0,0.0,1008.0
ATLN,200814L,-44.5,18.5,2008-10-14 15:00:00,25.0,0.0,1008.0
ATLN,200814L,-45.0,18.6,2008-10-14 18:00:00,25.0,0.0,1008.0
ATLN,200814L,-48.0,22.0,2008-10-15 12:00:00,20.0,0.0,1011.0
ATLN,200815L,-69.6,15.2,2008-10-13 12:00:00,30.0,0.0,1005.0
ATLN,200815L,-69.7,15.0,2008-10-13 15:00:00,30.0,0.0,1004.0
ATLN,200815L,-69.1,14.2,2008-10-14 12:00:00,50.0,48.8,991.0
ATLN,200815L,-68.9,14.1,2008-10-14 15:00:00,55.0,53.8,987.0
ATLN,200815L,-68.8,13.9,2008-10-14 18:00:00,60.0,58.8,983.0
ATLN,200815L,-68.5,14.0,2008-10-14 21:00:00,62.0,62.5,983.0
ATLN,200815L,-67.4,14.9,2008-10-15 12:00:00,75.0,86.2,984.0
ATLN,200815L,-67.0,15.2,2008-10-15 15:00:00,78.0,90.0,980.0
ATLN,200815L,-66.5,15.6,2008-10-15 18:00:00,80.0,93.8,977.0
ATLN,200815L,-65.8,16.1,2008-10-15 21:00:00,88.0,93.8,974.0
ATLN,200815L,-62.1,19.6,2008-10-16 12:00:00,90.0,90.0,975.0
ATLN,200815L,-61.2,20.4,2008-10-16 15:00:00,80.0,88.1,980.0
ATLN,200815L,-60.4,21.1,2008-10-16 18:00:00,70.0,86.2,985.0
ATLN,200815L,-59.6,22.0,2008-10-16 21:00:00,68.0,88.1,986.0
ATLN,200815L,-55.7,27.9,2008-10-17 12:00:00,75.0,86.2,982.0
ATLN,200815L,-55.0,29.0,2008-10-17 15:00:00,70.0,82.5,984.0
ATLN,200815L,-54.4,30.1,2008-10-17 18:00:00,65.0,78.8,985.0
ATLN,200815L,-51.3,33.0,2008-10-18 12:00:00,40.0,41.2,996.0
ATLN,200815L,-50.9,33.2,2008-10-18 15:00:00,38.0,33.8,999.0
ATLN,200815L,-50.5,33.5,2008-10-18 18:00:00,35.0,26.2,1002.0
ATLN,200815L,-48.3,35.1,2008-10-19 12:00:00,25.0,0.0,1011.0
ATLN,200815L,-47.9,35.4,2008-10-19 15:00:00,25.0,0.0,1012.0
ATLN,200815L,-47.5,35.7,2008-10-19 18:00:00,25.0,0.0,1012.0
ATLN,200815L,-45.3,37.6,2008-10-20 12:00:00,25.0,0.0,1015.0
ATLN,200815L,-44.8,37.8,2008-10-20 15:00:00,25.0,0.0,1016.0
ATLN,200815L,-44.3,37.9,2008-10-20 18:00:00,25.0,0.0,1016.0
ATLN,200816L,-82.8,15.5,2008-10-14 12:00:00,25.0,0.0,1004.0
ATLN,200816L,-83.0,15.7,2008-10-14 15:00:00,25.0,0.0,1004.0
ATLN,200816L,-83.2,15.9,2008-10-14 18:00:00,25.0,0.0,1005.0
ATLN,200816L,-83.4,15.9,2008-10-14 21:00:00,25.0,0.0,1005.0
ATLN,200816L,-84.4,15.9,2008-10-15 12:00:00,25.0,0.0,1005.0
ATLN,200816L,-84.7,15.8,2008-10-15 15:00:00,25.0,0.0,1006.0
ATLN,200816L,-85.3,15.4,2008-10-15 21:00:00,25.0,0.0,1006.0
ATLN,200817L,-81.7,13.7,2008-11-05 18:00:00,25.0,0.0,1004.0
ATLN,200817L,-82.0,15.4,2008-11-06 12:00:00,40.0,25.0,1000.0
ATLN,200817L,-82.0,15.8,2008-11-06 15:00:00,48.0,35.0,997.0
ATLN,200817L,-81.8,16.5,2008-11-06 21:00:00,60.0,47.5,990.0
ATLN,200817L,-81.6,18.0,2008-11-07 12:00:00,75.0,63.8,979.0
ATLN,200817L,-81.5,18.3,2008-11-07 15:00:00,78.0,70.6,977.0
ATLN,200817L,-81.2,18.8,2008-11-07 21:00:00,90.0,80.0,970.0
ATLN,200817L,-79.6,19.8,2008-11-08 12:00:00,125.0,82.5,944.0
ATLN,200817L,-79.2,20.0,2008-11-08 15:00:00,125.0,78.8,948.0
ATLN,200817L,-78.4,20.4,2008-11-08 21:00:00,108.0,68.8,960.0
ATLN,200817L,-77.8,21.3,2008-11-09 12:00:00,35.0,15.0,1002.0
ATLN,200817L,-77.8,21.5,2008-11-09 15:00:00,30.0,7.5,1003.0
ATLN,200817L,-77.9,21.6,2008-11-09 18:00:00,25.0,0.0,1004.0
ATLN,200817L,-77.9,21.7,2008-11-09 21:00:00,25.0,0.0,1004.0
ATLN,200817L,-77.7,22.4,2008-11-10 12:00:00,20.0,0.0,1007.0
ATLN,200817L,-77.7,22.4,2008-11-10 15:00:00,20.0,0.0,1008.0
ATLN,200817L,-77.6,22.5,2008-11-10 18:00:00,20.0,0.0,1008.0
ATLN,200817L,-77.5,22.4,2008-11-10 21:00:00,20.0,0.0,1008.0
ATLN,200817L,-77.9,21.8,2008-11-11 12:00:00,20.0,0.0,1009.0
ATLN,200817L,-78.1,21.6,2008-11-11 15:00:00,20.0,0.0,1009.0
ATLN,200817L,-78.3,21.3,2008-11-11 18:00:00,20.0,0.0,1009.0
ATLN,200817L,-78.5,21.1,2008-11-11 21:00:00,20.0,0.0,1009.0
ATLN,200817L,-80.7,21.0,2008-11-12 12:00:00,20.0,0.0,1009.0
ATLN,200817L,-81.2,21.2,2008-11-12 15:00:00,20.0,0.0,1009.0
ATLN,200817L,-81.7,21.4,2008-11-12 18:00:00,20.0,0.0,1009.0
ATLN,200817L,-82.2,21.8,2008-11-12 21:00:00,20.0,0.0,1010.0
ATLN,200817L,-85.1,24.4,2008-11-13 15:00:00,20.0,0.0,1010.0
ATLN,200817L,-85.5,25.0,2008-11-13 18:00:00,20.0,0.0,1010.0
ATLN,200817L,-85.7,25.9,2008-11-13 21:00:00,20.0,0.0,1010.0
ATLN,200902L,-24.4,14.4,2009-08-10 09:00:00,25.0,0.0,1008.0
ATLN,200902L,-24.9,14.4,2009-08-10 12:00:00,25.0,0.0,1008.0
ATLN,200902L,-25.4,14.4,2009-08-10 15:00:00,25.0,0.0,1008.0
ATLN,200902L,-25.8,14.4,2009-08-10 18:00:00,25.0,0.0,1008.0
ATLN,200902L,-28.4,14.4,2009-08-11 09:00:00,25.0,0.0,1006.0
ATLN,200902L,-29.0,14.5,2009-08-11 12:00:00,25.0,0.0,1006.0
ATLN,200902L,-29.5,14.6,2009-08-11 15:00:00,25.0,0.0,1006.0
ATLN,200902L,-30.0,14.6,2009-08-11 18:00:00,25.0,0.0,1006.0
ATLN,200907L,-24.0,11.8,2009-09-07 18:00:00,30.0,0.0,1005.0
ATLN,200907L,-27.4,11.8,2009-09-08 09:00:00,50.0,33.8,997.0
ATLN,200907L,-28.0,11.8,2009-09-08 12:00:00,55.0,33.8,994.0
ATLN,200907L,-28.6,11.9,2009-09-08 15:00:00,58.0,41.2,992.0
ATLN,200907L,-29.2,11.9,2009-09-08 18:00:00,60.0,48.8,990.0
ATLN,200908L,-29.6,15.1,2009-09-25 09:00:00,22.0,0.0,1010.0
ATLN,200908L,-30.1,15.4,2009-09-25 12:00:00,25.0,0.0,1009.0
ATLN,200908L,-30.6,15.8,2009-09-25 15:00:00,28.0,0.0,1008.0
ATLN,200908L,-31.1,16.1,2009-09-25 18:00:00,30.0,0.0,1008.0
ATLN,200908L,-33.8,17.5,2009-09-26 09:00:00,30.0,0.0,1008.0
ATLN,200908L,-34.3,17.8,2009-09-26 12:00:00,30.0,0.0,1008.0
ATLN,200908L,-34.8,18.2,2009-09-26 15:00:00,28.0,0.0,1008.0
ATLN,200908L,-35.2,18.6,2009-09-26 18:00:00,25.0,0.0,1008.0
ATLN,200909L,-43.2,46.0,2009-09-27 18:00:00,55.0,120.0,995.0
ATLN,200909L,-41.1,44.4,2009-09-28 09:00:00,45.0,157.5,992.0
ATLN,200909L,-40.3,44.0,2009-09-28 12:00:00,45.0,157.5,992.0
ATLN,200909L,-39.5,43.9,2009-09-28 15:00:00,42.0,133.1,993.0
ATLN,200909L,-38.7,43.8,2009-09-28 18:00:00,40.0,108.8,994.0
ATLN,200909L,-35.5,43.1,2009-09-29 09:00:00,35.0,15.0,999.0
ATLN,200909L,-35.3,42.9,2009-09-29 12:00:00,35.0,15.0,1000.0
ATLN,200909L,-35.2,42.6,2009-09-29 15:00:00,35.0,15.0,1000.0
ATLN,200909L,-35.2,42.3,2009-09-29 18:00:00,35.0,15.0,999.0
ATLN,200909L,-35.0,39.5,2009-09-30 09:00:00,38.0,24.4,996.0
ATLN,200909L,-34.6,38.7,2009-09-30 12:00:00,40.0,22.5,996.0
ATLN,200909L,-33.9,38.0,2009-09-30 15:00:00,40.0,22.5,996.0
ATLN,200909L,-33.2,37.4,2009-09-30 18:00:00,40.0,22.5,995.0
ATLN,200909L,-29.2,37.2,2009-10-01 09:00:00,40.0,18.8,996.0
ATLN,200909L,-28.7,37.7,2009-10-01 12:00:00,40.0,15.0,996.0
ATLN,200909L,-28.6,38.2,2009-10-01 15:00:00,40.0,15.0,996.0
ATLN,200909L,-28.5,38.6,2009-10-01 18:00:00,40.0,15.0,996.0
ATLN,200909L,-29.7,40.0,2009-10-02 09:00:00,35.0,15.0,997.0
ATLN,200909L,-30.0,40.2,2009-10-02 12:00:00,35.0,15.0,997.0
ATLN,200909L,-30.2,40.5,2009-10-02 15:00:00,38.0,15.0,996.0
ATLN,200909L,-30.4,40.9,2009-10-02 18:00:00,40.0,15.0,996.0
ATLN,200909L,-32.2,41.1,2009-10-03 09:00:00,35.0,15.0,996.0
ATLN,200909L,-32.5,40.8,2009-10-03 12:00:00,35.0,22.5,996.0
ATLN,200909L,-32.4,40.3,2009-10-03 15:00:00,38.0,22.5,996.0
ATLN,200909L,-32.3,39.9,2009-10-03 18:00:00,40.0,22.5,995.0
ATLN,200909L,-28.1,38.4,2009-10-04 09:00:00,42.0,22.5,992.0
ATLN,200909L,-26.8,38.3,2009-10-04 12:00:00,45.0,22.5,992.0
ATLN,200909L,-25.4,38.5,2009-10-04 15:00:00,48.0,28.1,992.0
ATLN,200909L,-23.9,38.8,2009-10-04 18:00:00,50.0,33.8,991.0
ATLN,200909L,-18.1,43.1,2009-10-05 09:00:00,55.0,33.8,988.0
ATLN,200909L,-17.1,44.3,2009-10-05 12:00:00,55.0,33.8,987.0
ATLN,200909L,-16.3,45.5,2009-10-05 15:00:00,52.0,33.8,986.0
ATLN,200909L,-15.5,46.6,2009-10-05 18:00:00,50.0,33.8,986.0
ATLN,200910L,-51.9,17.0,2009-10-06 12:00:00,35.0,11.2,1007.0
ATLN,200910L,-52.6,17.3,2009-10-06 15:00:00,35.0,11.2,1007.0
ATLN,200910L,-53.4,17.6,2009-10-06 18:00:00,35.0,11.2,1007.0
ATLN,200910L,-56.8,18.7,2009-10-07 12:00:00,45.0,30.0,1006.0
ATLN,200910L,-57.3,18.9,2009-10-07 15:00:00,42.0,33.8,1006.0
ATLN,200910L,-57.9,19.0,2009-10-07 18:00:00,40.0,37.5,1007.0
ATLN,201006L,-25.1,45.5,2010-09-01 09:00:00,40.0,127.5,990.0
ATLN,201006L,-24.0,46.2,2010-09-01 12:00:00,40.0,127.5,991.0
ATLN,201006L,-23.0,47.0,2010-09-01 15:00:00,40.0,127.5,992.0
ATLN,201006L,-22.0,47.9,2010-09-01 18:00:00,40.0,127.5,992.0
ATLN,201007L,-21.8,13.0,2010-08-24 09:00:00,28.0,0.0,1008.0
ATLN,201007L,-22.6,13.2,2010-08-24 12:00:00,30.0,0.0,1008.0
ATLN,201007L,-23.5,13.4,2010-08-24 15:00:00,30.0,0.0,1008.0
ATLN,201007L,-24.3,13.6,2010-08-24 18:00:00,30.0,0.0,1008.0
ATLN,201007L,-28.8,14.2,2010-08-25 09:00:00,32.0,16.2,1006.0
ATLN,201007L,-29.7,14.3,2010-08-25 12:00:00,35.0,32.5,1006.0
ATLN,201011L,-23.0,13.9,2010-09-08 09:00:00,35.0,15.0,1006.0
ATLN,201011L,-23.3,13.8,2010-09-08 12:00:00,40.0,30.0,1005.0
ATLN,201011L,-23.5,13.8,2010-09-08 15:00:00,40.0,30.0,1005.0
ATLN,201011L,-23.7,13.8,2010-09-08 18:00:00,40.0,30.0,1005.0
ATLN,201011L,-25.1,14.1,2010-09-09 09:00:00,32.0,15.0,1006.0
ATLN,201011L,-25.5,14.2,2010-09-09 12:00:00,30.0,0.0,1006.0
ATLN,201011L,-25.9,14.4,2010-09-09 15:00:00,30.0,0.0,1006.0
ATLN,201011L,-26.4,14.7,2010-09-09 18:00:00,30.0,0.0,1006.0
ATLN,201011L,-29.5,16.1,2010-09-10 09:00:00,32.0,7.5,1004.0
ATLN,201011L,-30.4,16.3,2010-09-10 12:00:00,35.0,15.0,1004.0
ATLN,201012L,-20.9,12.9,2010-09-12 09:00:00,30.0,0.0,1006.0
ATLN,201012L,-21.3,13.0,2010-09-12 12:00:00,30.0,0.0,1006.0
ATLN,201012L,-21.7,13.1,2010-09-12 15:00:00,32.0,18.8,1006.0
ATLN,201012L,-22.1,13.1,2010-09-12 18:00:00,35.0,37.5,1005.0
ATLN,201012L,-24.8,14.2,2010-09-13 09:00:00,40.0,48.8,1004.0
ATLN,201012L,-25.4,14.5,2010-09-13 12:00:00,40.0,48.8,1004.0
ATLN,201012L,-25.9,14.8,2010-09-13 15:00:00,42.0,48.8,1004.0
ATLN,201012L,-26.5,15.0,2010-09-13 18:00:00,45.0,48.8,1003.0
ATLN,201012L,-28.8,15.8,2010-09-14 09:00:00,65.0,56.2,990.0
ATLN,201012L,-29.2,15.9,2010-09-14 12:00:00,70.0,60.0,987.0
ATLN,201012L,-29.9,16.1,2010-09-14 18:00:00,80.0,63.8,979.0
ATLN,201014L,-30.4,17.3,2010-09-22 12:00:00,35.0,40.0,1003.0
ATLN,201014L,-30.2,17.4,2010-09-22 15:00:00,32.0,20.0,1004.0
ATLN,201014L,-30.0,17.4,2010-09-22 18:00:00,30.0,0.0,1005.0
ATLN,201014L,-29.1,17.5,2010-09-23 09:00:00,32.0,15.0,1004.0
ATLN,201014L,-28.8,17.5,2010-09-23 12:00:00,35.0,30.0,1004.0
ATLN,201014L,-28.6,17.6,2010-09-23 15:00:00,35.0,32.5,1004.0
ATLN,201014L,-28.3,17.6,2010-09-23 18:00:00,35.0,35.0,1003.0
ATLN,201014L,-27.6,18.6,2010-09-24 09:00:00,45.0,37.5,1000.0
ATLN,201014L,-27.6,19.0,2010-09-24 12:00:00,50.0,37.5,998.0
ATLN,201014L,-27.6,19.4,2010-09-24 15:00:00,55.0,38.8,996.0
ATLN,201014L,-27.7,19.7,2010-09-24 18:00:00,60.0,40.0,993.0
ATLN,201014L,-28.1,21.8,2010-09-25 09:00:00,65.0,40.0,988.0
ATLN,201014L,-28.3,22.3,2010-09-25 12:00:00,60.0,40.0,990.0
ATLN,201014L,-28.5,22.8,2010-09-25 15:00:00,55.0,40.0,993.0
ATLN,201014L,-28.6,23.2,2010-09-25 18:00:00,50.0,40.0,996.0
ATLN,201014L,-28.9,25.1,2010-09-26 09:00:00,32.0,16.2,1005.0
ATLN,201014L,-30.4,27.1,2010-09-27 09:00:00,30.0,0.0,1010.0
ATLN,201017L,-29.5,42.5,2010-10-11 09:00:00,42.0,148.8,996.0
ATLN,201017L,-28.1,43.1,2010-10-11 12:00:00,40.0,135.0,998.0
ATLN,201017L,-27.2,43.3,2010-10-11 15:00:00,40.0,135.0,998.0
ATLN,201017L,-26.3,43.5,2010-10-11 18:00:00,40.0,135.0,998.0
ATLN,201017L,-24.3,41.9,2010-10-12 09:00:00,35.0,56.2,1004.0
ATLN,201017L,-24.0,41.4,2010-10-12 12:00:00,35.0,50.0,1004.0
ATLN,201017L,-23.8,40.8,2010-10-12 15:00:00,35.0,37.5,1005.0
ATLN,201017L,-23.5,40.3,2010-10-12 18:00:00,35.0,25.0,1006.0
ATLN,201017L,-22.6,38.0,2010-10-13 09:00:00,35.0,25.0,1004.0
ATLN,201017L,-22.6,37.6,2010-10-13 12:00:00,35.0,25.0,1004.0
ATLN,201017L,-22.5,37.2,2010-10-13 15:00:00,35.0,25.0,1004.0
ATLN,201017L,-22.4,36.7,2010-10-13 18:00:00,35.0,25.0,1004.0
ATLN,201017L,-21.7,34.7,2010-10-14 09:00:00,30.0,0.0,1005.0
ATLN,201017L,-21.4,34.4,2010-10-14 12:00:00,30.0,0.0,1005.0
ATLN,201017L,-21.0,34.2,2010-10-14 15:00:00,30.0,0.0,1005.0
ATLN,201017L,-20.6,34.0,2010-10-14 18:00:00,30.0,0.0,1005.0
ATLN,201017L,-18.9,33.5,2010-10-15 09:00:00,30.0,0.0,1006.0
ATLN,201017L,-18.5,33.4,2010-10-15 12:00:00,30.0,0.0,1006.0
ATLN,201017L,-18.1,33.3,2010-10-15 15:00:00,30.0,0.0,1006.0
ATLN,201017L,-17.8,33.2,2010-10-15 18:00:00,30.0,0.0,1006.0
ATLN,201017L,-16.2,32.7,2010-10-16 09:00:00,25.0,0.0,1006.0
ATLN,201017L,-15.9,32.6,2010-10-16 12:00:00,25.0,0.0,1007.0
ATLN,201017L,-15.6,32.5,2010-10-16 15:00:00,25.0,0.0,1007.0
ATLN,201017L,-14.6,32.0,2010-10-17 09:00:00,22.0,0.0,1010.0
ATLN,201017L,-14.6,31.9,2010-10-17 12:00:00,20.0,0.0,1010.0
ATLN,201017L,-14.6,31.8,2010-10-17 15:00:00,20.0,0.0,1011.0
ATLN,201112L,-21.0,9.4,2011-08-28 09:00:00,22.0,0.0,1010.0
ATLN,201112L,-21.6,9.3,2011-08-28 12:00:00,25.0,0.0,1010.0
ATLN,201112L,-22.2,9.3,2011-08-28 15:00:00,25.0,0.0,1010.0
ATLN,201112L,-22.9,9.3,2011-08-28 18:00:00,25.0,0.0,1009.0
ATLN,201112L,-26.3,9.7,2011-08-29 09:00:00,28.0,0.0,1008.0
ATLN,201112L,-27.0,9.9,2011-08-29 12:00:00,30.0,0.0,1008.0
ATLN,201112L,-27.6,10.2,2011-08-29 15:00:00,30.0,0.0,1008.0
ATLN,201112L,-28.2,10.6,2011-08-29 18:00:00,30.0,0.0,1008.0
ATLN,201117L,-19.9,8.8,2011-09-23 09:00:00,22.0,0.0,1010.0
ATLN,201117L,-20.6,9.0,2011-09-23 12:00:00,25.0,0.0,1010.0
ATLN,201117L,-21.3,9.2,2011-09-23 15:00:00,25.0,0.0,1010.0
ATLN,201117L,-22.0,9.5,2011-09-23 18:00:00,25.0,0.0,1009.0
ATLN,201117L,-25.4,11.1,2011-09-24 09:00:00,32.0,7.5,1006.0
ATLN,201117L,-26.1,11.1,2011-09-24 12:00:00,35.0,15.0,1006.0
ATLN,201117L,-26.7,11.1,2011-09-24 15:00:00,35.0,15.0,1006.0
ATLN,201117L,-27.3,11.2,2011-09-24 18:00:00,35.0,15.0,1006.0
ATLN,201117L,-29.9,12.4,2011-09-25 09:00:00,40.0,37.5,1006.0
ATLN,201117L,-30.3,12.7,2011-09-25 12:00:00,40.0,37.5,1006.0
ATLN,201206L,-23.8,12.3,2012-08-03 09:00:00,28.0,0.0,1010.0
ATLN,201206L,-24.5,12.5,2012-08-03 12:00:00,30.0,0.0,1010.0
ATLN,201206L,-25.2,12.8,2012-08-03 15:00:00,30.0,0.0,1010.0
ATLN,201206L,-25.9,13.0,2012-08-03 18:00:00,30.0,0.0,1009.0
ATLN,201206L,-29.2,14.4,2012-08-04 09:00:00,38.0,23.8,1006.0
ATLN,201206L,-29.9,14.7,2012-08-04 12:00:00,40.0,30.0,1005.0
ATLN,201206L,-39.0,16.4,2012-08-06 09:00:00,30.0,0.0,1009.0
ATLN,201206L,-39.6,16.4,2012-08-06 12:00:00,30.0,0.0,1009.0
ATLN,201206L,-40.2,16.4,2012-08-06 15:00:00,30.0,0.0,1009.0
ATLN,201206L,-40.9,16.5,2012-08-06 18:00:00,30.0,0.0,1009.0
ATLN,201208L,-29.6,35.5,2012-08-19 15:00:00,85.0,92.5,973.0
ATLN,201208L,-28.5,35.7,2012-08-19 18:00:00,80.0,92.5,977.0
ATLN,201208L,-24.1,37.5,2012-08-20 09:00:00,62.0,78.8,987.0
ATLN,201208L,-23.2,37.9,2012-08-20 12:00:00,60.0,77.5,990.0
ATLN,201208L,-22.1,38.4,2012-08-20 15:00:00,52.0,73.8,993.0
ATLN,201208L,-21.1,38.9,2012-08-20 18:00:00,45.0,70.0,996.0
ATLN,201208L,-17.1,39.9,2012-08-21 09:00:00,35.0,35.0,1003.0
ATLN,201208L,-16.6,39.8,2012-08-21 12:00:00,30.0,0.0,1004.0
ATLN,201212L,-27.4,12.9,2012-08-28 12:00:00,20.0,0.0,1010.0
ATLN,201212L,-28.5,12.9,2012-08-28 15:00:00,20.0,0.0,1010.0
ATLN,201212L,-29.6,13.0,2012-08-28 18:00:00,20.0,0.0,1010.0
ATLN,201214L,-30.4,36.7,2012-09-20 09:00:00,50.0,183.8,986.0
ATLN,201214L,-30.0,36.5,2012-09-20 12:00:00,50.0,187.5,986.0
ATLN,201214L,-29.5,36.4,2012-09-20 15:00:00,52.0,195.0,985.0
ATLN,201214L,-29.0,36.2,2012-09-20 18:00:00,55.0,202.5,984.0
ATLN,201214L,-27.4,35.0,2012-09-21 09:00:00,52.0,216.2,984.0
ATLN,201214L,-27.3,34.6,2012-09-21 12:00:00,50.0,212.5,984.0
ATLN,201214L,-27.2,34.1,2012-09-21 15:00:00,50.0,210.0,984.0
ATLN,201214L,-27.2,33.6,2012-09-21 18:00:00,50.0,207.5,984.0
ATLN,201214L,-26.5,31.4,2012-09-22 09:00:00,45.0,188.8,986.0
ATLN,201214L,-26.4,31.0,2012-09-22 12:00:00,45.0,185.0,987.0
ATLN,201214L,-26.3,30.8,2012-09-22 15:00:00,45.0,183.8,987.0
ATLN,201214L,-26.2,30.5,2012-09-22 18:00:00,45.0,182.5,987.0
ATLN,201214L,-25.5,30.5,2012-09-23 09:00:00,50.0,176.2,987.0
ATLN,201214L,-25.4,30.6,2012-09-23 12:00:00,50.0,170.0,987.0
ATLN,201214L,-25.6,30.8,2012-09-23 15:00:00,50.0,167.5,988.0
ATLN,201214L,-25.8,30.9,2012-09-23 18:00:00,50.0,165.0,988.0
ATLN,201214L,-27.0,31.4,2012-09-24 09:00:00,45.0,147.5,994.0
ATLN,201214L,-27.4,31.5,2012-09-24 12:00:00,45.0,140.0,995.0
ATLN,201214L,-27.8,31.6,2012-09-24 15:00:00,45.0,135.0,996.0
ATLN,201214L,-28.1,31.8,2012-09-24 18:00:00,45.0,130.0,996.0
ATLN,201214L,-29.7,32.0,2012-09-25 09:00:00,40.0,122.5,996.0
ATLN,201214L,-29.9,32.0,2012-09-25 12:00:00,40.0,122.5,997.0
ATLN,201214L,-30.0,31.9,2012-09-25 15:00:00,40.0,118.8,997.0
ATLN,201214L,-30.1,31.7,2012-09-25 18:00:00,40.0,115.0,997.0
ATLN,201214L,-30.4,30.9,2012-09-26 09:00:00,42.0,95.0,996.0
ATLN,201214L,-30.5,30.7,2012-09-26 12:00:00,45.0,95.0,995.0
ATLN,201214L,-30.6,30.4,2012-09-26 15:00:00,48.0,95.0,994.0
ATLN,201214L,-30.7,30.2,2012-09-26 18:00:00,50.0,95.0,993.0
ATLN,201214L,-31.6,28.9,2012-09-27 09:00:00,50.0,92.5,993.0
ATLN,201214L,-31.9,28.7,2012-09-27 12:00:00,50.0,92.5,993.0
ATLN,201214L,-32.2,28.6,2012-09-27 15:00:00,52.0,96.2,993.0
ATLN,201214L,-32.5,28.5,2012-09-27 18:00:00,55.0,100.0,993.0
ATLN,201214L,-34.1,28.9,2012-09-28 09:00:00,62.0,91.2,990.0
ATLN,201214L,-34.4,29.2,2012-09-28 12:00:00,65.0,87.5,988.0
ATLN,201214L,-34.6,29.4,2012-09-28 15:00:00,65.0,87.5,988.0
ATLN,201214L,-34.8,29.7,2012-09-28 18:00:00,65.0,87.5,988.0
ATLN,201214L,-35.9,32.0,2012-09-29 09:00:00,65.0,77.5,988.0
ATLN,201214L,-36.1,32.6,2012-09-29 12:00:00,65.0,77.5,988.0
ATLN,201214L,-36.4,33.2,2012-09-29 15:00:00,68.0,77.5,987.0
ATLN,201214L,-36.6,33.8,2012-09-29 18:00:00,70.0,77.5,986.0
ATLN,201214L,-38.0,36.4,2012-09-30 09:00:00,78.0,77.5,980.0
ATLN,201214L,-38.3,36.8,2012-09-30 12:00:00,80.0,77.5,978.0
ATLN,201214L,-38.6,37.0,2012-09-30 15:00:00,80.0,82.5,978.0
ATLN,201214L,-38.9,37.2,2012-09-30 18:00:00,80.0,87.5,978.0
ATLN,201214L,-39.4,36.1,2012-10-01 09:00:00,62.0,93.8,990.0
ATLN,201214L,-39.4,35.9,2012-10-01 12:00:00,60.0,95.0,991.0
ATLN,201214L,-39.4,35.6,2012-10-01 15:00:00,58.0,95.0,993.0
ATLN,201214L,-39.4,35.4,2012-10-01 18:00:00,55.0,95.0,995.0
ATLN,201214L,-38.2,34.4,2012-10-02 09:00:00,55.0,86.2,995.0
ATLN,201214L,-37.9,34.3,2012-10-02 12:00:00,55.0,77.5,995.0
ATLN,201214L,-37.5,34.3,2012-10-02 15:00:00,55.0,76.2,995.0
ATLN,201214L,-37.1,34.3,2012-10-02 18:00:00,55.0,75.0,995.0
ATLN,201214L,-34.6,34.8,2012-10-03 09:00:00,45.0,77.5,1000.0
ATLN,201214L,-34.0,34.9,2012-10-03 12:00:00,45.0,82.5,1000.0
ATLN,201214L,-33.2,35.1,2012-10-03 15:00:00,42.0,86.2,1000.0
ATLN,201214L,-32.5,35.4,2012-10-03 18:00:00,40.0,90.0,1000.0
ATLN,201215L,-38.0,12.4,2012-10-02 12:00:00,25.0,0.0,1008.0
ATLN,201215L,-38.4,13.0,2012-10-02 15:00:00,25.0,0.0,1008.0
ATLN,201215L,-38.7,13.6,2012-10-02 18:00:00,25.0,0.0,1008.0
ATLN,201215L,-40.9,16.9,2012-10-03 09:00:00,30.0,0.0,1006.0
ATLN,201215L,-41.2,17.4,2012-10-03 12:00:00,30.0,0.0,1006.0
ATLN,201215L,-41.5,17.8,2012-10-03 15:00:00,32.0,30.0,1006.0
ATLN,201215L,-41.8,18.2,2012-10-03 18:00:00,35.0,60.0,1005.0
ATLN,201215L,-42.1,19.9,2012-10-04 09:00:00,42.0,76.2,1000.0
ATLN,201215L,-42.0,20.2,2012-10-04 12:00:00,45.0,80.0,998.0
ATLN,201215L,-41.8,20.6,2012-10-04 15:00:00,45.0,80.0,997.0
ATLN,201215L,-41.5,21.0,2012-10-04 18:00:00,45.0,80.0,996.0
ATLN,201215L,-38.6,23.1,2012-10-05 09:00:00,45.0,80.0,994.0
ATLN,201215L,-37.8,23.5,2012-10-05 12:00:00,45.0,80.0,994.0
ATLN,201217L,-28.3,41.9,2012-10-22 12:00:00,40.0,300.0,987.0
ATLN,201217L,-27.6,41.0,2012-10-22 15:00:00,40.0,300.0,988.0
ATLN,201217L,-27.0,40.0,2012-10-22 18:00:00,40.0,300.0,989.0
ATLN,201217L,-24.1,39.6,2012-10-23 09:00:00,40.0,300.0,992.0
ATLN,201217L,-23.6,39.8,2012-10-23 12:00:00,40.0,300.0,992.0
ATLN,201217L,-22.9,40.1,2012-10-23 15:00:00,40.0,300.0,992.0
ATLN,201217L,-18.1,41.9,2012-10-24 09:00:00,35.0,150.0,995.0
ATLN,201217L,-17.5,42.1,2012-10-24 12:00:00,30.0,0.0,995.0
ATLN,201217L,-16.8,42.0,2012-10-24 15:00:00,30.0,0.0,995.0
ATLN,201217L,-12.7,41.1,2012-10-25 09:00:00,30.0,0.0,996.0
ATLN,201217L,-12.0,41.0,2012-10-25 12:00:00,30.0,0.0,996.0
ATLN,201217L,-11.6,41.0,2012-10-25 15:00:00,30.0,0.0,996.0
ATLN,201217L,-8.3,40.1,2012-10-26 09:00:00,28.0,0.0,1000.0
ATLN,201217L,-7.5,40.0,2012-10-26 12:00:00,25.0,0.0,1002.0
ATLN,201219L,-29.6,31.0,2012-10-26 09:00:00,28.0,0.0,1005.0
ATLN,201219L,-28.6,30.9,2012-10-26 12:00:00,25.0,0.0,1006.0
ATLN,201304L,-20.0,11.3,2013-07-22 18:00:00,25.0,0.0,1009.0
ATLN,201304L,-22.3,11.8,2013-07-23 09:00:00,25.0,0.0,1009.0
ATLN,201304L,-22.8,12.0,2013-07-23 12:00:00,25.0,0.0,1009.0
ATLN,201304L,-23.4,12.2,2013-07-23 15:00:00,25.0,0.0,1008.0
ATLN,201304L,-23.9,12.4,2013-07-23 18:00:00,25.0,0.0,1008.0
ATLN,201304L,-28.1,13.7,2013-07-24 09:00:00,38.0,17.5,1006.0
ATLN,201304L,-29.0,13.9,2013-07-24 12:00:00,40.0,17.5,1005.0
ATLN,201304L,-29.9,14.2,2013-07-24 15:00:00,42.0,17.5,1004.0
ATLN,201305L,-25.2,14.2,2013-08-15 09:00:00,35.0,15.0,1007.0
ATLN,201305L,-25.9,14.3,2013-08-15 12:00:00,35.0,15.0,1007.0
ATLN,201305L,-26.5,14.5,2013-08-15 15:00:00,35.0,15.0,1007.0
ATLN,201305L,-27.2,14.7,2013-08-15 18:00:00,35.0,15.0,1007.0
ATLN,201309L,-18.9,13.0,2013-09-08 09:00:00,25.0,0.0,1009.0
ATLN,201309L,-19.3,13.0,2013-09-08 12:00:00,25.0,0.0,1009.0
ATLN,201309L,-19.8,13.0,2013-09-08 15:00:00,25.0,0.0,1008.0
ATLN,201309L,-20.3,13.0,2013-09-08 18:00:00,25.0,0.0,1008.0
ATLN,201309L,-23.0,13.4,2013-09-09 09:00:00,38.0,32.5,1006.0
ATLN,201309L,-23.6,13.5,2013-09-09 12:00:00,40.0,40.0,1005.0
ATLN,201309L,-24.1,13.6,2013-09-09 15:00:00,42.0,47.5,1004.0
ATLN,201309L,-24.6,13.7,2013-09-09 18:00:00,45.0,55.0,1004.0
ATLN,201309L,-26.9,14.2,2013-09-10 09:00:00,55.0,76.2,1000.0
ATLN,201309L,-27.3,14.3,2013-09-10 12:00:00,55.0,77.5,1000.0
ATLN,201309L,-27.6,14.5,2013-09-10 15:00:00,55.0,78.8,1000.0
ATLN,201309L,-27.9,14.7,2013-09-10 18:00:00,55.0,80.0,999.0
ATLN,201309L,-28.8,15.9,2013-09-11 09:00:00,65.0,92.5,990.0
ATLN,201309L,-28.9,16.3,2013-09-11 12:00:00,70.0,92.5,987.0
ATLN,201309L,-28.9,16.9,2013-09-11 15:00:00,75.0,92.5,983.0
ATLN,201309L,-28.9,17.4,2013-09-11 18:00:00,80.0,92.5,979.0
ATLN,201309L,-28.9,20.5,2013-09-12 09:00:00,78.0,123.8,980.0
ATLN,201309L,-28.9,21.2,2013-09-12 12:00:00,75.0,130.0,980.0
ATLN,201309L,-29.0,21.8,2013-09-12 15:00:00,75.0,133.8,980.0
ATLN,201309L,-29.1,22.3,2013-09-12 18:00:00,75.0,137.5,980.0
ATLN,201309L,-30.4,24.3,2013-09-13 09:00:00,58.0,156.2,987.0
ATLN,201311L,-30.2,36.3,2013-10-05 15:00:00,40.0,30.0,1008.0
ATLN,201311L,-29.8,36.7,2013-10-05 18:00:00,40.0,30.0,1008.0
ATLN,201314L,-26.1,41.6,2013-11-22 09:00:00,42.0,120.0,990.0
ATLN,201314L,-24.7,41.6,2013-11-22 12:00:00,40.0,120.0,992.0
ATLN,201314L,-23.4,41.5,2013-11-22 15:00:00,40.0,120.0,994.0
ATLN,201315L,-28.5,32.2,2013-12-04 12:00:00,50.0,200.0,995.0
ATLN,201315L,-28.2,32.0,2013-12-04 15:00:00,50.0,200.0,995.0
ATLN,201315L,-27.9,31.9,2013-12-04 18:00:00,50.0,200.0,995.0
ATLN,201315L,-27.5,33.2,2013-12-05 09:00:00,45.0,186.2,998.0
ATLN,201315L,-27.7,33.5,2013-12-05 12:00:00,45.0,175.0,998.0
ATLN,201315L,-27.8,33.6,2013-12-05 15:00:00,42.0,158.8,998.0
ATLN,201315L,-27.0,34.2,2013-12-06 09:00:00,40.0,17.5,999.0
ATLN,201315L,-26.9,34.5,2013-12-06 12:00:00,40.0,17.5,999.0
ATLN,201315L,-26.9,34.8,2013-12-06 15:00:00,40.0,17.5,999.0
ATLN,201315L,-27.8,37.1,2013-12-07 12:00:00,30.0,0.0,1003.0
ATLN,201402L,-29.0,9.0,2014-07-19 12:00:00,20.0,0.0,1012.0
ATLN,201402L,-29.9,9.2,2014-07-19 15:00:00,20.0,0.0,1012.0
ATLN,201403L,-18.5,47.3,2014-08-09 09:00:00,35.0,35.0,1003.0
ATLN,201403L,-15.0,47.5,2014-08-09 12:00:00,35.0,35.0,1003.0
ATLN,201406L,-30.2,36.1,2014-09-21 12:00:00,25.0,0.0,1014.0
ATLN,201406L,-30.2,35.6,2014-09-21 15:00:00,25.0,0.0,1014.0
ATLN,201406L,-30.2,35.1,2014-09-21 18:00:00,25.0,0.0,1014.0
ATLN,201506L,-18.9,12.6,2015-08-30 09:00:00,40.0,27.5,1004.0
ATLN,201506L,-19.5,13.1,2015-08-30 12:00:00,45.0,32.5,1004.0
ATLN,201506L,-20.1,13.6,2015-08-30 15:00:00,50.0,41.2,1001.0
ATLN,201506L,-20.7,14.0,2015-08-30 18:00:00,55.0,50.0,998.0
ATLN,201506L,-22.9,15.7,2015-08-31 09:00:00,72.0,62.5,988.0
ATLN,201506L,-23.3,16.1,2015-08-31 12:00:00,75.0,62.5,986.0
ATLN,201506L,-23.7,16.5,2015-08-31 15:00:00,72.0,62.5,987.0
ATLN,201506L,-24.1,16.8,2015-08-31 18:00:00,70.0,62.5,988.0
ATLN,201506L,-26.2,18.0,2015-09-01 09:00:00,55.0,57.5,997.0
ATLN,201506L,-26.7,18.2,2015-09-01 12:00:00,50.0,55.0,1000.0
ATLN,201506L,-27.1,18.4,2015-09-01 15:00:00,48.0,55.0,1002.0
ATLN,201506L,-27.6,18.7,2015-09-01 18:00:00,45.0,55.0,1003.0
ATLN,201506L,-30.1,19.5,2015-09-02 09:00:00,40.0,46.2,1004.0
ATLN,201507L,-23.8,12.1,2015-09-05 09:00:00,28.0,0.0,1009.0
ATLN,201507L,-24.4,12.2,2015-09-05 12:00:00,30.0,0.0,1008.0
ATLN,201507L,-25.0,12.2,2015-09-05 15:00:00,32.0,7.5,1008.0
ATLN,201507L,-25.7,12.3,2015-09-05 18:00:00,35.0,15.0,1007.0
ATLN,201507L,-28.6,12.6,2015-09-06 09:00:00,48.0,40.0,1001.0
ATLN,201507L,-29.2,12.7,2015-09-06 12:00:00,50.0,40.0,1000.0
ATLN,201507L,-29.9,12.8,2015-09-06 15:00:00,48.0,40.0,1001.0
ATLN,201510L,-24.2,9.4,2015-09-15 12:00:00,25.0,0.0,1010.0
ATLN,201510L,-24.9,9.6,2015-09-15 15:00:00,25.0,0.0,1010.0
ATLN,201510L,-25.5,9.7,2015-09-15 18:00:00,25.0,0.0,1010.0
ATLN,201510L,-28.1,10.6,2015-09-16 09:00:00,25.0,0.0,1010.0
ATLN,201510L,-28.6,10.7,2015-09-16 12:00:00,25.0,0.0,1010.0
ATLN,201510L,-29.1,10.8,2015-09-16 15:00:00,25.0,0.0,1010.0
ATLN,201510L,-29.6,11.0,2015-09-16 18:00:00,25.0,0.0,1009.0
ATLN,201511L,-29.1,43.2,2015-10-08 15:00:00,45.0,217.5,982.0
ATLN,201511L,-27.3,43.5,2015-10-08 18:00:00,45.0,217.5,984.0
ATLN,201511L,-20.9,44.2,2015-10-09 09:00:00,45.0,213.8,988.0
ATLN,201511L,-19.9,44.2,2015-10-09 12:00:00,45.0,212.5,988.0
ATLN,201511L,-19.0,44.2,2015-10-09 15:00:00,42.0,211.2,988.0
ATLN,201511L,-18.2,44.1,2015-10-09 18:00:00,40.0,210.0,989.0
ATLN,201511L,-14.4,43.2,2015-10-10 09:00:00,35.0,161.2,994.0
ATLN,201511L,-13.9,43.1,2015-10-10 12:00:00,35.0,95.0,996.0
ATLN,201511L,-13.4,43.0,2015-10-10 15:00:00,32.0,47.5,997.0
ATLN,201511L,-11.1,42.0,2015-10-11 09:00:00,32.0,15.0,1000.0
ATLN,201511L,-10.8,41.8,2015-10-11 12:00:00,35.0,30.0,1001.0
ATLN,201511L,-10.7,41.5,2015-10-11 15:00:00,35.0,50.0,1001.0
ATLN,201511L,-9.4,39.6,2015-10-12 09:00:00,35.0,65.0,1002.0
ATLN,201511L,-9.1,39.5,2015-10-12 12:00:00,35.0,65.0,1003.0
ATLN,201511L,-8.9,39.3,2015-10-12 15:00:00,32.0,32.5,1004.0
ATLN,201511L,-9.1,37.6,2015-10-13 09:00:00,20.0,0.0,1010.0
ATLN,201511L,-9.2,37.3,2015-10-13 12:00:00,20.0,0.0,1010.0
ATLN,201511L,-9.1,37.0,2015-10-13 15:00:00,20.0,0.0,1010.0
ATLN,201511L,-8.6,35.3,2015-10-14 09:00:00,20.0,0.0,1011.0
ATLN,201511L,-8.4,35.1,2015-10-14 12:00:00,20.0,0.0,1011.0
ATLN,201511L,-8.2,35.0,2015-10-14 15:00:00,18.0,0.0,1012.0
ATLN,201601L,-28.7,30.8,2016-01-14 12:00:00,75.0,100.0,981.0
ATLN,201601L,-28.4,31.6,2016-01-14 15:00:00,75.0,112.5,981.0
ATLN,201601L,-28.0,32.5,2016-01-14 18:00:00,75.0,125.0,981.0
ATLN,201601L,-27.0,38.0,2016-01-15 12:00:00,55.0,257.5,986.0
ATLN,201601L,-27.4,39.8,2016-01-15 15:00:00,55.0,278.8,986.0
ATLN,201602L,-30.2,30.4,2016-06-09 12:00:00,25.0,0.0,1018.0
ATLN,201602L,-29.9,30.5,2016-06-09 15:00:00,25.0,0.0,1019.0
ATLN,201602L,-29.5,30.6,2016-06-09 18:00:00,25.0,0.0,1020.0
ATLN,201607L,-19.4,11.0,2016-08-21 12:00:00,20.0,0.0,1009.0
ATLN,201607L,-20.3,11.0,2016-08-21 15:00:00,20.0,0.0,1009.0
ATLN,201607L,-21.2,11.0,2016-08-21 18:00:00,20.0,0.0,1009.0
ATLN,201607L,-25.6,11.3,2016-08-22 09:00:00,28.0,0.0,1008.0
ATLN,201607L,-26.5,11.5,2016-08-22 12:00:00,30.0,0.0,1008.0
ATLN,201607L,-27.4,11.8,2016-08-22 15:00:00,32.0,17.5,1008.0
ATLN,201607L,-28.2,12.0,2016-08-22 18:00:00,35.0,35.0,1007.0
ATLN,201607L,-27.0,40.5,2016-09-03 09:00:00,28.0,0.0,1008.0
ATLN,201607L,-26.1,40.9,2016-09-03 12:00:00,25.0,0.0,1008.0
ATLN,201612L,-19.0,13.1,2016-09-12 18:00:00,20.0,0.0,1010.0
ATLN,201612L,-19.8,13.8,2016-09-13 09:00:00,22.0,0.0,1010.0
ATLN,201612L,-20.0,14.1,2016-09-13 12:00:00,25.0,0.0,1010.0
ATLN,201612L,-20.4,14.4,2016-09-13 15:00:00,25.0,0.0,1010.0
ATLN,201612L,-20.8,14.8,2016-09-13 18:00:00,25.0,0.0,1009.0
ATLN,201612L,-23.9,16.5,2016-09-14 09:00:00,28.0,0.0,1009.0
ATLN,201612L,-24.5,16.8,2016-09-14 12:00:00,30.0,0.0,1009.0
ATLN,201612L,-25.1,17.0,2016-09-14 15:00:00,30.0,0.0,1009.0
ATLN,201612L,-25.8,17.2,2016-09-14 18:00:00,30.0,0.0,1009.0
ATLN,201612L,-29.2,17.6,2016-09-15 09:00:00,35.0,15.0,1008.0
ATLN,201612L,-29.8,17.6,2016-09-15 12:00:00,35.0,15.0,1007.0
ATLN,201612L,-30.3,17.6,2016-09-15 15:00:00,35.0,15.0,1006.0
ATLN,201613L,-27.0,13.3,2016-09-19 09:00:00,28.0,0.0,1008.0
ATLN,201613L,-27.3,13.4,2016-09-19 12:00:00,30.0,0.0,1007.0
ATLN,201613L,-27.6,13.5,2016-09-19 15:00:00,30.0,0.0,1007.0
ATLN,201613L,-27.8,13.6,2016-09-19 18:00:00,30.0,0.0,1007.0
ATLN,201613L,-29.6,14.8,2016-09-20 09:00:00,32.0,20.0,1006.0
ATLN,201613L,-30.0,15.1,2016-09-20 12:00:00,35.0,40.0,1006.0
ATLN,201613L,-30.4,15.6,2016-09-20 15:00:00,38.0,40.0,1005.0
EPAC,200301E,-102.2,9.6,2003-05-19 18:00:00,25.0,0.0,1007.0
EPAC,200301E,-102.7,9.6,2003-05-19 21:00:00,28.0,0.0,1006.0
EPAC,200301E,-103.1,9.6,2003-05-20 00:00:00,30.0,0.0,1006.0
EPAC,200301E,-105.5,9.7,2003-05-20 15:00:00,48.0,0.0,998.0
EPAC,200301E,-106.1,9.7,2003-05-20 18:00:00,50.0,0.0,997.0
EPAC,200301E,-106.7,9.7,2003-05-20 21:00:00,50.0,0.0,997.0
EPAC,200301E,-107.3,9.7,2003-05-21 00:00:00,50.0,0.0,997.0
EPAC,200301E,-111.1,10.2,2003-05-21 15:00:00,45.0,0.0,1000.0
EPAC,200301E,-111.9,10.4,2003-05-21 18:00:00,45.0,0.0,1000.0
EPAC,200301E,-112.7,10.4,2003-05-21 21:00:00,45.0,0.0,1000.0
EPAC,200301E,-113.5,10.5,2003-05-22 00:00:00,45.0,0.0,1000.0
EPAC,200301E,-117.9,11.3,2003-05-22 15:00:00,48.0,0.0,998.0
EPAC,200301E,-118.8,11.5,2003-05-22 18:00:00,45.0,0.0,1000.0
EPAC,200301E,-119.8,11.7,2003-05-22 21:00:00,45.0,0.0,1000.0
EPAC,200301E,-120.7,11.8,2003-05-23 00:00:00,45.0,0.0,1000.0
EPAC,200301E,-125.0,12.7,2003-05-23 15:00:00,45.0,0.0,1000.0
EPAC,200301E,-125.9,12.9,2003-05-23 18:00:00,45.0,0.0,1000.0
EPAC,200301E,-126.8,13.2,2003-05-23 21:00:00,45.0,0.0,1000.0
EPAC,200301E,-127.6,13.4,2003-05-24 00:00:00,45.0,0.0,1000.0
EPAC,200301E,-131.2,14.2,2003-05-24 15:00:00,42.0,0.0,1001.0
EPAC,200301E,-131.8,14.4,2003-05-24 18:00:00,40.0,0.0,1002.0
EPAC,200301E,-132.5,14.5,2003-05-24 21:00:00,38.0,0.0,1004.0
EPAC,200301E,-133.2,14.6,2003-05-25 00:00:00,35.0,0.0,1005.0
EPAC,200301E,-133.9,14.6,2003-05-25 03:00:00,32.0,0.0,1006.0
EPAC,200301E,-137.0,14.2,2003-05-25 15:00:00,25.0,0.0,1009.0
EPAC,200301E,-137.8,14.1,2003-05-25 18:00:00,25.0,0.0,1009.0
EPAC,200301E,-138.5,14.1,2003-05-25 21:00:00,25.0,0.0,1009.0
EPAC,200301E,-139.2,14.1,2003-05-26 00:00:00,25.0,0.0,1009.0
EPAC,200301E,-139.8,14.2,2003-05-26 03:00:00,22.0,0.0,1010.0
EPAC,200302E,-103.2,15.9,2003-06-17 00:00:00,25.0,0.0,1007.0
EPAC,200302E,-103.5,16.4,2003-06-17 15:00:00,33.0,0.0,1003.0
EPAC,200302E,-103.5,16.5,2003-06-17 18:00:00,35.0,0.0,1001.0
EPAC,200302E,-103.6,16.6,2003-06-17 21:00:00,40.0,0.0,1001.0
EPAC,200302E,-103.6,16.6,2003-06-18 00:00:00,45.0,0.0,1000.0
EPAC,200302E,-104.2,16.7,2003-06-18 15:00:00,48.0,0.0,999.0
EPAC,200302E,-104.3,16.7,2003-06-18 18:00:00,50.0,0.0,997.0
EPAC,200302E,-104.4,16.6,2003-06-18 21:00:00,48.0,0.0,998.0
EPAC,200302E,-104.5,16.6,2003-06-19 00:00:00,45.0,0.0,998.0
EPAC,200302E,-104.8,16.3,2003-06-19 15:00:00,45.0,0.0,1000.0
EPAC,200302E,-104.9,16.1,2003-06-19 18:00:00,45.0,0.0,1000.0
EPAC,200302E,-105.0,16.0,2003-06-19 21:00:00,43.0,0.0,1001.0
EPAC,200302E,-105.1,15.9,2003-06-20 00:00:00,40.0,0.0,1002.0
EPAC,200302E,-105.8,15.6,2003-06-20 15:00:00,33.0,0.0,1005.0
EPAC,200302E,-106.0,15.5,2003-06-20 18:00:00,30.0,0.0,1006.0
EPAC,200302E,-106.2,15.4,2003-06-20 21:00:00,28.0,0.0,1006.0
EPAC,200302E,-106.3,15.3,2003-06-21 00:00:00,25.0,0.0,1006.0
EPAC,200302E,-106.1,15.5,2003-06-21 15:00:00,25.0,0.0,1008.0
EPAC,200302E,-106.0,15.5,2003-06-21 18:00:00,25.0,0.0,1008.0
EPAC,200302E,-105.8,15.6,2003-06-21 21:00:00,25.0,0.0,1009.0
EPAC,200302E,-105.7,15.6,2003-06-22 00:00:00,25.0,0.0,1009.0
EPAC,200302E,-104.7,15.9,2003-06-22 15:00:00,20.0,0.0,1009.0
EPAC,200302E,-104.5,15.9,2003-06-22 18:00:00,20.0,0.0,1009.0
EPAC,200302E,-104.3,15.9,2003-06-22 21:00:00,20.0,0.0,1009.0
EPAC,200302E,-104.1,16.0,2003-06-23 00:00:00,20.0,0.0,1009.0
EPAC,200302E,-103.8,16.3,2003-06-23 15:00:00,20.0,0.0,1009.0
EPAC,200302E,-103.7,16.4,2003-06-23 18:00:00,20.0,0.0,1009.0
EPAC,200302E,-103.7,16.5,2003-06-23 21:00:00,20.0,0.0,1009.0
EPAC,200302E,-103.6,16.6,2003-06-24 00:00:00,20.0,0.0,1009.0
EPAC,200303E,-97.2,13.9,2003-06-26 00:00:00,25.0,0.0,1007.0
EPAC,200303E,-97.5,14.9,2003-06-26 15:00:00,40.0,0.0,1001.0
EPAC,200303E,-97.3,15.0,2003-06-26 18:00:00,45.0,0.0,998.0
EPAC,200303E,-97.4,15.4,2003-06-26 21:00:00,50.0,0.0,997.0
EPAC,200303E,-97.6,15.7,2003-06-27 00:00:00,55.0,0.0,996.0
EPAC,200303E,-98.9,16.6,2003-06-27 15:00:00,28.0,0.0,1003.0
EPAC,200303E,-99.3,16.7,2003-06-27 18:00:00,25.0,0.0,1005.0
EPAC,200303E,-99.6,16.6,2003-06-27 21:00:00,25.0,0.0,1007.0
EPAC,200303E,-99.9,16.6,2003-06-28 00:00:00,25.0,0.0,1008.0
EPAC,200303E,-101.5,15.9,2003-06-28 15:00:00,25.0,0.0,1008.0
EPAC,200303E,-101.8,15.7,2003-06-28 18:00:00,25.0,0.0,1008.0
EPAC,200304E,-117.5,15.1,2003-07-06 15:00:00,35.0,0.0,1006.0
EPAC,200304E,-117.9,15.5,2003-07-06 18:00:00,35.0,0.0,1006.0
EPAC,200304E,-118.3,15.8,2003-07-06 21:00:00,33.0,0.0,1006.0
EPAC,200304E,-118.6,16.0,2003-07-07 00:00:00,30.0,0.0,1006.0
EPAC,200304E,-120.7,17.1,2003-07-07 15:00:00,25.0,0.0,1007.0
EPAC,200304E,-121.1,17.3,2003-07-07 18:00:00,25.0,0.0,1007.0
EPAC,200304E,-121.6,17.5,2003-07-07 21:00:00,25.0,0.0,1007.0
EPAC,200304E,-122.0,17.6,2003-07-08 00:00:00,25.0,0.0,1007.0
EPAC,200304E,-124.8,18.4,2003-07-08 15:00:00,20.0,0.0,1010.0
EPAC,200304E,-125.5,18.6,2003-07-08 18:00:00,20.0,0.0,1010.0
EPAC,200305E,-106.9,14.4,2003-07-10 15:00:00,28.0,0.0,1005.0
EPAC,200305E,-107.5,14.6,2003-07-10 18:00:00,30.0,0.0,1005.0
EPAC,200305E,-108.1,14.6,2003-07-10 21:00:00,30.0,0.0,1005.0
EPAC,200305E,-108.7,14.6,2003-07-11 00:00:00,30.0,0.0,1005.0
EPAC,200305E,-110.8,14.8,2003-07-11 15:00:00,43.0,0.0,1000.0
EPAC,200305E,-111.2,14.9,2003-07-11 18:00:00,45.0,0.0,999.0
EPAC,200305E,-111.7,15.1,2003-07-11 21:00:00,50.0,0.0,997.0
EPAC,200305E,-112.1,15.3,2003-07-12 00:00:00,55.0,0.0,994.0
EPAC,200305E,-114.9,17.6,2003-07-12 15:00:00,55.0,0.0,994.0
EPAC,200305E,-115.6,18.0,2003-07-12 18:00:00,55.0,0.0,994.0
EPAC,200305E,-116.3,18.4,2003-07-12 21:00:00,53.0,0.0,996.0
EPAC,200305E,-117.1,18.9,2003-07-13 00:00:00,50.0,0.0,997.0
EPAC,200305E,-120.5,19.9,2003-07-13 15:00:00,33.0,0.0,1004.0
EPAC,200305E,-121.2,20.0,2003-07-13 18:00:00,30.0,0.0,1005.0
EPAC,200305E,-121.8,20.0,2003-07-13 21:00:00,28.0,0.0,1006.0
EPAC,200305E,-122.5,20.0,2003-07-14 00:00:00,25.0,0.0,1006.0
EPAC,200305E,-125.7,19.4,2003-07-14 15:00:00,23.0,0.0,1008.0
EPAC,200305E,-126.2,19.2,2003-07-14 18:00:00,20.0,0.0,1008.0
EPAC,200305E,-126.6,19.0,2003-07-14 21:00:00,20.0,0.0,1008.0
EPAC,200305E,-126.9,18.9,2003-07-15 00:00:00,20.0,0.0,1008.0
EPAC,200305E,-129.3,18.6,2003-07-15 15:00:00,20.0,0.0,1009.0
EPAC,200305E,-129.8,18.6,2003-07-15 18:00:00,20.0,0.0,1009.0
EPAC,200305E,-130.2,18.6,2003-07-15 21:00:00,20.0,0.0,1009.0
EPAC,200305E,-130.6,18.6,2003-07-16 00:00:00,20.0,0.0,1009.0
EPAC,200306E,-105.3,14.0,2003-07-17 18:00:00,25.0,0.0,1009.0
EPAC,200306E,-106.2,14.2,2003-07-17 21:00:00,28.0,0.0,1009.0
EPAC,200306E,-107.0,14.3,2003-07-18 00:00:00,30.0,0.0,1008.0
EPAC,200306E,-110.8,15.1,2003-07-18 15:00:00,43.0,0.0,1001.0
EPAC,200306E,-111.6,15.2,2003-07-18 18:00:00,40.0,0.0,1002.0
EPAC,200306E,-112.4,15.3,2003-07-18 21:00:00,40.0,0.0,1002.0
EPAC,200306E,-113.2,15.3,2003-07-19 00:00:00,40.0,0.0,1002.0
EPAC,200306E,-116.8,15.5,2003-07-19 15:00:00,38.0,0.0,1004.0
EPAC,200306E,-117.6,15.5,2003-07-19 18:00:00,35.0,0.0,1005.0
EPAC,200306E,-118.4,15.4,2003-07-19 21:00:00,35.0,0.0,1006.0
EPAC,200306E,-119.2,15.4,2003-07-20 00:00:00,35.0,0.0,1006.0
EPAC,200306E,-122.2,15.2,2003-07-20 15:00:00,30.0,0.0,1009.0
EPAC,200306E,-122.6,15.2,2003-07-20 18:00:00,30.0,0.0,1009.0
EPAC,200306E,-123.1,15.3,2003-07-20 21:00:00,30.0,0.0,1009.0
EPAC,200306E,-123.6,15.4,2003-07-21 00:00:00,30.0,0.0,1009.0
EPAC,200306E,-127.0,15.9,2003-07-21 15:00:00,30.0,0.0,1009.0
EPAC,200306E,-127.7,15.9,2003-07-21 18:00:00,30.0,0.0,1009.0
EPAC,200306E,-128.4,16.0,2003-07-21 21:00:00,30.0,0.0,1009.0
EPAC,200306E,-129.1,16.1,2003-07-22 00:00:00,30.0,0.0,1009.0
EPAC,200306E,-129.7,16.3,2003-07-22 03:00:00,28.0,0.0,1010.0
EPAC,200306E,-132.1,16.9,2003-07-22 15:00:00,25.0,0.0,1010.0
EPAC,200306E,-132.8,17.1,2003-07-22 18:00:00,25.0,0.0,1010.0
EPAC,200306E,-133.7,17.3,2003-07-22 21:00:00,25.0,0.0,1010.0
EPAC,200306E,-134.5,17.5,2003-07-23 00:00:00,25.0,0.0,1010.0
EPAC,200306E,-138.3,17.6,2003-07-23 15:00:00,20.0,0.0,1010.0
EPAC,200306E,-139.0,17.7,2003-07-23 18:00:00,20.0,0.0,1010.0
EPAC,200306E,-139.8,17.8,2003-07-23 21:00:00,20.0,0.0,1010.0
EPAC,200306E,-140.5,17.8,2003-07-24 00:00:00,20.0,0.0,1010.0
EPAC,200306E,-141.4,17.9,2003-07-24 03:00:00,20.0,0.0,1010.0
EPAC,200307E,-116.3,16.4,2003-08-07 15:00:00,28.0,0.0,1008.0
EPAC,200307E,-116.6,16.5,2003-08-07 18:00:00,30.0,0.0,1007.0
EPAC,200307E,-116.9,16.6,2003-08-07 21:00:00,35.0,0.0,1005.0
EPAC,200307E,-117.2,16.6,2003-08-08 00:00:00,40.0,0.0,1003.0
EPAC,200307E,-122.8,15.6,2003-08-09 15:00:00,48.0,0.0,999.0
EPAC,200307E,-123.4,15.5,2003-08-09 18:00:00,45.0,0.0,999.0
EPAC,200307E,-124.0,15.4,2003-08-09 21:00:00,45.0,0.0,1000.0
EPAC,200307E,-124.6,15.4,2003-08-10 00:00:00,45.0,0.0,1000.0
EPAC,200307E,-127.5,15.5,2003-08-10 15:00:00,38.0,0.0,1003.0
EPAC,200307E,-128.0,15.5,2003-08-10 18:00:00,35.0,0.0,1004.0
EPAC,200307E,-128.7,15.6,2003-08-10 21:00:00,35.0,0.0,1005.0
EPAC,200307E,-129.3,15.6,2003-08-11 00:00:00,35.0,0.0,1005.0
EPAC,200307E,-132.8,16.1,2003-08-11 15:00:00,30.0,0.0,1007.0
EPAC,200307E,-133.5,16.2,2003-08-11 18:00:00,30.0,0.0,1007.0
EPAC,200307E,-134.3,16.3,2003-08-11 21:00:00,30.0,0.0,1007.0
EPAC,200307E,-135.0,16.3,2003-08-12 00:00:00,30.0,0.0,1007.0
EPAC,200307E,-135.8,16.3,2003-08-12 03:00:00,30.0,0.0,1007.0
EPAC,200307E,-139.0,16.3,2003-08-12 15:00:00,28.0,0.0,1008.0
EPAC,200307E,-139.8,16.3,2003-08-12 18:00:00,25.0,0.0,1008.0
EPAC,200307E,-140.7,16.2,2003-08-12 21:00:00,25.0,0.0,1009.0
EPAC,200307E,-141.5,16.1,2003-08-13 00:00:00,25.0,0.0,1009.0
EPAC,200308E,-113.0,13.9,2003-08-09 15:00:00,30.0,0.0,1006.0
EPAC,200308E,-113.6,14.1,2003-08-09 18:00:00,30.0,0.0,1005.0
EPAC,200308E,-114.2,14.3,2003-08-09 21:00:00,33.0,0.0,1005.0
EPAC,200308E,-114.8,14.5,2003-08-10 00:00:00,35.0,0.0,1005.0
EPAC,200308E,-117.3,15.8,2003-08-10 15:00:00,35.0,0.0,1005.0
EPAC,200308E,-122.3,18.3,2003-08-11 15:00:00,33.0,0.0,1006.0
EPAC,200308E,-123.2,18.6,2003-08-11 18:00:00,30.0,0.0,1006.0
EPAC,200308E,-124.0,18.5,2003-08-11 21:00:00,30.0,0.0,1007.0
EPAC,200308E,-124.7,18.4,2003-08-12 00:00:00,30.0,0.0,1007.0
EPAC,200308E,-127.8,18.4,2003-08-12 15:00:00,28.0,0.0,1009.0
EPAC,200308E,-128.4,18.4,2003-08-12 18:00:00,25.0,0.0,1009.0
EPAC,200308E,-128.9,18.4,2003-08-12 21:00:00,25.0,0.0,1009.0
EPAC,200308E,-129.3,18.4,2003-08-13 00:00:00,25.0,0.0,1009.0
EPAC,200309E,-107.2,20.6,2003-08-22 15:00:00,30.0,0.0,1008.0
EPAC,200309E,-107.3,20.7,2003-08-22 18:00:00,30.0,0.0,1007.0
EPAC,200309E,-107.4,20.9,2003-08-22 21:00:00,33.0,0.0,1006.0
EPAC,200309E,-107.5,21.0,2003-08-23 00:00:00,35.0,0.0,1005.0
EPAC,200309E,-108.4,21.6,2003-08-23 15:00:00,50.0,0.0,996.0
EPAC,200309E,-108.6,21.8,2003-08-23 18:00:00,55.0,0.0,992.0
EPAC,200309E,-108.7,22.0,2003-08-23 21:00:00,58.0,0.0,991.0
EPAC,200309E,-108.7,22.2,2003-08-24 00:00:00,60.0,0.0,989.0
EPAC,200309E,-109.9,24.1,2003-08-25 15:00:00,73.0,0.0,983.0
EPAC,200309E,-110.1,24.2,2003-08-25 18:00:00,70.0,0.0,985.0
EPAC,200309E,-110.3,24.3,2003-08-25 21:00:00,68.0,0.0,987.0
EPAC,200309E,-110.4,24.4,2003-08-26 00:00:00,65.0,0.0,989.0
EPAC,200309E,-112.8,26.6,2003-08-27 15:00:00,23.0,0.0,1008.0
EPAC,200309E,-113.0,26.9,2003-08-27 18:00:00,20.0,0.0,1008.0
EPAC,200310E,-131.3,14.6,2003-08-28 15:00:00,38.0,0.0,1004.0
EPAC,200310E,-131.9,14.8,2003-08-28 18:00:00,40.0,0.0,1002.0
EPAC,200310E,-132.4,15.1,2003-08-28 21:00:00,45.0,0.0,1000.0
EPAC,200310E,-133.0,15.4,2003-08-29 00:00:00,50.0,0.0,997.0
EPAC,200310E,-133.6,15.8,2003-08-29 03:00:00,53.0,0.0,996.0
EPAC,200310E,-136.2,16.8,2003-08-29 15:00:00,70.0,0.0,984.0
EPAC,200310E,-136.9,16.9,2003-08-29 18:00:00,75.0,0.0,981.0
EPAC,200310E,-137.6,17.0,2003-08-29 21:00:00,80.0,0.0,977.0
EPAC,200310E,-138.3,17.2,2003-08-30 00:00:00,85.0,0.0,973.0
EPAC,200310E,-139.1,17.3,2003-08-30 03:00:00,85.0,0.0,973.0
EPAC,200310E,-142.1,17.3,2003-08-30 15:00:00,88.0,0.0,971.0
EPAC,200310E,-142.9,17.3,2003-08-30 18:00:00,90.0,0.0,970.0
EPAC,200310E,-143.7,17.5,2003-08-30 21:00:00,90.0,0.0,973.0
EPAC,200310E,-144.4,17.6,2003-08-31 00:00:00,90.0,0.0,976.0
EPAC,200310E,-145.3,17.7,2003-08-31 03:00:00,90.0,0.0,978.0
EPAC,200310E,-149.6,18.2,2003-08-31 18:00:00,75.0,0.0,991.0
EPAC,200310E,-150.4,18.1,2003-08-31 21:00:00,70.0,0.0,996.0
EPAC,200310E,-151.3,18.1,2003-09-01 00:00:00,65.0,0.0,1000.0
EPAC,200310E,-152.2,18.0,2003-09-01 03:00:00,60.0,0.0,1000.0
EPAC,200310E,-156.1,17.0,2003-09-01 18:00:00,40.0,0.0,1002.0
EPAC,200310E,-156.8,16.8,2003-09-01 21:00:00,38.0,0.0,1004.0
EPAC,200310E,-157.6,16.5,2003-09-02 00:00:00,35.0,0.0,1005.0
EPAC,200310E,-158.3,16.3,2003-09-02 03:00:00,35.0,0.0,1005.0
EPAC,200310E,-161.9,15.3,2003-09-02 18:00:00,35.0,0.0,1005.0
EPAC,200310E,-162.7,15.2,2003-09-02 21:00:00,33.0,0.0,1007.0
EPAC,200310E,-163.4,15.1,2003-09-03 00:00:00,30.0,0.0,1009.0
EPAC,200310E,-164.2,15.0,2003-09-03 03:00:00,30.0,0.0,1009.0
EPAC,200310E,-169.1,14.7,2003-09-03 21:00:00,25.0,0.0,1009.0
EPAC,200310E,-170.0,14.7,2003-09-04 00:00:00,25.0,0.0,1009.0
EPAC,200310E,-170.9,14.7,2003-09-04 03:00:00,28.0,0.0,1009.0
EPAC,200310E,-175.5,14.2,2003-09-04 18:00:00,30.0,0.0,1010.0
EPAC,200310E,-176.4,13.9,2003-09-04 21:00:00,30.0,0.0,1010.0
EPAC,200310E,-177.4,13.7,2003-09-05 00:00:00,30.0,0.0,1009.0
EPAC,200310E,-178.4,13.6,2003-09-05 03:00:00,30.0,0.0,1009.0
EPAC,200310E,-179.4,13.6,2003-09-05 06:00:00,30.0,0.0,1009.0
EPAC,200310E,-177.4,13.2,2003-09-05 18:00:00,25.0,0.0,1009.0
EPAC,200311E,-111.8,19.1,2003-09-03 15:00:00,30.0,0.0,1001.0
EPAC,200311E,-112.0,19.3,2003-09-03 18:00:00,30.0,0.0,1001.0
EPAC,200311E,-112.3,19.4,2003-09-03 21:00:00,30.0,0.0,1001.0
EPAC,200311E,-112.5,19.5,2003-09-04 00:00:00,30.0,0.0,1001.0
EPAC,200311E,-114.6,21.2,2003-09-04 18:00:00,35.0,0.0,1000.0
EPAC,200311E,-115.0,21.5,2003-09-04 21:00:00,33.0,0.0,1001.0
EPAC,200311E,-115.4,21.9,2003-09-05 00:00:00,30.0,0.0,1002.0
EPAC,200311E,-117.5,23.1,2003-09-05 15:00:00,30.0,0.0,1005.0
EPAC,200311E,-117.9,23.1,2003-09-05 18:00:00,30.0,0.0,1005.0
EPAC,200311E,-118.2,23.4,2003-09-05 21:00:00,30.0,0.0,1006.0
EPAC,200311E,-118.5,23.6,2003-09-06 00:00:00,30.0,0.0,1006.0
EPAC,200311E,-119.7,24.1,2003-09-06 15:00:00,25.0,0.0,1009.0
EPAC,200311E,-119.8,24.3,2003-09-06 18:00:00,25.0,0.0,1009.0
EPAC,200311E,-119.9,24.5,2003-09-06 21:00:00,25.0,0.0,1009.0
EPAC,200311E,-120.0,24.6,2003-09-07 00:00:00,25.0,0.0,1009.0
EPAC,200311E,-120.2,25.5,2003-09-07 15:00:00,20.0,0.0,1010.0
EPAC,200311E,-120.0,25.7,2003-09-07 18:00:00,20.0,0.0,1010.0
EPAC,200311E,-119.8,25.9,2003-09-07 21:00:00,20.0,0.0,1011.0
EPAC,200311E,-119.5,26.0,2003-09-08 00:00:00,20.0,0.0,1011.0
EPAC,200311E,-118.3,25.1,2003-09-08 15:00:00,20.0,0.0,1011.0
EPAC,200311E,-118.2,24.8,2003-09-08 18:00:00,20.0,0.0,1011.0
EPAC,200311E,-118.1,24.6,2003-09-08 21:00:00,18.0,0.0,1012.0
EPAC,200311E,-118.0,24.3,2003-09-09 00:00:00,15.0,0.0,1012.0
EPAC,200311E,-117.6,23.4,2003-09-09 15:00:00,15.0,0.0,1013.0
EPAC,200311E,-117.4,23.3,2003-09-09 18:00:00,15.0,0.0,1013.0
EPAC,200311E,-117.2,23.3,2003-09-09 21:00:00,15.0,0.0,1013.0
EPAC,200311E,-117.0,23.2,2003-09-10 00:00:00,15.0,0.0,1013.0
EPAC,200312E,-108.2,14.7,2003-09-13 18:00:00,25.0,0.0,1007.0
EPAC,200312E,-108.4,14.9,2003-09-13 21:00:00,28.0,0.0,1006.0
EPAC,200312E,-108.6,15.2,2003-09-14 00:00:00,30.0,0.0,1005.0
EPAC,200312E,-109.9,16.8,2003-09-14 15:00:00,38.0,0.0,1003.0
EPAC,200312E,-110.3,17.1,2003-09-14 18:00:00,40.0,0.0,1001.0
EPAC,200312E,-110.7,17.4,2003-09-14 21:00:00,43.0,0.0,1001.0
EPAC,200312E,-111.0,17.7,2003-09-15 00:00:00,45.0,0.0,1000.0
EPAC,200312E,-112.8,19.4,2003-09-15 15:00:00,65.0,0.0,987.0
EPAC,200312E,-113.2,19.7,2003-09-15 18:00:00,65.0,0.0,987.0
EPAC,200312E,-113.6,19.9,2003-09-15 21:00:00,63.0,0.0,989.0
EPAC,200312E,-114.0,20.1,2003-09-16 00:00:00,60.0,0.0,990.0
EPAC,200312E,-115.6,20.7,2003-09-16 15:00:00,43.0,0.0,1001.0
EPAC,200312E,-115.9,20.7,2003-09-16 18:00:00,40.0,0.0,1002.0
EPAC,200312E,-116.2,20.6,2003-09-16 21:00:00,38.0,0.0,1003.0
EPAC,200312E,-116.4,20.5,2003-09-17 00:00:00,35.0,0.0,1004.0
EPAC,200312E,-116.9,20.3,2003-09-17 15:00:00,28.0,0.0,1007.0
EPAC,200312E,-117.0,20.2,2003-09-17 18:00:00,25.0,0.0,1007.0
EPAC,200312E,-117.1,20.1,2003-09-17 21:00:00,25.0,0.0,1007.0
EPAC,200312E,-117.2,20.0,2003-09-18 00:00:00,25.0,0.0,1007.0
EPAC,200312E,-117.7,19.0,2003-09-18 15:00:00,25.0,0.0,1007.0
EPAC,200312E,-117.8,18.9,2003-09-18 18:00:00,25.0,0.0,1007.0
EPAC,200312E,-117.9,18.8,2003-09-18 21:00:00,25.0,0.0,1007.0
EPAC,200312E,-118.1,18.7,2003-09-19 00:00:00,25.0,0.0,1007.0
EPAC,200312E,-119.1,18.4,2003-09-19 15:00:00,25.0,0.0,1007.0
EPAC,200312E,-119.3,18.4,2003-09-19 18:00:00,25.0,0.0,1007.0
EPAC,200312E,-119.5,18.3,2003-09-19 21:00:00,25.0,0.0,1007.0
EPAC,200312E,-119.7,18.2,2003-09-20 00:00:00,25.0,0.0,1007.0
EPAC,200312E,-120.2,17.7,2003-09-20 15:00:00,25.0,0.0,1006.0
EPAC,200312E,-120.2,17.6,2003-09-20 18:00:00,25.0,0.0,1006.0
EPAC,200312E,-120.2,17.5,2003-09-20 21:00:00,25.0,0.0,1007.0
EPAC,200312E,-120.2,17.3,2003-09-21 00:00:00,25.0,0.0,1007.0
EPAC,200312E,-120.5,16.7,2003-09-21 15:00:00,20.0,0.0,1009.0
EPAC,200312E,-120.5,16.6,2003-09-21 18:00:00,20.0,0.0,1009.0
EPAC,200312E,-120.6,16.5,2003-09-21 21:00:00,20.0,0.0,1009.0
EPAC,200312E,-120.7,16.4,2003-09-22 00:00:00,20.0,0.0,1009.0
EPAC,200312E,-120.8,15.9,2003-09-22 15:00:00,20.0,0.0,1009.0
EPAC,200312E,-120.8,15.7,2003-09-22 18:00:00,20.0,0.0,1009.0
EPAC,200312E,-120.7,15.6,2003-09-22 21:00:00,20.0,0.0,1009.0
EPAC,200312E,-120.6,15.5,2003-09-23 00:00:00,20.0,0.0,1009.0
EPAC,200313E,-105.7,16.5,2003-09-18 18:00:00,25.0,0.0,1004.0
EPAC,200313E,-106.0,16.6,2003-09-18 21:00:00,28.0,0.0,1003.0
EPAC,200313E,-106.3,16.8,2003-09-19 00:00:00,30.0,0.0,1002.0
EPAC,200313E,-107.2,17.2,2003-09-19 15:00:00,38.0,0.0,999.0
EPAC,200313E,-107.2,17.3,2003-09-19 18:00:00,40.0,0.0,998.0
EPAC,200313E,-107.3,17.4,2003-09-19 21:00:00,40.0,0.0,998.0
EPAC,200313E,-107.3,17.5,2003-09-20 00:00:00,40.0,0.0,998.0
EPAC,200313E,-108.1,18.1,2003-09-20 15:00:00,50.0,0.0,996.0
EPAC,200313E,-108.3,18.3,2003-09-20 18:00:00,55.0,0.0,994.0
EPAC,200313E,-108.4,18.5,2003-09-20 21:00:00,60.0,0.0,991.0
EPAC,200313E,-108.6,18.6,2003-09-21 00:00:00,65.0,0.0,987.0
EPAC,200313E,-109.3,19.7,2003-09-21 15:00:00,65.0,0.0,987.0
EPAC,200313E,-109.4,20.1,2003-09-21 18:00:00,65.0,0.0,987.0
EPAC,200313E,-109.5,20.6,2003-09-21 21:00:00,70.0,0.0,984.0
EPAC,200313E,-109.5,21.0,2003-09-22 00:00:00,75.0,0.0,980.0
EPAC,200313E,-110.3,24.5,2003-09-22 15:00:00,75.0,0.0,976.0
EPAC,200313E,-110.8,25.4,2003-09-22 18:00:00,70.0,0.0,980.0
EPAC,200313E,-111.3,26.2,2003-09-22 21:00:00,65.0,0.0,983.0
EPAC,200313E,-111.8,27.0,2003-09-23 00:00:00,60.0,0.0,985.0
EPAC,200313E,-113.3,29.6,2003-09-23 15:00:00,33.0,0.0,1001.0
EPAC,200313E,-113.5,29.9,2003-09-23 18:00:00,30.0,0.0,1002.0
EPAC,200313E,-113.6,30.2,2003-09-23 21:00:00,30.0,0.0,1003.0
EPAC,200313E,-113.7,30.5,2003-09-24 00:00:00,30.0,0.0,1003.0
EPAC,200313E,-113.4,31.3,2003-09-24 15:00:00,23.0,0.0,1007.0
EPAC,200313E,-113.6,31.5,2003-09-24 18:00:00,20.0,0.0,1007.0
EPAC,200313E,-113.8,31.5,2003-09-24 21:00:00,20.0,0.0,1007.0
EPAC,200313E,-114.1,31.5,2003-09-25 00:00:00,20.0,0.0,1007.0
EPAC,200313E,-114.4,30.4,2003-09-25 15:00:00,20.0,0.0,1011.0
EPAC,200313E,-114.5,30.2,2003-09-25 18:00:00,20.0,0.0,1012.0
EPAC,200313E,-114.6,30.0,2003-09-25 21:00:00,20.0,0.0,1012.0
EPAC,200313E,-114.7,29.9,2003-09-26 00:00:00,20.0,0.0,1012.0
EPAC,200314E,-108.1,15.7,2003-10-01 18:00:00,25.0,0.0,1007.0
EPAC,200314E,-108.3,15.7,2003-10-01 21:00:00,28.0,0.0,1006.0
EPAC,200314E,-108.4,15.7,2003-10-02 00:00:00,30.0,0.0,1005.0
EPAC,200314E,-109.0,15.4,2003-10-02 15:00:00,38.0,0.0,1004.0
EPAC,200314E,-109.0,15.3,2003-10-02 18:00:00,40.0,0.0,1002.0
EPAC,200314E,-109.1,15.2,2003-10-02 21:00:00,45.0,0.0,1000.0
EPAC,200314E,-109.1,15.1,2003-10-03 00:00:00,50.0,0.0,997.0
EPAC,200314E,-109.5,15.7,2003-10-03 15:00:00,58.0,0.0,993.0
EPAC,200314E,-109.7,16.0,2003-10-03 18:00:00,60.0,0.0,992.0
EPAC,200314E,-110.0,16.1,2003-10-03 21:00:00,63.0,0.0,990.0
EPAC,200314E,-110.3,16.2,2003-10-04 00:00:00,65.0,0.0,987.0
EPAC,200314E,-111.8,17.1,2003-10-04 15:00:00,90.0,0.0,970.0
EPAC,200314E,-112.0,17.4,2003-10-04 18:00:00,90.0,0.0,970.0
EPAC,200314E,-112.3,17.7,2003-10-04 21:00:00,90.0,0.0,970.0
EPAC,200314E,-112.6,18.0,2003-10-05 00:00:00,90.0,0.0,970.0
EPAC,200314E,-113.5,19.1,2003-10-05 15:00:00,83.0,0.0,975.0
EPAC,200314E,-113.6,19.3,2003-10-05 18:00:00,80.0,0.0,976.0
EPAC,200314E,-113.7,19.5,2003-10-05 21:00:00,80.0,0.0,976.0
EPAC,200314E,-113.8,19.7,2003-10-06 00:00:00,80.0,0.0,976.0
EPAC,200314E,-113.9,20.1,2003-10-06 15:00:00,45.0,0.0,999.0
EPAC,200314E,-113.9,20.1,2003-10-06 18:00:00,40.0,0.0,1000.0
EPAC,200314E,-113.8,20.2,2003-10-06 21:00:00,38.0,0.0,1001.0
EPAC,200314E,-113.6,20.3,2003-10-07 00:00:00,35.0,0.0,1001.0
EPAC,200314E,-112.1,20.1,2003-10-07 15:00:00,30.0,0.0,1002.0
EPAC,200314E,-111.6,20.1,2003-10-07 18:00:00,30.0,0.0,1002.0
EPAC,200314E,-111.0,20.2,2003-10-07 21:00:00,30.0,0.0,1002.0
EPAC,200314E,-110.4,20.3,2003-10-08 00:00:00,30.0,0.0,1002.0
EPAC,200314E,-107.6,21.6,2003-10-08 15:00:00,25.0,0.0,1004.0
EPAC,200314E,-107.2,22.3,2003-10-08 18:00:00,25.0,0.0,1004.0
EPAC,200314E,-107.1,22.7,2003-10-08 21:00:00,25.0,0.0,1004.0
EPAC,200314E,-106.9,23.1,2003-10-09 00:00:00,25.0,0.0,1003.0
EPAC,200315E,-99.2,12.3,2003-10-03 15:00:00,45.0,0.0,1001.0
EPAC,200315E,-99.5,12.4,2003-10-03 18:00:00,50.0,0.0,1000.0
EPAC,200315E,-99.8,12.8,2003-10-03 21:00:00,48.0,0.0,1000.0
EPAC,200315E,-100.0,13.1,2003-10-04 00:00:00,45.0,0.0,1000.0
EPAC,200315E,-101.7,14.8,2003-10-04 15:00:00,53.0,0.0,996.0
EPAC,200315E,-102.1,15.0,2003-10-04 18:00:00,55.0,0.0,994.0
EPAC,200315E,-102.5,15.3,2003-10-04 21:00:00,55.0,0.0,994.0
EPAC,200315E,-102.9,15.5,2003-10-05 00:00:00,55.0,0.0,994.0
EPAC,200315E,-104.5,16.8,2003-10-05 15:00:00,60.0,0.0,989.0
EPAC,200315E,-104.8,17.1,2003-10-05 18:00:00,55.0,0.0,990.0
EPAC,200315E,-104.9,17.3,2003-10-05 21:00:00,53.0,0.0,993.0
EPAC,200315E,-105.0,17.4,2003-10-06 00:00:00,50.0,0.0,995.0
EPAC,200315E,-104.5,17.6,2003-10-06 15:00:00,38.0,0.0,999.0
EPAC,200315E,-104.4,17.9,2003-10-06 18:00:00,40.0,0.0,998.0
EPAC,200315E,-104.5,18.1,2003-10-06 21:00:00,43.0,0.0,998.0
EPAC,200315E,-104.5,18.4,2003-10-07 00:00:00,45.0,0.0,997.0
EPAC,200315E,-104.6,20.0,2003-10-07 15:00:00,35.0,0.0,1001.0
EPAC,200315E,-104.5,20.3,2003-10-07 18:00:00,30.0,0.0,1002.0
EPAC,200315E,-104.2,20.6,2003-10-07 21:00:00,28.0,0.0,1003.0
EPAC,200315E,-103.8,20.8,2003-10-08 00:00:00,25.0,0.0,1004.0
EPAC,200316E,-100.8,10.2,2003-10-20 15:00:00,33.0,0.0,1005.0
EPAC,200316E,-101.2,10.3,2003-10-20 18:00:00,35.0,0.0,1002.0
EPAC,200316E,-101.6,10.4,2003-10-20 21:00:00,40.0,0.0,1001.0
EPAC,200316E,-101.9,10.6,2003-10-21 00:00:00,45.0,0.0,1000.0
EPAC,200316E,-103.8,11.4,2003-10-21 15:00:00,65.0,0.0,987.0
EPAC,200316E,-104.2,11.6,2003-10-21 18:00:00,65.0,0.0,987.0
EPAC,200316E,-104.6,11.6,2003-10-21 21:00:00,68.0,0.0,986.0
EPAC,200316E,-105.0,11.7,2003-10-22 00:00:00,70.0,0.0,984.0
EPAC,200316E,-107.3,12.1,2003-10-22 15:00:00,58.0,0.0,992.0
EPAC,200316E,-107.8,12.2,2003-10-22 18:00:00,55.0,0.0,994.0
EPAC,200316E,-108.2,12.3,2003-10-22 21:00:00,50.0,0.0,997.0
EPAC,200316E,-108.6,12.4,2003-10-23 00:00:00,45.0,0.0,1000.0
EPAC,200316E,-111.2,13.3,2003-10-23 15:00:00,38.0,0.0,1004.0
EPAC,200316E,-111.7,13.3,2003-10-23 18:00:00,35.0,0.0,1005.0
EPAC,200316E,-112.0,13.4,2003-10-23 21:00:00,35.0,0.0,1005.0
EPAC,200316E,-112.3,13.6,2003-10-24 00:00:00,35.0,0.0,1005.0
EPAC,200316E,-113.1,14.1,2003-10-24 15:00:00,40.0,0.0,1002.0
EPAC,200316E,-113.2,14.3,2003-10-24 18:00:00,40.0,0.0,1002.0
EPAC,200316E,-113.3,14.4,2003-10-24 21:00:00,38.0,0.0,1004.0
EPAC,200316E,-113.5,14.6,2003-10-25 00:00:00,35.0,0.0,1005.0
EPAC,200316E,-114.3,15.4,2003-10-25 15:00:00,30.0,0.0,1008.0
EPAC,200316E,-114.4,15.5,2003-10-25 18:00:00,30.0,0.0,1008.0
EPAC,200316E,-114.6,15.6,2003-10-25 21:00:00,28.0,0.0,1008.0
EPAC,200316E,-114.7,15.7,2003-10-26 00:00:00,25.0,0.0,1008.0
EPAC,200401E,-107.6,14.7,2004-05-22 00:00:00,25.0,0.0,1006.0
EPAC,200401E,-109.3,16.3,2004-05-22 15:00:00,40.0,75.0,1002.0
EPAC,200401E,-109.6,16.6,2004-05-22 18:00:00,45.0,75.0,1000.0
EPAC,200401E,-109.8,16.9,2004-05-22 21:00:00,48.0,75.0,998.0
EPAC,200401E,-109.9,17.1,2004-05-23 00:00:00,50.0,75.0,997.0
EPAC,200401E,-110.4,18.0,2004-05-23 15:00:00,38.0,50.0,1002.0
EPAC,200401E,-110.5,18.2,2004-05-23 18:00:00,35.0,50.0,1002.0
EPAC,200401E,-110.6,18.4,2004-05-23 21:00:00,32.0,25.0,1002.0
EPAC,200401E,-110.7,18.5,2004-05-24 00:00:00,30.0,0.0,1003.0
EPAC,200401E,-111.0,18.9,2004-05-24 15:00:00,25.0,0.0,1007.0
EPAC,200401E,-111.0,18.8,2004-05-24 18:00:00,25.0,0.0,1008.0
EPAC,200401E,-110.8,18.8,2004-05-24 21:00:00,25.0,0.0,1008.0
EPAC,200401E,-110.7,18.8,2004-05-25 00:00:00,25.0,0.0,1008.0
EPAC,200401E,-110.0,18.4,2004-05-25 15:00:00,18.0,0.0,1010.0
EPAC,200401E,-110.1,18.4,2004-05-25 18:00:00,15.0,0.0,1010.0
EPAC,200401E,-110.2,18.5,2004-05-25 21:00:00,15.0,0.0,1010.0
EPAC,200401E,-110.4,18.7,2004-05-26 00:00:00,15.0,0.0,1010.0
EPAC,200402E,-119.6,16.4,2004-07-02 15:00:00,25.0,0.0,1008.0
EPAC,200402E,-119.9,16.6,2004-07-02 18:00:00,25.0,0.0,1008.0
EPAC,200402E,-120.3,16.9,2004-07-02 21:00:00,28.0,0.0,1008.0
EPAC,200402E,-120.8,17.1,2004-07-03 00:00:00,30.0,0.0,1007.0
EPAC,200402E,-122.5,17.5,2004-07-03 09:00:00,30.0,0.0,1007.0
EPAC,200402E,-123.6,17.6,2004-07-03 15:00:00,28.0,0.0,1008.0
EPAC,200402E,-124.1,17.6,2004-07-03 18:00:00,25.0,0.0,1008.0
EPAC,200402E,-124.6,17.6,2004-07-03 21:00:00,23.0,0.0,1008.0
EPAC,200402E,-125.0,17.5,2004-07-04 00:00:00,20.0,0.0,1008.0
EPAC,200402E,-126.7,16.8,2004-07-04 09:00:00,20.0,0.0,1009.0
EPAC,200402E,-127.2,16.5,2004-07-04 12:00:00,20.0,0.0,1009.0
EPAC,200402E,-127.8,16.2,2004-07-04 15:00:00,20.0,0.0,1009.0
EPAC,200402E,-128.3,15.9,2004-07-04 18:00:00,20.0,0.0,1009.0
EPAC,200402E,-128.8,15.6,2004-07-04 21:00:00,20.0,0.0,1009.0
EPAC,200402E,-129.3,15.2,2004-07-05 00:00:00,20.0,0.0,1009.0
EPAC,200403E,-105.5,14.6,2004-07-12 12:00:00,30.0,0.0,1006.0
EPAC,200403E,-106.2,15.1,2004-07-12 15:00:00,33.0,67.5,1004.0
EPAC,200403E,-106.8,15.5,2004-07-12 18:00:00,35.0,135.0,1002.0
EPAC,200403E,-107.4,15.9,2004-07-12 21:00:00,40.0,151.3,1000.0
EPAC,200403E,-108.0,16.4,2004-07-13 00:00:00,45.0,167.5,997.0
EPAC,200403E,-110.1,17.9,2004-07-13 09:00:00,53.0,167.5,993.0
EPAC,200403E,-110.8,18.4,2004-07-13 12:00:00,55.0,167.5,991.0
EPAC,200403E,-111.5,19.0,2004-07-13 15:00:00,53.0,151.3,993.0
EPAC,200403E,-112.2,19.6,2004-07-13 18:00:00,50.0,135.0,994.0
EPAC,200403E,-113.0,20.1,2004-07-13 21:00:00,48.0,122.5,996.0
EPAC,200403E,-113.7,20.7,2004-07-14 00:00:00,45.0,110.0,997.0
EPAC,200403E,-115.8,21.8,2004-07-14 09:00:00,38.0,75.0,1001.0
EPAC,200403E,-116.6,22.1,2004-07-14 12:00:00,35.0,75.0,1002.0
EPAC,200403E,-117.3,22.3,2004-07-14 15:00:00,33.0,37.5,1003.0
EPAC,200403E,-117.9,22.5,2004-07-14 18:00:00,30.0,0.0,1004.0
EPAC,200403E,-118.6,22.7,2004-07-14 21:00:00,30.0,0.0,1005.0
EPAC,200403E,-119.2,22.9,2004-07-15 00:00:00,30.0,0.0,1005.0
EPAC,200403E,-120.9,23.3,2004-07-15 09:00:00,28.0,0.0,1007.0
EPAC,200403E,-121.4,23.4,2004-07-15 12:00:00,25.0,0.0,1007.0
EPAC,200403E,-121.8,23.5,2004-07-15 15:00:00,25.0,0.0,1008.0
EPAC,200403E,-122.3,23.6,2004-07-15 18:00:00,25.0,0.0,1008.0
EPAC,200403E,-122.8,23.7,2004-07-15 21:00:00,25.0,0.0,1008.0
EPAC,200403E,-123.3,23.8,2004-07-16 00:00:00,25.0,0.0,1008.0
EPAC,200403E,-125.0,24.1,2004-07-16 09:00:00,23.0,0.0,1008.0
EPAC,200403E,-125.5,24.1,2004-07-16 12:00:00,20.0,0.0,1008.0
EPAC,200403E,-125.9,24.1,2004-07-16 15:00:00,20.0,0.0,1008.0
EPAC,200403E,-126.3,24.2,2004-07-16 18:00:00,20.0,0.0,1008.0
EPAC,200403E,-126.7,24.3,2004-07-16 21:00:00,20.0,0.0,1009.0
EPAC,200403E,-127.0,24.4,2004-07-17 00:00:00,20.0,0.0,1009.0
EPAC,200403E,-127.7,25.0,2004-07-17 09:00:00,20.0,0.0,1009.0
EPAC,200403E,-127.8,25.2,2004-07-17 12:00:00,20.0,0.0,1009.0
EPAC,200403E,-127.9,25.4,2004-07-17 15:00:00,18.0,0.0,1010.0
EPAC,200403E,-128.1,25.6,2004-07-17 18:00:00,15.0,0.0,1010.0
EPAC,200403E,-128.2,25.8,2004-07-17 21:00:00,15.0,0.0,1010.0
EPAC,200403E,-128.3,26.0,2004-07-18 00:00:00,15.0,0.0,1010.0
EPAC,200403E,-128.4,26.2,2004-07-18 03:00:00,15.0,0.0,1011.0
EPAC,200403E,-128.3,26.5,2004-07-18 09:00:00,15.0,0.0,1012.0
EPAC,200403E,-128.2,26.7,2004-07-18 12:00:00,15.0,0.0,1012.0
EPAC,200403E,-128.1,26.8,2004-07-18 15:00:00,15.0,0.0,1013.0
EPAC,200403E,-127.9,26.9,2004-07-18 18:00:00,15.0,0.0,1013.0
EPAC,200403E,-127.8,26.9,2004-07-18 21:00:00,15.0,0.0,1014.0
EPAC,200403E,-127.6,26.9,2004-07-19 00:00:00,15.0,0.0,1014.0
EPAC,200403E,-127.4,26.9,2004-07-19 03:00:00,15.0,0.0,1015.0
EPAC,200404E,-113.1,14.4,2004-07-19 00:00:00,30.0,0.0,1008.0
EPAC,200404E,-114.5,14.6,2004-07-19 09:00:00,33.0,27.5,1007.0
EPAC,200404E,-114.9,14.7,2004-07-19 12:00:00,35.0,55.0,1005.0
EPAC,200404E,-115.3,14.8,2004-07-19 15:00:00,40.0,55.0,1003.0
EPAC,200404E,-115.7,14.9,2004-07-19 18:00:00,45.0,55.0,1000.0
EPAC,200404E,-116.0,14.9,2004-07-19 21:00:00,45.0,57.5,1000.0
EPAC,200404E,-116.3,15.0,2004-07-20 00:00:00,45.0,60.0,1000.0
EPAC,200404E,-117.2,15.3,2004-07-20 09:00:00,45.0,56.3,1000.0
EPAC,200404E,-117.4,15.3,2004-07-20 12:00:00,45.0,52.5,1000.0
EPAC,200404E,-117.7,15.4,2004-07-20 15:00:00,48.0,52.5,999.0
EPAC,200404E,-118.0,15.5,2004-07-20 18:00:00,50.0,52.5,997.0
EPAC,200404E,-118.3,15.7,2004-07-20 21:00:00,50.0,52.5,997.0
EPAC,200404E,-118.7,15.9,2004-07-21 00:00:00,50.0,52.5,997.0
EPAC,200404E,-119.6,16.1,2004-07-21 09:00:00,53.0,65.0,996.0
EPAC,200404E,-119.8,16.1,2004-07-21 12:00:00,55.0,70.0,994.0
EPAC,200404E,-120.2,16.1,2004-07-21 15:00:00,58.0,65.0,993.0
EPAC,200404E,-120.5,16.2,2004-07-21 18:00:00,60.0,60.0,991.0
EPAC,200404E,-120.8,16.3,2004-07-21 21:00:00,63.0,62.5,989.0
EPAC,200404E,-121.0,16.3,2004-07-22 00:00:00,65.0,65.0,987.0
EPAC,200404E,-121.8,16.3,2004-07-22 09:00:00,73.0,70.0,983.0
EPAC,200404E,-122.2,16.3,2004-07-22 12:00:00,70.0,70.0,984.0
EPAC,200404E,-122.6,16.3,2004-07-22 15:00:00,65.0,70.0,987.0
EPAC,200404E,-123.0,16.3,2004-07-22 18:00:00,60.0,70.0,990.0
EPAC,200404E,-123.5,16.3,2004-07-22 21:00:00,55.0,57.5,994.0
EPAC,200404E,-123.9,16.3,2004-07-23 00:00:00,50.0,45.0,997.0
EPAC,200404E,-124.9,16.1,2004-07-23 09:00:00,38.0,31.3,1003.0
EPAC,200404E,-125.7,16.1,2004-07-23 15:00:00,35.0,30.0,1004.0
EPAC,200404E,-126.1,16.1,2004-07-23 18:00:00,35.0,35.0,1004.0
EPAC,200404E,-126.5,16.3,2004-07-23 21:00:00,35.0,35.0,1004.0
EPAC,200404E,-126.9,16.4,2004-07-24 00:00:00,35.0,35.0,1004.0
EPAC,200404E,-128.0,16.9,2004-07-24 09:00:00,33.0,6.3,1005.0
EPAC,200404E,-129.0,17.1,2004-07-24 15:00:00,30.0,0.0,1005.0
EPAC,200404E,-129.6,17.3,2004-07-24 18:00:00,30.0,0.0,1005.0
EPAC,200404E,-130.1,17.5,2004-07-24 21:00:00,30.0,0.0,1006.0
EPAC,200404E,-130.7,17.6,2004-07-25 00:00:00,30.0,0.0,1006.0
EPAC,200404E,-131.3,17.8,2004-07-25 03:00:00,30.0,0.0,1006.0
EPAC,200404E,-132.4,18.1,2004-07-25 09:00:00,30.0,0.0,1006.0
EPAC,200404E,-133.0,18.4,2004-07-25 12:00:00,30.0,0.0,1006.0
EPAC,200404E,-133.6,18.5,2004-07-25 15:00:00,28.0,0.0,1007.0
EPAC,200404E,-134.1,18.7,2004-07-25 18:00:00,25.0,0.0,1007.0
EPAC,200404E,-134.6,18.9,2004-07-25 21:00:00,25.0,0.0,1008.0
EPAC,200404E,-135.2,19.1,2004-07-26 00:00:00,25.0,0.0,1009.0
EPAC,200404E,-135.9,19.1,2004-07-26 03:00:00,25.0,0.0,1010.0
EPAC,200405E,-112.8,12.2,2004-07-26 12:00:00,25.0,0.0,1008.0
EPAC,200405E,-113.5,12.3,2004-07-26 15:00:00,28.0,0.0,1008.0
EPAC,200405E,-114.2,12.3,2004-07-26 18:00:00,30.0,0.0,1007.0
EPAC,200405E,-114.8,12.4,2004-07-26 21:00:00,33.0,32.5,1005.0
EPAC,200405E,-115.5,12.5,2004-07-27 00:00:00,35.0,65.0,1003.0
EPAC,200405E,-117.4,13.1,2004-07-27 09:00:00,50.0,65.0,997.0
EPAC,200405E,-118.0,13.2,2004-07-27 12:00:00,55.0,65.0,993.0
EPAC,200405E,-118.6,13.4,2004-07-27 15:00:00,58.0,66.9,992.0
EPAC,200405E,-119.1,13.6,2004-07-27 18:00:00,60.0,68.8,990.0
EPAC,200405E,-119.8,13.9,2004-07-27 21:00:00,63.0,68.8,989.0
EPAC,200405E,-120.5,14.1,2004-07-28 00:00:00,65.0,68.8,987.0
EPAC,200405E,-122.8,15.2,2004-07-28 12:00:00,80.0,77.5,977.0
EPAC,200405E,-123.4,15.5,2004-07-28 15:00:00,85.0,80.0,974.0
EPAC,200405E,-124.0,15.8,2004-07-28 18:00:00,90.0,82.5,970.0
EPAC,200405E,-125.2,16.3,2004-07-29 00:00:00,95.0,86.3,964.0
EPAC,200405E,-126.7,17.1,2004-07-29 09:00:00,103.0,101.3,959.0
EPAC,200405E,-127.2,17.4,2004-07-29 12:00:00,100.0,105.0,960.0
EPAC,200405E,-127.7,17.6,2004-07-29 15:00:00,98.0,105.0,962.0
EPAC,200405E,-128.2,17.8,2004-07-29 18:00:00,95.0,105.0,964.0
EPAC,200405E,-128.7,18.0,2004-07-29 21:00:00,85.0,99.4,972.0
EPAC,200405E,-129.2,18.1,2004-07-30 00:00:00,75.0,93.8,980.0
EPAC,200405E,-129.8,18.2,2004-07-30 03:00:00,70.0,88.8,984.0
EPAC,200405E,-132.4,18.5,2004-07-30 15:00:00,50.0,75.0,996.0
EPAC,200405E,-133.2,18.6,2004-07-30 18:00:00,45.0,72.5,998.0
EPAC,200405E,-133.9,18.6,2004-07-30 21:00:00,43.0,68.8,999.0
EPAC,200405E,-134.6,18.7,2004-07-31 00:00:00,40.0,65.0,1000.0
EPAC,200405E,-135.3,18.8,2004-07-31 03:00:00,38.0,55.0,1001.0
EPAC,200405E,-138.1,18.9,2004-07-31 15:00:00,28.0,0.0,1006.0
EPAC,200405E,-138.8,18.9,2004-07-31 18:00:00,25.0,0.0,1007.0
EPAC,200405E,-139.6,18.9,2004-07-31 21:00:00,25.0,0.0,1007.0
EPAC,200405E,-140.4,19.0,2004-08-01 00:00:00,25.0,0.0,1007.0
EPAC,200405E,-141.2,19.1,2004-08-01 03:00:00,25.0,0.0,1007.0
EPAC,200406E,-127.2,12.0,2004-08-01 15:00:00,25.0,0.0,1008.0
EPAC,200406E,-127.5,12.0,2004-08-01 18:00:00,25.0,0.0,1008.0
EPAC,200406E,-127.7,12.0,2004-08-01 21:00:00,25.0,0.0,1008.0
EPAC,200406E,-127.8,12.0,2004-08-02 00:00:00,25.0,0.0,1008.0
EPAC,200407E,-133.3,11.8,2004-08-19 15:00:00,30.0,0.0,1008.0
EPAC,200407E,-134.0,12.0,2004-08-19 18:00:00,30.0,0.0,1008.0
EPAC,200407E,-134.5,12.4,2004-08-19 21:00:00,30.0,0.0,1008.0
EPAC,200407E,-135.0,12.9,2004-08-20 00:00:00,30.0,0.0,1007.0
EPAC,200407E,-135.7,13.3,2004-08-20 03:00:00,33.0,31.3,1007.0
EPAC,200407E,-137.8,13.9,2004-08-20 15:00:00,40.0,62.5,1003.0
EPAC,200407E,-138.3,14.0,2004-08-20 18:00:00,45.0,62.5,1000.0
EPAC,200407E,-138.8,14.2,2004-08-20 21:00:00,50.0,81.3,997.0
EPAC,200407E,-139.3,14.3,2004-08-21 00:00:00,55.0,100.0,994.0
EPAC,200407E,-139.7,14.4,2004-08-21 03:00:00,55.0,100.0,993.0
EPAC,200407E,-141.0,15.2,2004-08-21 15:00:00,60.0,102.5,990.0
EPAC,200407E,-141.2,15.4,2004-08-21 18:00:00,60.0,102.5,990.0
EPAC,200407E,-141.4,15.6,2004-08-21 21:00:00,58.0,97.5,993.0
EPAC,200407E,-141.6,15.8,2004-08-22 00:00:00,55.0,92.5,995.0
EPAC,200407E,-141.8,15.9,2004-08-22 03:00:00,53.0,96.3,996.0
EPAC,200407E,-142.6,16.1,2004-08-22 15:00:00,35.0,75.0,998.0
EPAC,200407E,-142.8,16.2,2004-08-22 18:00:00,35.0,75.0,998.0
EPAC,200407E,-143.1,16.3,2004-08-22 21:00:00,33.0,37.5,998.0
EPAC,200407E,-143.4,16.4,2004-08-23 00:00:00,30.0,0.0,998.0
EPAC,200407E,-143.8,16.4,2004-08-23 03:00:00,30.0,0.0,1000.0
EPAC,200407E,-145.9,16.2,2004-08-23 18:00:00,30.0,0.0,1008.0
EPAC,200407E,-146.4,16.1,2004-08-23 21:00:00,28.0,0.0,1009.0
EPAC,200407E,-147.0,16.0,2004-08-24 00:00:00,25.0,0.0,1010.0
EPAC,200407E,-147.6,15.9,2004-08-24 03:00:00,25.0,0.0,1011.0
EPAC,200407E,-150.5,15.0,2004-08-24 18:00:00,20.0,0.0,1012.0
EPAC,200407E,-151.0,14.8,2004-08-24 21:00:00,20.0,0.0,1012.0
EPAC,200407E,-151.5,14.5,2004-08-25 00:00:00,20.0,0.0,1012.0
EPAC,200407E,-152.0,14.4,2004-08-25 03:00:00,20.0,0.0,1012.0
EPAC,200407E,-154.0,14.0,2004-08-25 18:00:00,20.0,0.0,1012.0
EPAC,200408E,-111.7,17.6,2004-08-23 15:00:00,55.0,60.0,997.0
EPAC,200408E,-112.2,18.0,2004-08-23 18:00:00,65.0,60.0,990.0
EPAC,200408E,-112.6,18.4,2004-08-23 21:00:00,65.0,60.0,989.0
EPAC,200408E,-113.0,18.8,2004-08-24 00:00:00,65.0,60.0,987.0
EPAC,200408E,-114.7,20.5,2004-08-24 15:00:00,73.0,75.0,981.0
EPAC,200408E,-115.0,20.8,2004-08-24 18:00:00,70.0,75.0,983.0
EPAC,200408E,-115.3,21.1,2004-08-24 21:00:00,68.0,75.0,985.0
EPAC,200408E,-115.6,21.3,2004-08-25 00:00:00,65.0,75.0,987.0
EPAC,200408E,-117.3,21.9,2004-08-25 15:00:00,43.0,65.0,1001.0
EPAC,200408E,-117.6,22.0,2004-08-25 18:00:00,40.0,60.0,1002.0
EPAC,200408E,-117.9,22.1,2004-08-25 21:00:00,35.0,30.0,1004.0
EPAC,200408E,-118.3,22.1,2004-08-26 00:00:00,30.0,0.0,1006.0
EPAC,200408E,-119.8,22.6,2004-08-26 15:00:00,25.0,0.0,1007.0
EPAC,200408E,-120.0,22.5,2004-08-26 18:00:00,25.0,0.0,1007.0
EPAC,200408E,-120.3,22.4,2004-08-26 21:00:00,25.0,0.0,1007.0
EPAC,200408E,-120.5,22.3,2004-08-27 00:00:00,25.0,0.0,1007.0
EPAC,200409E,-123.6,17.3,2004-08-23 18:00:00,25.0,0.0,1008.0
EPAC,200409E,-123.7,17.6,2004-08-23 21:00:00,28.0,0.0,1007.0
EPAC,200409E,-123.7,17.8,2004-08-24 00:00:00,30.0,0.0,1006.0
EPAC,200409E,-124.5,18.5,2004-08-24 15:00:00,30.0,0.0,1005.0
EPAC,200409E,-124.8,18.6,2004-08-24 18:00:00,30.0,0.0,1005.0
EPAC,200409E,-125.1,18.8,2004-08-24 21:00:00,30.0,0.0,1005.0
EPAC,200409E,-125.4,18.9,2004-08-25 00:00:00,30.0,0.0,1005.0
EPAC,200409E,-127.3,19.5,2004-08-25 15:00:00,25.0,0.0,1008.0
EPAC,200409E,-127.7,19.7,2004-08-25 18:00:00,25.0,0.0,1009.0
EPAC,200409E,-128.2,19.8,2004-08-25 21:00:00,25.0,0.0,1009.0
EPAC,200409E,-128.7,19.9,2004-08-26 00:00:00,25.0,0.0,1009.0
EPAC,200409E,-131.4,19.9,2004-08-26 15:00:00,25.0,0.0,1009.0
EPAC,200409E,-131.9,19.9,2004-08-26 18:00:00,25.0,0.0,1009.0
EPAC,200409E,-132.6,19.9,2004-08-26 21:00:00,23.0,0.0,1009.0
EPAC,200409E,-133.2,19.8,2004-08-27 00:00:00,20.0,0.0,1009.0
EPAC,200409E,-133.6,19.8,2004-08-27 03:00:00,20.0,0.0,1009.0
EPAC,200409E,-135.5,19.3,2004-08-27 15:00:00,20.0,0.0,1010.0
EPAC,200409E,-136.0,19.0,2004-08-27 18:00:00,20.0,0.0,1010.0
EPAC,200409E,-136.5,18.8,2004-08-27 21:00:00,20.0,0.0,1010.0
EPAC,200409E,-137.0,18.5,2004-08-28 00:00:00,20.0,0.0,1010.0
EPAC,200409E,-137.8,18.3,2004-08-28 03:00:00,20.0,0.0,1010.0
EPAC,200410E,-106.5,15.1,2004-08-26 15:00:00,33.0,15.6,1006.0
EPAC,200410E,-107.0,15.6,2004-08-26 18:00:00,35.0,31.3,1005.0
EPAC,200410E,-107.7,16.1,2004-08-26 21:00:00,38.0,37.5,1004.0
EPAC,200410E,-108.4,16.5,2004-08-27 00:00:00,40.0,43.8,1002.0
EPAC,200410E,-112.1,18.1,2004-08-27 15:00:00,53.0,65.0,997.0
EPAC,200410E,-112.8,18.3,2004-08-27 18:00:00,50.0,65.0,998.0
EPAC,200410E,-113.5,18.4,2004-08-27 21:00:00,48.0,63.1,999.0
EPAC,200410E,-114.2,18.5,2004-08-28 00:00:00,45.0,61.3,1000.0
EPAC,200410E,-117.1,18.8,2004-08-28 15:00:00,48.0,65.6,999.0
EPAC,200410E,-117.5,18.8,2004-08-28 18:00:00,50.0,67.5,998.0
EPAC,200410E,-118.0,18.9,2004-08-28 21:00:00,50.0,67.5,998.0
EPAC,200410E,-118.5,19.0,2004-08-29 00:00:00,50.0,67.5,997.0
EPAC,200410E,-120.8,19.4,2004-08-29 15:00:00,45.0,63.8,1001.0
EPAC,200410E,-121.3,19.5,2004-08-29 18:00:00,45.0,60.0,1001.0
EPAC,200410E,-121.8,19.6,2004-08-29 21:00:00,40.0,55.0,1003.0
EPAC,200410E,-122.4,19.7,2004-08-30 00:00:00,35.0,50.0,1004.0
EPAC,200410E,-125.0,20.2,2004-08-30 15:00:00,23.0,0.0,1008.0
EPAC,200410E,-125.6,20.3,2004-08-30 18:00:00,20.0,0.0,1008.0
EPAC,200410E,-126.3,20.4,2004-08-30 21:00:00,20.0,0.0,1009.0
EPAC,200410E,-127.0,20.5,2004-08-31 00:00:00,20.0,0.0,1009.0
EPAC,200410E,-130.8,21.1,2004-08-31 15:00:00,20.0,0.0,1010.0
EPAC,200410E,-131.5,21.1,2004-08-31 18:00:00,20.0,0.0,1010.0
EPAC,200410E,-132.3,21.1,2004-08-31 21:00:00,20.0,0.0,1010.0
EPAC,200410E,-133.0,21.2,2004-09-01 00:00:00,20.0,0.0,1010.0
EPAC,200410E,-133.5,21.3,2004-09-01 03:00:00,20.0,0.0,1010.0
EPAC,200410E,-135.5,21.3,2004-09-01 15:00:00,20.0,0.0,1010.0
EPAC,200410E,-136.0,21.3,2004-09-01 18:00:00,20.0,0.0,1010.0
EPAC,200410E,-136.6,21.3,2004-09-01 21:00:00,20.0,0.0,1010.0
EPAC,200410E,-137.2,21.3,2004-09-02 00:00:00,20.0,0.0,1010.0
EPAC,200410E,-137.9,21.4,2004-09-02 03:00:00,18.0,0.0,1011.0
EPAC,200410E,-140.9,22.0,2004-09-02 15:00:00,15.0,0.0,1011.0
EPAC,200410E,-141.7,22.3,2004-09-02 18:00:00,15.0,0.0,1011.0
EPAC,200410E,-142.4,22.6,2004-09-02 21:00:00,15.0,0.0,1011.0
EPAC,200410E,-143.1,22.9,2004-09-03 00:00:00,15.0,0.0,1011.0
EPAC,200410E,-143.8,23.0,2004-09-03 03:00:00,15.0,0.0,1012.0
EPAC,200411E,-103.4,12.3,2004-08-30 15:00:00,28.0,0.0,1008.0
EPAC,200411E,-103.7,12.7,2004-08-30 18:00:00,30.0,0.0,1007.0
EPAC,200411E,-104.2,13.0,2004-08-30 21:00:00,33.0,15.0,1006.0
EPAC,200411E,-104.6,13.3,2004-08-31 00:00:00,35.0,30.0,1005.0
EPAC,200411E,-107.2,14.4,2004-08-31 15:00:00,48.0,62.5,999.0
EPAC,200411E,-107.7,14.6,2004-08-31 18:00:00,50.0,62.5,997.0
EPAC,200411E,-108.1,14.8,2004-08-31 21:00:00,53.0,62.5,996.0
EPAC,200411E,-108.5,15.0,2004-09-01 00:00:00,55.0,62.5,994.0
EPAC,200411E,-111.0,16.3,2004-09-01 15:00:00,73.0,71.3,982.0
EPAC,200411E,-111.4,16.5,2004-09-01 18:00:00,75.0,71.3,980.0
EPAC,200411E,-111.7,16.6,2004-09-01 21:00:00,78.0,76.9,978.0
EPAC,200411E,-112.0,16.8,2004-09-02 00:00:00,80.0,82.5,976.0
EPAC,200411E,-113.6,18.1,2004-09-02 15:00:00,120.0,100.6,943.0
EPAC,200411E,-113.9,18.3,2004-09-02 18:00:00,120.0,102.5,943.0
EPAC,200411E,-114.2,18.6,2004-09-02 21:00:00,118.0,103.8,946.0
EPAC,200411E,-114.5,18.8,2004-09-03 00:00:00,115.0,105.0,948.0
EPAC,200411E,-115.7,20.4,2004-09-03 15:00:00,85.0,90.0,973.0
EPAC,200411E,-115.9,20.8,2004-09-03 18:00:00,80.0,90.0,976.0
EPAC,200411E,-116.2,21.2,2004-09-03 21:00:00,75.0,90.0,980.0
EPAC,200411E,-116.5,21.6,2004-09-04 00:00:00,70.0,90.0,984.0
EPAC,200411E,-117.8,23.5,2004-09-04 15:00:00,55.0,75.0,993.0
EPAC,200411E,-118.0,23.9,2004-09-04 18:00:00,50.0,75.0,995.0
EPAC,200411E,-118.2,24.1,2004-09-04 21:00:00,45.0,68.8,997.0
EPAC,200411E,-118.3,24.4,2004-09-05 00:00:00,40.0,62.5,999.0
EPAC,200411E,-118.8,25.8,2004-09-05 15:00:00,28.0,0.0,1003.0
EPAC,200411E,-118.8,26.0,2004-09-05 18:00:00,25.0,0.0,1004.0
EPAC,200411E,-118.9,26.3,2004-09-05 21:00:00,25.0,0.0,1005.0
EPAC,200411E,-119.0,26.6,2004-09-06 00:00:00,25.0,0.0,1005.0
EPAC,200411E,-119.8,27.5,2004-09-06 15:00:00,20.0,0.0,1009.0
EPAC,200411E,-120.1,27.5,2004-09-06 18:00:00,20.0,0.0,1010.0
EPAC,200411E,-120.4,27.4,2004-09-06 21:00:00,20.0,0.0,1010.0
EPAC,200411E,-120.8,27.3,2004-09-07 00:00:00,20.0,0.0,1010.0
EPAC,200411E,-121.8,25.8,2004-09-07 15:00:00,20.0,0.0,1011.0
EPAC,200411E,-122.0,25.5,2004-09-07 18:00:00,20.0,0.0,1011.0
EPAC,200411E,-122.2,25.2,2004-09-07 21:00:00,20.0,0.0,1010.0
EPAC,200411E,-122.4,24.9,2004-09-08 00:00:00,20.0,0.0,1009.0
EPAC,200411E,-123.7,23.3,2004-09-08 15:00:00,20.0,0.0,1009.0
EPAC,200411E,-124.0,23.0,2004-09-08 18:00:00,20.0,0.0,1009.0
EPAC,200411E,-124.3,22.8,2004-09-08 21:00:00,20.0,0.0,1009.0
EPAC,200411E,-124.5,22.6,2004-09-09 00:00:00,20.0,0.0,1009.0
EPAC,200411E,-126.2,21.5,2004-09-09 15:00:00,20.0,0.0,1009.0
EPAC,200411E,-126.5,21.1,2004-09-09 18:00:00,20.0,0.0,1009.0
EPAC,200411E,-126.8,20.8,2004-09-09 21:00:00,20.0,0.0,1010.0
EPAC,200411E,-127.1,20.4,2004-09-10 00:00:00,20.0,0.0,1010.0
EPAC,200412E,-110.6,15.3,2004-09-08 15:00:00,33.0,31.3,1004.0
EPAC,200412E,-110.8,15.4,2004-09-08 18:00:00,35.0,62.5,1004.0
EPAC,200412E,-111.1,15.7,2004-09-08 21:00:00,35.0,62.5,1004.0
EPAC,200412E,-111.3,16.0,2004-09-09 00:00:00,35.0,62.5,1003.0
EPAC,200412E,-112.8,17.0,2004-09-09 15:00:00,35.0,59.4,1003.0
EPAC,200412E,-113.3,17.2,2004-09-09 18:00:00,35.0,56.3,1003.0
EPAC,200412E,-113.7,17.3,2004-09-09 21:00:00,38.0,53.1,1003.0
EPAC,200412E,-114.1,17.3,2004-09-10 00:00:00,40.0,50.0,1002.0
EPAC,200412E,-116.2,17.4,2004-09-10 15:00:00,30.0,0.0,1004.0
EPAC,200412E,-116.6,17.4,2004-09-10 18:00:00,30.0,0.0,1004.0
EPAC,200412E,-117.2,17.4,2004-09-10 21:00:00,30.0,0.0,1004.0
EPAC,200412E,-117.7,17.4,2004-09-11 00:00:00,30.0,0.0,1004.0
EPAC,200412E,-120.1,17.4,2004-09-11 15:00:00,30.0,0.0,1004.0
EPAC,200412E,-120.5,17.4,2004-09-11 18:00:00,30.0,0.0,1004.0
EPAC,200412E,-120.9,17.4,2004-09-11 21:00:00,33.0,7.5,1004.0
EPAC,200412E,-121.3,17.4,2004-09-12 00:00:00,35.0,15.0,1003.0
EPAC,200412E,-123.6,17.4,2004-09-12 15:00:00,45.0,37.5,1000.0
EPAC,200412E,-124.0,17.3,2004-09-12 18:00:00,45.0,15.0,1000.0
EPAC,200412E,-124.5,17.3,2004-09-12 21:00:00,45.0,15.0,1000.0
EPAC,200412E,-125.0,17.2,2004-09-13 00:00:00,45.0,15.0,1000.0
EPAC,200412E,-127.5,16.6,2004-09-13 15:00:00,45.0,45.0,1000.0
EPAC,200412E,-128.0,16.6,2004-09-13 18:00:00,45.0,60.0,1000.0
EPAC,200412E,-128.4,16.6,2004-09-13 21:00:00,45.0,60.0,1000.0
EPAC,200412E,-128.9,16.6,2004-09-14 00:00:00,45.0,60.0,1000.0
EPAC,200412E,-130.2,16.9,2004-09-14 15:00:00,38.0,41.3,1002.0
EPAC,200412E,-130.4,17.0,2004-09-14 18:00:00,40.0,52.5,1000.0
EPAC,200412E,-130.7,17.1,2004-09-14 21:00:00,45.0,61.3,999.0
EPAC,200412E,-130.9,17.2,2004-09-15 00:00:00,50.0,70.0,997.0
EPAC,200412E,-131.9,18.0,2004-09-15 15:00:00,63.0,70.0,989.0
EPAC,200412E,-132.0,18.2,2004-09-15 18:00:00,60.0,70.0,991.0
EPAC,200412E,-132.0,18.3,2004-09-15 21:00:00,58.0,65.0,993.0
EPAC,200412E,-132.0,18.4,2004-09-16 00:00:00,55.0,60.0,994.0
EPAC,200412E,-132.3,18.1,2004-09-16 15:00:00,30.0,0.0,1005.0
EPAC,200412E,-132.3,18.0,2004-09-16 18:00:00,30.0,0.0,1006.0
EPAC,200412E,-132.4,17.9,2004-09-16 21:00:00,30.0,0.0,1006.0
EPAC,200412E,-132.5,17.9,2004-09-17 00:00:00,30.0,0.0,1006.0
EPAC,200412E,-133.2,17.5,2004-09-17 15:00:00,30.0,0.0,1008.0
EPAC,200412E,-133.3,17.4,2004-09-17 18:00:00,30.0,0.0,1008.0
EPAC,200412E,-133.6,17.2,2004-09-18 00:00:00,30.0,0.0,1008.0
EPAC,200412E,-134.1,16.9,2004-09-18 09:00:00,25.0,0.0,1009.0
EPAC,200412E,-134.2,16.8,2004-09-18 12:00:00,25.0,0.0,1009.0
EPAC,200412E,-134.4,16.7,2004-09-18 15:00:00,25.0,0.0,1009.0
EPAC,200412E,-134.7,16.6,2004-09-18 18:00:00,25.0,0.0,1009.0
EPAC,200412E,-134.9,16.5,2004-09-18 21:00:00,28.0,0.0,1009.0
EPAC,200412E,-135.2,16.4,2004-09-19 00:00:00,30.0,0.0,1009.0
EPAC,200412E,-135.9,16.3,2004-09-19 09:00:00,30.0,0.0,1009.0
EPAC,200412E,-136.2,16.2,2004-09-19 12:00:00,30.0,0.0,1009.0
EPAC,200412E,-136.4,16.1,2004-09-19 15:00:00,30.0,0.0,1009.0
EPAC,200412E,-136.7,16.1,2004-09-19 18:00:00,30.0,0.0,1009.0
EPAC,200412E,-137.1,16.1,2004-09-19 21:00:00,30.0,0.0,1009.0
EPAC,200412E,-137.4,16.0,2004-09-20 00:00:00,30.0,0.0,1009.0
EPAC,200412E,-137.8,16.0,2004-09-20 03:00:00,30.0,0.0,1009.0
EPAC,200412E,-139.3,16.0,2004-09-20 15:00:00,30.0,0.0,1011.0
EPAC,200412E,-139.5,16.0,2004-09-20 18:00:00,30.0,0.0,1011.0
EPAC,200412E,-139.8,16.0,2004-09-20 21:00:00,30.0,0.0,1011.0
EPAC,200412E,-140.0,16.0,2004-09-21 00:00:00,30.0,0.0,1011.0
EPAC,200413E,-93.5,11.2,2004-09-10 18:00:00,30.0,0.0,1005.0
EPAC,200413E,-94.4,11.3,2004-09-10 21:00:00,30.0,0.0,1005.0
EPAC,200413E,-95.3,11.4,2004-09-11 00:00:00,30.0,0.0,1004.0
EPAC,200413E,-98.5,11.8,2004-09-11 15:00:00,38.0,52.5,1002.0
EPAC,200413E,-99.2,11.9,2004-09-11 18:00:00,40.0,52.5,1001.0
EPAC,200413E,-99.8,11.9,2004-09-11 21:00:00,43.0,52.5,1001.0
EPAC,200413E,-100.4,12.0,2004-09-12 00:00:00,45.0,52.5,1000.0
EPAC,200413E,-102.9,12.8,2004-09-12 15:00:00,63.0,70.0,989.0
EPAC,200413E,-103.4,13.1,2004-09-12 18:00:00,65.0,70.0,987.0
EPAC,200413E,-103.7,13.4,2004-09-12 21:00:00,70.0,75.0,983.0
EPAC,200413E,-104.0,13.6,2004-09-13 00:00:00,75.0,80.0,979.0
EPAC,200413E,-105.8,14.9,2004-09-13 15:00:00,113.0,95.0,950.0
EPAC,200413E,-106.1,15.2,2004-09-13 18:00:00,120.0,100.0,942.0
EPAC,200413E,-106.4,15.6,2004-09-13 21:00:00,125.0,100.0,936.0
EPAC,200413E,-106.8,15.9,2004-09-14 00:00:00,130.0,100.0,930.0
EPAC,200413E,-107.6,16.8,2004-09-14 15:00:00,125.0,110.0,936.0
EPAC,200413E,-107.7,17.0,2004-09-14 18:00:00,125.0,110.0,936.0
EPAC,200413E,-107.8,17.2,2004-09-14 21:00:00,125.0,106.3,936.0
EPAC,200413E,-108.0,17.4,2004-09-15 00:00:00,125.0,102.5,936.0
EPAC,200413E,-108.8,18.3,2004-09-15 15:00:00,115.0,100.0,948.0
EPAC,200413E,-109.0,18.5,2004-09-15 18:00:00,115.0,100.0,948.0
EPAC,200413E,-109.3,18.7,2004-09-15 21:00:00,113.0,100.0,949.0
EPAC,200413E,-109.5,18.9,2004-09-16 00:00:00,110.0,100.0,950.0
EPAC,200413E,-110.7,19.6,2004-09-16 15:00:00,100.0,95.0,960.0
EPAC,200413E,-110.9,19.8,2004-09-16 18:00:00,100.0,95.0,960.0
EPAC,200413E,-111.1,20.1,2004-09-16 21:00:00,100.0,95.0,960.0
EPAC,200413E,-111.2,20.5,2004-09-17 00:00:00,100.0,95.0,960.0
EPAC,200413E,-112.0,21.7,2004-09-17 15:00:00,93.0,87.5,964.0
EPAC,200413E,-112.1,21.9,2004-09-17 18:00:00,90.0,75.0,965.0
EPAC,200413E,-112.4,22.4,2004-09-18 00:00:00,75.0,75.0,970.0
EPAC,200413E,-113.0,23.1,2004-09-18 09:00:00,58.0,75.0,981.0
EPAC,200413E,-113.2,23.3,2004-09-18 12:00:00,50.0,75.0,987.0
EPAC,200413E,-113.3,23.6,2004-09-18 15:00:00,48.0,63.8,991.0
EPAC,200413E,-113.4,23.9,2004-09-18 18:00:00,45.0,52.5,995.0
EPAC,200413E,-113.5,24.4,2004-09-18 21:00:00,38.0,26.3,998.0
EPAC,200413E,-113.5,24.8,2004-09-19 00:00:00,30.0,0.0,1001.0
EPAC,200413E,-113.0,26.3,2004-09-19 09:00:00,28.0,0.0,1002.0
EPAC,200413E,-112.7,26.9,2004-09-19 12:00:00,25.0,0.0,1003.0
EPAC,200413E,-112.3,27.7,2004-09-19 15:00:00,23.0,0.0,1003.0
EPAC,200413E,-112.0,28.5,2004-09-19 18:00:00,20.0,0.0,1003.0
EPAC,200413E,-111.7,29.3,2004-09-19 21:00:00,20.0,0.0,1004.0
EPAC,200413E,-111.3,30.0,2004-09-20 00:00:00,20.0,0.0,1004.0
EPAC,200414E,-111.3,13.8,2004-10-04 18:00:00,30.0,0.0,1006.0
EPAC,200414E,-112.0,13.9,2004-10-04 21:00:00,30.0,0.0,1006.0
EPAC,200414E,-112.7,13.9,2004-10-05 00:00:00,30.0,0.0,1006.0
EPAC,200414E,-115.6,14.7,2004-10-05 15:00:00,35.0,20.0,1005.0
EPAC,200414E,-116.0,15.0,2004-10-05 18:00:00,30.0,0.0,1005.0
EPAC,200414E,-116.3,15.2,2004-10-05 21:00:00,28.0,0.0,1006.0
EPAC,200414E,-116.5,15.3,2004-10-06 00:00:00,25.0,0.0,1006.0
EPAC,200414E,-117.6,16.1,2004-10-06 15:00:00,25.0,0.0,1007.0
EPAC,200414E,-117.9,16.0,2004-10-06 18:00:00,25.0,0.0,1007.0
EPAC,200414E,-118.2,15.8,2004-10-06 21:00:00,23.0,0.0,1007.0
EPAC,200414E,-118.5,15.5,2004-10-07 00:00:00,20.0,0.0,1007.0
EPAC,200415E,-96.7,14.4,2004-10-11 18:00:00,30.0,0.0,1006.0
EPAC,200415E,-97.0,14.6,2004-10-11 21:00:00,30.0,0.0,1006.0
EPAC,200415E,-97.2,14.8,2004-10-12 00:00:00,30.0,0.0,1006.0
EPAC,200415E,-99.0,15.9,2004-10-12 15:00:00,33.0,20.0,1005.0
EPAC,200415E,-99.2,16.2,2004-10-12 18:00:00,35.0,40.0,1004.0
EPAC,200415E,-99.6,16.4,2004-10-13 00:00:00,45.0,30.0,1000.0
EPAC,200416E,-109.2,18.3,2004-10-25 00:00:00,25.0,0.0,1006.0
EPAC,200416E,-108.9,21.4,2004-10-25 15:00:00,30.0,0.0,1005.0
EPAC,200416E,-108.8,22.2,2004-10-25 18:00:00,30.0,0.0,1005.0
EPAC,200416E,-108.7,22.9,2004-10-25 21:00:00,30.0,0.0,1005.0
EPAC,200416E,-108.6,23.6,2004-10-26 00:00:00,30.0,0.0,1004.0
EPAC,200501E,-95.2,9.8,2005-05-17 18:00:00,30.0,0.0,1005.0
EPAC,200501E,-95.1,9.9,2005-05-17 21:00:00,32.0,20.0,1004.0
EPAC,200501E,-94.9,10.1,2005-05-18 00:00:00,35.0,40.0,1004.0
EPAC,200501E,-93.6,10.7,2005-05-18 12:00:00,45.0,40.0,1000.0
EPAC,200501E,-93.2,10.8,2005-05-18 15:00:00,48.0,42.5,998.0
EPAC,200501E,-92.9,10.8,2005-05-18 18:00:00,50.0,45.0,997.0
EPAC,200501E,-92.6,10.9,2005-05-18 21:00:00,50.0,42.5,997.0
EPAC,200501E,-92.3,11.0,2005-05-19 00:00:00,50.0,40.0,997.0
EPAC,200501E,-91.2,12.1,2005-05-19 12:00:00,60.0,45.0,990.0
EPAC,200501E,-90.9,12.3,2005-05-19 15:00:00,65.0,48.8,986.0
EPAC,200501E,-90.6,12.5,2005-05-19 18:00:00,70.0,52.5,983.0
EPAC,200501E,-90.2,12.6,2005-05-19 21:00:00,65.0,52.5,986.0
EPAC,200501E,-89.9,12.6,2005-05-20 00:00:00,60.0,52.5,990.0
EPAC,200501E,-88.5,12.7,2005-05-20 12:00:00,35.0,32.5,1003.0
EPAC,200501E,-88.2,12.8,2005-05-20 15:00:00,30.0,16.2,1004.0
EPAC,200501E,-87.9,13.0,2005-05-20 18:00:00,25.0,0.0,1006.0
EPAC,200501E,-87.7,13.2,2005-05-20 21:00:00,22.0,0.0,1007.0
EPAC,200501E,-87.4,13.4,2005-05-21 00:00:00,20.0,0.0,1008.0
EPAC,200502E,-101.7,13.6,2005-06-21 18:00:00,25.0,0.0,1006.0
EPAC,200502E,-102.8,13.9,2005-06-22 00:00:00,30.0,0.0,1005.0
EPAC,200502E,-105.5,15.0,2005-06-22 15:00:00,38.0,77.5,1003.0
EPAC,200502E,-106.0,15.2,2005-06-22 18:00:00,40.0,77.5,1002.0
EPAC,200502E,-106.6,15.4,2005-06-22 21:00:00,43.0,78.8,1001.0
EPAC,200502E,-107.1,15.7,2005-06-23 00:00:00,45.0,80.0,1000.0
EPAC,200502E,-109.9,16.8,2005-06-23 15:00:00,38.0,76.3,1003.0
EPAC,200502E,-110.4,16.9,2005-06-23 18:00:00,35.0,70.0,1004.0
EPAC,200502E,-110.8,17.0,2005-06-23 21:00:00,33.0,35.0,1005.0
EPAC,200502E,-111.3,17.1,2005-06-24 00:00:00,30.0,0.0,1005.0
EPAC,200502E,-113.3,18.0,2005-06-24 15:00:00,20.0,0.0,1008.0
EPAC,200502E,-113.6,18.2,2005-06-24 18:00:00,20.0,0.0,1008.0
EPAC,200502E,-113.9,18.4,2005-06-24 21:00:00,20.0,0.0,1009.0
EPAC,200502E,-114.3,18.7,2005-06-25 00:00:00,20.0,0.0,1009.0
EPAC,200502E,-114.7,18.5,2005-06-25 15:00:00,20.0,0.0,1009.0
EPAC,200502E,-114.7,18.3,2005-06-25 21:00:00,20.0,0.0,1009.0
EPAC,200502E,-114.7,18.2,2005-06-26 00:00:00,20.0,0.0,1009.0
EPAC,200503E,-97.8,13.3,2005-06-26 15:00:00,30.0,15.0,1004.0
EPAC,200503E,-97.9,13.5,2005-06-26 18:00:00,35.0,30.0,1003.0
EPAC,200503E,-98.0,13.8,2005-06-26 21:00:00,35.0,30.0,1003.0
EPAC,200503E,-98.0,14.0,2005-06-27 00:00:00,35.0,30.0,1003.0
EPAC,200503E,-99.8,14.9,2005-06-27 15:00:00,45.0,43.8,1000.0
EPAC,200503E,-100.2,15.1,2005-06-27 18:00:00,45.0,45.0,1000.0
EPAC,200503E,-100.7,15.3,2005-06-27 21:00:00,43.0,40.0,1001.0
EPAC,200503E,-101.1,15.5,2005-06-28 00:00:00,40.0,35.0,1002.0
EPAC,200503E,-104.0,15.7,2005-06-28 15:00:00,28.0,0.0,1006.0
EPAC,200503E,-104.4,15.5,2005-06-28 18:00:00,25.0,0.0,1006.0
EPAC,200503E,-104.8,15.3,2005-06-28 21:00:00,25.0,0.0,1006.0
EPAC,200503E,-105.1,15.1,2005-06-29 00:00:00,25.0,0.0,1006.0
EPAC,200503E,-106.3,14.5,2005-06-29 15:00:00,20.0,0.0,1005.0
EPAC,200503E,-106.7,14.5,2005-06-29 18:00:00,20.0,0.0,1004.0
EPAC,200503E,-107.1,14.6,2005-06-29 21:00:00,23.0,0.0,1004.0
EPAC,200503E,-107.5,14.7,2005-06-30 00:00:00,25.0,0.0,1003.0
EPAC,200503E,-108.5,15.2,2005-06-30 15:00:00,25.0,0.0,1006.0
EPAC,200503E,-108.7,15.4,2005-06-30 18:00:00,25.0,0.0,1006.0
EPAC,200503E,-109.0,15.7,2005-06-30 21:00:00,25.0,0.0,1006.0
EPAC,200503E,-109.3,15.9,2005-07-01 00:00:00,25.0,0.0,1006.0
EPAC,200503E,-111.6,18.4,2005-07-01 15:00:00,23.0,0.0,1006.0
EPAC,200503E,-112.2,18.7,2005-07-01 18:00:00,20.0,0.0,1006.0
EPAC,200503E,-112.8,19.0,2005-07-01 21:00:00,20.0,0.0,1006.0
EPAC,200503E,-113.5,19.3,2005-07-02 00:00:00,20.0,0.0,1006.0
EPAC,200503E,-116.3,21.1,2005-07-02 15:00:00,20.0,0.0,1008.0
EPAC,200503E,-117.1,21.2,2005-07-02 18:00:00,20.0,0.0,1008.0
EPAC,200503E,-117.9,21.2,2005-07-02 21:00:00,20.0,0.0,1008.0
EPAC,200503E,-118.7,21.2,2005-07-03 00:00:00,20.0,0.0,1008.0
EPAC,200504E,-99.2,14.9,2005-07-04 00:00:00,30.0,0.0,1008.0
EPAC,200504E,-100.1,16.4,2005-07-04 15:00:00,40.0,29.4,1003.0
EPAC,200504E,-100.4,16.7,2005-07-04 18:00:00,40.0,28.8,1003.0
EPAC,200504E,-100.9,16.9,2005-07-04 21:00:00,38.0,28.1,1004.0
EPAC,200504E,-101.4,17.2,2005-07-05 00:00:00,35.0,27.5,1005.0
EPAC,200504E,-104.3,18.3,2005-07-05 15:00:00,33.0,13.8,1008.0
EPAC,200504E,-104.8,18.4,2005-07-05 18:00:00,30.0,0.0,1008.0
EPAC,200504E,-105.3,18.4,2005-07-05 21:00:00,30.0,0.0,1009.0
EPAC,200504E,-105.8,18.5,2005-07-06 00:00:00,30.0,0.0,1009.0
EPAC,200504E,-107.5,18.8,2005-07-06 15:00:00,18.0,0.0,1011.0
EPAC,200504E,-107.6,18.9,2005-07-06 18:00:00,15.0,0.0,1011.0
EPAC,200505E,-104.7,15.6,2005-07-18 15:00:00,35.0,36.9,1000.0
EPAC,200505E,-105.0,15.9,2005-07-18 18:00:00,35.0,45.0,1000.0
EPAC,200505E,-105.4,16.4,2005-07-18 21:00:00,38.0,45.0,999.0
EPAC,200505E,-105.8,16.8,2005-07-19 00:00:00,40.0,45.0,998.0
EPAC,200505E,-108.2,19.1,2005-07-19 15:00:00,55.0,75.0,992.0
EPAC,200505E,-108.7,19.5,2005-07-19 18:00:00,60.0,76.3,989.0
EPAC,200505E,-109.2,19.9,2005-07-19 21:00:00,55.0,73.1,992.0
EPAC,200505E,-109.6,20.2,2005-07-20 00:00:00,50.0,70.0,994.0
EPAC,200505E,-111.2,21.8,2005-07-20 15:00:00,28.0,0.0,1004.0
EPAC,200505E,-111.5,22.0,2005-07-20 18:00:00,25.0,0.0,1005.0
EPAC,200505E,-111.8,22.3,2005-07-20 21:00:00,25.0,0.0,1005.0
EPAC,200505E,-112.1,22.5,2005-07-21 00:00:00,25.0,0.0,1005.0
EPAC,200505E,-113.6,23.7,2005-07-21 15:00:00,20.0,0.0,1007.0
EPAC,200505E,-113.8,23.9,2005-07-21 18:00:00,20.0,0.0,1007.0
EPAC,200506E,-114.3,14.2,2005-08-09 15:00:00,28.0,0.0,1006.0
EPAC,200506E,-114.8,14.3,2005-08-09 18:00:00,30.0,0.0,1005.0
EPAC,200506E,-115.3,14.6,2005-08-09 21:00:00,33.0,18.8,1005.0
EPAC,200506E,-115.8,14.8,2005-08-10 00:00:00,35.0,37.5,1005.0
EPAC,200506E,-118.3,15.5,2005-08-10 15:00:00,55.0,50.0,994.0
EPAC,200506E,-118.6,15.6,2005-08-10 18:00:00,55.0,55.0,994.0
EPAC,200506E,-119.1,15.9,2005-08-10 21:00:00,55.0,55.0,994.0
EPAC,200506E,-119.6,16.1,2005-08-11 00:00:00,55.0,55.0,994.0
EPAC,200506E,-121.2,16.9,2005-08-11 15:00:00,65.0,74.4,988.0
EPAC,200506E,-121.6,17.1,2005-08-11 18:00:00,65.0,93.8,986.0
EPAC,200506E,-121.9,17.4,2005-08-11 21:00:00,68.0,93.8,984.0
EPAC,200506E,-122.2,17.6,2005-08-12 00:00:00,70.0,93.8,982.0
EPAC,200506E,-123.9,18.5,2005-08-12 15:00:00,75.0,93.8,979.0
EPAC,200506E,-124.3,18.6,2005-08-12 18:00:00,75.0,93.8,979.0
EPAC,200506E,-124.7,18.7,2005-08-12 21:00:00,75.0,93.8,979.0
EPAC,200506E,-125.1,18.8,2005-08-13 00:00:00,75.0,93.8,979.0
EPAC,200506E,-127.1,19.2,2005-08-13 15:00:00,70.0,89.4,981.0
EPAC,200506E,-127.5,19.2,2005-08-13 18:00:00,65.0,85.0,983.0
EPAC,200506E,-127.9,19.2,2005-08-13 21:00:00,65.0,75.6,985.0
EPAC,200506E,-128.3,19.2,2005-08-14 00:00:00,65.0,66.3,987.0
EPAC,200506E,-129.9,18.5,2005-08-14 15:00:00,60.0,65.6,990.0
EPAC,200506E,-130.3,18.3,2005-08-14 18:00:00,60.0,63.8,990.0
EPAC,200506E,-130.7,18.1,2005-08-14 21:00:00,60.0,63.8,990.0
EPAC,200506E,-131.0,17.9,2005-08-15 00:00:00,60.0,63.8,990.0
EPAC,200506E,-131.4,17.8,2005-08-15 03:00:00,55.0,60.6,992.0
EPAC,200506E,-133.1,17.2,2005-08-15 15:00:00,35.0,23.8,1003.0
EPAC,200506E,-133.7,17.1,2005-08-15 18:00:00,30.0,0.0,1004.0
EPAC,200506E,-134.1,17.1,2005-08-15 21:00:00,28.0,0.0,1006.0
EPAC,200506E,-134.6,17.2,2005-08-16 00:00:00,25.0,0.0,1008.0
EPAC,200506E,-135.2,17.1,2005-08-16 03:00:00,23.0,0.0,1008.0
EPAC,200506E,-137.5,16.9,2005-08-16 15:00:00,20.0,0.0,1008.0
EPAC,200506E,-138.0,16.8,2005-08-16 18:00:00,20.0,0.0,1008.0
EPAC,200506E,-138.5,16.7,2005-08-16 21:00:00,20.0,0.0,1009.0
EPAC,200506E,-139.0,16.6,2005-08-17 00:00:00,20.0,0.0,1010.0
EPAC,200506E,-139.5,16.6,2005-08-17 03:00:00,20.0,0.0,1010.0
EPAC,200507E,-110.2,13.4,2005-08-11 15:00:00,38.0,60.0,1003.0
EPAC,200507E,-110.4,13.5,2005-08-11 18:00:00,40.0,60.0,1002.0
EPAC,200507E,-111.0,13.6,2005-08-11 21:00:00,43.0,60.0,1001.0
EPAC,200507E,-111.5,13.6,2005-08-12 00:00:00,45.0,60.0,1000.0
EPAC,200507E,-113.1,14.2,2005-08-12 15:00:00,40.0,60.0,1000.0
EPAC,200507E,-113.3,14.4,2005-08-12 18:00:00,40.0,60.0,1000.0
EPAC,200507E,-113.4,14.6,2005-08-12 21:00:00,38.0,52.5,1002.0
EPAC,200507E,-113.5,14.7,2005-08-13 00:00:00,35.0,45.0,1003.0
EPAC,200507E,-114.5,15.4,2005-08-13 15:00:00,35.0,42.5,1003.0
EPAC,200507E,-114.8,15.5,2005-08-13 18:00:00,35.0,50.0,1003.0
EPAC,200507E,-115.1,15.5,2005-08-13 21:00:00,38.0,50.0,1003.0
EPAC,200507E,-115.4,15.5,2005-08-14 00:00:00,40.0,50.0,1002.0
EPAC,200507E,-115.7,14.5,2005-08-14 15:00:00,33.0,15.0,1003.0
EPAC,200507E,-115.6,14.3,2005-08-14 18:00:00,30.0,0.0,1004.0
EPAC,200507E,-115.5,14.4,2005-08-14 21:00:00,30.0,0.0,1005.0
EPAC,200507E,-115.4,14.4,2005-08-15 00:00:00,30.0,0.0,1005.0
EPAC,200507E,-116.3,14.0,2005-08-15 15:00:00,28.0,0.0,1007.0
EPAC,200507E,-116.5,13.9,2005-08-15 18:00:00,25.0,0.0,1008.0
EPAC,200508E,-96.6,13.3,2005-08-19 18:00:00,25.0,0.0,1007.0
EPAC,200508E,-97.4,13.4,2005-08-19 21:00:00,28.0,0.0,1007.0
EPAC,200508E,-98.2,13.5,2005-08-20 00:00:00,30.0,0.0,1006.0
EPAC,200508E,-101.9,13.9,2005-08-20 15:00:00,53.0,55.0,996.0
EPAC,200508E,-102.5,14.0,2005-08-20 18:00:00,55.0,60.0,994.0
EPAC,200508E,-103.1,14.2,2005-08-20 21:00:00,60.0,65.0,991.0
EPAC,200508E,-103.7,14.3,2005-08-21 00:00:00,65.0,70.0,987.0
EPAC,200508E,-106.3,16.1,2005-08-21 15:00:00,73.0,128.8,980.0
EPAC,200508E,-107.1,16.5,2005-08-21 18:00:00,75.0,152.5,979.0
EPAC,200508E,-107.8,16.9,2005-08-21 21:00:00,83.0,162.5,976.0
EPAC,200508E,-108.5,17.2,2005-08-22 00:00:00,90.0,172.5,972.0
EPAC,200508E,-111.9,18.5,2005-08-22 15:00:00,88.0,218.8,973.0
EPAC,200508E,-112.3,18.6,2005-08-22 18:00:00,85.0,212.5,974.0
EPAC,200508E,-112.8,18.8,2005-08-22 21:00:00,83.0,203.1,975.0
EPAC,200508E,-113.2,18.9,2005-08-23 00:00:00,80.0,193.8,976.0
EPAC,200508E,-115.3,19.8,2005-08-23 15:00:00,70.0,134.4,984.0
EPAC,200508E,-115.6,20.0,2005-08-23 18:00:00,70.0,131.3,985.0
EPAC,200508E,-115.8,20.2,2005-08-23 21:00:00,68.0,118.8,986.0
EPAC,200508E,-116.1,20.4,2005-08-24 00:00:00,65.0,106.3,986.0
EPAC,200508E,-117.5,21.7,2005-08-24 15:00:00,60.0,82.5,992.0
EPAC,200508E,-117.7,22.0,2005-08-24 18:00:00,55.0,75.0,994.0
EPAC,200508E,-118.1,22.4,2005-08-24 21:00:00,50.0,71.3,996.0
EPAC,200508E,-118.4,22.7,2005-08-25 00:00:00,45.0,67.5,998.0
EPAC,200508E,-120.3,24.1,2005-08-25 15:00:00,33.0,33.8,1003.0
EPAC,200508E,-120.7,24.3,2005-08-25 18:00:00,30.0,0.0,1003.0
EPAC,200508E,-121.2,24.5,2005-08-25 21:00:00,28.0,0.0,1004.0
EPAC,200508E,-121.6,24.7,2005-08-26 00:00:00,25.0,0.0,1004.0
EPAC,200508E,-124.1,25.5,2005-08-26 15:00:00,25.0,0.0,1007.0
EPAC,200508E,-124.6,25.6,2005-08-26 18:00:00,25.0,0.0,1007.0
EPAC,200508E,-125.1,25.6,2005-08-26 21:00:00,25.0,0.0,1008.0
EPAC,200508E,-125.5,25.7,2005-08-27 00:00:00,25.0,0.0,1008.0
EPAC,200508E,-128.0,25.6,2005-08-27 15:00:00,25.0,0.0,1009.0
EPAC,200508E,-128.5,25.5,2005-08-27 18:00:00,25.0,0.0,1009.0
EPAC,200508E,-128.9,25.5,2005-08-27 21:00:00,25.0,0.0,1010.0
EPAC,200508E,-129.4,25.5,2005-08-28 00:00:00,25.0,0.0,1010.0
EPAC,200509E,-105.3,16.9,2005-08-25 15:00:00,28.0,0.0,1006.0
EPAC,200509E,-105.8,17.0,2005-08-25 18:00:00,30.0,0.0,1005.0
EPAC,200509E,-106.3,17.1,2005-08-25 21:00:00,33.0,22.5,1005.0
EPAC,200509E,-106.8,17.2,2005-08-26 00:00:00,35.0,45.0,1004.0
EPAC,200509E,-109.2,17.6,2005-08-26 15:00:00,45.0,50.0,1000.0
EPAC,200509E,-109.6,17.5,2005-08-26 18:00:00,45.0,50.0,1000.0
EPAC,200509E,-110.1,17.4,2005-08-26 21:00:00,43.0,50.0,1001.0
EPAC,200509E,-110.5,17.4,2005-08-27 00:00:00,40.0,50.0,1001.0
EPAC,200509E,-112.7,17.4,2005-08-27 15:00:00,35.0,22.5,1004.0
EPAC,200509E,-113.1,17.3,2005-08-27 18:00:00,35.0,22.5,1004.0
EPAC,200509E,-113.6,17.2,2005-08-27 21:00:00,33.0,11.3,1005.0
EPAC,200509E,-114.0,17.1,2005-08-28 00:00:00,30.0,0.0,1005.0
EPAC,200509E,-115.6,16.9,2005-08-28 15:00:00,25.0,0.0,1006.0
EPAC,200509E,-115.9,16.9,2005-08-28 18:00:00,25.0,0.0,1006.0
EPAC,200509E,-116.2,16.9,2005-08-28 21:00:00,25.0,0.0,1006.0
EPAC,200509E,-116.5,17.0,2005-08-29 00:00:00,25.0,0.0,1006.0
EPAC,200509E,-117.6,17.0,2005-08-29 15:00:00,23.0,0.0,1009.0
EPAC,200509E,-117.7,17.0,2005-08-29 18:00:00,20.0,0.0,1009.0
EPAC,200509E,-117.9,17.0,2005-08-29 21:00:00,20.0,0.0,1009.0
EPAC,200509E,-118.1,17.0,2005-08-30 00:00:00,20.0,0.0,1009.0
EPAC,200509E,-119.5,17.1,2005-08-30 15:00:00,20.0,0.0,1009.0
EPAC,200509E,-119.7,17.1,2005-08-30 18:00:00,20.0,0.0,1009.0
EPAC,200509E,-119.9,17.1,2005-08-30 21:00:00,20.0,0.0,1009.0
EPAC,200509E,-120.1,17.1,2005-08-31 00:00:00,20.0,0.0,1009.0
EPAC,200509E,-121.3,16.9,2005-08-31 15:00:00,20.0,0.0,1010.0
EPAC,200509E,-121.6,16.9,2005-08-31 18:00:00,20.0,0.0,1010.0
EPAC,200509E,-121.8,16.9,2005-08-31 21:00:00,20.0,0.0,1010.0
EPAC,200509E,-122.1,16.8,2005-09-01 00:00:00,20.0,0.0,1010.0
EPAC,200509E,-123.3,15.6,2005-09-01 15:00:00,20.0,0.0,1010.0
EPAC,200509E,-123.6,15.4,2005-09-01 18:00:00,20.0,0.0,1010.0
EPAC,200509E,-123.8,15.1,2005-09-01 21:00:00,20.0,0.0,1010.0
EPAC,200509E,-123.9,14.8,2005-09-02 00:00:00,20.0,0.0,1010.0
EPAC,200509E,-125.8,13.7,2005-09-02 15:00:00,15.0,0.0,1011.0
EPAC,200509E,-126.2,13.4,2005-09-02 18:00:00,15.0,0.0,1011.0
EPAC,200510E,-114.5,14.8,2005-09-12 00:00:00,30.0,0.0,1008.0
EPAC,200510E,-117.2,14.8,2005-09-12 15:00:00,30.0,0.0,1008.0
EPAC,200510E,-117.8,14.8,2005-09-12 18:00:00,30.0,0.0,1008.0
EPAC,200510E,-118.3,14.8,2005-09-12 21:00:00,30.0,0.0,1008.0
EPAC,200510E,-118.8,14.8,2005-09-13 00:00:00,30.0,0.0,1008.0
EPAC,200510E,-121.3,14.3,2005-09-13 15:00:00,30.0,0.0,1008.0
EPAC,200510E,-122.0,14.3,2005-09-13 18:00:00,30.0,0.0,1007.0
EPAC,200510E,-122.7,14.3,2005-09-13 21:00:00,30.0,0.0,1007.0
EPAC,200510E,-123.4,14.2,2005-09-14 00:00:00,30.0,0.0,1007.0
EPAC,200510E,-126.1,13.9,2005-09-14 15:00:00,30.0,0.0,1007.0
EPAC,200510E,-126.5,13.8,2005-09-14 18:00:00,30.0,0.0,1007.0
EPAC,200510E,-127.1,13.8,2005-09-14 21:00:00,33.0,10.0,1007.0
EPAC,200510E,-127.6,13.8,2005-09-15 00:00:00,35.0,20.0,1006.0
EPAC,200510E,-130.8,13.3,2005-09-15 15:00:00,50.0,56.3,997.0
EPAC,200510E,-131.5,13.1,2005-09-15 18:00:00,55.0,67.5,994.0
EPAC,200510E,-132.1,13.1,2005-09-15 21:00:00,58.0,67.5,992.0
EPAC,200510E,-132.7,13.0,2005-09-16 00:00:00,60.0,67.5,990.0
EPAC,200510E,-135.1,12.5,2005-09-16 15:00:00,73.0,75.0,981.0
EPAC,200510E,-135.7,12.4,2005-09-16 18:00:00,75.0,82.5,979.0
EPAC,200510E,-136.1,12.4,2005-09-16 21:00:00,78.0,87.5,978.0
EPAC,200510E,-136.4,12.3,2005-09-17 00:00:00,80.0,92.5,977.0
EPAC,200510E,-138.3,12.4,2005-09-17 15:00:00,85.0,100.0,973.0
EPAC,200510E,-138.6,12.5,2005-09-17 18:00:00,85.0,105.0,973.0
EPAC,200510E,-138.9,12.7,2005-09-17 21:00:00,85.0,105.0,973.0
EPAC,200510E,-139.3,12.9,2005-09-18 00:00:00,85.0,105.0,973.0
EPAC,200510E,-139.6,13.1,2005-09-18 03:00:00,85.0,105.0,973.0
EPAC,200510E,-140.4,13.7,2005-09-18 15:00:00,90.0,112.5,970.0
EPAC,200510E,-140.6,13.8,2005-09-18 18:00:00,90.0,112.5,970.0
EPAC,200510E,-140.8,14.0,2005-09-18 21:00:00,90.0,118.8,970.0
EPAC,200510E,-141.1,14.2,2005-09-19 00:00:00,90.0,125.0,969.0
EPAC,200510E,-141.4,14.4,2005-09-19 03:00:00,93.0,125.0,967.0
EPAC,200510E,-142.4,15.4,2005-09-19 15:00:00,103.0,135.0,958.0
EPAC,200510E,-142.7,15.6,2005-09-19 18:00:00,105.0,135.0,955.0
EPAC,200510E,-143.0,15.8,2005-09-19 21:00:00,108.0,135.0,953.0
EPAC,200510E,-143.3,16.0,2005-09-20 00:00:00,110.0,135.0,951.0
EPAC,200510E,-143.6,16.1,2005-09-20 03:00:00,110.0,136.3,952.0
EPAC,200510E,-145.1,16.5,2005-09-20 18:00:00,105.0,140.0,956.0
EPAC,200510E,-145.4,16.6,2005-09-20 21:00:00,105.0,140.0,957.0
EPAC,200510E,-145.7,16.7,2005-09-21 00:00:00,105.0,140.0,957.0
EPAC,200510E,-145.9,16.9,2005-09-21 03:00:00,105.0,140.0,958.0
EPAC,200510E,-146.2,17.0,2005-09-21 06:00:00,105.0,140.0,958.0
EPAC,200510E,-147.0,17.7,2005-09-21 18:00:00,100.0,140.0,962.0
EPAC,200510E,-147.2,17.9,2005-09-21 21:00:00,98.0,124.4,964.0
EPAC,200510E,-147.3,18.1,2005-09-22 00:00:00,95.0,108.8,965.0
EPAC,200510E,-147.4,18.4,2005-09-22 03:00:00,93.0,103.1,968.0
EPAC,200510E,-147.6,18.7,2005-09-22 06:00:00,90.0,97.5,970.0
EPAC,200510E,-148.5,20.1,2005-09-22 18:00:00,70.0,86.3,982.0
EPAC,200510E,-148.8,20.5,2005-09-22 21:00:00,65.0,86.3,986.0
EPAC,200510E,-149.1,20.8,2005-09-23 00:00:00,60.0,86.3,989.0
EPAC,200510E,-149.3,21.1,2005-09-23 03:00:00,58.0,78.1,992.0
EPAC,200510E,-150.4,22.3,2005-09-23 18:00:00,35.0,50.0,1005.0
EPAC,200510E,-150.8,22.6,2005-09-23 21:00:00,33.0,25.0,1008.0
EPAC,200510E,-151.1,22.8,2005-09-24 00:00:00,30.0,0.0,1010.0
EPAC,200510E,-151.6,22.9,2005-09-24 03:00:00,30.0,0.0,1010.0
EPAC,200510E,-153.8,23.3,2005-09-24 18:00:00,25.0,0.0,1014.0
EPAC,200510E,-154.2,23.5,2005-09-24 21:00:00,23.0,0.0,1015.0
EPAC,200510E,-154.6,23.7,2005-09-25 00:00:00,20.0,0.0,1015.0
EPAC,200511E,-118.0,12.3,2005-09-14 18:00:00,30.0,0.0,1009.0
EPAC,200511E,-118.3,12.6,2005-09-14 21:00:00,30.0,0.0,1008.0
EPAC,200511E,-118.7,12.8,2005-09-15 00:00:00,30.0,0.0,1006.0
EPAC,200511E,-120.1,12.9,2005-09-15 15:00:00,53.0,52.5,996.0
EPAC,200511E,-120.4,12.9,2005-09-15 18:00:00,55.0,60.0,994.0
EPAC,200511E,-120.8,12.9,2005-09-15 21:00:00,60.0,67.5,991.0
EPAC,200511E,-121.3,13.0,2005-09-16 00:00:00,65.0,75.0,987.0
EPAC,200511E,-123.5,13.0,2005-09-16 15:00:00,75.0,76.9,979.0
EPAC,200511E,-124.0,13.0,2005-09-16 18:00:00,75.0,78.8,979.0
EPAC,200511E,-124.3,13.1,2005-09-16 21:00:00,80.0,83.8,977.0
EPAC,200511E,-124.7,13.2,2005-09-17 00:00:00,85.0,88.8,975.0
EPAC,200511E,-126.8,13.8,2005-09-17 15:00:00,110.0,92.5,952.0
EPAC,200511E,-127.2,13.9,2005-09-17 18:00:00,110.0,95.0,952.0
EPAC,200511E,-127.6,14.0,2005-09-17 21:00:00,110.0,92.5,952.0
EPAC,200511E,-127.9,14.1,2005-09-18 00:00:00,110.0,90.0,952.0
EPAC,200511E,-129.4,14.2,2005-09-18 15:00:00,115.0,78.8,948.0
EPAC,200511E,-129.6,14.2,2005-09-18 18:00:00,115.0,75.0,948.0
EPAC,200511E,-129.8,14.1,2005-09-18 21:00:00,115.0,75.0,949.0
EPAC,200511E,-130.1,14.1,2005-09-19 00:00:00,115.0,75.0,949.0
EPAC,200511E,-130.6,13.4,2005-09-19 15:00:00,98.0,68.8,963.0
EPAC,200511E,-130.6,13.4,2005-09-19 18:00:00,90.0,62.5,970.0
EPAC,200511E,-130.7,13.4,2005-09-19 21:00:00,85.0,58.8,975.0
EPAC,200511E,-130.8,13.4,2005-09-20 00:00:00,80.0,55.0,979.0
EPAC,200511E,-131.1,13.3,2005-09-20 15:00:00,60.0,52.5,991.0
EPAC,200511E,-131.2,13.2,2005-09-20 18:00:00,55.0,50.0,994.0
EPAC,200511E,-131.3,13.3,2005-09-20 21:00:00,55.0,50.0,994.0
EPAC,200511E,-131.4,13.4,2005-09-21 00:00:00,55.0,50.0,994.0
EPAC,200511E,-132.8,14.4,2005-09-21 15:00:00,48.0,67.5,999.0
EPAC,200511E,-133.2,14.6,2005-09-21 18:00:00,45.0,67.5,1000.0
EPAC,200511E,-133.6,14.8,2005-09-21 21:00:00,45.0,67.5,1000.0
EPAC,200511E,-133.9,14.9,2005-09-22 00:00:00,45.0,67.5,1000.0
EPAC,200511E,-135.6,15.6,2005-09-22 15:00:00,55.0,85.0,994.0
EPAC,200511E,-135.7,15.7,2005-09-22 18:00:00,55.0,85.0,994.0
EPAC,200511E,-135.8,15.8,2005-09-22 21:00:00,55.0,85.0,994.0
EPAC,200511E,-136.0,15.9,2005-09-23 00:00:00,55.0,85.0,994.0
EPAC,200511E,-137.0,16.0,2005-09-23 15:00:00,53.0,83.1,996.0
EPAC,200511E,-137.2,16.0,2005-09-23 18:00:00,50.0,81.3,997.0
EPAC,200511E,-137.4,16.0,2005-09-23 21:00:00,50.0,79.4,997.0
EPAC,200511E,-137.7,16.0,2005-09-24 00:00:00,50.0,77.5,997.0
EPAC,200511E,-137.9,16.0,2005-09-24 03:00:00,48.0,77.5,999.0
EPAC,200511E,-138.7,16.1,2005-09-24 15:00:00,53.0,73.8,995.0
EPAC,200511E,-138.9,16.2,2005-09-24 18:00:00,55.0,70.0,994.0
EPAC,200511E,-139.1,16.3,2005-09-24 21:00:00,60.0,70.0,992.0
EPAC,200511E,-139.3,16.4,2005-09-25 00:00:00,65.0,70.0,990.0
EPAC,200511E,-139.4,16.4,2005-09-25 03:00:00,65.0,70.0,989.0
EPAC,200511E,-139.6,16.1,2005-09-25 15:00:00,65.0,70.0,987.0
EPAC,200511E,-139.7,15.9,2005-09-25 18:00:00,65.0,70.0,987.0
EPAC,200511E,-139.8,15.8,2005-09-25 21:00:00,65.0,70.0,987.0
EPAC,200511E,-139.9,15.7,2005-09-26 00:00:00,65.0,70.0,987.0
EPAC,200511E,-140.0,15.5,2005-09-26 03:00:00,65.0,70.0,988.0
EPAC,200511E,-140.3,14.6,2005-09-26 15:00:00,58.0,57.5,998.0
EPAC,200511E,-140.5,14.4,2005-09-26 18:00:00,55.0,50.0,1000.0
EPAC,200511E,-140.7,14.3,2005-09-26 21:00:00,55.0,50.0,1000.0
EPAC,200511E,-140.9,14.2,2005-09-27 00:00:00,55.0,50.0,1000.0
EPAC,200511E,-141.2,14.3,2005-09-27 03:00:00,55.0,50.0,1000.0
EPAC,200511E,-142.1,14.9,2005-09-27 15:00:00,48.0,50.0,1004.0
EPAC,200511E,-142.4,15.2,2005-09-27 18:00:00,45.0,50.0,1005.0
EPAC,200511E,-142.8,15.6,2005-09-27 21:00:00,45.0,50.0,1005.0
EPAC,200511E,-143.1,16.0,2005-09-28 00:00:00,45.0,50.0,1005.0
EPAC,200511E,-143.5,16.4,2005-09-28 03:00:00,45.0,50.0,1005.0
EPAC,200511E,-145.5,18.0,2005-09-28 18:00:00,40.0,25.0,1008.0
EPAC,200511E,-146.0,18.2,2005-09-28 21:00:00,38.0,22.5,1009.0
EPAC,200511E,-146.5,18.4,2005-09-29 00:00:00,35.0,20.0,1010.0
EPAC,200511E,-147.1,18.5,2005-09-29 03:00:00,35.0,20.0,1010.0
EPAC,200511E,-147.6,18.7,2005-09-29 06:00:00,35.0,20.0,1010.0
EPAC,200511E,-149.8,19.0,2005-09-29 18:00:00,30.0,0.0,1012.0
EPAC,200511E,-150.4,19.1,2005-09-29 21:00:00,30.0,0.0,1012.0
EPAC,200511E,-150.9,19.1,2005-09-30 00:00:00,30.0,0.0,1012.0
EPAC,200511E,-151.4,19.1,2005-09-30 03:00:00,28.0,0.0,1013.0
EPAC,200511E,-154.2,19.4,2005-09-30 18:00:00,25.0,0.0,1013.0
EPAC,200512E,-115.1,12.4,2005-09-17 15:00:00,30.0,15.0,1007.0
EPAC,200512E,-115.2,12.4,2005-09-17 18:00:00,35.0,30.0,1005.0
EPAC,200512E,-115.3,12.4,2005-09-17 21:00:00,35.0,30.0,1005.0
EPAC,200512E,-115.3,12.3,2005-09-18 00:00:00,35.0,30.0,1005.0
EPAC,200512E,-114.9,12.9,2005-09-18 15:00:00,33.0,10.0,1005.0
EPAC,200512E,-114.6,13.3,2005-09-18 18:00:00,30.0,0.0,1005.0
EPAC,200512E,-114.3,13.8,2005-09-18 21:00:00,28.0,0.0,1006.0
EPAC,200512E,-114.1,14.2,2005-09-19 00:00:00,25.0,0.0,1007.0
EPAC,200513E,-108.9,13.7,2005-09-17 15:00:00,20.0,0.0,1009.0
EPAC,200513E,-110.1,13.9,2005-09-17 18:00:00,20.0,0.0,1009.0
EPAC,200513E,-110.8,14.1,2005-09-17 21:00:00,20.0,0.0,1009.0
EPAC,200513E,-111.4,14.3,2005-09-18 00:00:00,20.0,0.0,1009.0
EPAC,200513E,-113.6,15.1,2005-09-18 15:00:00,33.0,16.9,1006.0
EPAC,200513E,-114.1,15.2,2005-09-18 18:00:00,35.0,33.8,1005.0
EPAC,200513E,-114.6,15.3,2005-09-18 21:00:00,35.0,33.8,1005.0
EPAC,200513E,-115.0,15.4,2005-09-19 00:00:00,35.0,33.8,1005.0
EPAC,200513E,-116.7,16.8,2005-09-19 15:00:00,58.0,83.1,994.0
EPAC,200513E,-116.9,17.2,2005-09-19 18:00:00,60.0,103.8,990.0
EPAC,200513E,-117.2,17.6,2005-09-19 21:00:00,63.0,103.8,989.0
EPAC,200513E,-117.4,18.0,2005-09-20 00:00:00,65.0,103.8,987.0
EPAC,200513E,-119.1,19.6,2005-09-20 15:00:00,68.0,87.5,987.0
EPAC,200513E,-119.3,19.9,2005-09-20 18:00:00,65.0,87.5,987.0
EPAC,200513E,-119.5,20.3,2005-09-20 21:00:00,65.0,87.5,987.0
EPAC,200513E,-119.7,20.7,2005-09-21 00:00:00,65.0,87.5,987.0
EPAC,200513E,-120.7,21.5,2005-09-21 15:00:00,50.0,76.9,996.0
EPAC,200513E,-121.0,21.7,2005-09-21 18:00:00,45.0,75.0,997.0
EPAC,200513E,-121.2,21.8,2005-09-21 21:00:00,43.0,75.0,1000.0
EPAC,200513E,-121.3,21.8,2005-09-22 00:00:00,40.0,75.0,1002.0
EPAC,200514E,-108.5,14.8,2005-09-23 00:00:00,30.0,0.0,1008.0
EPAC,200514E,-109.8,15.1,2005-09-23 15:00:00,38.0,32.5,1004.0
EPAC,200514E,-109.9,15.2,2005-09-23 18:00:00,40.0,35.0,1003.0
EPAC,200514E,-110.1,15.3,2005-09-23 21:00:00,40.0,34.4,1003.0
EPAC,200514E,-110.2,15.4,2005-09-24 00:00:00,40.0,33.8,1002.0
EPAC,200514E,-110.7,16.1,2005-09-24 15:00:00,48.0,51.3,998.0
EPAC,200514E,-110.8,16.3,2005-09-24 18:00:00,50.0,61.3,997.0
EPAC,200514E,-110.9,16.5,2005-09-24 21:00:00,48.0,61.3,998.0
EPAC,200514E,-111.0,16.7,2005-09-25 00:00:00,45.0,61.3,998.0
EPAC,200514E,-112.0,17.8,2005-09-25 15:00:00,45.0,71.3,1000.0
EPAC,200514E,-112.2,18.0,2005-09-25 18:00:00,45.0,71.3,1000.0
EPAC,200514E,-112.5,18.3,2005-09-25 21:00:00,43.0,71.3,1001.0
EPAC,200514E,-112.8,18.5,2005-09-26 00:00:00,40.0,71.3,1001.0
EPAC,200514E,-114.3,20.0,2005-09-26 15:00:00,33.0,15.0,1004.0
EPAC,200514E,-114.7,20.3,2005-09-26 18:00:00,30.0,0.0,1004.0
EPAC,200514E,-115.0,20.6,2005-09-26 21:00:00,30.0,0.0,1005.0
EPAC,200514E,-115.3,21.0,2005-09-27 00:00:00,30.0,0.0,1005.0
EPAC,200514E,-117.0,22.1,2005-09-27 15:00:00,25.0,0.0,1006.0
EPAC,200514E,-117.3,22.3,2005-09-27 18:00:00,25.0,0.0,1006.0
EPAC,200514E,-117.6,22.3,2005-09-27 21:00:00,23.0,0.0,1006.0
EPAC,200514E,-117.8,22.3,2005-09-28 00:00:00,20.0,0.0,1006.0
EPAC,200514E,-118.8,21.7,2005-09-28 15:00:00,20.0,0.0,1006.0
EPAC,200514E,-119.0,21.5,2005-09-28 18:00:00,20.0,0.0,1006.0
EPAC,200514E,-119.2,21.3,2005-09-28 21:00:00,20.0,0.0,1006.0
EPAC,200514E,-119.4,21.1,2005-09-29 00:00:00,20.0,0.0,1006.0
EPAC,200514E,-120.6,19.8,2005-09-29 15:00:00,20.0,0.0,1008.0
EPAC,200514E,-120.7,19.5,2005-09-29 18:00:00,20.0,0.0,1008.0
EPAC,200514E,-120.7,19.4,2005-09-29 21:00:00,20.0,0.0,1008.0
EPAC,200514E,-120.7,19.2,2005-09-30 00:00:00,20.0,0.0,1008.0
EPAC,200514E,-120.1,18.8,2005-09-30 15:00:00,15.0,0.0,1010.0
EPAC,200514E,-119.9,18.7,2005-09-30 18:00:00,15.0,0.0,1010.0
EPAC,200514E,-119.7,18.6,2005-09-30 21:00:00,15.0,0.0,1010.0
EPAC,200514E,-119.5,18.6,2005-10-01 00:00:00,15.0,0.0,1010.0
EPAC,200515E,-104.9,17.2,2005-09-28 00:00:00,25.0,0.0,1007.0
EPAC,200515E,-105.9,16.8,2005-09-28 15:00:00,30.0,0.0,1005.0
EPAC,200515E,-106.1,16.8,2005-09-28 18:00:00,30.0,0.0,1005.0
EPAC,200515E,-106.3,16.9,2005-09-28 21:00:00,30.0,0.0,1005.0
EPAC,200515E,-106.6,16.9,2005-09-29 00:00:00,30.0,0.0,1004.0
EPAC,200515E,-108.4,18.4,2005-09-29 15:00:00,43.0,50.0,1001.0
EPAC,200515E,-108.7,18.8,2005-09-29 18:00:00,45.0,55.0,1000.0
EPAC,200515E,-109.0,19.2,2005-09-29 21:00:00,50.0,57.5,997.0
EPAC,200515E,-109.3,19.6,2005-09-30 00:00:00,55.0,60.0,994.0
EPAC,200515E,-110.7,21.0,2005-09-30 15:00:00,73.0,75.0,982.0
EPAC,200515E,-110.9,21.2,2005-09-30 18:00:00,75.0,75.0,980.0
EPAC,200515E,-111.1,21.3,2005-09-30 21:00:00,78.0,75.6,979.0
EPAC,200515E,-111.2,21.4,2005-10-01 00:00:00,80.0,76.3,977.0
EPAC,200515E,-111.8,21.8,2005-10-01 15:00:00,80.0,86.3,975.0
EPAC,200515E,-111.9,21.8,2005-10-01 18:00:00,75.0,86.3,976.0
EPAC,200515E,-111.9,21.9,2005-10-01 21:00:00,73.0,86.3,978.0
EPAC,200515E,-111.9,22.0,2005-10-02 00:00:00,70.0,86.3,979.0
EPAC,200515E,-112.2,22.5,2005-10-02 15:00:00,50.0,74.4,995.0
EPAC,200515E,-112.3,22.6,2005-10-02 18:00:00,45.0,76.3,998.0
EPAC,200515E,-112.3,22.9,2005-10-02 21:00:00,45.0,77.5,999.0
EPAC,200515E,-112.3,23.1,2005-10-03 00:00:00,45.0,78.8,1000.0
EPAC,200515E,-113.0,25.0,2005-10-03 15:00:00,28.0,0.0,1004.0
EPAC,200515E,-113.1,25.2,2005-10-03 18:00:00,25.0,0.0,1004.0
EPAC,200515E,-113.2,25.4,2005-10-03 21:00:00,25.0,0.0,1004.0
EPAC,200515E,-113.3,25.5,2005-10-04 00:00:00,25.0,0.0,1004.0
EPAC,200515E,-112.8,25.1,2005-10-04 15:00:00,20.0,0.0,1005.0
EPAC,200515E,-112.6,24.9,2005-10-04 18:00:00,20.0,0.0,1005.0
EPAC,200515E,-112.3,24.6,2005-10-04 21:00:00,20.0,0.0,1005.0
EPAC,200515E,-112.1,24.4,2005-10-05 00:00:00,20.0,0.0,1005.0
EPAC,200516E,-101.2,11.0,2005-10-15 00:00:00,30.0,0.0,1008.0
EPAC,200516E,-101.7,11.0,2005-10-15 15:00:00,30.0,0.0,1007.0
EPAC,200516E,-101.8,11.0,2005-10-15 18:00:00,30.0,0.0,1007.0
EPAC,200516E,-101.9,11.0,2005-10-15 21:00:00,30.0,0.0,1007.0
EPAC,200516E,-102.1,11.0,2005-10-16 00:00:00,30.0,0.0,1006.0
EPAC,200516E,-103.5,11.6,2005-10-16 15:00:00,30.0,0.0,1006.0
EPAC,200516E,-103.8,11.7,2005-10-16 18:00:00,30.0,0.0,1006.0
EPAC,200516E,-104.1,11.9,2005-10-16 21:00:00,30.0,0.0,1006.0
EPAC,200516E,-104.4,12.0,2005-10-17 00:00:00,30.0,0.0,1006.0
EPAC,200516E,-106.2,12.2,2005-10-17 15:00:00,30.0,0.0,1007.0
EPAC,200516E,-106.6,12.2,2005-10-17 18:00:00,30.0,0.0,1007.0
EPAC,200516E,-107.1,12.1,2005-10-17 21:00:00,28.0,0.0,1008.0
EPAC,200516E,-107.5,12.1,2005-10-18 00:00:00,25.0,0.0,1008.0
EPAC,200516E,-109.8,11.9,2005-10-18 15:00:00,25.0,0.0,1008.0
EPAC,200516E,-110.3,11.9,2005-10-18 18:00:00,25.0,0.0,1008.0
EPAC,200516E,-111.3,11.8,2005-10-19 00:00:00,25.0,0.0,1008.0
EPAC,200516E,-114.1,12.2,2005-10-19 15:00:00,30.0,0.0,1007.0
EPAC,200516E,-114.7,12.3,2005-10-19 18:00:00,30.0,0.0,1007.0
EPAC,200516E,-115.2,12.4,2005-10-19 21:00:00,30.0,0.0,1007.0
EPAC,200516E,-115.6,12.4,2005-10-20 00:00:00,30.0,0.0,1007.0
EPAC,200516E,-118.3,12.6,2005-10-20 15:00:00,28.0,0.0,1008.0
EPAC,200516E,-118.9,12.7,2005-10-20 18:00:00,25.0,0.0,1008.0
EPAC,200516E,-119.3,12.7,2005-10-20 21:00:00,25.0,0.0,1009.0
EPAC,200516E,-119.6,12.7,2005-10-21 00:00:00,25.0,0.0,1009.0
EPAC,200601E,-100.8,15.2,2006-05-27 15:00:00,32.0,12.5,1004.0
EPAC,200601E,-100.7,15.5,2006-05-27 18:00:00,35.0,25.0,1003.0
EPAC,200601E,-100.9,15.6,2006-05-27 21:00:00,35.0,25.0,1003.0
EPAC,200601E,-101.1,15.7,2006-05-28 00:00:00,35.0,25.0,1003.0
EPAC,200601E,-101.1,15.5,2006-05-28 15:00:00,40.0,25.0,1002.0
EPAC,200601E,-101.0,15.7,2006-05-28 18:00:00,40.0,25.0,1002.0
EPAC,200601E,-101.0,15.8,2006-05-28 21:00:00,40.0,23.8,1002.0
EPAC,200601E,-101.1,15.9,2006-05-29 00:00:00,40.0,22.5,1002.0
EPAC,200601E,-101.6,16.0,2006-05-29 15:00:00,32.0,10.0,1004.0
EPAC,200601E,-101.7,16.0,2006-05-29 18:00:00,30.0,0.0,1004.0
EPAC,200601E,-101.9,16.0,2006-05-29 21:00:00,30.0,0.0,1004.0
EPAC,200601E,-102.1,16.0,2006-05-30 00:00:00,30.0,0.0,1004.0
EPAC,200601E,-103.3,16.2,2006-05-30 15:00:00,25.0,0.0,1006.0
EPAC,200601E,-103.5,16.3,2006-05-30 18:00:00,25.0,0.0,1007.0
EPAC,200601E,-103.6,16.4,2006-05-30 21:00:00,25.0,0.0,1007.0
EPAC,200601E,-103.7,16.4,2006-05-31 00:00:00,25.0,0.0,1007.0
EPAC,200602E,-102.8,16.0,2006-06-03 15:00:00,28.0,0.0,1005.0
EPAC,200602E,-102.5,16.4,2006-06-03 18:00:00,30.0,0.0,1005.0
EPAC,200602E,-102.4,16.5,2006-06-03 21:00:00,30.0,0.0,1005.0
EPAC,200602E,-102.3,16.7,2006-06-04 00:00:00,30.0,0.0,1005.0
EPAC,200602E,-100.6,16.7,2006-06-04 15:00:00,25.0,0.0,1008.0
EPAC,200602E,-100.1,16.6,2006-06-04 18:00:00,25.0,0.0,1008.0
EPAC,200602E,-99.7,16.5,2006-06-04 21:00:00,25.0,0.0,1008.0
EPAC,200603E,-110.3,13.2,2006-07-11 00:00:00,30.0,0.0,1007.0
EPAC,200603E,-112.2,13.9,2006-07-11 15:00:00,55.0,40.0,994.0
EPAC,200603E,-112.6,14.1,2006-07-11 18:00:00,60.0,50.0,991.0
EPAC,200603E,-113.0,14.2,2006-07-11 21:00:00,68.0,58.8,987.0
EPAC,200603E,-113.5,14.4,2006-07-12 00:00:00,75.0,67.5,983.0
EPAC,200603E,-116.3,15.7,2006-07-12 15:00:00,88.0,67.5,972.0
EPAC,200603E,-116.9,16.0,2006-07-12 18:00:00,90.0,67.5,970.0
EPAC,200603E,-117.6,16.3,2006-07-12 21:00:00,95.0,67.5,966.0
EPAC,200603E,-118.2,16.6,2006-07-13 00:00:00,100.0,67.5,962.0
EPAC,200603E,-122.0,17.9,2006-07-13 15:00:00,95.0,61.2,962.0
EPAC,200603E,-122.7,18.2,2006-07-13 18:00:00,90.0,55.0,966.0
EPAC,200603E,-124.0,18.6,2006-07-14 00:00:00,75.0,55.0,975.0
EPAC,200603E,-124.7,18.9,2006-07-14 03:00:00,68.0,47.5,980.0
EPAC,200603E,-127.2,19.5,2006-07-14 15:00:00,45.0,21.2,998.0
EPAC,200603E,-127.8,19.7,2006-07-14 18:00:00,40.0,12.5,1001.0
EPAC,200603E,-128.5,19.8,2006-07-14 21:00:00,38.0,12.5,1002.0
EPAC,200603E,-129.2,19.9,2006-07-15 00:00:00,35.0,12.5,1003.0
EPAC,200603E,-129.9,20.0,2006-07-15 03:00:00,32.0,6.2,1004.0
EPAC,200603E,-132.9,20.8,2006-07-15 15:00:00,25.0,0.0,1006.0
EPAC,200603E,-133.7,21.0,2006-07-15 18:00:00,25.0,0.0,1007.0
EPAC,200603E,-134.4,21.2,2006-07-15 21:00:00,25.0,0.0,1008.0
EPAC,200603E,-135.2,21.5,2006-07-16 00:00:00,25.0,0.0,1008.0
EPAC,200603E,-136.0,21.8,2006-07-16 03:00:00,25.0,0.0,1008.0
EPAC,200603E,-139.1,22.8,2006-07-16 15:00:00,20.0,0.0,1011.0
EPAC,200603E,-139.8,23.0,2006-07-16 18:00:00,20.0,0.0,1012.0
EPAC,200603E,-140.6,23.2,2006-07-16 21:00:00,20.0,0.0,1012.0
EPAC,200603E,-141.3,23.5,2006-07-17 00:00:00,20.0,0.0,1013.0
EPAC,200603E,-142.2,23.8,2006-07-17 03:00:00,20.0,0.0,1013.0
EPAC,200604E,-102.2,13.5,2006-07-12 00:00:00,30.0,0.0,1006.0
EPAC,200604E,-105.4,15.2,2006-07-12 15:00:00,45.0,68.1,1000.0
EPAC,200604E,-106.1,15.5,2006-07-12 18:00:00,50.0,73.8,997.0
EPAC,200604E,-106.7,15.8,2006-07-12 21:00:00,55.0,79.4,994.0
EPAC,200604E,-107.3,16.0,2006-07-13 00:00:00,60.0,85.0,991.0
EPAC,200604E,-110.3,17.5,2006-07-13 15:00:00,72.0,71.2,982.0
EPAC,200604E,-110.8,17.7,2006-07-13 18:00:00,75.0,71.2,981.0
EPAC,200604E,-111.7,17.9,2006-07-14 00:00:00,70.0,63.8,983.0
EPAC,200604E,-113.6,18.4,2006-07-14 15:00:00,62.0,63.8,988.0
EPAC,200604E,-114.0,18.5,2006-07-14 18:00:00,60.0,63.8,989.0
EPAC,200604E,-114.5,18.6,2006-07-14 21:00:00,65.0,63.8,987.0
EPAC,200604E,-115.0,18.8,2006-07-15 00:00:00,70.0,63.8,985.0
EPAC,200604E,-117.5,19.2,2006-07-15 15:00:00,58.0,61.9,992.0
EPAC,200604E,-118.0,19.3,2006-07-15 18:00:00,55.0,60.0,993.0
EPAC,200604E,-118.5,19.4,2006-07-15 21:00:00,50.0,60.0,994.0
EPAC,200604E,-119.0,19.5,2006-07-16 00:00:00,45.0,60.0,996.0
EPAC,200604E,-121.5,20.2,2006-07-16 15:00:00,30.0,0.0,1006.0
EPAC,200604E,-121.9,20.4,2006-07-16 18:00:00,30.0,0.0,1008.0
EPAC,200604E,-122.4,20.5,2006-07-16 21:00:00,28.0,0.0,1008.0
EPAC,200604E,-122.9,20.7,2006-07-17 00:00:00,25.0,0.0,1009.0
EPAC,200604E,-125.4,21.2,2006-07-17 15:00:00,25.0,0.0,1010.0
EPAC,200604E,-125.9,21.3,2006-07-17 18:00:00,25.0,0.0,1010.0
EPAC,200604E,-126.5,21.3,2006-07-17 21:00:00,25.0,0.0,1010.0
EPAC,200604E,-127.0,21.3,2006-07-18 00:00:00,25.0,0.0,1010.0
EPAC,200604E,-129.1,21.1,2006-07-18 15:00:00,25.0,0.0,1010.0
EPAC,200604E,-129.7,21.1,2006-07-18 21:00:00,25.0,0.0,1010.0
EPAC,200604E,-130.0,21.0,2006-07-19 00:00:00,25.0,0.0,1010.0
EPAC,200604E,-130.2,20.9,2006-07-19 03:00:00,25.0,0.0,1010.0
EPAC,200604E,-131.4,20.8,2006-07-19 15:00:00,25.0,0.0,1010.0
EPAC,200604E,-131.7,20.7,2006-07-19 18:00:00,25.0,0.0,1010.0
EPAC,200604E,-132.0,20.6,2006-07-19 21:00:00,25.0,0.0,1010.0
EPAC,200604E,-132.3,20.6,2006-07-20 00:00:00,25.0,0.0,1010.0
EPAC,200605E,-108.0,12.3,2006-07-16 18:00:00,25.0,0.0,1008.0
EPAC,200605E,-108.6,12.4,2006-07-16 21:00:00,28.0,0.0,1008.0
EPAC,200605E,-109.2,12.4,2006-07-17 00:00:00,30.0,0.0,1007.0
EPAC,200605E,-112.1,12.3,2006-07-17 15:00:00,38.0,33.8,1004.0
EPAC,200605E,-112.6,12.3,2006-07-17 18:00:00,40.0,37.5,1002.0
EPAC,200605E,-113.1,12.3,2006-07-17 21:00:00,43.0,50.0,1001.0
EPAC,200605E,-113.6,12.2,2006-07-18 00:00:00,45.0,62.5,1000.0
EPAC,200605E,-116.6,12.1,2006-07-18 15:00:00,63.0,76.9,989.0
EPAC,200605E,-117.5,12.0,2006-07-18 21:00:00,68.0,84.4,986.0
EPAC,200605E,-117.9,11.9,2006-07-19 00:00:00,70.0,86.3,984.0
EPAC,200605E,-119.6,11.8,2006-07-19 15:00:00,83.0,95.0,975.0
EPAC,200605E,-119.9,11.8,2006-07-19 18:00:00,85.0,92.5,973.0
EPAC,200605E,-120.3,11.9,2006-07-19 21:00:00,90.0,96.3,970.0
EPAC,200605E,-120.7,11.9,2006-07-20 00:00:00,95.0,100.0,966.0
EPAC,200605E,-122.6,12.5,2006-07-20 15:00:00,108.0,110.0,954.0
EPAC,200605E,-123.0,12.6,2006-07-20 18:00:00,115.0,110.0,948.0
EPAC,200605E,-123.5,12.8,2006-07-20 21:00:00,118.0,110.0,945.0
EPAC,200605E,-123.9,13.0,2006-07-21 00:00:00,120.0,110.0,942.0
EPAC,200605E,-126.4,13.3,2006-07-21 15:00:00,123.0,110.0,940.0
EPAC,200605E,-126.9,13.3,2006-07-21 18:00:00,125.0,110.0,938.0
EPAC,200605E,-127.5,13.4,2006-07-21 21:00:00,128.0,110.0,936.0
EPAC,200605E,-128.0,13.5,2006-07-22 00:00:00,130.0,110.0,933.0
EPAC,200605E,-130.9,13.9,2006-07-22 15:00:00,128.0,105.0,934.0
EPAC,200605E,-131.4,14.0,2006-07-22 18:00:00,125.0,100.0,935.0
EPAC,200605E,-132.6,14.2,2006-07-23 00:00:00,120.0,100.0,941.0
EPAC,200605E,-133.3,14.4,2006-07-23 03:00:00,118.0,100.0,945.0
EPAC,200605E,-135.8,14.9,2006-07-23 15:00:00,110.0,100.0,950.0
EPAC,200605E,-136.5,15.1,2006-07-23 18:00:00,105.0,100.0,952.0
EPAC,200605E,-137.9,15.5,2006-07-24 00:00:00,95.0,77.5,965.0
EPAC,200605E,-138.5,15.7,2006-07-24 03:00:00,90.0,77.5,970.0
EPAC,200605E,-140.9,16.2,2006-07-24 15:00:00,78.0,70.0,983.0
EPAC,200605E,-141.3,16.2,2006-07-24 18:00:00,75.0,62.5,985.0
EPAC,200605E,-141.6,16.2,2006-07-24 21:00:00,70.0,62.5,990.0
EPAC,200605E,-141.8,16.2,2006-07-25 00:00:00,65.0,62.5,994.0
EPAC,200605E,-142.1,16.2,2006-07-25 03:00:00,60.0,62.5,997.0
EPAC,200605E,-142.8,16.2,2006-07-26 00:00:00,30.0,0.0,1006.0
EPAC,200605E,-142.9,16.2,2006-07-26 03:00:00,30.0,0.0,1007.0
EPAC,200605E,-144.0,16.1,2006-07-26 21:00:00,25.0,0.0,1009.0
EPAC,200605E,-144.4,16.2,2006-07-27 00:00:00,25.0,0.0,1009.0
EPAC,200605E,-144.8,16.3,2006-07-27 03:00:00,25.0,0.0,1009.0
EPAC,200605E,-148.1,17.3,2006-07-27 21:00:00,25.0,0.0,1010.0
EPAC,200605E,-148.8,17.4,2006-07-28 00:00:00,25.0,0.0,1010.0
EPAC,200605E,-149.4,17.5,2006-07-28 03:00:00,25.0,0.0,1010.0
EPAC,200606E,-103.1,12.2,2006-07-21 15:00:00,25.0,0.0,1007.0
EPAC,200606E,-103.1,12.5,2006-07-21 18:00:00,25.0,0.0,1006.0
EPAC,200606E,-103.3,12.8,2006-07-21 21:00:00,28.0,0.0,1006.0
EPAC,200606E,-103.4,13.1,2006-07-22 00:00:00,30.0,0.0,1005.0
EPAC,200606E,-104.4,15.4,2006-07-22 15:00:00,35.0,18.8,1004.0
EPAC,200606E,-104.6,15.9,2006-07-22 18:00:00,35.0,30.0,1003.0
EPAC,200606E,-104.9,16.4,2006-07-22 21:00:00,38.0,30.0,1002.0
EPAC,200606E,-105.3,16.8,2006-07-23 00:00:00,40.0,30.0,1001.0
EPAC,200606E,-107.3,17.9,2006-07-23 15:00:00,53.0,63.1,993.0
EPAC,200606E,-107.7,18.0,2006-07-23 18:00:00,55.0,72.5,991.0
EPAC,200606E,-108.4,18.1,2006-07-24 00:00:00,50.0,77.5,993.0
EPAC,200606E,-109.8,18.8,2006-07-24 15:00:00,45.0,68.8,995.0
EPAC,200606E,-110.1,19.0,2006-07-24 18:00:00,45.0,70.0,995.0
EPAC,200606E,-110.3,19.3,2006-07-24 21:00:00,45.0,65.0,995.0
EPAC,200606E,-110.4,19.5,2006-07-25 00:00:00,45.0,60.0,995.0
EPAC,200606E,-111.2,20.9,2006-07-25 15:00:00,50.0,89.4,993.0
EPAC,200606E,-111.3,21.4,2006-07-25 18:00:00,50.0,96.3,993.0
EPAC,200606E,-111.4,21.9,2006-07-25 21:00:00,53.0,96.3,992.0
EPAC,200606E,-111.5,22.5,2006-07-26 00:00:00,55.0,96.3,991.0
EPAC,200606E,-113.6,24.8,2006-07-26 15:00:00,53.0,81.3,992.0
EPAC,200606E,-114.1,25.1,2006-07-26 18:00:00,50.0,81.3,993.0
EPAC,200606E,-115.3,25.6,2006-07-27 00:00:00,45.0,65.0,998.0
EPAC,200606E,-118.3,27.0,2006-07-27 15:00:00,25.0,0.0,1009.0
EPAC,200606E,-118.7,27.2,2006-07-27 18:00:00,25.0,0.0,1009.0
EPAC,200606E,-119.1,27.5,2006-07-27 21:00:00,25.0,0.0,1009.0
EPAC,200606E,-119.5,27.9,2006-07-28 00:00:00,25.0,0.0,1009.0
EPAC,200606E,-121.4,27.9,2006-07-28 15:00:00,20.0,0.0,1010.0
EPAC,200606E,-121.8,27.9,2006-07-28 18:00:00,20.0,0.0,1010.0
EPAC,200606E,-122.2,27.8,2006-07-28 21:00:00,20.0,0.0,1011.0
EPAC,200606E,-122.5,27.6,2006-07-29 00:00:00,20.0,0.0,1011.0
EPAC,200606E,-124.4,27.7,2006-07-29 15:00:00,20.0,0.0,1011.0
EPAC,200606E,-124.7,27.9,2006-07-29 18:00:00,20.0,0.0,1011.0
EPAC,200606E,-124.9,28.1,2006-07-29 21:00:00,20.0,0.0,1011.0
EPAC,200606E,-125.1,28.4,2006-07-30 00:00:00,20.0,0.0,1011.0
EPAC,200606E,-125.2,30.0,2006-07-30 15:00:00,18.0,0.0,1012.0
EPAC,200606E,-125.2,30.3,2006-07-30 18:00:00,15.0,0.0,1012.0
EPAC,200606E,-125.2,30.5,2006-07-30 21:00:00,15.0,0.0,1012.0
EPAC,200606E,-125.2,30.6,2006-07-31 00:00:00,15.0,0.0,1012.0
EPAC,200607E,-121.4,14.1,2006-07-31 18:00:00,30.0,0.0,1009.0
EPAC,200607E,-122.0,14.2,2006-07-31 21:00:00,33.0,17.5,1007.0
EPAC,200607E,-122.6,14.3,2006-08-01 00:00:00,35.0,35.0,1005.0
EPAC,200607E,-125.9,14.8,2006-08-01 15:00:00,43.0,33.8,1000.0
EPAC,200607E,-127.3,14.8,2006-08-01 21:00:00,45.0,32.5,1000.0
EPAC,200607E,-127.9,14.8,2006-08-02 00:00:00,45.0,32.5,1000.0
EPAC,200607E,-131.3,14.9,2006-08-02 15:00:00,38.0,32.5,1003.0
EPAC,200607E,-132.0,15.0,2006-08-02 18:00:00,35.0,32.5,1004.0
EPAC,200607E,-132.8,15.1,2006-08-02 21:00:00,33.0,16.3,1005.0
EPAC,200607E,-133.5,15.2,2006-08-03 00:00:00,30.0,0.0,1006.0
EPAC,200607E,-134.3,15.2,2006-08-03 03:00:00,30.0,0.0,1007.0
EPAC,200607E,-137.3,15.1,2006-08-03 15:00:00,25.0,0.0,1009.0
EPAC,200607E,-138.2,15.0,2006-08-03 18:00:00,25.0,0.0,1009.0
EPAC,200607E,-138.9,15.0,2006-08-03 21:00:00,25.0,0.0,1010.0
EPAC,200607E,-139.6,15.0,2006-08-04 00:00:00,25.0,0.0,1010.0
EPAC,200607E,-144.9,14.7,2006-08-04 21:00:00,25.0,0.0,1013.0
EPAC,200607E,-145.7,14.6,2006-08-05 00:00:00,25.0,0.0,1013.0
EPAC,200608E,-103.8,12.8,2006-08-01 00:00:00,30.0,0.0,1009.0
EPAC,200608E,-105.3,13.9,2006-08-01 15:00:00,35.0,30.0,1005.0
EPAC,200608E,-105.5,14.1,2006-08-01 18:00:00,35.0,30.0,1004.0
EPAC,200608E,-105.7,14.3,2006-08-01 21:00:00,35.0,30.0,1004.0
EPAC,200608E,-105.8,14.4,2006-08-02 00:00:00,35.0,30.0,1004.0
EPAC,200608E,-106.8,14.9,2006-08-02 15:00:00,30.0,0.0,1005.0
EPAC,200608E,-107.0,15.0,2006-08-02 18:00:00,30.0,0.0,1005.0
EPAC,200608E,-107.3,15.1,2006-08-02 21:00:00,28.0,0.0,1006.0
EPAC,200608E,-107.5,15.2,2006-08-03 00:00:00,25.0,0.0,1006.0
EPAC,200608E,-109.2,15.6,2006-08-03 15:00:00,25.0,0.0,1007.0
EPAC,200608E,-109.6,15.7,2006-08-03 18:00:00,25.0,0.0,1007.0
EPAC,200608E,-110.2,16.2,2006-08-04 00:00:00,20.0,0.0,1008.0
EPAC,200608E,-111.5,17.5,2006-08-04 15:00:00,20.0,0.0,1008.0
EPAC,200608E,-111.7,17.7,2006-08-04 18:00:00,20.0,0.0,1008.0
EPAC,200608E,-112.0,17.8,2006-08-04 21:00:00,20.0,0.0,1009.0
EPAC,200608E,-112.2,17.8,2006-08-05 00:00:00,20.0,0.0,1009.0
EPAC,200609E,-113.5,12.9,2006-08-15 18:00:00,30.0,0.0,1006.0
EPAC,200609E,-116.8,13.5,2006-08-16 15:00:00,53.0,101.3,994.0
EPAC,200609E,-117.2,13.7,2006-08-16 18:00:00,55.0,93.8,992.0
EPAC,200609E,-117.7,13.9,2006-08-16 21:00:00,58.0,91.9,991.0
EPAC,200609E,-118.1,14.1,2006-08-17 00:00:00,60.0,90.0,990.0
EPAC,200609E,-121.1,14.7,2006-08-17 15:00:00,78.0,101.3,977.0
EPAC,200609E,-121.6,14.8,2006-08-17 18:00:00,80.0,107.5,975.0
EPAC,200609E,-122.2,15.0,2006-08-17 21:00:00,83.0,107.5,974.0
EPAC,200609E,-122.8,15.2,2006-08-18 00:00:00,85.0,107.5,973.0
EPAC,200609E,-125.8,16.2,2006-08-18 15:00:00,90.0,114.4,970.0
EPAC,200609E,-126.4,16.4,2006-08-18 18:00:00,90.0,112.5,970.0
EPAC,200609E,-127.0,16.6,2006-08-18 21:00:00,90.0,112.5,970.0
EPAC,200609E,-127.5,16.8,2006-08-19 00:00:00,90.0,112.5,970.0
EPAC,200609E,-130.1,17.9,2006-08-19 15:00:00,78.0,106.9,976.0
EPAC,200609E,-130.6,18.1,2006-08-19 18:00:00,75.0,101.3,978.0
EPAC,200609E,-131.1,18.4,2006-08-19 21:00:00,75.0,101.3,980.0
EPAC,200609E,-131.5,18.6,2006-08-20 00:00:00,75.0,101.3,981.0
EPAC,200609E,-131.9,18.9,2006-08-20 03:00:00,73.0,95.6,982.0
EPAC,200609E,-133.5,19.9,2006-08-20 15:00:00,55.0,73.8,992.0
EPAC,200609E,-133.9,20.1,2006-08-20 18:00:00,50.0,68.8,995.0
EPAC,200609E,-134.2,20.4,2006-08-20 21:00:00,48.0,68.8,998.0
EPAC,200609E,-134.4,20.7,2006-08-21 00:00:00,45.0,68.8,1000.0
EPAC,200609E,-134.6,20.9,2006-08-21 03:00:00,45.0,68.8,1000.0
EPAC,200609E,-135.2,21.8,2006-08-21 15:00:00,45.0,65.0,1002.0
EPAC,200609E,-135.3,22.0,2006-08-21 18:00:00,45.0,65.0,1002.0
EPAC,200609E,-135.4,22.3,2006-08-21 21:00:00,45.0,57.5,1003.0
EPAC,200609E,-135.6,22.5,2006-08-22 00:00:00,45.0,50.0,1003.0
EPAC,200609E,-135.8,22.6,2006-08-22 03:00:00,43.0,50.0,1004.0
EPAC,200609E,-136.8,22.8,2006-08-22 15:00:00,35.0,48.8,1007.0
EPAC,200609E,-137.8,22.8,2006-08-23 00:00:00,30.0,0.0,1009.0
EPAC,200609E,-138.3,22.8,2006-08-23 03:00:00,30.0,0.0,1009.0
EPAC,200609E,-140.3,22.8,2006-08-23 15:00:00,25.0,0.0,1009.0
EPAC,200609E,-142.0,23.1,2006-08-24 00:00:00,25.0,0.0,1009.0
EPAC,200609E,-142.8,23.2,2006-08-24 03:00:00,25.0,0.0,1009.0
EPAC,200610E,-102.3,12.3,2006-08-21 15:00:00,33.0,56.3,1005.0
EPAC,200610E,-102.8,12.5,2006-08-21 18:00:00,35.0,112.5,1004.0
EPAC,200610E,-103.3,12.8,2006-08-21 21:00:00,38.0,118.8,1003.0
EPAC,200610E,-103.9,13.1,2006-08-22 00:00:00,40.0,125.0,1002.0
EPAC,200610E,-106.7,14.8,2006-08-22 15:00:00,65.0,121.9,987.0
EPAC,200610E,-111.6,18.1,2006-08-23 15:00:00,105.0,111.3,955.0
EPAC,200610E,-112.1,18.5,2006-08-23 18:00:00,105.0,111.3,955.0
EPAC,200610E,-112.6,18.9,2006-08-23 21:00:00,105.0,105.6,955.0
EPAC,200610E,-113.1,19.2,2006-08-24 00:00:00,105.0,100.0,955.0
EPAC,200610E,-114.9,20.4,2006-08-24 15:00:00,88.0,105.0,971.0
EPAC,200610E,-115.2,20.6,2006-08-24 18:00:00,85.0,110.0,973.0
EPAC,200610E,-115.5,20.8,2006-08-24 21:00:00,83.0,110.0,974.0
EPAC,200610E,-115.7,20.9,2006-08-25 00:00:00,80.0,110.0,975.0
EPAC,200610E,-116.9,21.6,2006-08-25 15:00:00,68.0,89.4,982.0
EPAC,200610E,-117.1,21.8,2006-08-25 18:00:00,65.0,78.8,983.0
EPAC,200610E,-117.3,22.0,2006-08-25 21:00:00,60.0,78.8,985.0
EPAC,200610E,-117.6,22.1,2006-08-26 00:00:00,55.0,78.8,987.0
EPAC,200610E,-118.9,22.7,2006-08-26 15:00:00,48.0,61.3,994.0
EPAC,200610E,-119.1,22.8,2006-08-26 18:00:00,45.0,55.0,995.0
EPAC,200610E,-119.3,23.0,2006-08-26 21:00:00,43.0,47.5,997.0
EPAC,200610E,-119.5,23.1,2006-08-27 00:00:00,40.0,40.0,998.0
EPAC,200610E,-120.8,23.6,2006-08-27 15:00:00,30.0,0.0,1004.0
EPAC,200610E,-121.1,23.7,2006-08-27 18:00:00,30.0,0.0,1004.0
EPAC,200610E,-121.3,23.8,2006-08-27 21:00:00,28.0,0.0,1005.0
EPAC,200610E,-121.6,23.8,2006-08-28 00:00:00,25.0,0.0,1005.0
EPAC,200610E,-122.4,23.9,2006-08-28 15:00:00,25.0,0.0,1008.0
EPAC,200610E,-122.6,23.9,2006-08-28 18:00:00,25.0,0.0,1008.0
EPAC,200610E,-122.7,23.9,2006-08-28 21:00:00,23.0,0.0,1009.0
EPAC,200610E,-122.8,23.8,2006-08-29 00:00:00,20.0,0.0,1009.0
EPAC,200611E,-94.6,12.3,2006-08-28 00:00:00,25.0,0.0,1005.0
EPAC,200611E,-95.9,13.3,2006-08-28 15:00:00,38.0,60.0,1003.0
EPAC,200611E,-96.3,13.5,2006-08-28 18:00:00,40.0,60.0,1002.0
EPAC,200611E,-96.6,13.6,2006-08-28 21:00:00,45.0,61.9,1000.0
EPAC,200611E,-96.9,13.7,2006-08-29 00:00:00,50.0,63.8,997.0
EPAC,200611E,-98.8,14.1,2006-08-29 15:00:00,85.0,86.3,973.0
EPAC,200611E,-99.2,14.2,2006-08-29 18:00:00,95.0,100.0,965.0
EPAC,200611E,-99.6,14.6,2006-08-29 21:00:00,98.0,102.5,964.0
EPAC,200611E,-100.0,14.9,2006-08-30 00:00:00,100.0,105.0,962.0
EPAC,200611E,-102.2,16.4,2006-08-30 15:00:00,115.0,108.8,949.0
EPAC,200611E,-102.7,16.9,2006-08-30 18:00:00,115.0,105.0,948.0
EPAC,200611E,-103.3,17.3,2006-08-30 21:00:00,113.0,105.0,949.0
EPAC,200611E,-104.0,17.6,2006-08-31 00:00:00,110.0,105.0,950.0
EPAC,200611E,-106.3,19.6,2006-08-31 15:00:00,95.0,82.5,964.0
EPAC,200611E,-106.7,20.2,2006-08-31 18:00:00,90.0,82.5,968.0
EPAC,200611E,-107.2,20.6,2006-08-31 21:00:00,90.0,82.5,968.0
EPAC,200611E,-107.6,21.0,2006-09-01 00:00:00,90.0,82.5,968.0
EPAC,200611E,-108.8,22.0,2006-09-01 15:00:00,98.0,65.6,957.0
EPAC,200611E,-108.9,22.4,2006-09-01 18:00:00,95.0,48.8,958.0
EPAC,200611E,-109.2,23.2,2006-09-02 00:00:00,95.0,48.8,958.0
EPAC,200611E,-110.8,24.5,2006-09-02 15:00:00,65.0,47.5,980.0
EPAC,200611E,-111.0,24.8,2006-09-02 18:00:00,60.0,47.5,985.0
EPAC,200611E,-111.2,25.1,2006-09-02 21:00:00,55.0,47.5,987.0
EPAC,200611E,-111.4,25.4,2006-09-03 00:00:00,50.0,47.5,988.0
EPAC,200611E,-112.4,27.0,2006-09-03 15:00:00,38.0,45.6,994.0
EPAC,200611E,-112.5,27.4,2006-09-03 18:00:00,35.0,40.0,996.0
EPAC,200611E,-112.7,27.6,2006-09-03 21:00:00,33.0,20.0,999.0
EPAC,200611E,-112.9,27.9,2006-09-04 00:00:00,30.0,0.0,1002.0
EPAC,200612E,-114.0,16.0,2006-08-30 00:00:00,30.0,0.0,1007.0
EPAC,200612E,-115.1,16.6,2006-08-30 15:00:00,53.0,45.0,997.0
EPAC,200612E,-115.2,16.7,2006-08-30 18:00:00,55.0,45.0,994.0
EPAC,200612E,-115.3,16.9,2006-08-30 21:00:00,58.0,45.0,992.0
EPAC,200612E,-115.5,17.0,2006-08-31 00:00:00,60.0,45.0,990.0
EPAC,200612E,-116.7,18.0,2006-08-31 15:00:00,68.0,53.8,986.0
EPAC,200612E,-116.9,18.2,2006-08-31 18:00:00,65.0,47.5,987.0
EPAC,200612E,-117.2,18.4,2006-08-31 21:00:00,65.0,46.3,989.0
EPAC,200612E,-117.4,18.7,2006-09-01 00:00:00,65.0,45.0,990.0
EPAC,200612E,-118.4,19.0,2006-09-01 15:00:00,48.0,37.5,997.0
EPAC,200612E,-118.6,19.0,2006-09-01 18:00:00,45.0,37.5,998.0
EPAC,200612E,-118.7,19.0,2006-09-01 21:00:00,43.0,37.5,1001.0
EPAC,200612E,-118.7,19.0,2006-09-02 00:00:00,40.0,37.5,1003.0
EPAC,200612E,-118.8,18.5,2006-09-02 15:00:00,33.0,15.0,1006.0
EPAC,200612E,-118.7,18.4,2006-09-02 18:00:00,30.0,0.0,1007.0
EPAC,200612E,-118.6,18.4,2006-09-02 21:00:00,30.0,0.0,1008.0
EPAC,200612E,-118.5,18.3,2006-09-03 00:00:00,30.0,0.0,1009.0
EPAC,200612E,-118.1,18.0,2006-09-03 15:00:00,33.0,16.9,1007.0
EPAC,200612E,-118.1,17.8,2006-09-03 18:00:00,35.0,33.8,1005.0
EPAC,200612E,-118.2,17.8,2006-09-03 21:00:00,35.0,31.9,1006.0
EPAC,200612E,-118.3,17.7,2006-09-04 00:00:00,35.0,30.0,1006.0
EPAC,200612E,-118.9,16.6,2006-09-04 15:00:00,30.0,0.0,1007.0
EPAC,200612E,-119.1,16.4,2006-09-04 18:00:00,30.0,0.0,1007.0
EPAC,200612E,-119.3,16.3,2006-09-04 21:00:00,30.0,0.0,1007.0
EPAC,200612E,-119.5,16.2,2006-09-05 00:00:00,30.0,0.0,1007.0
EPAC,200612E,-121.7,16.4,2006-09-05 15:00:00,35.0,31.9,1004.0
EPAC,200612E,-122.3,16.5,2006-09-05 18:00:00,35.0,41.3,1003.0
EPAC,200612E,-123.5,16.5,2006-09-06 00:00:00,35.0,41.3,1004.0
EPAC,200612E,-126.7,16.5,2006-09-06 15:00:00,30.0,0.0,1007.0
EPAC,200612E,-127.3,16.5,2006-09-06 18:00:00,30.0,0.0,1007.0
EPAC,200612E,-127.8,16.4,2006-09-06 21:00:00,30.0,0.0,1007.0
EPAC,200612E,-128.2,16.4,2006-09-07 00:00:00,30.0,0.0,1007.0
EPAC,200612E,-129.8,16.1,2006-09-07 15:00:00,25.0,0.0,1009.0
EPAC,200612E,-130.1,16.0,2006-09-07 18:00:00,25.0,0.0,1009.0
EPAC,200612E,-130.5,15.8,2006-09-07 21:00:00,25.0,0.0,1009.0
EPAC,200612E,-130.9,15.5,2006-09-08 00:00:00,25.0,0.0,1009.0
EPAC,200612E,-131.9,15.0,2006-09-08 15:00:00,20.0,0.0,1009.0
EPAC,200612E,-131.9,15.0,2006-09-08 18:00:00,20.0,0.0,1009.0
EPAC,200612E,-132.0,15.0,2006-09-09 00:00:00,20.0,0.0,1009.0
EPAC,200613E,-101.3,15.9,2006-09-13 21:00:00,30.0,0.0,1006.0
EPAC,200613E,-101.7,16.2,2006-09-14 00:00:00,30.0,0.0,1005.0
EPAC,200613E,-104.0,17.4,2006-09-14 15:00:00,43.0,86.3,998.0
EPAC,200613E,-104.4,17.6,2006-09-14 18:00:00,45.0,82.5,997.0
EPAC,200613E,-104.7,17.8,2006-09-14 21:00:00,48.0,84.4,997.0
EPAC,200613E,-105.0,18.0,2006-09-15 00:00:00,50.0,86.3,997.0
EPAC,200613E,-106.2,19.8,2006-09-15 15:00:00,70.0,73.1,986.0
EPAC,200613E,-106.3,20.3,2006-09-15 18:00:00,75.0,71.3,985.0
EPAC,200613E,-106.4,20.8,2006-09-15 21:00:00,83.0,82.5,980.0
EPAC,200613E,-106.6,21.3,2006-09-16 00:00:00,90.0,93.8,975.0
EPAC,200613E,-107.2,23.6,2006-09-16 15:00:00,110.0,92.5,953.0
EPAC,200613E,-107.2,24.0,2006-09-16 18:00:00,110.0,91.3,954.0
EPAC,200613E,-107.3,24.4,2006-09-16 21:00:00,88.0,80.0,966.0
EPAC,200613E,-107.3,24.7,2006-09-17 00:00:00,65.0,68.8,978.0
EPAC,200614E,-115.0,17.3,2006-09-16 00:00:00,25.0,0.0,1006.0
EPAC,200614E,-114.3,17.9,2006-09-16 15:00:00,35.0,22.5,1002.0
EPAC,200614E,-114.2,18.1,2006-09-16 18:00:00,35.0,30.0,1001.0
EPAC,200614E,-114.2,18.3,2006-09-16 21:00:00,38.0,30.0,1000.0
EPAC,200614E,-114.1,18.5,2006-09-17 00:00:00,40.0,30.0,999.0
EPAC,200614E,-113.8,18.9,2006-09-17 15:00:00,38.0,37.5,1001.0
EPAC,200614E,-113.8,19.0,2006-09-17 18:00:00,35.0,37.5,1001.0
EPAC,200614E,-113.8,19.1,2006-09-17 21:00:00,35.0,28.1,1001.0
EPAC,200614E,-113.7,19.1,2006-09-18 00:00:00,35.0,18.8,1001.0
EPAC,200614E,-113.7,20.1,2006-09-18 15:00:00,25.0,0.0,1004.0
EPAC,200614E,-113.7,20.3,2006-09-18 18:00:00,25.0,0.0,1004.0
EPAC,200614E,-113.8,20.5,2006-09-18 21:00:00,25.0,0.0,1005.0
EPAC,200614E,-113.9,20.7,2006-09-19 00:00:00,25.0,0.0,1005.0
EPAC,200614E,-114.7,22.1,2006-09-19 15:00:00,25.0,0.0,1007.0
EPAC,200614E,-114.8,22.5,2006-09-19 18:00:00,25.0,0.0,1007.0
EPAC,200614E,-114.9,23.2,2006-09-20 00:00:00,25.0,0.0,1007.0
EPAC,200614E,-114.1,24.1,2006-09-20 15:00:00,23.0,0.0,1007.0
EPAC,200614E,-113.8,24.3,2006-09-20 18:00:00,20.0,0.0,1007.0
EPAC,200614E,-113.2,24.4,2006-09-21 00:00:00,20.0,0.0,1008.0
EPAC,200615E,-117.2,14.2,2006-10-09 00:00:00,30.0,0.0,1006.0
EPAC,200615E,-117.8,15.7,2006-10-09 15:00:00,38.0,23.8,1003.0
EPAC,200615E,-117.8,15.9,2006-10-09 18:00:00,40.0,32.5,1002.0
EPAC,200615E,-117.8,16.1,2006-10-09 21:00:00,43.0,32.5,1001.0
EPAC,200615E,-117.9,16.2,2006-10-10 00:00:00,45.0,32.5,1000.0
EPAC,200615E,-118.0,16.6,2006-10-10 15:00:00,33.0,13.8,1004.0
EPAC,200615E,-117.9,16.6,2006-10-10 18:00:00,30.0,0.0,1004.0
EPAC,200615E,-117.6,16.6,2006-10-10 21:00:00,30.0,0.0,1005.0
EPAC,200615E,-117.3,16.7,2006-10-11 00:00:00,30.0,0.0,1005.0
EPAC,200615E,-115.5,16.9,2006-10-11 15:00:00,25.0,0.0,1006.0
EPAC,200615E,-115.2,17.0,2006-10-11 18:00:00,25.0,0.0,1006.0
EPAC,200615E,-114.9,16.9,2006-10-11 21:00:00,25.0,0.0,1006.0
EPAC,200615E,-114.6,16.9,2006-10-12 00:00:00,25.0,0.0,1006.0
EPAC,200615E,-112.9,16.1,2006-10-12 15:00:00,25.0,0.0,1006.0
EPAC,200615E,-112.6,15.9,2006-10-12 18:00:00,25.0,0.0,1006.0
EPAC,200615E,-112.4,15.8,2006-10-12 21:00:00,25.0,0.0,1006.0
EPAC,200615E,-112.2,15.7,2006-10-13 00:00:00,25.0,0.0,1006.0
EPAC,200615E,-111.0,14.9,2006-10-13 15:00:00,30.0,0.0,1005.0
EPAC,200615E,-110.6,14.8,2006-10-13 18:00:00,30.0,0.0,1005.0
EPAC,200615E,-109.7,14.7,2006-10-14 00:00:00,30.0,0.0,1005.0
EPAC,200615E,-105.1,14.9,2006-10-14 15:00:00,30.0,0.0,1005.0
EPAC,200615E,-104.3,15.3,2006-10-14 18:00:00,30.0,0.0,1004.0
EPAC,200615E,-103.6,16.4,2006-10-15 00:00:00,30.0,0.0,1002.0
EPAC,200615E,-104.3,18.5,2006-10-15 15:00:00,30.0,0.0,1001.0
EPAC,200615E,-104.6,18.8,2006-10-15 18:00:00,30.0,0.0,1000.0
EPAC,200616E,-127.7,12.8,2006-10-09 18:00:00,30.0,0.0,1005.0
EPAC,200616E,-127.7,13.1,2006-10-09 21:00:00,30.0,0.0,1005.0
EPAC,200616E,-127.7,13.3,2006-10-10 00:00:00,30.0,0.0,1005.0
EPAC,200616E,-126.9,14.9,2006-10-10 15:00:00,40.0,51.9,1001.0
EPAC,200616E,-126.5,15.4,2006-10-10 18:00:00,40.0,56.3,1000.0
EPAC,200616E,-126.1,15.8,2006-10-10 21:00:00,40.0,53.1,1001.0
EPAC,200616E,-125.7,16.2,2006-10-11 00:00:00,40.0,50.0,1001.0
EPAC,200616E,-124.3,17.0,2006-10-11 15:00:00,30.0,0.0,1005.0
EPAC,200616E,-123.9,17.1,2006-10-11 18:00:00,30.0,0.0,1005.0
EPAC,200616E,-123.5,17.2,2006-10-11 21:00:00,30.0,0.0,1006.0
EPAC,200616E,-123.1,17.3,2006-10-12 00:00:00,30.0,0.0,1006.0
EPAC,200616E,-121.1,17.6,2006-10-12 15:00:00,25.0,0.0,1008.0
EPAC,200616E,-120.6,17.6,2006-10-12 18:00:00,25.0,0.0,1008.0
EPAC,200616E,-120.3,17.5,2006-10-12 21:00:00,25.0,0.0,1008.0
EPAC,200616E,-119.9,17.3,2006-10-13 00:00:00,25.0,0.0,1008.0
EPAC,200616E,-118.2,16.6,2006-10-13 15:00:00,25.0,0.0,1008.0
EPAC,200616E,-117.8,16.5,2006-10-13 18:00:00,25.0,0.0,1008.0
EPAC,200616E,-117.3,16.4,2006-10-13 21:00:00,25.0,0.0,1008.0
EPAC,200616E,-116.8,16.2,2006-10-14 00:00:00,25.0,0.0,1008.0
EPAC,200616E,-113.7,15.1,2006-10-14 15:00:00,20.0,0.0,1009.0
EPAC,200616E,-113.0,14.8,2006-10-14 18:00:00,20.0,0.0,1009.0
EPAC,200617E,-107.0,15.8,2006-10-21 15:00:00,40.0,45.0,1001.0
EPAC,200617E,-107.4,15.8,2006-10-21 18:00:00,45.0,45.0,1000.0
EPAC,200617E,-107.8,15.8,2006-10-21 21:00:00,45.0,45.0,1000.0
EPAC,200617E,-108.1,15.8,2006-10-22 00:00:00,45.0,45.0,1000.0
EPAC,200617E,-109.8,15.8,2006-10-22 15:00:00,50.0,50.0,997.0
EPAC,200617E,-110.2,15.8,2006-10-22 18:00:00,55.0,55.0,994.0
EPAC,200617E,-110.5,15.9,2006-10-22 21:00:00,65.0,60.0,987.0
EPAC,200617E,-110.8,15.9,2006-10-23 00:00:00,75.0,65.0,980.0
EPAC,200617E,-111.5,16.5,2006-10-23 15:00:00,85.0,70.0,974.0
EPAC,200617E,-111.6,16.7,2006-10-23 18:00:00,80.0,62.5,978.0
EPAC,200617E,-111.7,17.0,2006-10-23 21:00:00,78.0,62.5,979.0
EPAC,200617E,-111.8,17.3,2006-10-24 00:00:00,75.0,62.5,979.0
EPAC,200617E,-111.7,19.3,2006-10-24 15:00:00,50.0,47.5,995.0
EPAC,200617E,-111.5,19.8,2006-10-24 18:00:00,45.0,41.3,998.0
EPAC,200617E,-111.3,20.3,2006-10-24 21:00:00,43.0,39.4,999.0
EPAC,200617E,-111.0,20.8,2006-10-25 00:00:00,40.0,37.5,1000.0
EPAC,200617E,-108.7,23.1,2006-10-25 15:00:00,38.0,33.8,1002.0
EPAC,200617E,-108.1,23.7,2006-10-25 18:00:00,35.0,33.8,1003.0
EPAC,200617E,-108.1,24.1,2006-10-25 21:00:00,30.0,16.9,1004.0
EPAC,200617E,-108.1,24.5,2006-10-26 00:00:00,25.0,0.0,1005.0
EPAC,200618E,-104.1,16.8,2006-10-26 15:00:00,30.0,0.0,1008.0
EPAC,200618E,-104.3,16.8,2006-10-26 18:00:00,30.0,0.0,1007.0
EPAC,200618E,-104.5,16.8,2006-10-26 21:00:00,30.0,0.0,1007.0
EPAC,200618E,-104.7,16.7,2006-10-27 00:00:00,30.0,0.0,1007.0
EPAC,200618E,-105.3,15.9,2006-10-27 15:00:00,25.0,0.0,1009.0
EPAC,200618E,-105.5,15.7,2006-10-27 18:00:00,25.0,0.0,1009.0
EPAC,200618E,-105.7,15.8,2006-10-27 21:00:00,23.0,0.0,1010.0
EPAC,200618E,-105.8,15.8,2006-10-28 00:00:00,20.0,0.0,1010.0
EPAC,200618E,-107.3,16.0,2006-10-28 15:00:00,20.0,0.0,1010.0
EPAC,200618E,-107.7,16.0,2006-10-28 18:00:00,20.0,0.0,1010.0
EPAC,200618E,-108.2,16.0,2006-10-28 21:00:00,20.0,0.0,1010.0
EPAC,200618E,-108.7,16.0,2006-10-29 00:00:00,20.0,0.0,1010.0
EPAC,200619E,-104.3,13.6,2006-11-08 15:00:00,30.0,0.0,1004.0
EPAC,200619E,-104.5,13.8,2006-11-08 18:00:00,30.0,0.0,1004.0
EPAC,200619E,-104.7,14.1,2006-11-08 21:00:00,30.0,0.0,1004.0
EPAC,200619E,-104.9,14.3,2006-11-09 00:00:00,30.0,0.0,1004.0
EPAC,200619E,-105.5,15.2,2006-11-09 15:00:00,35.0,33.8,1002.0
EPAC,200619E,-105.5,15.3,2006-11-09 18:00:00,35.0,33.8,1002.0
EPAC,200619E,-105.6,15.4,2006-11-09 21:00:00,33.0,16.9,1003.0
EPAC,200619E,-105.6,15.5,2006-11-10 00:00:00,30.0,0.0,1004.0
EPAC,200619E,-106.1,15.9,2006-11-10 15:00:00,25.0,0.0,1007.0
EPAC,200619E,-106.3,16.0,2006-11-10 18:00:00,25.0,0.0,1007.0
EPAC,200620E,-112.3,13.1,2006-11-11 00:00:00,30.0,0.0,1007.0
EPAC,200621E,-103.6,12.3,2006-11-13 18:00:00,25.0,0.0,1009.0
EPAC,200621E,-104.0,12.7,2006-11-14 00:00:00,25.0,0.0,1008.0
EPAC,200621E,-104.4,13.0,2006-11-14 15:00:00,43.0,23.1,1003.0
EPAC,200621E,-104.5,13.0,2006-11-14 18:00:00,50.0,27.5,1000.0
EPAC,200621E,-103.8,12.2,2006-11-15 15:00:00,88.0,70.0,975.0
EPAC,200621E,-103.7,12.0,2006-11-15 18:00:00,95.0,80.0,965.0
EPAC,200621E,-103.5,12.1,2006-11-15 21:00:00,93.0,80.0,968.0
EPAC,200621E,-103.3,12.1,2006-11-16 00:00:00,90.0,80.0,970.0
EPAC,200621E,-102.8,13.0,2006-11-16 15:00:00,78.0,78.8,978.0
EPAC,200621E,-102.8,13.2,2006-11-16 18:00:00,70.0,77.5,980.0
EPAC,200621E,-102.8,13.4,2006-11-16 21:00:00,70.0,77.5,981.0
EPAC,200621E,-102.8,13.5,2006-11-17 00:00:00,70.0,77.5,982.0
EPAC,200621E,-102.6,13.9,2006-11-17 15:00:00,45.0,65.0,1000.0
EPAC,200621E,-102.6,14.0,2006-11-17 18:00:00,40.0,52.5,1002.0
EPAC,200621E,-102.8,14.2,2006-11-17 21:00:00,40.0,52.5,1002.0
EPAC,200621E,-102.9,14.3,2006-11-18 00:00:00,40.0,52.5,1002.0
EPAC,200621E,-104.1,15.2,2006-11-18 15:00:00,45.0,36.9,1000.0
EPAC,200621E,-104.4,15.3,2006-11-18 18:00:00,45.0,32.5,1000.0
EPAC,200621E,-104.7,15.4,2006-11-18 21:00:00,43.0,30.0,1001.0
EPAC,200621E,-104.9,15.5,2006-11-19 00:00:00,40.0,27.5,1002.0
EPAC,200621E,-105.6,15.3,2006-11-19 15:00:00,35.0,20.0,1005.0
EPAC,200621E,-105.8,15.2,2006-11-19 18:00:00,35.0,20.0,1005.0
EPAC,200621E,-106.0,15.1,2006-11-19 21:00:00,33.0,10.0,1005.0
EPAC,200621E,-106.2,15.0,2006-11-20 00:00:00,30.0,0.0,1005.0
EPAC,200621E,-107.3,14.8,2006-11-20 15:00:00,28.0,0.0,1006.0
EPAC,200621E,-107.6,14.8,2006-11-20 18:00:00,25.0,0.0,1006.0
EPAC,200701E,-110.6,12.8,2007-05-27 00:00:00,30.0,0.0,1006.0
EPAC,200701E,-111.1,13.1,2007-05-27 15:00:00,25.0,0.0,1007.0
EPAC,200701E,-111.1,13.1,2007-05-27 18:00:00,25.0,0.0,1007.0
EPAC,200701E,-111.3,13.1,2007-05-27 21:00:00,25.0,0.0,1007.0
EPAC,200701E,-111.6,13.1,2007-05-28 00:00:00,25.0,0.0,1007.0
EPAC,200701E,-112.7,12.9,2007-05-28 15:00:00,30.0,0.0,1005.0
EPAC,200701E,-112.8,12.9,2007-05-28 18:00:00,30.0,0.0,1005.0
EPAC,200701E,-112.9,12.9,2007-05-28 21:00:00,33.0,12.5,1005.0
EPAC,200701E,-113.1,12.8,2007-05-29 00:00:00,35.0,25.0,1004.0
EPAC,200701E,-113.7,12.8,2007-05-29 15:00:00,35.0,12.5,1004.0
EPAC,200701E,-113.8,12.8,2007-05-29 18:00:00,35.0,12.5,1004.0
EPAC,200701E,-113.9,12.9,2007-05-29 21:00:00,35.0,12.5,1004.0
EPAC,200701E,-114.1,12.9,2007-05-30 00:00:00,35.0,12.5,1004.0
EPAC,200701E,-114.7,13.3,2007-05-30 15:00:00,30.0,0.0,1005.0
EPAC,200701E,-114.8,13.3,2007-05-30 18:00:00,30.0,0.0,1005.0
EPAC,200701E,-114.9,13.3,2007-05-30 21:00:00,30.0,0.0,1005.0
EPAC,200701E,-115.0,13.2,2007-05-31 00:00:00,30.0,0.0,1005.0
EPAC,200701E,-115.8,12.9,2007-05-31 15:00:00,25.0,0.0,1008.0
EPAC,200701E,-116.0,12.8,2007-05-31 18:00:00,25.0,0.0,1008.0
EPAC,200701E,-116.2,12.8,2007-05-31 21:00:00,25.0,0.0,1008.0
EPAC,200701E,-116.4,12.8,2007-06-01 00:00:00,25.0,0.0,1008.0
EPAC,200701E,-117.7,12.4,2007-06-01 15:00:00,25.0,0.0,1008.0
EPAC,200701E,-117.9,12.3,2007-06-01 18:00:00,25.0,0.0,1008.0
EPAC,200701E,-118.1,12.2,2007-06-01 21:00:00,25.0,0.0,1008.0
EPAC,200701E,-118.3,12.1,2007-06-02 00:00:00,25.0,0.0,1008.0
EPAC,200701E,-119.6,11.4,2007-06-02 15:00:00,25.0,0.0,1008.0
EPAC,200701E,-119.8,11.3,2007-06-02 18:00:00,25.0,0.0,1008.0
EPAC,200701E,-120.0,11.2,2007-06-02 21:00:00,25.0,0.0,1008.0
EPAC,200701E,-120.2,11.1,2007-06-03 00:00:00,25.0,0.0,1008.0
EPAC,200701E,-121.2,10.8,2007-06-03 15:00:00,25.0,0.0,1008.0
EPAC,200701E,-121.3,10.7,2007-06-03 18:00:00,25.0,0.0,1008.0
EPAC,200701E,-121.6,10.7,2007-06-03 21:00:00,25.0,0.0,1008.0
EPAC,200701E,-121.8,10.7,2007-06-04 00:00:00,25.0,0.0,1008.0
EPAC,200701E,-123.6,10.6,2007-06-04 15:00:00,25.0,0.0,1008.0
EPAC,200701E,-124.0,10.6,2007-06-04 18:00:00,25.0,0.0,1008.0
EPAC,200701E,-124.3,10.6,2007-06-04 21:00:00,25.0,0.0,1008.0
EPAC,200701E,-124.7,10.5,2007-06-05 00:00:00,25.0,0.0,1008.0
EPAC,200701E,-125.9,10.9,2007-06-05 15:00:00,25.0,0.0,1008.0
EPAC,200701E,-126.1,10.9,2007-06-05 18:00:00,25.0,0.0,1008.0
EPAC,200701E,-126.3,10.9,2007-06-05 21:00:00,25.0,0.0,1008.0
EPAC,200701E,-126.5,10.9,2007-06-06 00:00:00,25.0,0.0,1008.0
EPAC,200702E,-97.5,14.2,2007-05-29 18:00:00,30.0,0.0,1007.0
EPAC,200702E,-97.5,14.2,2007-05-29 21:00:00,30.0,0.0,1007.0
EPAC,200702E,-97.5,14.2,2007-05-30 00:00:00,30.0,0.0,1007.0
EPAC,200702E,-97.3,13.8,2007-05-30 15:00:00,38.0,26.3,1004.0
EPAC,200702E,-97.2,13.6,2007-05-30 18:00:00,40.0,40.0,1003.0
EPAC,200702E,-97.1,13.4,2007-05-30 21:00:00,40.0,35.0,1003.0
EPAC,200702E,-96.9,13.2,2007-05-31 00:00:00,40.0,30.0,1002.0
EPAC,200702E,-96.1,13.0,2007-05-31 12:00:00,35.0,20.0,1004.0
EPAC,200702E,-95.9,12.9,2007-05-31 15:00:00,35.0,20.0,1004.0
EPAC,200702E,-95.7,12.9,2007-05-31 18:00:00,35.0,20.0,1004.0
EPAC,200702E,-95.5,12.9,2007-05-31 21:00:00,33.0,10.0,1005.0
EPAC,200702E,-95.3,12.9,2007-06-01 00:00:00,30.0,0.0,1005.0
EPAC,200702E,-94.4,13.2,2007-06-01 12:00:00,45.0,48.8,1001.0
EPAC,200702E,-94.1,13.3,2007-06-01 15:00:00,45.0,48.8,1001.0
EPAC,200702E,-93.8,13.4,2007-06-01 18:00:00,45.0,48.8,1000.0
EPAC,200702E,-93.5,13.6,2007-06-01 21:00:00,45.0,49.4,1000.0
EPAC,200702E,-93.3,13.7,2007-06-02 00:00:00,45.0,50.0,1000.0
EPAC,200702E,-92.5,14.6,2007-06-02 12:00:00,45.0,30.0,1000.0
EPAC,200702E,-92.4,14.9,2007-06-02 15:00:00,35.0,15.0,1003.0
EPAC,200702E,-92.3,15.2,2007-06-02 18:00:00,25.0,0.0,1006.0
EPAC,200703E,-110.7,15.9,2007-06-11 15:00:00,30.0,0.0,1005.0
EPAC,200703E,-111.0,16.2,2007-06-11 18:00:00,30.0,0.0,1005.0
EPAC,200703E,-111.6,17.0,2007-06-12 00:00:00,30.0,0.0,1004.0
EPAC,200703E,-113.4,18.2,2007-06-12 15:00:00,25.0,0.0,1006.0
EPAC,200703E,-113.8,18.4,2007-06-12 18:00:00,25.0,0.0,1006.0
EPAC,200703E,-114.2,18.6,2007-06-12 21:00:00,25.0,0.0,1007.0
EPAC,200703E,-114.5,18.8,2007-06-13 00:00:00,25.0,0.0,1007.0
EPAC,200703E,-115.7,19.5,2007-06-13 15:00:00,20.0,0.0,1009.0
EPAC,200703E,-115.8,19.6,2007-06-13 18:00:00,20.0,0.0,1009.0
EPAC,200703E,-115.9,19.8,2007-06-13 21:00:00,18.0,0.0,1009.0
EPAC,200703E,-116.0,20.0,2007-06-14 00:00:00,15.0,0.0,1009.0
EPAC,200703E,-116.4,20.1,2007-06-14 15:00:00,15.0,0.0,1009.0
EPAC,200703E,-116.6,20.1,2007-06-14 18:00:00,15.0,0.0,1009.0
EPAC,200703E,-116.8,20.1,2007-06-14 21:00:00,15.0,0.0,1009.0
EPAC,200704E,-118.6,17.0,2007-07-09 18:00:00,30.0,0.0,1006.0
EPAC,200704E,-118.9,17.3,2007-07-09 21:00:00,30.0,0.0,1006.0
EPAC,200704E,-119.3,17.5,2007-07-10 00:00:00,30.0,0.0,1006.0
EPAC,200704E,-121.3,18.9,2007-07-10 15:00:00,28.0,0.0,1006.0
EPAC,200704E,-121.6,19.0,2007-07-10 18:00:00,25.0,0.0,1006.0
EPAC,200704E,-122.1,19.0,2007-07-10 21:00:00,25.0,0.0,1007.0
EPAC,200704E,-122.5,19.0,2007-07-11 00:00:00,25.0,0.0,1007.0
EPAC,200704E,-124.7,19.5,2007-07-11 15:00:00,23.0,0.0,1009.0
EPAC,200704E,-125.1,19.6,2007-07-11 18:00:00,20.0,0.0,1009.0
EPAC,200705E,-114.8,15.6,2007-07-14 15:00:00,30.0,0.0,1006.0
EPAC,200705E,-115.4,15.7,2007-07-14 18:00:00,30.0,0.0,1006.0
EPAC,200705E,-116.1,15.8,2007-07-14 21:00:00,28.0,0.0,1007.0
EPAC,200705E,-116.7,15.8,2007-07-15 00:00:00,25.0,0.0,1008.0
EPAC,200705E,-119.8,16.9,2007-07-15 15:00:00,25.0,0.0,1008.0
EPAC,200705E,-120.5,17.0,2007-07-15 18:00:00,25.0,0.0,1008.0
EPAC,200705E,-121.1,17.2,2007-07-15 21:00:00,25.0,0.0,1009.0
EPAC,200705E,-121.7,17.4,2007-07-16 00:00:00,25.0,0.0,1009.0
EPAC,200706E,-126.1,11.3,2007-07-14 15:00:00,25.0,0.0,1007.0
EPAC,200706E,-126.3,11.3,2007-07-14 18:00:00,25.0,0.0,1007.0
EPAC,200706E,-126.4,11.4,2007-07-14 21:00:00,25.0,0.0,1007.0
EPAC,200706E,-126.6,11.6,2007-07-15 00:00:00,25.0,0.0,1006.0
EPAC,200706E,-127.5,12.3,2007-07-15 15:00:00,33.0,18.8,1006.0
EPAC,200706E,-127.7,12.5,2007-07-15 18:00:00,35.0,37.5,1005.0
EPAC,200706E,-128.1,12.8,2007-07-15 21:00:00,40.0,43.8,1003.0
EPAC,200706E,-128.4,13.0,2007-07-16 00:00:00,45.0,50.0,1000.0
EPAC,200706E,-130.4,14.2,2007-07-16 15:00:00,63.0,73.8,990.0
EPAC,200706E,-130.9,14.4,2007-07-16 18:00:00,65.0,75.0,987.0
EPAC,200706E,-131.4,14.6,2007-07-16 21:00:00,63.0,67.5,990.0
EPAC,200706E,-131.8,14.8,2007-07-17 00:00:00,60.0,60.0,992.0
EPAC,200706E,-132.3,14.9,2007-07-17 03:00:00,58.0,58.1,995.0
EPAC,200706E,-134.3,14.9,2007-07-17 15:00:00,40.0,38.1,1003.0
EPAC,200706E,-134.8,14.9,2007-07-17 18:00:00,35.0,30.0,1005.0
EPAC,200706E,-135.4,14.9,2007-07-17 21:00:00,35.0,30.0,1005.0
EPAC,200706E,-136.0,15.0,2007-07-18 00:00:00,35.0,30.0,1005.0
EPAC,200706E,-136.6,15.1,2007-07-18 03:00:00,35.0,30.0,1005.0
EPAC,200706E,-139.5,15.0,2007-07-18 18:00:00,30.0,0.0,1006.0
EPAC,200706E,-140.1,15.1,2007-07-18 21:00:00,30.0,0.0,1007.0
EPAC,200706E,-140.7,15.2,2007-07-19 00:00:00,30.0,0.0,1008.0
EPAC,200706E,-141.3,15.3,2007-07-19 03:00:00,30.0,0.0,1009.0
EPAC,200706E,-144.3,15.6,2007-07-19 15:00:00,30.0,0.0,1010.0
EPAC,200706E,-145.8,15.9,2007-07-19 21:00:00,30.0,0.0,1010.0
EPAC,200706E,-146.6,16.0,2007-07-20 00:00:00,30.0,0.0,1010.0
EPAC,200706E,-152.8,16.5,2007-07-20 21:00:00,30.0,0.0,1010.0
EPAC,200706E,-153.8,16.5,2007-07-21 00:00:00,30.0,0.0,1010.0
EPAC,200706E,-154.8,16.4,2007-07-21 03:00:00,30.0,0.0,1010.0
EPAC,200706E,-160.1,16.3,2007-07-21 21:00:00,30.0,0.0,1010.0
EPAC,200706E,-161.0,16.4,2007-07-22 00:00:00,30.0,0.0,1010.0
EPAC,200706E,-161.8,16.4,2007-07-22 03:00:00,30.0,0.0,1010.0
EPAC,200706E,-167.4,16.1,2007-07-22 21:00:00,25.0,0.0,1011.0
EPAC,200706E,-168.3,16.1,2007-07-23 00:00:00,25.0,0.0,1011.0
EPAC,200706E,-169.2,16.0,2007-07-23 03:00:00,25.0,0.0,1011.0
EPAC,200706E,-174.2,15.7,2007-07-23 21:00:00,25.0,0.0,1011.0
EPAC,200706E,-175.0,15.7,2007-07-24 00:00:00,25.0,0.0,1011.0
EPAC,200706E,-175.9,15.7,2007-07-24 03:00:00,25.0,0.0,1011.0
EPAC,200707E,-104.6,12.5,2007-07-22 00:00:00,25.0,0.0,1008.0
EPAC,200707E,-106.3,12.8,2007-07-22 15:00:00,30.0,0.0,1007.0
EPAC,200707E,-106.6,12.9,2007-07-22 18:00:00,30.0,0.0,1007.0
EPAC,200707E,-106.9,13.1,2007-07-22 21:00:00,30.0,0.0,1007.0
EPAC,200707E,-107.3,13.2,2007-07-23 00:00:00,30.0,0.0,1007.0
EPAC,200707E,-108.7,14.8,2007-07-23 15:00:00,30.0,0.0,1006.0
EPAC,200707E,-108.9,15.1,2007-07-23 18:00:00,30.0,0.0,1006.0
EPAC,200707E,-109.1,15.4,2007-07-23 21:00:00,33.0,18.8,1006.0
EPAC,200707E,-109.3,15.8,2007-07-24 00:00:00,35.0,37.5,1005.0
EPAC,200707E,-110.2,17.2,2007-07-24 15:00:00,43.0,62.5,1001.0
EPAC,200707E,-110.3,17.5,2007-07-24 18:00:00,45.0,62.5,999.0
EPAC,200707E,-110.4,17.8,2007-07-24 21:00:00,48.0,72.5,997.0
EPAC,200707E,-110.6,18.1,2007-07-25 00:00:00,50.0,82.5,995.0
EPAC,200707E,-111.6,19.6,2007-07-25 15:00:00,45.0,75.0,999.0
EPAC,200707E,-111.8,19.8,2007-07-25 18:00:00,45.0,71.3,1000.0
EPAC,200707E,-112.1,20.1,2007-07-25 21:00:00,45.0,71.3,1000.0
EPAC,200707E,-112.3,20.3,2007-07-26 00:00:00,45.0,71.3,1000.0
EPAC,200707E,-114.3,21.8,2007-07-26 15:00:00,43.0,45.0,1001.0
EPAC,200707E,-114.8,22.0,2007-07-26 18:00:00,40.0,37.5,1002.0
EPAC,200707E,-115.3,22.2,2007-07-26 21:00:00,38.0,30.0,1003.0
EPAC,200707E,-115.7,22.4,2007-07-27 00:00:00,35.0,22.5,1003.0
EPAC,200707E,-117.8,23.1,2007-07-27 15:00:00,25.0,0.0,1007.0
EPAC,200707E,-118.2,23.3,2007-07-27 18:00:00,25.0,0.0,1008.0
EPAC,200707E,-118.6,23.5,2007-07-27 21:00:00,25.0,0.0,1009.0
EPAC,200707E,-118.9,23.6,2007-07-28 00:00:00,25.0,0.0,1009.0
EPAC,200707E,-120.7,24.4,2007-07-28 15:00:00,25.0,0.0,1009.0
EPAC,200707E,-121.0,24.5,2007-07-28 18:00:00,25.0,0.0,1009.0
EPAC,200707E,-121.3,24.6,2007-07-28 21:00:00,25.0,0.0,1009.0
EPAC,200707E,-121.5,24.6,2007-07-29 00:00:00,25.0,0.0,1009.0
EPAC,200707E,-122.3,24.5,2007-07-29 15:00:00,25.0,0.0,1009.0
EPAC,200707E,-122.5,24.4,2007-07-29 18:00:00,25.0,0.0,1009.0
EPAC,200707E,-122.5,24.3,2007-07-29 21:00:00,23.0,0.0,1009.0
EPAC,200707E,-122.5,24.1,2007-07-30 00:00:00,20.0,0.0,1009.0
EPAC,200708E,-123.0,12.9,2007-07-31 15:00:00,28.0,0.0,1008.0
EPAC,200708E,-123.4,12.9,2007-07-31 18:00:00,30.0,0.0,1007.0
EPAC,200708E,-123.8,12.9,2007-07-31 21:00:00,33.0,8.8,1006.0
EPAC,200708E,-126.2,13.1,2007-08-01 15:00:00,35.0,17.5,1005.0
EPAC,200708E,-126.7,13.2,2007-08-01 18:00:00,35.0,15.0,1005.0
EPAC,200708E,-127.2,13.3,2007-08-01 21:00:00,33.0,7.5,1006.0
EPAC,200708E,-127.7,13.3,2007-08-02 00:00:00,30.0,0.0,1006.0
EPAC,200709E,-126.4,13.4,2007-08-08 18:00:00,30.0,0.0,1007.0
EPAC,200709E,-127.1,13.3,2007-08-08 21:00:00,33.0,8.8,1004.0
EPAC,200709E,-127.8,13.2,2007-08-09 00:00:00,35.0,17.5,1000.0
EPAC,200709E,-131.1,12.8,2007-08-09 15:00:00,50.0,46.9,996.0
EPAC,200709E,-131.8,12.7,2007-08-09 18:00:00,55.0,48.8,995.0
EPAC,200709E,-132.4,12.6,2007-08-09 21:00:00,55.0,48.8,995.0
EPAC,200709E,-133.1,12.6,2007-08-10 00:00:00,55.0,48.8,994.0
EPAC,200709E,-136.0,12.6,2007-08-10 15:00:00,75.0,51.9,981.0
EPAC,200709E,-136.6,12.6,2007-08-10 18:00:00,80.0,55.0,977.0
EPAC,200709E,-137.7,12.6,2007-08-11 00:00:00,90.0,55.0,970.0
EPAC,200709E,-140.1,12.8,2007-08-11 15:00:00,115.0,67.5,950.0
EPAC,200709E,-140.6,12.9,2007-08-11 18:00:00,115.0,67.5,950.0
EPAC,200709E,-141.1,13.1,2007-08-11 21:00:00,118.0,70.0,950.0
EPAC,200709E,-141.7,13.2,2007-08-12 00:00:00,120.0,72.5,949.0
EPAC,200709E,-142.3,13.3,2007-08-12 03:00:00,120.0,72.5,950.0
EPAC,200709E,-146.4,13.9,2007-08-13 00:00:00,115.0,80.0,958.0
EPAC,200709E,-147.0,14.1,2007-08-13 03:00:00,115.0,80.0,958.0
EPAC,200709E,-150.8,15.4,2007-08-13 21:00:00,113.0,95.0,959.0
EPAC,200709E,-151.4,15.7,2007-08-14 00:00:00,110.0,95.0,960.0
EPAC,200709E,-152.0,15.9,2007-08-14 03:00:00,105.0,93.8,965.0
EPAC,200709E,-154.8,17.1,2007-08-14 21:00:00,88.0,70.0,979.0
EPAC,200709E,-158.5,17.4,2007-08-15 21:00:00,38.0,35.6,1007.0
EPAC,200709E,-159.0,17.4,2007-08-16 00:00:00,35.0,35.0,1007.0
EPAC,200709E,-159.6,17.3,2007-08-16 03:00:00,33.0,17.5,1008.0
EPAC,200710E,-109.5,19.4,2007-08-29 15:00:00,33.0,13.1,1004.0
EPAC,200710E,-110.0,19.5,2007-08-29 18:00:00,35.0,26.3,1003.0
EPAC,200710E,-110.6,19.4,2007-08-29 21:00:00,35.0,26.3,1003.0
EPAC,200710E,-111.2,19.4,2007-08-30 00:00:00,35.0,26.3,1003.0
EPAC,200710E,-113.6,19.2,2007-08-30 15:00:00,40.0,27.5,1002.0
EPAC,200710E,-114.5,19.1,2007-08-30 21:00:00,40.0,27.5,1002.0
EPAC,200710E,-114.9,19.1,2007-08-31 00:00:00,40.0,27.5,1002.0
EPAC,200710E,-117.3,18.8,2007-08-31 15:00:00,35.0,32.5,1005.0
EPAC,200710E,-118.2,18.6,2007-08-31 21:00:00,33.0,16.3,1005.0
EPAC,200710E,-118.6,18.6,2007-09-01 00:00:00,30.0,0.0,1005.0
EPAC,200710E,-120.8,18.9,2007-09-01 15:00:00,25.0,0.0,1005.0
EPAC,200710E,-121.2,19.0,2007-09-01 18:00:00,25.0,0.0,1005.0
EPAC,200710E,-121.7,19.1,2007-09-01 21:00:00,25.0,0.0,1005.0
EPAC,200710E,-122.1,19.2,2007-09-02 00:00:00,25.0,0.0,1005.0
EPAC,200710E,-123.8,19.8,2007-09-02 15:00:00,23.0,0.0,1007.0
EPAC,200710E,-123.9,20.0,2007-09-02 18:00:00,20.0,0.0,1007.0
EPAC,200710E,-124.1,20.1,2007-09-02 21:00:00,20.0,0.0,1008.0
EPAC,200711E,-96.8,13.9,2007-08-30 15:00:00,30.0,0.0,1007.0
EPAC,200711E,-97.6,14.4,2007-08-30 21:00:00,30.0,0.0,1006.0
EPAC,200711E,-98.0,14.6,2007-08-31 00:00:00,30.0,0.0,1006.0
EPAC,200711E,-100.1,16.0,2007-08-31 15:00:00,38.0,25.0,1001.0
EPAC,200711E,-100.6,16.3,2007-08-31 18:00:00,40.0,25.0,1000.0
EPAC,200711E,-101.1,16.6,2007-08-31 21:00:00,43.0,36.3,999.0
EPAC,200711E,-101.6,16.8,2007-09-01 00:00:00,45.0,47.5,997.0
EPAC,200711E,-104.3,17.8,2007-09-01 15:00:00,48.0,53.8,997.0
EPAC,200711E,-104.7,17.9,2007-09-01 18:00:00,50.0,53.8,996.0
EPAC,200711E,-105.0,17.9,2007-09-01 21:00:00,50.0,53.8,996.0
EPAC,200711E,-105.3,18.0,2007-09-02 00:00:00,50.0,53.8,995.0
EPAC,200711E,-106.3,18.4,2007-09-02 15:00:00,55.0,56.3,994.0
EPAC,200711E,-106.5,18.5,2007-09-02 18:00:00,55.0,56.3,994.0
EPAC,200711E,-106.7,18.6,2007-09-02 21:00:00,55.0,56.9,994.0
EPAC,200711E,-106.8,18.7,2007-09-03 00:00:00,55.0,57.5,993.0
EPAC,200711E,-108.2,19.6,2007-09-03 15:00:00,60.0,73.1,986.0
EPAC,200711E,-108.4,19.8,2007-09-03 18:00:00,60.0,75.0,983.0
EPAC,200711E,-108.6,20.1,2007-09-03 21:00:00,60.0,76.9,981.0
EPAC,200711E,-108.7,20.3,2007-09-04 00:00:00,60.0,78.8,978.0
EPAC,200711E,-109.4,22.1,2007-09-04 15:00:00,73.0,92.5,972.0
EPAC,200711E,-109.6,22.6,2007-09-04 18:00:00,70.0,92.5,972.0
EPAC,200711E,-109.7,23.1,2007-09-04 21:00:00,68.0,86.3,974.0
EPAC,200711E,-109.8,23.6,2007-09-05 00:00:00,65.0,80.0,975.0
EPAC,200711E,-110.6,26.1,2007-09-05 15:00:00,65.0,68.1,985.0
EPAC,200711E,-110.7,26.6,2007-09-05 18:00:00,65.0,61.3,986.0
EPAC,200711E,-110.8,27.3,2007-09-05 21:00:00,63.0,54.4,988.0
EPAC,200711E,-110.9,27.9,2007-09-06 00:00:00,60.0,47.5,990.0
EPAC,200712E,-107.5,13.4,2007-09-18 15:00:00,28.0,0.0,1006.0
EPAC,200712E,-107.9,13.7,2007-09-18 18:00:00,30.0,0.0,1005.0
EPAC,200712E,-108.3,13.9,2007-09-18 21:00:00,35.0,10.0,1004.0
EPAC,200712E,-108.8,14.2,2007-09-19 00:00:00,40.0,20.0,1002.0
EPAC,200712E,-111.2,15.2,2007-09-19 15:00:00,58.0,48.1,993.0
EPAC,200712E,-111.6,15.3,2007-09-19 18:00:00,60.0,52.5,991.0
EPAC,200712E,-111.8,15.5,2007-09-19 21:00:00,63.0,55.0,989.0
EPAC,200712E,-112.1,15.7,2007-09-20 00:00:00,65.0,57.5,987.0
EPAC,200712E,-112.9,17.1,2007-09-20 15:00:00,68.0,57.5,986.0
EPAC,200712E,-113.1,17.5,2007-09-20 18:00:00,70.0,57.5,985.0
EPAC,200712E,-113.3,17.9,2007-09-20 21:00:00,70.0,57.5,985.0
EPAC,200712E,-113.4,18.2,2007-09-21 00:00:00,70.0,57.5,984.0
EPAC,200712E,-113.6,19.6,2007-09-21 15:00:00,63.0,56.9,989.0
EPAC,200712E,-113.5,19.8,2007-09-21 18:00:00,60.0,56.3,990.0
EPAC,200712E,-113.4,20.1,2007-09-21 21:00:00,58.0,56.3,992.0
EPAC,200712E,-113.3,20.3,2007-09-22 00:00:00,55.0,56.3,994.0
EPAC,200712E,-112.7,21.4,2007-09-22 15:00:00,40.0,20.0,1001.0
EPAC,200712E,-112.5,21.6,2007-09-22 18:00:00,35.0,20.0,1002.0
EPAC,200712E,-112.3,21.8,2007-09-22 21:00:00,33.0,10.0,1003.0
EPAC,200712E,-112.1,21.9,2007-09-23 00:00:00,30.0,0.0,1004.0
EPAC,200712E,-111.3,22.0,2007-09-23 15:00:00,25.0,0.0,1007.0
EPAC,200712E,-110.9,22.0,2007-09-23 21:00:00,25.0,0.0,1007.0
EPAC,200712E,-110.7,22.0,2007-09-24 00:00:00,25.0,0.0,1007.0
EPAC,200712E,-110.0,21.9,2007-09-24 15:00:00,15.0,0.0,1009.0
EPAC,200712E,-109.9,21.9,2007-09-24 18:00:00,15.0,0.0,1009.0
EPAC,200712E,-109.8,21.9,2007-09-24 21:00:00,15.0,0.0,1010.0
EPAC,200712E,-109.6,21.8,2007-09-25 00:00:00,15.0,0.0,1010.0
EPAC,200713E,-128.0,17.2,2007-09-19 15:00:00,30.0,0.0,1007.0
EPAC,200713E,-128.8,17.5,2007-09-19 21:00:00,30.0,0.0,1007.0
EPAC,200713E,-129.1,17.6,2007-09-20 00:00:00,30.0,0.0,1007.0
EPAC,200713E,-130.1,17.8,2007-09-20 15:00:00,25.0,0.0,1008.0
EPAC,200713E,-130.2,17.8,2007-09-20 18:00:00,25.0,0.0,1008.0
EPAC,200713E,-130.3,17.8,2007-09-20 21:00:00,23.0,0.0,1008.0
EPAC,200713E,-130.3,17.7,2007-09-21 00:00:00,20.0,0.0,1008.0
EPAC,200713E,-130.7,17.0,2007-09-21 15:00:00,20.0,0.0,1008.0
EPAC,200713E,-130.7,16.8,2007-09-21 18:00:00,20.0,0.0,1008.0
EPAC,200713E,-130.4,16.7,2007-09-21 21:00:00,20.0,0.0,1008.0
EPAC,200713E,-130.1,16.6,2007-09-22 00:00:00,20.0,0.0,1008.0
EPAC,200713E,-128.4,16.9,2007-09-22 15:00:00,20.0,0.0,1009.0
EPAC,200713E,-128.2,16.9,2007-09-22 18:00:00,20.0,0.0,1009.0
EPAC,200713E,-128.1,16.9,2007-09-22 21:00:00,20.0,0.0,1009.0
EPAC,200713E,-127.9,16.9,2007-09-23 00:00:00,20.0,0.0,1009.0
EPAC,200713E,-127.3,16.9,2007-09-23 15:00:00,20.0,0.0,1009.0
EPAC,200713E,-127.3,17.0,2007-09-23 18:00:00,20.0,0.0,1009.0
EPAC,200713E,-127.4,17.1,2007-09-23 21:00:00,20.0,0.0,1010.0
EPAC,200713E,-127.6,17.2,2007-09-24 00:00:00,20.0,0.0,1010.0
EPAC,200713E,-128.9,17.7,2007-09-24 15:00:00,20.0,0.0,1011.0
EPAC,200713E,-129.3,17.9,2007-09-24 18:00:00,20.0,0.0,1011.0
EPAC,200713E,-129.8,17.9,2007-09-24 21:00:00,20.0,0.0,1011.0
EPAC,200713E,-130.3,18.0,2007-09-25 00:00:00,20.0,0.0,1011.0
EPAC,200714E,-108.9,14.7,2007-09-29 00:00:00,30.0,0.0,1006.0
EPAC,200714E,-111.3,15.7,2007-09-29 15:00:00,35.0,30.0,1004.0
EPAC,200714E,-111.7,16.0,2007-09-29 18:00:00,35.0,30.0,1003.0
EPAC,200714E,-112.0,16.4,2007-09-29 21:00:00,35.0,30.0,1003.0
EPAC,200714E,-112.2,16.7,2007-09-30 00:00:00,35.0,30.0,1003.0
EPAC,200714E,-113.3,18.5,2007-09-30 15:00:00,50.0,37.5,997.0
EPAC,200714E,-114.0,19.7,2007-10-01 00:00:00,45.0,48.8,1000.0
EPAC,200714E,-115.3,21.9,2007-10-01 15:00:00,38.0,46.9,1003.0
EPAC,200714E,-115.4,22.3,2007-10-01 18:00:00,35.0,45.0,1003.0
EPAC,200714E,-115.6,22.7,2007-10-01 21:00:00,33.0,22.5,1004.0
EPAC,200714E,-115.8,23.1,2007-10-02 00:00:00,30.0,0.0,1004.0
EPAC,200714E,-116.2,23.9,2007-10-02 15:00:00,25.0,0.0,1006.0
EPAC,200714E,-116.2,24.0,2007-10-02 18:00:00,25.0,0.0,1006.0
EPAC,200714E,-116.2,24.0,2007-10-02 21:00:00,25.0,0.0,1006.0
EPAC,200714E,-116.1,24.0,2007-10-03 00:00:00,25.0,0.0,1006.0
EPAC,200714E,-115.8,23.7,2007-10-03 15:00:00,25.0,0.0,1007.0
EPAC,200714E,-115.6,23.6,2007-10-03 18:00:00,25.0,0.0,1007.0
EPAC,200714E,-115.3,23.5,2007-10-03 21:00:00,25.0,0.0,1007.0
EPAC,200714E,-115.1,23.4,2007-10-04 00:00:00,25.0,0.0,1007.0
EPAC,200714E,-113.4,22.6,2007-10-04 15:00:00,25.0,0.0,1008.0
EPAC,200714E,-113.0,22.4,2007-10-04 18:00:00,25.0,0.0,1008.0
EPAC,200714E,-112.5,22.1,2007-10-04 21:00:00,25.0,0.0,1008.0
EPAC,200714E,-112.0,21.9,2007-10-05 00:00:00,25.0,0.0,1008.0
EPAC,200715E,-108.7,15.0,2007-10-15 00:00:00,25.0,0.0,1005.0
EPAC,200715E,-108.9,14.8,2007-10-15 15:00:00,30.0,0.0,1003.0
EPAC,200715E,-108.9,14.7,2007-10-15 18:00:00,30.0,0.0,1003.0
EPAC,200715E,-108.9,14.6,2007-10-15 21:00:00,30.0,0.0,1003.0
EPAC,200715E,-108.9,14.5,2007-10-16 00:00:00,30.0,0.0,1002.0
EPAC,200715E,-108.2,14.1,2007-10-16 15:00:00,33.0,16.9,1001.0
EPAC,200715E,-108.0,14.0,2007-10-16 18:00:00,30.0,0.0,1001.0
EPAC,200715E,-107.8,14.0,2007-10-16 21:00:00,30.0,0.0,1001.0
EPAC,200715E,-106.0,14.4,2007-10-17 15:00:00,35.0,41.3,1000.0
EPAC,200715E,-105.6,14.5,2007-10-17 18:00:00,35.0,41.3,1000.0
EPAC,200715E,-105.3,14.6,2007-10-17 21:00:00,35.0,41.3,1000.0
EPAC,200715E,-104.9,14.7,2007-10-18 00:00:00,35.0,41.3,1000.0
EPAC,200715E,-103.8,16.3,2007-10-18 15:00:00,35.0,48.8,1000.0
EPAC,200715E,-104.1,16.6,2007-10-18 21:00:00,35.0,52.5,1000.0
EPAC,200715E,-104.3,16.6,2007-10-19 00:00:00,35.0,48.8,1000.0
EPAC,200715E,-105.2,17.1,2007-10-19 15:00:00,43.0,58.1,999.0
EPAC,200715E,-105.3,17.2,2007-10-19 18:00:00,45.0,63.8,998.0
EPAC,200715E,-105.5,17.3,2007-10-19 21:00:00,45.0,63.8,998.0
EPAC,200715E,-105.7,17.4,2007-10-20 00:00:00,45.0,63.8,997.0
EPAC,200715E,-106.6,18.0,2007-10-20 15:00:00,58.0,78.8,992.0
EPAC,200715E,-106.8,18.2,2007-10-20 18:00:00,60.0,78.8,991.0
EPAC,200715E,-106.9,18.4,2007-10-20 21:00:00,60.0,78.8,991.0
EPAC,200715E,-107.1,18.6,2007-10-21 00:00:00,60.0,78.8,991.0
EPAC,200715E,-107.4,19.3,2007-10-21 15:00:00,48.0,53.8,997.0
EPAC,200715E,-107.5,19.4,2007-10-21 18:00:00,45.0,53.8,998.0
EPAC,200715E,-107.7,19.4,2007-10-21 21:00:00,45.0,48.1,999.0
EPAC,200715E,-107.8,19.5,2007-10-22 00:00:00,45.0,42.5,1000.0
EPAC,200715E,-109.1,19.6,2007-10-22 15:00:00,38.0,40.0,1003.0
EPAC,200715E,-109.5,19.6,2007-10-22 18:00:00,35.0,37.5,1003.0
EPAC,200715E,-110.4,19.4,2007-10-23 00:00:00,30.0,0.0,1004.0
EPAC,200715E,-113.1,18.5,2007-10-23 15:00:00,30.0,0.0,1007.0
EPAC,200715E,-113.6,18.4,2007-10-23 18:00:00,30.0,0.0,1007.0
EPAC,200715E,-114.8,18.4,2007-10-24 00:00:00,25.0,0.0,1008.0
EPAC,200715E,-117.5,18.4,2007-10-24 15:00:00,25.0,0.0,1009.0
EPAC,200715E,-118.0,18.4,2007-10-24 18:00:00,25.0,0.0,1009.0
EPAC,200715E,-118.5,18.4,2007-10-24 21:00:00,23.0,0.0,1009.0
EPAC,200715E,-118.9,18.5,2007-10-25 00:00:00,20.0,0.0,1009.0
EPAC,200715E,-120.9,18.8,2007-10-25 15:00:00,20.0,0.0,1010.0
EPAC,200715E,-121.3,18.8,2007-10-25 18:00:00,20.0,0.0,1010.0
EPAC,200715E,-121.6,18.9,2007-10-25 21:00:00,20.0,0.0,1010.0
EPAC,200715E,-121.9,19.0,2007-10-26 00:00:00,20.0,0.0,1010.0
EPAC,200715E,-122.5,20.0,2007-10-26 15:00:00,20.0,0.0,1011.0
EPAC,200715E,-122.5,20.2,2007-10-26 18:00:00,20.0,0.0,1011.0
EPAC,200715E,-122.5,20.7,2007-10-27 00:00:00,20.0,0.0,1011.0
EPAC,200801E,-86.5,10.1,2008-05-29 00:00:00,30.0,0.0,1003.0
EPAC,200801E,-86.8,11.3,2008-05-29 12:00:00,45.0,67.5,1000.0
EPAC,200801E,-86.8,11.7,2008-05-29 15:00:00,50.0,67.5,997.0
EPAC,200801E,-86.9,12.0,2008-05-29 18:00:00,55.0,67.5,994.0
EPAC,200801E,-87.1,12.9,2008-05-30 00:00:00,45.0,45.0,998.0
EPAC,200801E,-88.0,15.0,2008-05-30 12:00:00,25.0,0.0,1006.0
EPAC,200802E,-109.1,12.8,2008-06-27 15:00:00,40.0,45.0,1003.0
EPAC,200802E,-110.5,13.5,2008-06-28 00:00:00,50.0,75.0,997.0
EPAC,200802E,-116.3,14.9,2008-06-29 15:00:00,53.0,77.5,996.0
EPAC,200802E,-117.9,14.8,2008-06-30 00:00:00,60.0,80.0,992.0
EPAC,200802E,-120.8,14.9,2008-06-30 15:00:00,60.0,77.5,992.0
EPAC,200802E,-121.4,14.8,2008-06-30 18:00:00,60.0,75.0,992.0
EPAC,200802E,-122.0,14.8,2008-06-30 21:00:00,63.0,71.3,991.0
EPAC,200802E,-122.5,14.7,2008-07-01 00:00:00,65.0,67.5,989.0
EPAC,200802E,-124.7,14.8,2008-07-01 15:00:00,63.0,78.8,990.0
EPAC,200802E,-125.0,14.9,2008-07-01 18:00:00,60.0,82.5,991.0
EPAC,200802E,-125.3,15.1,2008-07-01 21:00:00,63.0,80.6,990.0
EPAC,200802E,-125.6,15.3,2008-07-02 00:00:00,65.0,78.8,988.0
EPAC,200802E,-127.2,16.4,2008-07-02 15:00:00,60.0,63.8,990.0
EPAC,200802E,-127.4,16.6,2008-07-02 18:00:00,55.0,60.0,992.0
EPAC,200802E,-127.7,16.8,2008-07-02 21:00:00,53.0,60.0,994.0
EPAC,200802E,-127.9,16.9,2008-07-03 00:00:00,50.0,60.0,995.0
EPAC,200802E,-128.2,17.0,2008-07-03 03:00:00,50.0,60.0,995.0
EPAC,200802E,-129.3,17.3,2008-07-03 15:00:00,38.0,60.0,1001.0
EPAC,200802E,-129.6,17.3,2008-07-03 18:00:00,35.0,60.0,1002.0
EPAC,200802E,-129.9,17.3,2008-07-03 21:00:00,33.0,30.0,1003.0
EPAC,200802E,-130.2,17.2,2008-07-04 00:00:00,30.0,0.0,1003.0
EPAC,200802E,-130.5,17.1,2008-07-04 03:00:00,28.0,0.0,1004.0
EPAC,200802E,-131.9,16.9,2008-07-04 15:00:00,20.0,0.0,1007.0
EPAC,200802E,-132.4,16.8,2008-07-04 18:00:00,20.0,0.0,1007.0
EPAC,200802E,-132.8,16.6,2008-07-04 21:00:00,20.0,0.0,1007.0
EPAC,200802E,-133.2,16.5,2008-07-05 00:00:00,20.0,0.0,1007.0
EPAC,200802E,-135.6,16.0,2008-07-05 15:00:00,20.0,0.0,1007.0
EPAC,200802E,-136.2,16.0,2008-07-05 18:00:00,20.0,0.0,1007.0
EPAC,200802E,-136.7,15.9,2008-07-05 21:00:00,20.0,0.0,1007.0
EPAC,200802E,-137.2,15.9,2008-07-06 00:00:00,20.0,0.0,1007.0
EPAC,200802E,-137.6,15.9,2008-07-06 03:00:00,20.0,0.0,1008.0
EPAC,200803E,-122.7,13.9,2008-06-28 00:00:00,30.0,0.0,1006.0
EPAC,200803E,-127.5,14.4,2008-06-29 15:00:00,40.0,42.5,1002.0
EPAC,200803E,-128.8,14.3,2008-06-30 00:00:00,40.0,42.5,1002.0
EPAC,200803E,-131.7,14.1,2008-06-30 18:00:00,30.0,0.0,1007.0
EPAC,200803E,-132.7,14.1,2008-07-01 00:00:00,25.0,0.0,1008.0
EPAC,200803E,-133.2,14.1,2008-07-01 03:00:00,23.0,0.0,1009.0
EPAC,200803E,-134.9,14.1,2008-07-01 15:00:00,20.0,0.0,1009.0
EPAC,200803E,-135.3,14.0,2008-07-01 18:00:00,20.0,0.0,1009.0
EPAC,200803E,-135.7,13.9,2008-07-01 21:00:00,20.0,0.0,1009.0
EPAC,200803E,-136.0,13.8,2008-07-02 00:00:00,20.0,0.0,1009.0
EPAC,200803E,-137.0,12.9,2008-07-02 15:00:00,20.0,0.0,1009.0
EPAC,200803E,-137.1,12.8,2008-07-02 18:00:00,20.0,0.0,1009.0
EPAC,200803E,-137.1,12.7,2008-07-02 21:00:00,20.0,0.0,1009.0
EPAC,200803E,-137.2,12.5,2008-07-03 00:00:00,20.0,0.0,1009.0
EPAC,200804E,-106.2,15.4,2008-07-01 18:00:00,25.0,0.0,1007.0
EPAC,200804E,-106.4,15.7,2008-07-01 21:00:00,28.0,0.0,1007.0
EPAC,200804E,-106.6,16.0,2008-07-02 00:00:00,30.0,0.0,1006.0
EPAC,200804E,-107.9,17.7,2008-07-02 15:00:00,35.0,41.3,1004.0
EPAC,200804E,-108.2,18.0,2008-07-02 18:00:00,35.0,41.3,1004.0
EPAC,200804E,-108.4,18.4,2008-07-02 21:00:00,35.0,48.8,1004.0
EPAC,200804E,-108.6,18.7,2008-07-03 00:00:00,35.0,56.3,1004.0
EPAC,200804E,-109.8,20.2,2008-07-03 15:00:00,33.0,18.8,1005.0
EPAC,200804E,-110.3,20.5,2008-07-03 18:00:00,30.0,0.0,1005.0
EPAC,200804E,-110.6,20.7,2008-07-03 21:00:00,30.0,0.0,1005.0
EPAC,200804E,-110.9,20.9,2008-07-04 00:00:00,30.0,0.0,1005.0
EPAC,200804E,-112.4,20.2,2008-07-04 15:00:00,20.0,0.0,1007.0
EPAC,200804E,-112.8,20.1,2008-07-04 18:00:00,20.0,0.0,1007.0
EPAC,200804E,-113.0,20.1,2008-07-04 21:00:00,20.0,0.0,1007.0
EPAC,200804E,-113.2,20.1,2008-07-05 00:00:00,20.0,0.0,1007.0
EPAC,200804E,-113.7,20.2,2008-07-05 15:00:00,20.0,0.0,1007.0
EPAC,200804E,-113.8,20.2,2008-07-05 18:00:00,20.0,0.0,1007.0
EPAC,200804E,-114.1,20.2,2008-07-05 21:00:00,20.0,0.0,1007.0
EPAC,200804E,-114.3,20.2,2008-07-06 00:00:00,20.0,0.0,1007.0
EPAC,200805E,-99.8,14.1,2008-07-05 18:00:00,25.0,0.0,1006.0
EPAC,200805E,-100.3,14.4,2008-07-05 21:00:00,25.0,0.0,1006.0
EPAC,200805E,-100.8,14.8,2008-07-06 00:00:00,25.0,0.0,1006.0
EPAC,200805E,-102.1,16.5,2008-07-06 15:00:00,30.0,0.0,1005.0
EPAC,200805E,-102.1,16.8,2008-07-06 18:00:00,30.0,0.0,1005.0
EPAC,200805E,-102.2,17.1,2008-07-06 21:00:00,30.0,0.0,1005.0
EPAC,200805E,-102.3,17.5,2008-07-07 00:00:00,30.0,0.0,1005.0
EPAC,200806E,-93.9,11.1,2008-07-11 18:00:00,30.0,0.0,1007.0
EPAC,200806E,-94.6,11.4,2008-07-11 21:00:00,30.0,0.0,1007.0
EPAC,200806E,-95.2,11.7,2008-07-12 00:00:00,30.0,0.0,1006.0
EPAC,200806E,-98.8,13.2,2008-07-12 15:00:00,45.0,31.3,1001.0
EPAC,200806E,-99.6,13.5,2008-07-12 18:00:00,45.0,32.5,1000.0
EPAC,200806E,-100.3,13.8,2008-07-12 21:00:00,48.0,35.0,999.0
EPAC,200806E,-101.0,14.1,2008-07-13 00:00:00,50.0,37.5,997.0
EPAC,200806E,-104.3,15.2,2008-07-13 15:00:00,55.0,38.8,994.0
EPAC,200806E,-104.9,15.3,2008-07-13 18:00:00,55.0,40.0,994.0
EPAC,200806E,-105.6,15.4,2008-07-13 21:00:00,55.0,41.3,994.0
EPAC,200806E,-106.2,15.5,2008-07-14 00:00:00,55.0,42.5,994.0
EPAC,200806E,-108.8,15.8,2008-07-14 15:00:00,70.0,63.8,984.0
EPAC,200806E,-109.2,15.8,2008-07-14 18:00:00,75.0,63.8,981.0
EPAC,200806E,-109.5,15.9,2008-07-14 21:00:00,75.0,63.8,981.0
EPAC,200806E,-109.8,16.0,2008-07-15 00:00:00,75.0,63.8,981.0
EPAC,200806E,-112.2,16.3,2008-07-15 15:00:00,68.0,65.0,985.0
EPAC,200806E,-112.7,16.3,2008-07-15 18:00:00,65.0,68.8,985.0
EPAC,200806E,-113.2,16.3,2008-07-15 21:00:00,65.0,73.8,986.0
EPAC,200806E,-113.7,16.3,2008-07-16 00:00:00,65.0,78.8,986.0
EPAC,200806E,-116.6,16.8,2008-07-16 15:00:00,83.0,73.1,976.0
EPAC,200806E,-117.2,16.9,2008-07-16 18:00:00,90.0,67.5,970.0
EPAC,200806E,-117.8,17.0,2008-07-16 21:00:00,90.0,67.5,970.0
EPAC,200806E,-118.4,17.2,2008-07-17 00:00:00,90.0,67.5,970.0
EPAC,200806E,-122.0,17.1,2008-07-17 15:00:00,75.0,60.6,980.0
EPAC,200806E,-122.7,17.2,2008-07-17 18:00:00,70.0,56.3,982.0
EPAC,200806E,-123.3,17.3,2008-07-17 21:00:00,68.0,53.8,985.0
EPAC,200806E,-124.0,17.4,2008-07-18 00:00:00,65.0,51.3,987.0
EPAC,200806E,-127.4,17.9,2008-07-18 15:00:00,45.0,33.8,998.0
EPAC,200806E,-128.1,18.0,2008-07-18 18:00:00,40.0,25.0,1000.0
EPAC,200806E,-128.7,18.1,2008-07-18 21:00:00,38.0,23.1,1002.0
EPAC,200806E,-129.3,18.2,2008-07-19 00:00:00,35.0,21.3,1003.0
EPAC,200806E,-129.9,18.1,2008-07-19 03:00:00,33.0,10.6,1004.0
EPAC,200806E,-132.2,17.6,2008-07-19 15:00:00,30.0,0.0,1006.0
EPAC,200806E,-132.8,17.5,2008-07-19 18:00:00,30.0,0.0,1006.0
EPAC,200806E,-133.4,17.4,2008-07-19 21:00:00,30.0,0.0,1007.0
EPAC,200806E,-134.1,17.3,2008-07-20 00:00:00,30.0,0.0,1007.0
EPAC,200806E,-134.8,17.3,2008-07-20 03:00:00,28.0,0.0,1008.0
EPAC,200806E,-137.8,17.1,2008-07-20 15:00:00,25.0,0.0,1009.0
EPAC,200806E,-138.6,17.0,2008-07-20 18:00:00,25.0,0.0,1009.0
EPAC,200806E,-139.3,16.9,2008-07-20 21:00:00,25.0,0.0,1009.0
EPAC,200806E,-140.0,16.9,2008-07-21 00:00:00,25.0,0.0,1009.0
EPAC,200806E,-140.8,16.8,2008-07-21 03:00:00,25.0,0.0,1009.0
EPAC,200806E,-144.1,16.4,2008-07-21 15:00:00,25.0,0.0,1010.0
EPAC,200807E,-97.9,11.2,2008-07-16 15:00:00,35.0,23.8,1005.0
EPAC,200807E,-100.0,11.4,2008-07-16 21:00:00,38.0,46.3,1004.0
EPAC,200807E,-101.0,11.5,2008-07-17 00:00:00,40.0,52.5,1002.0
EPAC,200807E,-103.8,12.3,2008-07-17 15:00:00,53.0,61.9,998.0
EPAC,200807E,-104.4,12.5,2008-07-17 18:00:00,55.0,67.5,998.0
EPAC,200807E,-104.9,12.7,2008-07-17 21:00:00,58.0,70.0,996.0
EPAC,200807E,-105.4,12.9,2008-07-18 00:00:00,60.0,72.5,994.0
EPAC,200807E,-107.6,13.7,2008-07-18 15:00:00,65.0,95.0,987.0
EPAC,200807E,-108.0,13.9,2008-07-18 18:00:00,65.0,95.0,987.0
EPAC,200807E,-108.3,14.1,2008-07-18 21:00:00,68.0,95.0,986.0
EPAC,200807E,-108.6,14.2,2008-07-19 00:00:00,70.0,95.0,985.0
EPAC,200807E,-109.8,15.2,2008-07-19 15:00:00,75.0,103.1,980.0
EPAC,200807E,-110.3,15.7,2008-07-19 21:00:00,75.0,93.1,980.0
EPAC,200807E,-110.6,16.0,2008-07-20 00:00:00,75.0,90.0,980.0
EPAC,200807E,-112.6,17.9,2008-07-20 15:00:00,80.0,93.8,977.0
EPAC,200807E,-113.0,18.3,2008-07-20 18:00:00,80.0,93.8,977.0
EPAC,200807E,-113.5,18.6,2008-07-20 21:00:00,80.0,93.8,977.0
EPAC,200807E,-114.0,18.9,2008-07-21 00:00:00,80.0,93.8,977.0
EPAC,200807E,-116.7,20.1,2008-07-21 15:00:00,65.0,80.0,987.0
EPAC,200807E,-117.2,20.3,2008-07-21 18:00:00,60.0,75.0,990.0
EPAC,200807E,-117.7,20.4,2008-07-21 21:00:00,58.0,75.0,992.0
EPAC,200807E,-118.1,20.5,2008-07-22 00:00:00,55.0,75.0,994.0
EPAC,200807E,-120.5,21.5,2008-07-22 15:00:00,35.0,15.0,1005.0
EPAC,200807E,-121.5,21.9,2008-07-22 21:00:00,30.0,0.0,1008.0
EPAC,200807E,-121.9,22.1,2008-07-23 00:00:00,30.0,0.0,1008.0
EPAC,200807E,-124.2,23.4,2008-07-23 15:00:00,25.0,0.0,1009.0
EPAC,200807E,-124.6,23.8,2008-07-23 18:00:00,25.0,0.0,1009.0
EPAC,200807E,-125.7,24.0,2008-07-24 00:00:00,25.0,0.0,1010.0
EPAC,200808E,-101.1,13.6,2008-07-21 15:00:00,33.0,18.8,1005.0
EPAC,200808E,-101.9,13.8,2008-07-21 18:00:00,35.0,37.5,1004.0
EPAC,200808E,-102.7,14.0,2008-07-21 21:00:00,35.0,43.1,1004.0
EPAC,200808E,-103.4,14.2,2008-07-22 00:00:00,35.0,48.8,1004.0
EPAC,200808E,-106.2,14.4,2008-07-22 15:00:00,50.0,60.0,997.0
EPAC,200808E,-106.7,14.4,2008-07-22 18:00:00,50.0,63.8,996.0
EPAC,200808E,-107.1,14.6,2008-07-22 21:00:00,53.0,63.8,995.0
EPAC,200808E,-107.5,14.7,2008-07-23 00:00:00,55.0,63.8,994.0
EPAC,200808E,-109.3,15.0,2008-07-23 15:00:00,53.0,61.9,995.0
EPAC,200808E,-109.8,15.0,2008-07-23 18:00:00,50.0,60.0,996.0
EPAC,200808E,-110.6,15.1,2008-07-24 00:00:00,50.0,60.0,998.0
EPAC,200808E,-112.5,15.4,2008-07-24 15:00:00,45.0,45.0,1000.0
EPAC,200808E,-113.4,15.8,2008-07-25 00:00:00,50.0,45.0,997.0
EPAC,200808E,-115.8,16.4,2008-07-25 15:00:00,65.0,54.4,987.0
EPAC,200808E,-117.0,16.6,2008-07-25 21:00:00,65.0,48.8,987.0
EPAC,200808E,-117.6,16.8,2008-07-26 00:00:00,65.0,48.8,987.0
EPAC,200808E,-120.3,17.0,2008-07-26 15:00:00,48.0,35.6,999.0
EPAC,200808E,-120.9,17.0,2008-07-26 18:00:00,45.0,30.0,1000.0
EPAC,200808E,-121.5,16.9,2008-07-26 21:00:00,40.0,18.8,1000.0
EPAC,200808E,-122.0,16.9,2008-07-27 00:00:00,35.0,7.5,1000.0
EPAC,200808E,-124.8,16.9,2008-07-27 15:00:00,25.0,0.0,1007.0
EPAC,200808E,-125.3,16.9,2008-07-27 18:00:00,25.0,0.0,1008.0
EPAC,200808E,-125.7,16.9,2008-07-27 21:00:00,25.0,0.0,1009.0
EPAC,200808E,-126.0,17.0,2008-07-28 00:00:00,25.0,0.0,1009.0
EPAC,200808E,-128.5,17.0,2008-07-28 15:00:00,25.0,0.0,1010.0
EPAC,200808E,-129.0,17.0,2008-07-28 18:00:00,25.0,0.0,1010.0
EPAC,200808E,-129.5,17.1,2008-07-28 21:00:00,25.0,0.0,1011.0
EPAC,200808E,-130.0,17.3,2008-07-29 00:00:00,25.0,0.0,1011.0
EPAC,200808E,-130.5,17.6,2008-07-29 03:00:00,23.0,0.0,1012.0
EPAC,200808E,-132.5,18.0,2008-07-29 15:00:00,20.0,0.0,1013.0
EPAC,200808E,-133.0,18.0,2008-07-29 18:00:00,20.0,0.0,1013.0
EPAC,200808E,-133.6,17.9,2008-07-29 21:00:00,20.0,0.0,1014.0
EPAC,200808E,-134.1,17.8,2008-07-30 00:00:00,20.0,0.0,1014.0
EPAC,200808E,-134.6,17.6,2008-07-30 03:00:00,20.0,0.0,1014.0
EPAC,200808E,-137.1,16.9,2008-07-30 15:00:00,20.0,0.0,1014.0
EPAC,200808E,-137.7,16.7,2008-07-30 18:00:00,20.0,0.0,1014.0
EPAC,200808E,-138.3,16.5,2008-07-30 21:00:00,20.0,0.0,1014.0
EPAC,200808E,-138.9,16.4,2008-07-31 00:00:00,20.0,0.0,1014.0
EPAC,200809E,-110.5,12.6,2008-08-06 15:00:00,28.0,0.0,1006.0
EPAC,200809E,-111.0,12.9,2008-08-06 18:00:00,30.0,0.0,1006.0
EPAC,200809E,-111.6,13.3,2008-08-06 21:00:00,33.0,11.3,1006.0
EPAC,200809E,-112.1,13.6,2008-08-07 00:00:00,35.0,22.5,1005.0
EPAC,200809E,-116.0,14.5,2008-08-07 18:00:00,55.0,60.0,994.0
EPAC,200809E,-116.6,14.5,2008-08-07 21:00:00,55.0,60.0,994.0
EPAC,200809E,-117.2,14.5,2008-08-08 00:00:00,55.0,60.0,994.0
EPAC,200809E,-119.9,14.6,2008-08-08 15:00:00,70.0,84.4,985.0
EPAC,200809E,-120.4,14.7,2008-08-08 18:00:00,75.0,86.3,983.0
EPAC,200809E,-120.8,14.8,2008-08-08 21:00:00,78.0,86.3,980.0
EPAC,200809E,-121.3,14.9,2008-08-09 00:00:00,80.0,86.3,977.0
EPAC,200809E,-123.2,15.8,2008-08-09 15:00:00,105.0,95.0,956.0
EPAC,200809E,-123.6,16.0,2008-08-09 18:00:00,105.0,97.5,956.0
EPAC,200809E,-124.0,16.3,2008-08-09 21:00:00,103.0,97.5,959.0
EPAC,200809E,-124.4,16.5,2008-08-10 00:00:00,100.0,97.5,961.0
EPAC,200809E,-126.7,17.8,2008-08-10 15:00:00,78.0,96.3,977.0
EPAC,200809E,-127.1,18.0,2008-08-10 18:00:00,75.0,95.0,979.0
EPAC,200809E,-127.6,18.2,2008-08-10 21:00:00,75.0,95.0,980.0
EPAC,200809E,-130.1,18.8,2008-08-11 15:00:00,68.0,80.6,986.0
EPAC,200809E,-130.5,18.8,2008-08-11 18:00:00,65.0,78.8,987.0
EPAC,200809E,-130.9,18.8,2008-08-11 21:00:00,60.0,75.0,990.0
EPAC,200809E,-131.3,18.8,2008-08-12 00:00:00,55.0,71.3,992.0
EPAC,200809E,-131.7,18.8,2008-08-12 03:00:00,53.0,67.5,995.0
EPAC,200809E,-133.3,18.6,2008-08-12 15:00:00,43.0,56.3,1001.0
EPAC,200809E,-133.7,18.5,2008-08-12 18:00:00,40.0,52.5,1002.0
EPAC,200809E,-134.1,18.4,2008-08-12 21:00:00,38.0,35.6,1003.0
EPAC,200809E,-134.5,18.3,2008-08-13 00:00:00,35.0,18.8,1004.0
EPAC,200809E,-136.5,17.8,2008-08-13 15:00:00,28.0,0.0,1008.0
EPAC,200809E,-136.9,17.6,2008-08-13 18:00:00,25.0,0.0,1008.0
EPAC,200809E,-137.3,17.5,2008-08-13 21:00:00,25.0,0.0,1008.0
EPAC,200809E,-137.7,17.3,2008-08-14 00:00:00,25.0,0.0,1008.0
EPAC,200809E,-138.1,17.1,2008-08-14 03:00:00,25.0,0.0,1008.0
EPAC,200809E,-140.1,16.5,2008-08-14 15:00:00,25.0,0.0,1008.0
EPAC,200809E,-140.6,16.3,2008-08-14 18:00:00,25.0,0.0,1008.0
EPAC,200809E,-141.1,16.1,2008-08-14 21:00:00,25.0,0.0,1008.0
EPAC,200809E,-141.7,15.9,2008-08-15 00:00:00,25.0,0.0,1008.0
EPAC,200810E,-105.9,16.5,2008-08-13 15:00:00,33.0,15.0,1004.0
EPAC,200810E,-106.4,16.7,2008-08-13 18:00:00,35.0,30.0,1003.0
EPAC,200810E,-106.8,16.9,2008-08-13 21:00:00,38.0,30.0,1003.0
EPAC,200810E,-107.3,17.1,2008-08-14 00:00:00,40.0,30.0,1002.0
EPAC,200810E,-109.5,17.6,2008-08-14 15:00:00,43.0,37.5,1001.0
EPAC,200810E,-109.9,17.6,2008-08-14 18:00:00,40.0,37.5,1002.0
EPAC,200810E,-110.6,17.6,2008-08-15 00:00:00,40.0,37.5,1002.0
EPAC,200810E,-111.2,17.9,2008-08-15 15:00:00,38.0,21.3,1003.0
EPAC,200810E,-111.3,17.9,2008-08-15 18:00:00,35.0,10.0,1004.0
EPAC,200810E,-111.3,18.0,2008-08-15 21:00:00,33.0,5.0,1005.0
EPAC,200810E,-111.4,18.1,2008-08-16 00:00:00,30.0,0.0,1006.0
EPAC,200810E,-112.2,18.4,2008-08-16 15:00:00,30.0,0.0,1006.0
EPAC,200810E,-112.4,18.4,2008-08-16 18:00:00,30.0,0.0,1006.0
EPAC,200810E,-112.5,18.4,2008-08-16 21:00:00,28.0,0.0,1007.0
EPAC,200810E,-112.6,18.5,2008-08-17 00:00:00,25.0,0.0,1007.0
EPAC,200810E,-113.9,18.8,2008-08-17 15:00:00,25.0,0.0,1008.0
EPAC,200810E,-114.3,18.8,2008-08-17 18:00:00,25.0,0.0,1008.0
EPAC,200810E,-114.6,18.8,2008-08-17 21:00:00,25.0,0.0,1008.0
EPAC,200810E,-114.9,18.8,2008-08-18 00:00:00,25.0,0.0,1008.0
EPAC,200810E,-116.8,19.0,2008-08-18 15:00:00,25.0,0.0,1009.0
EPAC,200810E,-117.1,19.0,2008-08-18 18:00:00,25.0,0.0,1009.0
EPAC,200810E,-117.4,18.9,2008-08-18 21:00:00,25.0,0.0,1009.0
EPAC,200810E,-117.8,18.8,2008-08-19 00:00:00,25.0,0.0,1009.0
EPAC,200810E,-119.5,18.0,2008-08-19 15:00:00,25.0,0.0,1009.0
EPAC,200810E,-119.7,17.8,2008-08-19 18:00:00,25.0,0.0,1009.0
EPAC,200810E,-119.9,17.6,2008-08-19 21:00:00,25.0,0.0,1009.0
EPAC,200810E,-120.1,17.3,2008-08-20 00:00:00,25.0,0.0,1009.0
EPAC,200810E,-121.9,14.9,2008-08-21 00:00:00,25.0,0.0,1009.0
EPAC,200810E,-123.3,13.9,2008-08-21 15:00:00,23.0,0.0,1010.0
EPAC,200810E,-123.7,13.8,2008-08-21 18:00:00,20.0,0.0,1010.0
EPAC,200810E,-124.0,13.7,2008-08-21 21:00:00,20.0,0.0,1010.0
EPAC,200810E,-124.2,13.6,2008-08-22 00:00:00,20.0,0.0,1010.0
EPAC,200810E,-125.4,13.3,2008-08-22 15:00:00,25.0,0.0,1009.0
EPAC,200810E,-125.6,13.3,2008-08-22 18:00:00,25.0,0.0,1009.0
EPAC,200810E,-125.7,13.4,2008-08-22 21:00:00,25.0,0.0,1009.0
EPAC,200810E,-125.8,13.5,2008-08-23 00:00:00,25.0,0.0,1009.0
EPAC,200811E,-107.8,18.6,2008-08-23 15:00:00,33.0,7.5,1006.0
EPAC,200811E,-108.1,19.1,2008-08-23 18:00:00,35.0,15.0,1005.0
EPAC,200811E,-108.3,19.6,2008-08-23 21:00:00,38.0,41.3,1004.0
EPAC,200811E,-108.6,20.0,2008-08-24 00:00:00,40.0,67.5,1002.0
EPAC,200811E,-110.0,22.4,2008-08-24 15:00:00,45.0,46.3,999.0
EPAC,200811E,-110.2,22.9,2008-08-24 18:00:00,45.0,32.5,998.0
EPAC,200811E,-110.6,23.4,2008-08-24 21:00:00,43.0,31.3,999.0
EPAC,200811E,-110.9,23.9,2008-08-25 00:00:00,40.0,30.0,999.0
EPAC,200811E,-112.2,26.7,2008-08-25 15:00:00,35.0,23.8,1001.0
EPAC,200811E,-112.3,27.1,2008-08-25 18:00:00,35.0,22.5,1001.0
EPAC,200811E,-112.3,27.4,2008-08-25 21:00:00,33.0,11.3,1001.0
EPAC,200811E,-112.4,27.6,2008-08-26 00:00:00,30.0,0.0,1001.0
EPAC,200811E,-112.2,28.3,2008-08-26 15:00:00,25.0,0.0,1005.0
EPAC,200811E,-111.9,28.3,2008-08-27 00:00:00,25.0,0.0,1005.0
EPAC,200812E,-111.4,19.4,2008-09-02 15:00:00,35.0,22.5,1000.0
EPAC,200812E,-111.8,19.5,2008-09-02 18:00:00,35.0,15.0,1000.0
EPAC,200812E,-112.2,19.7,2008-09-02 21:00:00,33.0,7.5,1000.0
EPAC,200812E,-112.6,19.9,2008-09-03 00:00:00,30.0,0.0,1000.0
EPAC,200812E,-113.9,20.3,2008-09-03 15:00:00,25.0,0.0,1006.0
EPAC,200812E,-114.0,20.3,2008-09-03 18:00:00,25.0,0.0,1006.0
EPAC,200813E,-104.8,15.1,2008-09-06 15:00:00,28.0,0.0,1004.0
EPAC,200813E,-105.6,15.4,2008-09-06 21:00:00,33.0,16.9,1003.0
EPAC,200813E,-106.0,15.7,2008-09-07 00:00:00,35.0,33.8,1002.0
EPAC,200813E,-108.0,17.1,2008-09-07 15:00:00,45.0,73.8,998.0
EPAC,200813E,-108.4,17.4,2008-09-07 18:00:00,45.0,73.8,998.0
EPAC,200813E,-108.8,17.6,2008-09-07 21:00:00,45.0,75.6,998.0
EPAC,200813E,-109.2,17.8,2008-09-08 00:00:00,45.0,77.5,998.0
EPAC,200813E,-110.9,19.1,2008-09-08 15:00:00,40.0,75.0,1000.0
EPAC,200813E,-111.3,19.3,2008-09-08 18:00:00,40.0,75.0,1000.0
EPAC,200813E,-113.1,20.5,2008-09-09 15:00:00,40.0,58.1,1000.0
EPAC,200813E,-113.1,20.7,2008-09-09 18:00:00,40.0,56.3,1000.0
EPAC,200813E,-113.1,20.9,2008-09-09 21:00:00,38.0,56.3,1001.0
EPAC,200813E,-113.1,21.1,2008-09-10 00:00:00,35.0,56.3,1002.0
EPAC,200813E,-112.3,22.2,2008-09-10 15:00:00,30.0,0.0,1002.0
EPAC,200813E,-111.4,22.7,2008-09-11 00:00:00,30.0,0.0,1002.0
EPAC,200814E,-116.8,17.3,2008-10-01 15:00:00,45.0,26.3,1000.0
EPAC,200814E,-117.5,17.6,2008-10-01 18:00:00,45.0,30.0,1000.0
EPAC,200814E,-118.1,17.7,2008-10-01 21:00:00,45.0,30.0,1000.0
EPAC,200814E,-118.6,17.8,2008-10-02 00:00:00,45.0,30.0,1000.0
EPAC,200814E,-120.3,17.9,2008-10-02 15:00:00,45.0,45.0,1000.0
EPAC,200814E,-120.6,17.8,2008-10-02 18:00:00,45.0,45.0,1000.0
EPAC,200814E,-120.8,17.8,2008-10-02 21:00:00,45.0,45.0,1000.0
EPAC,200814E,-121.1,17.7,2008-10-03 00:00:00,45.0,45.0,1000.0
EPAC,200814E,-122.0,17.6,2008-10-03 15:00:00,63.0,58.1,989.0
EPAC,200814E,-122.1,17.6,2008-10-03 18:00:00,65.0,63.8,987.0
EPAC,200814E,-122.2,17.6,2008-10-03 21:00:00,68.0,63.8,986.0
EPAC,200814E,-122.2,17.7,2008-10-04 00:00:00,70.0,63.8,984.0
EPAC,200814E,-122.1,18.2,2008-10-04 15:00:00,60.0,63.8,990.0
EPAC,200814E,-122.1,18.4,2008-10-04 21:00:00,50.0,63.8,996.0
EPAC,200814E,-122.1,18.5,2008-10-05 00:00:00,45.0,63.8,1000.0
EPAC,200814E,-122.3,18.8,2008-10-05 15:00:00,38.0,58.8,1003.0
EPAC,200814E,-122.7,18.7,2008-10-05 21:00:00,35.0,40.6,1004.0
EPAC,200814E,-122.8,18.7,2008-10-06 00:00:00,35.0,23.8,1004.0
EPAC,200814E,-123.4,18.8,2008-10-06 15:00:00,28.0,0.0,1007.0
EPAC,200814E,-123.6,18.9,2008-10-06 18:00:00,25.0,0.0,1007.0
EPAC,200814E,-123.8,18.9,2008-10-06 21:00:00,25.0,0.0,1007.0
EPAC,200814E,-124.1,18.8,2008-10-07 00:00:00,25.0,0.0,1007.0
EPAC,200814E,-125.3,17.9,2008-10-07 15:00:00,25.0,0.0,1008.0
EPAC,200814E,-125.7,17.6,2008-10-07 21:00:00,25.0,0.0,1009.0
EPAC,200814E,-125.8,17.5,2008-10-08 00:00:00,25.0,0.0,1009.0
EPAC,200814E,-126.9,17.0,2008-10-08 15:00:00,25.0,0.0,1009.0
EPAC,200814E,-127.3,16.6,2008-10-09 00:00:00,25.0,0.0,1009.0
EPAC,200814E,-127.4,15.8,2008-10-09 15:00:00,25.0,0.0,1009.0
EPAC,200814E,-127.2,15.4,2008-10-09 21:00:00,25.0,0.0,1009.0
EPAC,200814E,-127.0,15.2,2008-10-10 00:00:00,25.0,0.0,1009.0
EPAC,200814E,-125.7,13.9,2008-10-10 15:00:00,25.0,0.0,1009.0
EPAC,200814E,-125.4,13.7,2008-10-10 18:00:00,25.0,0.0,1009.0
EPAC,200814E,-125.2,13.4,2008-10-10 21:00:00,25.0,0.0,1009.0
EPAC,200814E,-124.9,13.1,2008-10-11 00:00:00,25.0,0.0,1009.0
EPAC,200814E,-123.8,12.1,2008-10-11 15:00:00,23.0,0.0,1010.0
EPAC,200814E,-123.5,12.0,2008-10-11 18:00:00,20.0,0.0,1010.0
EPAC,200814E,-123.3,12.0,2008-10-11 21:00:00,20.0,0.0,1010.0
EPAC,200814E,-123.0,12.0,2008-10-12 00:00:00,20.0,0.0,1010.0
EPAC,200814E,-122.6,11.6,2008-10-12 15:00:00,20.0,0.0,1010.0
EPAC,200814E,-122.7,11.6,2008-10-12 18:00:00,20.0,0.0,1010.0
EPAC,200814E,-122.8,11.6,2008-10-12 21:00:00,20.0,0.0,1010.0
EPAC,200814E,-123.0,11.7,2008-10-13 00:00:00,20.0,0.0,1010.0
EPAC,200814E,-123.6,11.8,2008-10-13 15:00:00,15.0,0.0,1011.0
EPAC,200814E,-124.0,11.7,2008-10-14 00:00:00,20.0,0.0,1010.0
EPAC,200814E,-124.3,11.5,2008-10-14 15:00:00,20.0,0.0,1010.0
EPAC,200814E,-124.5,11.5,2008-10-14 18:00:00,20.0,0.0,1010.0
EPAC,200814E,-124.8,11.5,2008-10-15 00:00:00,20.0,0.0,1010.0
EPAC,200814E,-125.7,11.1,2008-10-15 15:00:00,20.0,0.0,1010.0
EPAC,200814E,-126.3,11.0,2008-10-15 21:00:00,23.0,0.0,1010.0
EPAC,200814E,-126.6,11.0,2008-10-16 00:00:00,25.0,0.0,1009.0
EPAC,200814E,-128.1,10.9,2008-10-16 15:00:00,25.0,0.0,1009.0
EPAC,200814E,-128.8,10.9,2008-10-16 21:00:00,25.0,0.0,1009.0
EPAC,200814E,-129.2,10.9,2008-10-17 00:00:00,25.0,0.0,1009.0
EPAC,200814E,-131.4,11.2,2008-10-17 15:00:00,25.0,0.0,1009.0
EPAC,200814E,-131.9,11.2,2008-10-17 18:00:00,25.0,0.0,1009.0
EPAC,200814E,-132.4,11.1,2008-10-17 21:00:00,25.0,0.0,1009.0
EPAC,200814E,-132.9,11.0,2008-10-18 00:00:00,25.0,0.0,1009.0
EPAC,200814E,-135.4,10.8,2008-10-18 15:00:00,25.0,0.0,1009.0
EPAC,200814E,-137.0,10.6,2008-10-19 00:00:00,25.0,0.0,1009.0
EPAC,200815E,-99.1,13.5,2008-10-04 00:00:00,30.0,0.0,1006.0
EPAC,200815E,-100.6,14.1,2008-10-05 00:00:00,35.0,30.0,1005.0
EPAC,200815E,-102.1,13.9,2008-10-05 15:00:00,50.0,52.5,1000.0
EPAC,200815E,-102.7,13.9,2008-10-05 21:00:00,50.0,54.4,1000.0
EPAC,200815E,-103.0,13.9,2008-10-06 00:00:00,50.0,52.5,1000.0
EPAC,200815E,-104.6,14.3,2008-10-06 15:00:00,58.0,63.1,992.0
EPAC,200815E,-104.9,14.4,2008-10-06 18:00:00,60.0,58.8,990.0
EPAC,200815E,-105.2,14.5,2008-10-06 21:00:00,60.0,56.9,989.0
EPAC,200815E,-105.4,14.6,2008-10-07 00:00:00,60.0,55.0,988.0
EPAC,200815E,-108.2,15.4,2008-10-07 21:00:00,83.0,82.5,975.0
EPAC,200815E,-108.6,15.5,2008-10-08 00:00:00,90.0,82.5,970.0
EPAC,200815E,-110.6,16.3,2008-10-08 15:00:00,113.0,113.1,949.0
EPAC,200815E,-111.6,16.8,2008-10-09 00:00:00,110.0,101.3,948.0
EPAC,200815E,-112.7,17.8,2008-10-09 15:00:00,78.0,108.8,967.0
EPAC,200815E,-112.9,18.3,2008-10-09 21:00:00,70.0,110.0,973.0
EPAC,200815E,-113.1,18.6,2008-10-10 00:00:00,70.0,110.0,973.0
EPAC,200815E,-113.5,20.4,2008-10-10 15:00:00,78.0,102.5,969.0
EPAC,200815E,-113.5,20.9,2008-10-10 18:00:00,80.0,102.5,968.0
EPAC,200815E,-113.3,21.4,2008-10-10 21:00:00,85.0,102.5,964.0
EPAC,200815E,-113.2,21.8,2008-10-11 00:00:00,90.0,102.5,960.0
EPAC,200815E,-111.8,24.1,2008-10-11 15:00:00,93.0,104.4,956.0
EPAC,200815E,-111.4,24.6,2008-10-11 18:00:00,90.0,108.8,957.0
EPAC,200815E,-110.8,25.2,2008-10-11 21:00:00,85.0,108.8,959.0
EPAC,200815E,-110.2,25.8,2008-10-12 00:00:00,80.0,108.8,961.0
EPAC,200816E,-89.4,11.7,2008-10-08 12:00:00,25.0,0.0,1006.0
EPAC,200816E,-90.0,11.8,2008-10-08 15:00:00,28.0,0.0,1006.0
EPAC,200816E,-94.3,12.9,2008-10-09 15:00:00,45.0,36.9,1000.0
EPAC,200816E,-95.1,13.3,2008-10-09 21:00:00,45.0,40.0,1000.0
EPAC,200816E,-95.4,13.5,2008-10-10 00:00:00,45.0,41.3,1000.0
EPAC,200816E,-97.4,14.6,2008-10-10 15:00:00,50.0,45.0,997.0
EPAC,200816E,-97.9,15.0,2008-10-10 18:00:00,50.0,45.0,997.0
EPAC,200816E,-98.4,15.4,2008-10-10 21:00:00,50.0,45.0,997.0
EPAC,200816E,-98.9,15.7,2008-10-11 00:00:00,50.0,45.0,997.0
EPAC,200816E,-101.8,17.1,2008-10-11 15:00:00,48.0,40.6,1001.0
EPAC,200816E,-102.3,17.4,2008-10-11 18:00:00,45.0,36.3,1004.0
EPAC,200816E,-102.9,17.6,2008-10-11 21:00:00,40.0,25.6,1005.0
EPAC,200816E,-103.5,17.8,2008-10-12 00:00:00,35.0,15.0,1005.0
EPAC,200816E,-104.4,18.5,2008-10-12 15:00:00,25.0,0.0,1007.0
EPAC,200816E,-104.5,18.6,2008-10-12 18:00:00,25.0,0.0,1007.0
EPAC,200816E,-104.6,18.5,2008-10-12 21:00:00,25.0,0.0,1007.0
EPAC,200816E,-104.6,18.4,2008-10-13 00:00:00,25.0,0.0,1007.0
EPAC,200817E,-105.0,13.4,2008-10-23 15:00:00,30.0,0.0,1008.0
EPAC,200817E,-105.2,14.1,2008-10-23 21:00:00,30.0,0.0,1008.0
EPAC,200817E,-105.4,14.4,2008-10-24 00:00:00,30.0,0.0,1008.0
EPAC,200817E,-106.7,15.5,2008-10-24 15:00:00,28.0,0.0,1008.0
EPAC,200817E,-106.9,15.7,2008-10-24 18:00:00,25.0,0.0,1008.0
EPAC,200817E,-107.5,16.1,2008-10-25 00:00:00,25.0,0.0,1009.0
EPAC,200817E,-109.3,16.7,2008-10-25 15:00:00,25.0,0.0,1009.0
EPAC,200817E,-109.7,16.7,2008-10-25 18:00:00,25.0,0.0,1009.0
EPAC,200817E,-110.1,16.6,2008-10-25 21:00:00,25.0,0.0,1009.0
EPAC,200817E,-110.4,16.6,2008-10-26 00:00:00,25.0,0.0,1009.0
EPAC,200817E,-112.2,16.3,2008-10-26 15:00:00,23.0,0.0,1010.0
EPAC,200817E,-113.2,16.1,2008-10-26 21:00:00,20.0,0.0,1010.0
EPAC,200817E,-113.8,16.1,2008-10-27 00:00:00,20.0,0.0,1010.0
EPAC,200817E,-116.8,16.0,2008-10-27 15:00:00,20.0,0.0,1010.0
EPAC,200818E,-108.7,8.4,2008-11-02 15:00:00,28.0,0.0,1007.0
EPAC,200818E,-109.3,8.6,2008-11-02 18:00:00,30.0,0.0,1006.0
EPAC,200818E,-109.9,8.6,2008-11-02 21:00:00,33.0,12.5,1006.0
EPAC,200818E,-110.5,8.7,2008-11-03 00:00:00,35.0,25.0,1005.0
EPAC,200818E,-113.3,8.8,2008-11-03 15:00:00,38.0,16.9,1004.0
EPAC,200818E,-114.4,9.2,2008-11-03 21:00:00,35.0,15.0,1004.0
EPAC,200818E,-114.9,9.4,2008-11-04 00:00:00,35.0,15.0,1004.0
EPAC,200818E,-117.7,9.7,2008-11-04 15:00:00,38.0,15.0,1004.0
EPAC,200818E,-118.8,9.7,2008-11-04 21:00:00,33.0,7.5,1005.0
EPAC,200818E,-119.4,9.7,2008-11-05 00:00:00,30.0,0.0,1005.0
EPAC,201407E,-179.8,14.5,2014-08-07 06:00:00,130.0,100.0,926.0
WPAC,200301W,179.0,1.9,2003-01-11 18:00:00,15.0,0.0,1006.0
WPAC,200301W,178.8,1.9,2003-01-11 21:00:00,15.0,0.0,1006.0
WPAC,200301W,178.5,1.8,2003-01-12 00:00:00,15.0,0.0,1006.0
WPAC,200301W,178.2,1.7,2003-01-12 03:00:00,15.0,0.0,1006.0
WPAC,200301W,178.0,1.6,2003-01-12 06:00:00,15.0,0.0,1006.0
WPAC,200301W,177.2,1.6,2003-01-12 18:00:00,15.0,0.0,1006.0
WPAC,200301W,177.0,1.8,2003-01-12 21:00:00,15.0,0.0,1006.0
WPAC,200301W,176.8,1.9,2003-01-13 00:00:00,15.0,0.0,1006.0
WPAC,200301W,176.5,2.1,2003-01-13 03:00:00,15.0,0.0,1006.0
WPAC,200301W,176.2,2.4,2003-01-13 06:00:00,15.0,0.0,1006.0
WPAC,200301W,172.4,4.6,2003-01-13 21:00:00,23.0,0.0,1003.0
WPAC,200301W,171.5,5.1,2003-01-14 00:00:00,25.0,0.0,1002.0
WPAC,200301W,170.6,5.4,2003-01-14 03:00:00,25.0,0.0,1002.0
WPAC,200301W,169.7,5.7,2003-01-14 06:00:00,25.0,0.0,1002.0
WPAC,200301W,166.2,5.5,2003-01-14 21:00:00,25.0,0.0,1002.0
WPAC,200301W,165.6,5.4,2003-01-15 00:00:00,25.0,0.0,1002.0
WPAC,200301W,164.8,5.7,2003-01-15 03:00:00,25.0,0.0,1003.0
WPAC,200301W,164.1,6.0,2003-01-15 06:00:00,25.0,0.0,1004.0
WPAC,200301W,160.0,7.6,2003-01-15 21:00:00,30.0,0.0,1000.0
WPAC,200301W,159.2,7.9,2003-01-16 00:00:00,30.0,0.0,1000.0
WPAC,200301W,158.5,8.2,2003-01-16 03:00:00,30.0,0.0,1000.0
WPAC,200301W,157.8,8.5,2003-01-16 06:00:00,30.0,0.0,1000.0
WPAC,200301W,153.8,9.7,2003-01-16 21:00:00,33.0,41.2,999.0
WPAC,200301W,153.0,10.0,2003-01-17 00:00:00,35.0,82.5,997.0
WPAC,200301W,152.2,10.4,2003-01-17 03:00:00,35.0,82.5,997.0
WPAC,200301W,151.4,10.9,2003-01-17 06:00:00,35.0,82.5,997.0
WPAC,200301W,147.9,12.8,2003-01-17 21:00:00,38.0,41.2,996.0
WPAC,200301W,147.4,13.2,2003-01-18 00:00:00,40.0,82.5,994.0
WPAC,200301W,147.1,13.4,2003-01-18 03:00:00,43.0,82.5,993.0
WPAC,200301W,146.7,13.7,2003-01-18 06:00:00,45.0,82.5,991.0
WPAC,200301W,147.8,14.4,2003-01-18 21:00:00,50.0,80.0,987.0
WPAC,200301W,148.2,14.5,2003-01-19 00:00:00,50.0,80.0,987.0
WPAC,200301W,148.6,14.7,2003-01-19 03:00:00,48.0,80.0,989.0
WPAC,200301W,149.0,14.8,2003-01-19 06:00:00,45.0,80.0,991.0
WPAC,200301W,151.4,16.4,2003-01-19 21:00:00,40.0,71.2,994.0
WPAC,200301W,152.0,16.7,2003-01-20 00:00:00,40.0,62.5,994.0
WPAC,200301W,152.7,16.9,2003-01-20 03:00:00,38.0,62.5,996.0
WPAC,200301W,153.4,17.2,2003-01-20 06:00:00,35.0,62.5,997.0
WPAC,200301W,156.1,18.1,2003-01-20 21:00:00,28.0,0.0,1001.0
WPAC,200301W,156.3,18.2,2003-01-21 00:00:00,25.0,0.0,1002.0
WPAC,200301W,156.4,18.3,2003-01-21 03:00:00,23.0,0.0,1003.0
WPAC,200301W,156.6,18.4,2003-01-21 06:00:00,20.0,0.0,1004.0
WPAC,200302W,160.1,3.5,2003-04-08 21:00:00,28.0,0.0,1001.0
WPAC,200302W,160.2,3.7,2003-04-09 00:00:00,30.0,0.0,1000.0
WPAC,200302W,160.3,3.9,2003-04-09 03:00:00,33.0,0.0,999.0
WPAC,200302W,160.4,4.1,2003-04-09 06:00:00,35.0,0.0,997.0
WPAC,200302W,160.5,6.0,2003-04-09 21:00:00,38.0,100.0,996.0
WPAC,200302W,160.4,6.5,2003-04-10 00:00:00,40.0,100.0,994.0
WPAC,200302W,160.1,7.0,2003-04-10 03:00:00,40.0,100.0,994.0
WPAC,200302W,159.7,7.5,2003-04-10 06:00:00,40.0,100.0,994.0
WPAC,200302W,157.9,8.8,2003-04-10 21:00:00,40.0,91.2,994.0
WPAC,200302W,157.6,9.1,2003-04-11 00:00:00,40.0,91.2,994.0
WPAC,200302W,157.2,9.3,2003-04-11 03:00:00,40.0,91.2,994.0
WPAC,200302W,156.8,9.6,2003-04-11 06:00:00,40.0,91.2,994.0
WPAC,200302W,154.8,10.2,2003-04-11 21:00:00,53.0,89.4,986.0
WPAC,200302W,154.3,10.2,2003-04-12 00:00:00,55.0,87.5,984.0
WPAC,200302W,153.9,10.2,2003-04-12 03:00:00,55.0,87.5,984.0
WPAC,200302W,153.4,10.2,2003-04-12 06:00:00,55.0,87.5,984.0
WPAC,200302W,151.1,10.1,2003-04-12 21:00:00,65.0,112.5,976.0
WPAC,200302W,150.7,10.1,2003-04-13 00:00:00,65.0,112.5,976.0
WPAC,200302W,150.2,10.1,2003-04-13 03:00:00,65.0,112.5,976.0
WPAC,200302W,149.8,10.2,2003-04-13 06:00:00,65.0,112.5,976.0
WPAC,200302W,147.8,10.4,2003-04-13 21:00:00,83.0,112.5,961.0
WPAC,200302W,147.3,10.4,2003-04-14 00:00:00,90.0,112.5,954.0
WPAC,200302W,146.8,10.5,2003-04-14 03:00:00,95.0,112.5,949.0
WPAC,200302W,146.3,10.6,2003-04-14 06:00:00,100.0,112.5,944.0
WPAC,200302W,145.8,10.6,2003-04-14 09:00:00,105.0,112.5,939.0
WPAC,200302W,143.2,11.2,2003-04-14 21:00:00,123.0,125.0,919.0
WPAC,200302W,142.5,11.4,2003-04-15 00:00:00,125.0,135.0,916.0
WPAC,200302W,141.8,11.7,2003-04-15 03:00:00,125.0,133.8,916.0
WPAC,200302W,141.1,11.9,2003-04-15 06:00:00,125.0,132.5,916.0
WPAC,200302W,140.3,12.1,2003-04-15 09:00:00,125.0,132.5,916.0
WPAC,200302W,137.7,12.8,2003-04-15 21:00:00,133.0,132.5,907.0
WPAC,200302W,137.0,13.0,2003-04-16 00:00:00,135.0,132.5,904.0
WPAC,200302W,136.6,13.2,2003-04-16 03:00:00,135.0,132.5,904.0
WPAC,200302W,136.1,13.4,2003-04-16 06:00:00,135.0,132.5,904.0
WPAC,200302W,135.6,13.6,2003-04-16 09:00:00,133.0,132.5,907.0
WPAC,200302W,134.0,14.0,2003-04-16 21:00:00,115.0,125.0,933.0
WPAC,200302W,133.6,14.0,2003-04-17 00:00:00,115.0,125.0,938.0
WPAC,200302W,133.2,13.8,2003-04-17 03:00:00,113.0,125.0,938.0
WPAC,200302W,132.8,13.7,2003-04-17 06:00:00,110.0,125.0,938.0
WPAC,200302W,132.4,13.6,2003-04-17 09:00:00,108.0,125.0,938.0
WPAC,200302W,130.9,13.5,2003-04-17 21:00:00,110.0,125.0,933.0
WPAC,200302W,130.6,13.5,2003-04-18 00:00:00,115.0,125.0,927.0
WPAC,200302W,130.3,13.5,2003-04-18 03:00:00,120.0,125.0,922.0
WPAC,200302W,130.0,13.5,2003-04-18 06:00:00,125.0,125.0,916.0
WPAC,200302W,129.8,13.6,2003-04-18 09:00:00,125.0,130.0,916.0
WPAC,200302W,128.7,14.2,2003-04-19 00:00:00,115.0,135.0,927.0
WPAC,200302W,128.5,14.4,2003-04-19 03:00:00,110.0,135.0,933.0
WPAC,200302W,128.3,14.7,2003-04-19 06:00:00,105.0,135.0,938.0
WPAC,200302W,128.1,14.9,2003-04-19 09:00:00,100.0,133.1,944.0
WPAC,200302W,126.6,16.2,2003-04-20 00:00:00,85.0,132.5,958.0
WPAC,200302W,126.3,16.4,2003-04-20 03:00:00,90.0,132.5,954.0
WPAC,200302W,126.1,16.7,2003-04-20 06:00:00,95.0,132.5,949.0
WPAC,200302W,125.8,16.9,2003-04-20 09:00:00,98.0,132.5,947.0
WPAC,200302W,124.6,18.4,2003-04-21 00:00:00,100.0,120.0,944.0
WPAC,200302W,124.4,18.5,2003-04-21 03:00:00,98.0,120.0,947.0
WPAC,200302W,124.3,18.7,2003-04-21 06:00:00,95.0,120.0,949.0
WPAC,200302W,124.3,18.9,2003-04-21 09:00:00,90.0,115.0,954.0
WPAC,200302W,123.5,19.9,2003-04-22 00:00:00,55.0,110.0,984.0
WPAC,200302W,123.3,20.1,2003-04-22 03:00:00,53.0,105.0,986.0
WPAC,200302W,123.2,20.3,2003-04-22 06:00:00,50.0,100.0,987.0
WPAC,200302W,123.2,20.5,2003-04-22 09:00:00,48.0,98.8,989.0
WPAC,200302W,122.5,20.8,2003-04-23 00:00:00,35.0,97.5,997.0
WPAC,200302W,122.5,20.9,2003-04-23 03:00:00,35.0,88.8,997.0
WPAC,200302W,122.4,20.9,2003-04-23 06:00:00,35.0,80.0,997.0
WPAC,200302W,122.4,21.0,2003-04-23 09:00:00,35.0,86.2,997.0
WPAC,200302W,122.8,22.1,2003-04-24 00:00:00,35.0,0.0,997.0
WPAC,200302W,123.0,22.6,2003-04-24 03:00:00,35.0,0.0,997.0
WPAC,200302W,123.2,23.0,2003-04-24 06:00:00,35.0,0.0,997.0
WPAC,200302W,123.6,23.9,2003-04-24 09:00:00,35.0,0.0,997.0
WPAC,200302W,126.3,27.9,2003-04-24 21:00:00,35.0,0.0,997.0
WPAC,200302W,127.3,29.0,2003-04-25 00:00:00,35.0,0.0,997.0
WPAC,200302W,128.7,30.6,2003-04-25 03:00:00,33.0,0.0,999.0
WPAC,200302W,130.1,32.1,2003-04-25 06:00:00,30.0,0.0,1000.0
WPAC,200303W,130.7,7.5,2003-05-17 06:00:00,25.0,0.0,1002.0
WPAC,200303W,130.6,7.6,2003-05-17 09:00:00,25.0,0.0,1002.0
WPAC,200303W,130.3,7.8,2003-05-17 21:00:00,25.0,0.0,1002.0
WPAC,200303W,130.2,7.8,2003-05-18 00:00:00,25.0,0.0,1002.0
WPAC,200303W,130.1,7.8,2003-05-18 03:00:00,28.0,0.0,1001.0
WPAC,200303W,130.0,7.9,2003-05-18 06:00:00,30.0,0.0,1000.0
WPAC,200303W,130.0,8.0,2003-05-18 09:00:00,30.0,0.0,1000.0
WPAC,200303W,130.7,8.8,2003-05-18 21:00:00,30.0,0.0,1000.0
WPAC,200303W,130.9,9.1,2003-05-19 00:00:00,30.0,0.0,1000.0
WPAC,200303W,131.1,9.3,2003-05-19 03:00:00,30.0,0.0,1000.0
WPAC,200303W,131.2,9.6,2003-05-19 06:00:00,30.0,0.0,1000.0
WPAC,200303W,131.2,9.9,2003-05-19 09:00:00,30.0,0.0,1000.0
WPAC,200303W,131.1,11.2,2003-05-19 21:00:00,30.0,0.0,1000.0
WPAC,200303W,131.0,11.6,2003-05-20 00:00:00,30.0,0.0,1000.0
WPAC,200303W,130.9,12.1,2003-05-20 03:00:00,28.0,0.0,1001.0
WPAC,200303W,130.8,12.6,2003-05-20 06:00:00,25.0,0.0,1002.0
WPAC,200303W,130.6,13.1,2003-05-20 09:00:00,25.0,0.0,1002.0
WPAC,200304W,148.2,4.6,2003-05-18 06:00:00,15.0,0.0,1006.0
WPAC,200304W,149.2,6.0,2003-05-18 21:00:00,23.0,0.0,1003.0
WPAC,200304W,149.3,6.3,2003-05-19 00:00:00,25.0,0.0,1002.0
WPAC,200304W,149.6,6.5,2003-05-19 03:00:00,30.0,0.0,1000.0
WPAC,200304W,149.8,6.7,2003-05-19 06:00:00,35.0,0.0,997.0
WPAC,200304W,150.9,7.1,2003-05-19 21:00:00,35.0,0.0,997.0
WPAC,200304W,151.0,7.3,2003-05-20 00:00:00,35.0,0.0,997.0
WPAC,200304W,150.9,7.5,2003-05-20 03:00:00,35.0,26.2,997.0
WPAC,200304W,150.8,7.7,2003-05-20 06:00:00,35.0,52.5,997.0
WPAC,200304W,150.4,8.6,2003-05-20 21:00:00,55.0,72.5,984.0
WPAC,200304W,150.3,8.8,2003-05-21 00:00:00,55.0,72.5,984.0
WPAC,200304W,150.4,9.1,2003-05-21 03:00:00,55.0,72.5,984.0
WPAC,200304W,150.6,9.4,2003-05-21 06:00:00,55.0,72.5,984.0
WPAC,200304W,151.1,11.4,2003-05-21 21:00:00,63.0,95.0,978.0
WPAC,200304W,151.1,11.8,2003-05-22 00:00:00,65.0,95.0,976.0
WPAC,200304W,151.2,14.6,2003-05-22 21:00:00,75.0,102.5,967.0
WPAC,200304W,151.2,15.6,2003-05-23 06:00:00,95.0,115.0,949.0
WPAC,200304W,151.3,16.0,2003-05-23 09:00:00,100.0,115.0,944.0
WPAC,200304W,154.2,21.7,2003-05-24 21:00:00,115.0,125.0,927.0
WPAC,200304W,154.7,22.4,2003-05-25 00:00:00,115.0,125.0,927.0
WPAC,200304W,155.1,23.1,2003-05-25 03:00:00,103.0,125.0,941.0
WPAC,200304W,155.6,23.8,2003-05-25 06:00:00,90.0,125.0,954.0
WPAC,200304W,158.1,27.6,2003-05-25 21:00:00,65.0,126.2,976.0
WPAC,200304W,158.6,28.3,2003-05-26 00:00:00,65.0,125.0,976.0
WPAC,200304W,159.5,29.0,2003-05-26 03:00:00,60.0,125.0,980.0
WPAC,200304W,160.4,29.7,2003-05-26 06:00:00,55.0,125.0,984.0
WPAC,200304W,161.4,30.4,2003-05-26 09:00:00,55.0,120.0,984.0
WPAC,200304W,164.5,32.4,2003-05-26 18:00:00,45.0,0.0,991.0
WPAC,200304W,165.7,33.1,2003-05-26 21:00:00,45.0,0.0,991.0
WPAC,200304W,166.9,33.9,2003-05-27 00:00:00,45.0,0.0,991.0
WPAC,200304W,168.9,35.0,2003-05-27 03:00:00,45.0,0.0,991.0
WPAC,200304W,170.9,36.1,2003-05-27 06:00:00,45.0,0.0,991.0
WPAC,200305W,118.7,16.4,2003-05-24 21:00:00,23.0,0.0,1002.0
WPAC,200305W,118.6,16.5,2003-05-25 00:00:00,25.0,0.0,1000.0
WPAC,200305W,118.4,16.5,2003-05-25 03:00:00,28.0,0.0,1000.0
WPAC,200305W,118.3,16.5,2003-05-25 06:00:00,30.0,0.0,1000.0
WPAC,200305W,118.2,16.4,2003-05-25 09:00:00,30.0,0.0,1000.0
WPAC,200305W,118.4,16.0,2003-05-26 00:00:00,45.0,70.0,991.0
WPAC,200305W,118.6,16.1,2003-05-26 03:00:00,45.0,70.0,991.0
WPAC,200305W,118.7,16.1,2003-05-26 06:00:00,45.0,70.0,991.0
WPAC,200305W,118.8,16.1,2003-05-26 09:00:00,45.0,70.0,991.0
WPAC,200305W,119.8,16.1,2003-05-27 00:00:00,55.0,0.0,984.0
WPAC,200305W,120.3,16.1,2003-05-27 03:00:00,50.0,47.5,988.0
WPAC,200305W,120.8,16.1,2003-05-27 06:00:00,45.0,95.0,991.0
WPAC,200305W,121.3,16.2,2003-05-27 09:00:00,40.0,95.0,994.0
WPAC,200305W,123.7,17.4,2003-05-28 00:00:00,30.0,0.0,1000.0
WPAC,200305W,123.8,18.1,2003-05-28 03:00:00,30.0,0.0,1000.0
WPAC,200305W,124.0,18.8,2003-05-28 06:00:00,30.0,0.0,1000.0
WPAC,200305W,124.5,19.2,2003-05-28 09:00:00,30.0,0.0,1000.0
WPAC,200305W,125.9,21.3,2003-05-28 21:00:00,33.0,0.0,999.0
WPAC,200305W,126.3,21.8,2003-05-29 00:00:00,35.0,0.0,997.0
WPAC,200305W,126.8,22.2,2003-05-29 03:00:00,35.0,18.8,997.0
WPAC,200305W,127.2,22.6,2003-05-29 06:00:00,35.0,37.5,997.0
WPAC,200305W,127.7,23.0,2003-05-29 09:00:00,40.0,40.0,994.0
WPAC,200305W,129.7,25.1,2003-05-29 21:00:00,55.0,85.0,984.0
WPAC,200305W,130.1,25.8,2003-05-30 00:00:00,55.0,100.0,984.0
WPAC,200305W,130.6,26.8,2003-05-30 03:00:00,55.0,97.5,984.0
WPAC,200305W,131.0,27.8,2003-05-30 06:00:00,55.0,95.0,984.0
WPAC,200306W,117.1,17.1,2003-05-31 06:00:00,25.0,0.0,1002.0
WPAC,200306W,117.0,17.1,2003-05-31 09:00:00,25.0,0.0,1002.0
WPAC,200306W,117.2,17.6,2003-06-01 00:00:00,30.0,0.0,1000.0
WPAC,200306W,117.3,17.8,2003-06-01 03:00:00,33.0,20.0,999.0
WPAC,200306W,117.5,17.9,2003-06-01 06:00:00,35.0,40.0,997.0
WPAC,200306W,117.8,18.2,2003-06-01 09:00:00,38.0,40.0,996.0
WPAC,200306W,119.6,20.0,2003-06-02 00:00:00,45.0,62.5,991.0
WPAC,200306W,120.2,20.4,2003-06-02 03:00:00,45.0,64.4,991.0
WPAC,200306W,120.8,20.8,2003-06-02 06:00:00,45.0,66.2,991.0
WPAC,200306W,121.4,21.1,2003-06-02 09:00:00,45.0,65.6,991.0
WPAC,200306W,125.3,23.0,2003-06-03 00:00:00,40.0,0.0,994.0
WPAC,200306W,126.6,23.6,2003-06-03 03:00:00,38.0,0.0,996.0
WPAC,200306W,127.9,24.1,2003-06-03 06:00:00,35.0,0.0,997.0
WPAC,200306W,129.4,24.9,2003-06-03 09:00:00,33.0,0.0,999.0
WPAC,200306W,135.3,28.4,2003-06-03 21:00:00,25.0,0.0,1002.0
WPAC,200306W,136.8,29.4,2003-06-04 00:00:00,25.0,0.0,1002.0
WPAC,200307W,153.8,8.2,2003-06-07 06:00:00,15.0,0.0,1006.0
WPAC,200307W,151.1,8.2,2003-06-07 21:00:00,15.0,0.0,1006.0
WPAC,200307W,150.8,8.2,2003-06-08 00:00:00,15.0,0.0,1006.0
WPAC,200307W,150.5,8.2,2003-06-08 03:00:00,15.0,0.0,1006.0
WPAC,200307W,150.2,8.3,2003-06-08 06:00:00,15.0,0.0,1006.0
WPAC,200307W,148.4,8.7,2003-06-09 00:00:00,15.0,0.0,1006.0
WPAC,200307W,147.9,8.8,2003-06-09 03:00:00,15.0,0.0,1006.0
WPAC,200307W,145.0,9.2,2003-06-09 21:00:00,20.0,0.0,1004.0
WPAC,200307W,144.6,9.4,2003-06-10 00:00:00,20.0,0.0,1004.0
WPAC,200307W,144.2,9.4,2003-06-10 03:00:00,20.0,0.0,1004.0
WPAC,200307W,143.8,9.5,2003-06-10 06:00:00,20.0,0.0,1004.0
WPAC,200307W,143.4,9.6,2003-06-10 09:00:00,20.0,0.0,1004.0
WPAC,200307W,141.2,9.6,2003-06-10 21:00:00,20.0,0.0,1004.0
WPAC,200307W,140.1,9.6,2003-06-11 03:00:00,20.0,0.0,1004.0
WPAC,200307W,139.5,9.6,2003-06-11 06:00:00,20.0,0.0,1004.0
WPAC,200307W,138.9,9.5,2003-06-11 09:00:00,20.0,0.0,1004.0
WPAC,200307W,136.6,9.4,2003-06-11 21:00:00,25.0,0.0,1002.0
WPAC,200307W,135.9,9.5,2003-06-12 00:00:00,25.0,0.0,1002.0
WPAC,200307W,135.3,9.7,2003-06-12 03:00:00,28.0,0.0,1001.0
WPAC,200307W,132.3,10.6,2003-06-12 21:00:00,33.0,0.0,999.0
WPAC,200307W,131.1,11.1,2003-06-13 03:00:00,40.0,40.0,994.0
WPAC,200307W,130.4,11.3,2003-06-13 06:00:00,45.0,80.0,991.0
WPAC,200307W,129.8,11.4,2003-06-13 09:00:00,45.0,80.0,991.0
WPAC,200307W,127.4,11.4,2003-06-14 00:00:00,50.0,115.0,987.0
WPAC,200307W,127.2,11.7,2003-06-14 03:00:00,48.0,107.5,989.0
WPAC,200307W,127.0,12.0,2003-06-14 06:00:00,45.0,100.0,991.0
WPAC,200307W,126.8,12.2,2003-06-14 09:00:00,45.0,101.2,991.0
WPAC,200307W,126.2,13.8,2003-06-15 00:00:00,45.0,100.0,991.0
WPAC,200307W,126.1,14.1,2003-06-15 03:00:00,48.0,100.0,989.0
WPAC,200307W,125.9,14.4,2003-06-15 06:00:00,50.0,100.0,987.0
WPAC,200307W,125.7,14.7,2003-06-15 09:00:00,53.0,105.0,986.0
WPAC,200307W,124.5,16.5,2003-06-16 00:00:00,60.0,110.0,980.0
WPAC,200307W,124.2,16.9,2003-06-16 03:00:00,60.0,112.5,980.0
WPAC,200307W,124.0,17.3,2003-06-16 06:00:00,60.0,115.0,980.0
WPAC,200307W,123.7,17.7,2003-06-16 09:00:00,60.0,115.0,980.0
WPAC,200307W,123.1,20.0,2003-06-17 00:00:00,75.0,130.0,967.0
WPAC,200307W,123.2,20.4,2003-06-17 03:00:00,75.0,132.5,967.0
WPAC,200307W,123.2,20.8,2003-06-17 06:00:00,75.0,135.0,967.0
WPAC,200307W,123.4,21.5,2003-06-17 09:00:00,75.0,135.0,967.0
WPAC,200307W,123.9,25.2,2003-06-18 00:00:00,100.0,140.0,944.0
WPAC,200307W,124.2,25.7,2003-06-18 03:00:00,108.0,150.0,936.0
WPAC,200307W,127.8,31.4,2003-06-18 21:00:00,78.0,92.5,965.0
WPAC,200307W,128.5,32.5,2003-06-19 00:00:00,70.0,95.0,972.0
WPAC,200307W,129.3,34.0,2003-06-19 03:00:00,68.0,95.0,974.0
WPAC,200307W,130.1,35.4,2003-06-19 06:00:00,65.0,95.0,976.0
WPAC,200307W,131.3,36.4,2003-06-19 09:00:00,60.0,47.5,980.0
WPAC,200307W,136.1,39.9,2003-06-19 21:00:00,45.0,0.0,991.0
WPAC,200307W,137.2,40.5,2003-06-20 00:00:00,45.0,0.0,991.0
WPAC,200308W,135.1,10.4,2003-07-14 21:00:00,15.0,0.0,1007.0
WPAC,200308W,134.5,10.4,2003-07-15 00:00:00,15.0,0.0,1007.0
WPAC,200308W,133.3,10.2,2003-07-15 06:00:00,20.0,0.0,1004.0
WPAC,200308W,132.7,10.1,2003-07-15 09:00:00,23.0,0.0,1003.0
WPAC,200308W,130.4,10.1,2003-07-15 21:00:00,28.0,0.0,1001.0
WPAC,200308W,129.8,10.1,2003-07-16 00:00:00,30.0,0.0,1000.0
WPAC,200308W,129.3,10.2,2003-07-16 03:00:00,30.0,0.0,1000.0
WPAC,200308W,128.8,10.3,2003-07-16 06:00:00,30.0,0.0,1000.0
WPAC,200308W,128.3,10.4,2003-07-16 09:00:00,30.0,0.0,1000.0
WPAC,200308W,125.7,11.0,2003-07-17 00:00:00,45.0,95.0,991.0
WPAC,200308W,125.1,11.0,2003-07-17 03:00:00,43.0,92.5,993.0
WPAC,200308W,124.5,11.0,2003-07-17 06:00:00,40.0,90.0,994.0
WPAC,200308W,123.8,11.2,2003-07-17 09:00:00,40.0,85.0,994.0
WPAC,200308W,120.5,11.8,2003-07-18 00:00:00,45.0,90.0,991.0
WPAC,200308W,120.0,12.1,2003-07-18 03:00:00,45.0,90.0,991.0
WPAC,200308W,119.4,12.4,2003-07-18 06:00:00,45.0,90.0,991.0
WPAC,200308W,119.0,12.7,2003-07-18 09:00:00,45.0,90.0,991.0
WPAC,200308W,117.6,13.7,2003-07-18 21:00:00,45.0,95.0,991.0
WPAC,200308W,117.3,13.9,2003-07-19 00:00:00,45.0,100.0,991.0
WPAC,200308W,117.0,14.2,2003-07-19 03:00:00,45.0,100.0,989.0
WPAC,200308W,116.7,14.5,2003-07-19 06:00:00,45.0,100.0,987.0
WPAC,200308W,116.5,14.8,2003-07-19 09:00:00,45.0,100.0,987.0
WPAC,200308W,115.3,16.0,2003-07-19 21:00:00,55.0,100.0,984.0
WPAC,200308W,115.0,16.3,2003-07-20 00:00:00,60.0,100.0,980.0
WPAC,200308W,114.7,16.6,2003-07-20 03:00:00,63.0,100.0,978.0
WPAC,200308W,114.3,17.0,2003-07-20 06:00:00,65.0,100.0,976.0
WPAC,200308W,113.9,17.3,2003-07-20 09:00:00,65.0,115.0,976.0
WPAC,200308W,112.4,18.1,2003-07-20 21:00:00,65.0,130.0,976.0
WPAC,200308W,112.0,18.3,2003-07-21 00:00:00,65.0,130.0,976.0
WPAC,200308W,111.1,18.7,2003-07-21 06:00:00,60.0,110.0,980.0
WPAC,200308W,110.5,18.8,2003-07-21 09:00:00,58.0,110.0,982.0
WPAC,200308W,107.3,18.9,2003-07-22 00:00:00,60.0,100.0,980.0
WPAC,200308W,106.8,19.4,2003-07-22 03:00:00,58.0,100.0,982.0
WPAC,200308W,106.4,19.8,2003-07-22 06:00:00,55.0,100.0,984.0
WPAC,200308W,105.7,20.0,2003-07-22 09:00:00,48.0,90.0,989.0
WPAC,200309W,148.9,3.6,2003-07-15 06:00:00,15.0,0.0,1006.0
WPAC,200309W,146.1,4.0,2003-07-15 21:00:00,18.0,0.0,1006.0
WPAC,200309W,145.6,4.3,2003-07-16 00:00:00,20.0,0.0,1006.0
WPAC,200309W,145.2,4.7,2003-07-16 03:00:00,20.0,0.0,1005.0
WPAC,200309W,144.9,5.1,2003-07-16 06:00:00,20.0,0.0,1004.0
WPAC,200309W,144.5,5.4,2003-07-16 09:00:00,20.0,0.0,1004.0
WPAC,200309W,142.7,7.0,2003-07-16 21:00:00,28.0,0.0,1001.0
WPAC,200309W,142.2,7.4,2003-07-17 00:00:00,30.0,0.0,1000.0
WPAC,200309W,141.6,7.8,2003-07-17 03:00:00,30.0,0.0,1000.0
WPAC,200309W,141.1,8.2,2003-07-17 06:00:00,30.0,0.0,1000.0
WPAC,200309W,140.6,8.5,2003-07-17 09:00:00,35.0,55.0,997.0
WPAC,200309W,139.0,9.5,2003-07-17 21:00:00,48.0,115.0,989.0
WPAC,200309W,138.6,9.7,2003-07-18 00:00:00,50.0,115.0,987.0
WPAC,200309W,138.1,9.8,2003-07-18 03:00:00,53.0,113.8,986.0
WPAC,200309W,137.7,9.9,2003-07-18 06:00:00,55.0,112.5,984.0
WPAC,200309W,135.7,10.4,2003-07-18 21:00:00,65.0,118.8,976.0
WPAC,200309W,135.3,10.4,2003-07-19 00:00:00,65.0,125.0,976.0
WPAC,200309W,134.9,10.4,2003-07-19 03:00:00,70.0,125.0,976.0
WPAC,200309W,134.2,10.6,2003-07-19 09:00:00,80.0,125.0,967.0
WPAC,200309W,132.8,11.3,2003-07-19 21:00:00,95.0,132.5,949.0
WPAC,200309W,132.4,11.6,2003-07-20 00:00:00,100.0,130.0,944.0
WPAC,200309W,131.9,11.8,2003-07-20 03:00:00,105.0,130.0,939.0
WPAC,200309W,131.5,12.1,2003-07-20 06:00:00,110.0,130.0,933.0
WPAC,200309W,131.0,12.3,2003-07-20 09:00:00,120.0,138.8,922.0
WPAC,200309W,128.8,13.4,2003-07-20 21:00:00,130.0,156.2,910.0
WPAC,200309W,128.2,13.7,2003-07-21 00:00:00,130.0,165.0,910.0
WPAC,200309W,127.0,14.3,2003-07-21 06:00:00,125.0,172.5,916.0
WPAC,200309W,126.4,14.7,2003-07-21 09:00:00,125.0,172.5,916.0
WPAC,200309W,123.0,16.4,2003-07-22 00:00:00,115.0,157.5,927.0
WPAC,200309W,122.2,16.7,2003-07-22 03:00:00,103.0,151.2,941.0
WPAC,200309W,121.3,17.0,2003-07-22 06:00:00,90.0,145.0,954.0
WPAC,200309W,120.5,17.3,2003-07-22 09:00:00,85.0,145.0,959.0
WPAC,200309W,116.8,18.5,2003-07-23 00:00:00,90.0,147.5,954.0
WPAC,200309W,116.1,18.7,2003-07-23 03:00:00,90.0,146.2,954.0
WPAC,200309W,115.4,18.9,2003-07-23 06:00:00,90.0,145.0,954.0
WPAC,200309W,111.9,21.2,2003-07-24 00:00:00,85.0,150.0,958.0
WPAC,200309W,111.1,21.6,2003-07-24 03:00:00,80.0,75.0,963.0
WPAC,200309W,110.2,22.0,2003-07-24 06:00:00,75.0,0.0,967.0
WPAC,200309W,109.6,22.4,2003-07-24 09:00:00,65.0,0.0,976.0
WPAC,200309W,106.1,23.5,2003-07-25 00:00:00,40.0,0.0,994.0
WPAC,200309W,105.4,23.6,2003-07-25 03:00:00,38.0,0.0,996.0
WPAC,200310W,129.3,12.8,2003-07-31 00:00:00,20.0,0.0,1004.0
WPAC,200310W,128.7,13.4,2003-07-31 03:00:00,20.0,0.0,1004.0
WPAC,200310W,128.1,13.9,2003-07-31 06:00:00,20.0,0.0,1004.0
WPAC,200310W,127.5,14.4,2003-07-31 09:00:00,20.0,0.0,1004.0
WPAC,200310W,126.3,15.9,2003-07-31 21:00:00,23.0,0.0,1003.0
WPAC,200310W,126.2,16.1,2003-08-01 00:00:00,25.0,0.0,1002.0
WPAC,200310W,126.1,16.3,2003-08-01 03:00:00,25.0,0.0,1002.0
WPAC,200310W,126.0,16.5,2003-08-01 06:00:00,25.0,0.0,1002.0
WPAC,200310W,126.0,16.7,2003-08-01 09:00:00,28.0,0.0,1001.0
WPAC,200310W,125.6,18.3,2003-08-02 00:00:00,35.0,0.0,997.0
WPAC,200310W,125.2,18.6,2003-08-02 03:00:00,40.0,50.0,994.0
WPAC,200310W,124.9,18.9,2003-08-02 06:00:00,45.0,100.0,991.0
WPAC,200310W,124.5,19.2,2003-08-02 09:00:00,45.0,100.0,991.0
WPAC,200310W,122.1,20.7,2003-08-03 00:00:00,50.0,90.0,987.0
WPAC,200310W,121.8,21.0,2003-08-03 03:00:00,58.0,90.0,982.0
WPAC,200310W,121.4,21.4,2003-08-03 06:00:00,65.0,90.0,976.0
WPAC,200310W,121.2,21.9,2003-08-03 09:00:00,65.0,90.0,976.0
WPAC,200310W,119.7,23.3,2003-08-04 00:00:00,60.0,100.0,980.0
WPAC,200310W,119.4,23.7,2003-08-04 03:00:00,60.0,100.0,980.0
WPAC,200310W,119.1,24.1,2003-08-04 06:00:00,60.0,100.0,980.0
WPAC,200310W,118.8,24.5,2003-08-04 09:00:00,58.0,50.0,982.0
WPAC,200310W,117.4,25.5,2003-08-05 00:00:00,30.0,0.0,1000.0
WPAC,200311W,147.1,8.6,2003-08-01 00:00:00,15.0,0.0,1006.0
WPAC,200311W,146.7,8.6,2003-08-01 03:00:00,15.0,0.0,1006.0
WPAC,200311W,146.3,8.6,2003-08-01 06:00:00,15.0,0.0,1006.0
WPAC,200311W,145.8,8.6,2003-08-01 09:00:00,18.0,0.0,1005.0
WPAC,200311W,143.9,9.4,2003-08-01 21:00:00,23.0,0.0,1003.0
WPAC,200311W,143.5,9.7,2003-08-02 00:00:00,25.0,0.0,1002.0
WPAC,200311W,142.9,9.9,2003-08-02 03:00:00,25.0,0.0,1002.0
WPAC,200311W,142.4,10.2,2003-08-02 06:00:00,25.0,0.0,1002.0
WPAC,200311W,141.9,10.6,2003-08-02 09:00:00,25.0,0.0,1002.0
WPAC,200311W,140.3,12.0,2003-08-02 21:00:00,28.0,0.0,1001.0
WPAC,200311W,139.5,12.8,2003-08-03 03:00:00,33.0,0.0,999.0
WPAC,200311W,139.1,13.2,2003-08-03 06:00:00,35.0,0.0,997.0
WPAC,200311W,138.8,13.6,2003-08-03 09:00:00,40.0,0.0,994.0
WPAC,200311W,137.2,15.3,2003-08-03 21:00:00,50.0,85.0,988.0
WPAC,200311W,136.6,15.7,2003-08-04 00:00:00,55.0,100.0,984.0
WPAC,200311W,135.9,16.0,2003-08-04 03:00:00,55.0,100.0,984.0
WPAC,200311W,135.3,16.4,2003-08-04 06:00:00,55.0,100.0,984.0
WPAC,200311W,134.7,16.8,2003-08-04 09:00:00,55.0,100.0,984.0
WPAC,200311W,132.8,18.0,2003-08-04 21:00:00,73.0,101.2,970.0
WPAC,200311W,132.3,18.3,2003-08-05 00:00:00,80.0,101.2,963.0
WPAC,200311W,131.9,18.6,2003-08-05 03:00:00,80.0,100.0,963.0
WPAC,200311W,131.5,18.8,2003-08-05 06:00:00,80.0,98.8,963.0
WPAC,200311W,131.2,19.1,2003-08-05 09:00:00,83.0,98.8,961.0
WPAC,200311W,129.3,21.7,2003-08-06 00:00:00,95.0,117.5,949.0
WPAC,200311W,129.1,22.3,2003-08-06 03:00:00,95.0,117.5,949.0
WPAC,200311W,128.8,22.9,2003-08-06 06:00:00,95.0,117.5,949.0
WPAC,200311W,128.7,23.5,2003-08-06 09:00:00,95.0,117.5,949.0
WPAC,200311W,128.2,26.5,2003-08-07 00:00:00,110.0,217.5,933.0
WPAC,200311W,128.3,26.9,2003-08-07 03:00:00,110.0,217.5,933.0
WPAC,200311W,128.5,27.4,2003-08-07 06:00:00,110.0,217.5,933.0
WPAC,200311W,129.0,27.9,2003-08-07 09:00:00,110.0,215.0,933.0
WPAC,200311W,131.4,30.0,2003-08-07 21:00:00,103.0,206.2,941.0
WPAC,200311W,132.0,30.7,2003-08-08 00:00:00,100.0,200.0,944.0
WPAC,200311W,132.5,31.4,2003-08-08 03:00:00,95.0,200.0,949.0
WPAC,200311W,133.0,32.0,2003-08-08 06:00:00,90.0,200.0,954.0
WPAC,200311W,133.5,32.6,2003-08-08 09:00:00,90.0,196.2,954.0
WPAC,200311W,135.6,35.0,2003-08-08 21:00:00,73.0,80.0,970.0
WPAC,200312W,151.9,8.9,2003-08-14 21:00:00,20.0,0.0,1004.0
WPAC,200312W,149.2,10.6,2003-08-15 21:00:00,25.0,0.0,1002.0
WPAC,200312W,145.4,13.5,2003-08-16 21:00:00,25.0,0.0,1002.0
WPAC,200312W,144.8,13.7,2003-08-17 00:00:00,25.0,0.0,1002.0
WPAC,200312W,144.2,13.9,2003-08-17 03:00:00,25.0,0.0,1002.0
WPAC,200312W,143.7,14.2,2003-08-17 06:00:00,25.0,0.0,1002.0
WPAC,200312W,143.2,14.7,2003-08-17 09:00:00,25.0,0.0,1002.0
WPAC,200312W,141.4,16.6,2003-08-17 21:00:00,25.0,0.0,1002.0
WPAC,200312W,139.1,17.6,2003-08-18 09:00:00,25.0,0.0,1002.0
WPAC,200312W,136.9,18.9,2003-08-18 21:00:00,25.0,0.0,1002.0
WPAC,200312W,133.1,20.1,2003-08-19 21:00:00,30.0,0.0,1000.0
WPAC,200312W,114.7,18.8,2003-08-24 00:00:00,75.0,100.0,967.0
WPAC,200312W,110.0,20.4,2003-08-25 00:00:00,80.0,107.5,963.0
WPAC,200312W,108.9,20.8,2003-08-25 06:00:00,90.0,123.8,954.0
WPAC,200312W,108.3,21.0,2003-08-25 09:00:00,90.0,123.8,954.0
WPAC,200313W,125.4,20.8,2003-08-19 00:00:00,25.0,0.0,1002.0
WPAC,200313W,125.1,21.8,2003-08-19 03:00:00,28.0,0.0,1001.0
WPAC,200313W,124.8,22.8,2003-08-19 06:00:00,30.0,0.0,1000.0
WPAC,200313W,124.1,23.6,2003-08-19 09:00:00,30.0,0.0,1000.0
WPAC,200314W,138.2,18.6,2003-08-27 21:00:00,25.0,0.0,1002.0
WPAC,200314W,138.1,18.3,2003-08-28 00:00:00,25.0,0.0,1002.0
WPAC,200314W,137.8,17.9,2003-08-28 03:00:00,28.0,0.0,1001.0
WPAC,200314W,137.6,17.5,2003-08-28 06:00:00,30.0,0.0,1000.0
WPAC,200314W,137.1,17.1,2003-08-28 09:00:00,33.0,0.0,999.0
WPAC,200314W,135.3,16.3,2003-08-29 00:00:00,35.0,0.0,997.0
WPAC,200314W,135.1,16.1,2003-08-29 03:00:00,35.0,0.0,997.0
WPAC,200314W,134.7,15.9,2003-08-29 09:00:00,40.0,60.0,994.0
WPAC,200314W,134.3,16.3,2003-08-30 00:00:00,70.0,145.0,972.0
WPAC,200314W,134.0,16.5,2003-08-30 03:00:00,73.0,142.5,970.0
WPAC,200314W,133.7,16.7,2003-08-30 06:00:00,75.0,140.0,967.0
WPAC,200314W,133.4,17.1,2003-08-30 09:00:00,75.0,142.5,967.0
WPAC,200314W,131.1,19.2,2003-08-31 00:00:00,80.0,150.0,963.0
WPAC,200314W,130.3,19.5,2003-08-31 03:00:00,85.0,160.0,959.0
WPAC,200314W,128.8,20.0,2003-08-31 09:00:00,93.0,170.0,952.0
WPAC,200314W,125.4,20.6,2003-09-01 00:00:00,120.0,170.0,922.0
WPAC,200314W,124.5,20.8,2003-09-01 03:00:00,120.0,170.0,922.0
WPAC,200314W,123.6,20.9,2003-09-01 06:00:00,120.0,170.0,922.0
WPAC,200314W,122.7,21.0,2003-09-01 09:00:00,123.0,172.5,919.0
WPAC,200314W,118.2,22.0,2003-09-02 00:00:00,120.0,190.0,922.0
WPAC,200314W,117.4,22.1,2003-09-02 03:00:00,113.0,183.8,930.0
WPAC,200314W,116.6,22.2,2003-09-02 06:00:00,105.0,177.5,938.0
WPAC,200314W,115.7,22.4,2003-09-02 09:00:00,95.0,166.2,948.0
WPAC,200314W,111.5,22.6,2003-09-02 21:00:00,53.0,130.0,985.0
WPAC,200314W,110.5,22.6,2003-09-03 00:00:00,40.0,130.0,994.0
WPAC,200314W,109.8,22.8,2003-09-03 03:00:00,35.0,65.0,997.0
WPAC,200314W,109.2,23.0,2003-09-03 06:00:00,30.0,0.0,1000.0
WPAC,200315W,148.0,11.9,2003-09-04 21:00:00,25.0,0.0,1002.0
WPAC,200315W,147.6,12.6,2003-09-05 00:00:00,25.0,0.0,1002.0
WPAC,200315W,146.8,12.8,2003-09-05 03:00:00,25.0,0.0,1002.0
WPAC,200315W,146.1,13.0,2003-09-05 06:00:00,25.0,0.0,1002.0
WPAC,200315W,142.7,14.3,2003-09-05 21:00:00,38.0,0.0,996.0
WPAC,200315W,141.6,14.9,2003-09-06 03:00:00,40.0,30.0,994.0
WPAC,200315W,141.0,15.2,2003-09-06 06:00:00,40.0,60.0,994.0
WPAC,200315W,140.5,15.6,2003-09-06 09:00:00,43.0,50.6,993.0
WPAC,200315W,138.3,17.0,2003-09-06 21:00:00,55.0,90.0,984.0
WPAC,200315W,136.7,18.3,2003-09-07 06:00:00,60.0,90.0,980.0
WPAC,200315W,136.2,18.6,2003-09-07 09:00:00,60.0,91.2,980.0
WPAC,200315W,134.4,19.6,2003-09-07 21:00:00,68.0,95.0,974.0
WPAC,200315W,133.5,20.0,2003-09-08 03:00:00,70.0,100.0,972.0
WPAC,200315W,132.5,20.4,2003-09-08 09:00:00,73.0,100.6,970.0
WPAC,200315W,129.9,22.1,2003-09-09 03:00:00,103.0,60.0,941.0
WPAC,200315W,129.5,22.4,2003-09-09 06:00:00,115.0,120.0,927.0
WPAC,200315W,129.1,22.6,2003-09-09 09:00:00,123.0,135.0,919.0
WPAC,200315W,127.5,23.5,2003-09-09 21:00:00,140.0,150.0,898.0
WPAC,200315W,127.2,23.6,2003-09-10 00:00:00,150.0,150.0,885.0
WPAC,200315W,127.0,23.8,2003-09-10 03:00:00,150.0,152.5,885.0
WPAC,200315W,126.7,24.0,2003-09-10 06:00:00,150.0,155.0,885.0
WPAC,200315W,126.4,24.1,2003-09-10 09:00:00,150.0,155.0,885.0
WPAC,200315W,125.3,25.2,2003-09-11 00:00:00,125.0,145.0,916.0
WPAC,200315W,125.3,25.5,2003-09-11 03:00:00,130.0,148.8,910.0
WPAC,200315W,125.3,25.9,2003-09-11 06:00:00,135.0,152.5,904.0
WPAC,200315W,125.4,26.4,2003-09-11 09:00:00,135.0,150.6,904.0
WPAC,200315W,126.5,30.6,2003-09-12 00:00:00,120.0,153.8,922.0
WPAC,200315W,126.8,31.7,2003-09-12 03:00:00,113.0,150.0,930.0
WPAC,200315W,127.1,32.7,2003-09-12 06:00:00,105.0,146.2,938.0
WPAC,200315W,127.7,33.8,2003-09-12 09:00:00,100.0,140.6,944.0
WPAC,200315W,131.5,38.9,2003-09-13 00:00:00,75.0,130.0,967.0
WPAC,200315W,133.1,39.8,2003-09-13 03:00:00,68.0,125.0,974.0
WPAC,200315W,134.7,40.6,2003-09-13 06:00:00,60.0,120.0,980.0
WPAC,200315W,136.3,41.4,2003-09-13 09:00:00,58.0,120.0,982.0
WPAC,200316W,128.0,21.5,2003-09-18 03:00:00,30.0,0.0,1000.0
WPAC,200316W,127.4,21.7,2003-09-18 06:00:00,30.0,0.0,1000.0
WPAC,200316W,127.3,22.2,2003-09-18 09:00:00,30.0,0.0,1000.0
WPAC,200316W,127.7,24.9,2003-09-19 00:00:00,55.0,90.0,984.0
WPAC,200316W,127.8,25.4,2003-09-19 03:00:00,55.0,90.0,984.0
WPAC,200316W,128.0,26.0,2003-09-19 06:00:00,55.0,90.0,984.0
WPAC,200316W,128.1,26.5,2003-09-19 09:00:00,58.0,90.0,982.0
WPAC,200316W,129.7,28.4,2003-09-20 00:00:00,65.0,125.0,976.0
WPAC,200316W,130.2,28.6,2003-09-20 03:00:00,65.0,125.0,976.0
WPAC,200316W,130.7,28.8,2003-09-20 06:00:00,65.0,125.0,976.0
WPAC,200316W,131.4,28.9,2003-09-20 09:00:00,68.0,125.0,974.0
WPAC,200316W,136.4,30.6,2003-09-21 03:00:00,95.0,143.8,949.0
WPAC,200316W,137.2,31.1,2003-09-21 06:00:00,100.0,147.5,944.0
WPAC,200316W,138.1,31.6,2003-09-21 09:00:00,100.0,150.6,944.0
WPAC,200316W,141.8,33.8,2003-09-21 21:00:00,98.0,151.9,947.0
WPAC,200316W,142.8,34.4,2003-09-22 00:00:00,95.0,150.0,949.0
WPAC,200316W,143.9,35.1,2003-09-22 03:00:00,93.0,158.8,952.0
WPAC,200316W,145.0,35.9,2003-09-22 06:00:00,90.0,167.5,954.0
WPAC,200316W,153.8,40.8,2003-09-22 21:00:00,60.0,167.5,980.0
WPAC,200316W,156.5,42.1,2003-09-23 00:00:00,55.0,167.5,984.0
WPAC,200317W,138.9,15.1,2003-09-24 00:00:00,25.0,0.0,1002.0
WPAC,200317W,138.5,15.3,2003-09-24 03:00:00,25.0,0.0,1002.0
WPAC,200317W,137.6,15.8,2003-09-24 09:00:00,25.0,0.0,1002.0
WPAC,200317W,135.8,16.6,2003-09-24 21:00:00,30.0,0.0,1000.0
WPAC,200317W,135.5,16.2,2003-09-25 03:00:00,30.0,0.0,1000.0
WPAC,200317W,135.6,15.8,2003-09-25 06:00:00,30.0,0.0,1000.0
WPAC,200317W,135.8,16.1,2003-09-25 09:00:00,30.0,0.0,1000.0
WPAC,200317W,136.3,17.5,2003-09-25 21:00:00,28.0,0.0,1001.0
WPAC,200317W,136.4,17.9,2003-09-26 00:00:00,25.0,0.0,1002.0
WPAC,200317W,136.6,18.2,2003-09-26 03:00:00,25.0,0.0,1000.0
WPAC,200317W,136.7,18.5,2003-09-26 06:00:00,25.0,0.0,998.0
WPAC,200317W,137.1,18.9,2003-09-26 09:00:00,28.0,0.0,998.0
WPAC,200317W,139.0,21.8,2003-09-27 03:00:00,55.0,100.0,984.0
WPAC,200317W,139.3,22.3,2003-09-27 06:00:00,60.0,100.0,980.0
WPAC,200317W,139.5,22.8,2003-09-27 09:00:00,60.0,125.0,980.0
WPAC,200317W,140.2,24.6,2003-09-27 21:00:00,60.0,145.0,980.0
WPAC,200317W,140.3,25.0,2003-09-28 00:00:00,60.0,140.0,980.0
WPAC,200317W,140.6,25.7,2003-09-28 06:00:00,60.0,140.0,980.0
WPAC,200317W,140.8,26.0,2003-09-28 09:00:00,65.0,160.0,976.0
WPAC,200317W,141.5,27.7,2003-09-29 00:00:00,85.0,157.5,958.0
WPAC,200317W,141.7,28.1,2003-09-29 03:00:00,88.0,161.2,956.0
WPAC,200317W,141.9,28.5,2003-09-29 06:00:00,90.0,165.0,954.0
WPAC,200317W,142.2,28.9,2003-09-29 09:00:00,88.0,168.8,956.0
WPAC,200317W,145.6,31.7,2003-09-29 21:00:00,68.0,157.5,969.0
WPAC,200317W,147.1,32.7,2003-09-30 00:00:00,60.0,157.5,980.0
WPAC,200317W,148.6,33.9,2003-09-30 03:00:00,53.0,157.5,986.0
WPAC,200317W,150.1,35.0,2003-09-30 06:00:00,45.0,157.5,991.0
WPAC,200318W,117.1,18.4,2003-10-06 06:00:00,15.0,0.0,1006.0
WPAC,200318W,116.9,18.3,2003-10-06 09:00:00,15.0,0.0,1006.0
WPAC,200318W,116.0,17.9,2003-10-06 21:00:00,25.0,0.0,1004.0
WPAC,200318W,115.7,17.7,2003-10-07 00:00:00,25.0,0.0,1002.0
WPAC,200318W,115.5,17.5,2003-10-07 03:00:00,25.0,0.0,1002.0
WPAC,200318W,115.2,17.3,2003-10-07 06:00:00,25.0,0.0,1002.0
WPAC,200318W,115.1,17.1,2003-10-07 09:00:00,25.0,0.0,1002.0
WPAC,200318W,115.4,17.4,2003-10-08 00:00:00,25.0,0.0,1002.0
WPAC,200318W,115.4,17.5,2003-10-08 03:00:00,25.0,0.0,1002.0
WPAC,200318W,115.4,17.7,2003-10-08 06:00:00,25.0,0.0,1002.0
WPAC,200318W,115.4,17.9,2003-10-08 09:00:00,25.0,0.0,1002.0
WPAC,200318W,115.2,18.7,2003-10-09 00:00:00,25.0,0.0,1002.0
WPAC,200318W,115.2,18.9,2003-10-09 03:00:00,25.0,0.0,1002.0
WPAC,200318W,115.3,19.1,2003-10-09 06:00:00,25.0,0.0,1002.0
WPAC,200318W,115.3,19.3,2003-10-09 09:00:00,25.0,0.0,1002.0
WPAC,200318W,115.0,19.9,2003-10-10 00:00:00,25.0,0.0,1002.0
WPAC,200318W,114.8,20.0,2003-10-10 03:00:00,25.0,0.0,1002.0
WPAC,200318W,114.6,20.2,2003-10-10 06:00:00,25.0,0.0,1002.0
WPAC,200318W,114.2,20.5,2003-10-10 09:00:00,25.0,0.0,1002.0
WPAC,200318W,112.0,21.7,2003-10-11 00:00:00,25.0,0.0,1002.0
WPAC,200319W,131.0,25.9,2003-10-10 06:00:00,25.0,0.0,1002.0
WPAC,200319W,131.2,26.0,2003-10-10 09:00:00,25.0,0.0,1002.0
WPAC,200319W,131.1,27.7,2003-10-11 00:00:00,30.0,0.0,1000.0
WPAC,200319W,130.8,28.0,2003-10-11 03:00:00,28.0,0.0,1001.0
WPAC,200319W,130.5,28.4,2003-10-11 06:00:00,25.0,0.0,1002.0
WPAC,200319W,130.2,28.8,2003-10-11 09:00:00,28.0,0.0,1001.0
WPAC,200319W,129.8,30.3,2003-10-12 00:00:00,30.0,0.0,1000.0
WPAC,200319W,129.9,30.7,2003-10-12 03:00:00,30.0,0.0,1000.0
WPAC,200319W,130.1,31.1,2003-10-12 06:00:00,30.0,0.0,1000.0
WPAC,200319W,130.8,31.6,2003-10-12 09:00:00,30.0,0.0,1000.0
WPAC,200319W,135.8,34.0,2003-10-13 00:00:00,30.0,0.0,1000.0
WPAC,200320W,130.2,15.1,2003-10-18 21:00:00,33.0,15.0,999.0
WPAC,200320W,130.2,15.2,2003-10-19 00:00:00,35.0,30.0,997.0
WPAC,200320W,130.2,15.2,2003-10-19 03:00:00,38.0,37.5,996.0
WPAC,200320W,130.3,15.3,2003-10-19 06:00:00,40.0,45.0,994.0
WPAC,200320W,130.4,15.4,2003-10-19 09:00:00,40.0,45.0,994.0
WPAC,200320W,130.8,15.6,2003-10-20 00:00:00,50.0,75.0,987.0
WPAC,200320W,130.9,15.6,2003-10-20 03:00:00,53.0,75.0,986.0
WPAC,200320W,131.0,15.7,2003-10-20 06:00:00,55.0,75.0,984.0
WPAC,200320W,131.0,15.8,2003-10-20 09:00:00,60.0,78.1,980.0
WPAC,200320W,131.1,16.3,2003-10-20 21:00:00,88.0,146.2,956.0
WPAC,200320W,131.1,16.4,2003-10-21 00:00:00,95.0,146.2,949.0
WPAC,200320W,131.1,16.5,2003-10-21 03:00:00,105.0,146.2,938.0
WPAC,200320W,131.2,16.6,2003-10-21 06:00:00,115.0,146.2,927.0
WPAC,200320W,131.1,16.7,2003-10-21 09:00:00,120.0,165.6,922.0
WPAC,200320W,131.1,17.6,2003-10-22 03:00:00,125.0,185.0,916.0
WPAC,200320W,131.1,17.8,2003-10-22 06:00:00,125.0,185.0,916.0
WPAC,200320W,131.2,18.0,2003-10-22 09:00:00,125.0,195.0,916.0
WPAC,200320W,132.1,18.7,2003-10-23 00:00:00,110.0,170.0,933.0
WPAC,200320W,132.2,18.9,2003-10-23 03:00:00,108.0,167.5,936.0
WPAC,200320W,132.4,19.0,2003-10-23 06:00:00,105.0,165.0,938.0
WPAC,200320W,132.6,19.2,2003-10-23 09:00:00,105.0,165.0,938.0
WPAC,200320W,133.5,20.4,2003-10-24 00:00:00,100.0,165.0,944.0
WPAC,200320W,133.6,20.7,2003-10-24 03:00:00,95.0,160.0,949.0
WPAC,200320W,133.7,21.0,2003-10-24 06:00:00,90.0,155.0,954.0
WPAC,200320W,133.8,21.4,2003-10-24 09:00:00,88.0,153.8,956.0
WPAC,200320W,135.7,24.5,2003-10-25 00:00:00,85.0,160.0,958.0
WPAC,200320W,136.4,25.2,2003-10-25 03:00:00,83.0,160.0,961.0
WPAC,200320W,137.1,25.9,2003-10-25 06:00:00,80.0,160.0,963.0
WPAC,200320W,142.9,30.9,2003-10-25 21:00:00,70.0,147.5,972.0
WPAC,200320W,144.2,31.9,2003-10-26 00:00:00,70.0,135.0,972.0
WPAC,200320W,145.6,33.0,2003-10-26 03:00:00,70.0,135.0,972.0
WPAC,200320W,147.0,34.1,2003-10-26 06:00:00,70.0,135.0,972.0
WPAC,200320W,148.7,35.1,2003-10-26 09:00:00,68.0,135.0,974.0
WPAC,200321W,145.9,17.8,2003-10-18 21:00:00,15.0,0.0,1006.0
WPAC,200321W,145.8,18.0,2003-10-19 00:00:00,15.0,0.0,1006.0
WPAC,200321W,145.6,18.2,2003-10-19 03:00:00,15.0,0.0,1006.0
WPAC,200321W,145.3,18.5,2003-10-19 06:00:00,15.0,0.0,1006.0
WPAC,200321W,143.7,19.5,2003-10-19 21:00:00,20.0,0.0,1004.0
WPAC,200321W,143.5,19.7,2003-10-20 00:00:00,20.0,0.0,1004.0
WPAC,200321W,143.3,19.9,2003-10-20 03:00:00,20.0,0.0,1002.0
WPAC,200321W,143.1,20.1,2003-10-20 06:00:00,20.0,0.0,1000.0
WPAC,200321W,142.9,20.3,2003-10-20 09:00:00,23.0,0.0,1001.0
WPAC,200321W,143.5,21.1,2003-10-20 21:00:00,33.0,0.0,999.0
WPAC,200321W,143.8,21.3,2003-10-21 00:00:00,35.0,0.0,997.0
WPAC,200321W,144.2,21.5,2003-10-21 03:00:00,35.0,0.0,997.0
WPAC,200321W,144.5,21.7,2003-10-21 06:00:00,35.0,0.0,997.0
WPAC,200321W,146.1,22.5,2003-10-21 21:00:00,48.0,70.0,989.0
WPAC,200321W,146.6,22.9,2003-10-22 03:00:00,55.0,90.0,984.0
WPAC,200321W,146.8,23.2,2003-10-22 06:00:00,60.0,110.0,980.0
WPAC,200321W,147.1,23.4,2003-10-22 09:00:00,63.0,130.0,978.0
WPAC,200321W,148.6,24.8,2003-10-22 21:00:00,70.0,150.0,972.0
WPAC,200321W,149.0,25.2,2003-10-23 00:00:00,75.0,150.0,967.0
WPAC,200321W,149.4,25.7,2003-10-23 03:00:00,83.0,147.5,961.0
WPAC,200321W,149.8,26.2,2003-10-23 06:00:00,90.0,145.0,954.0
WPAC,200321W,154.2,29.2,2003-10-24 00:00:00,115.0,0.0,927.0
WPAC,200321W,155.2,29.6,2003-10-24 03:00:00,120.0,78.8,922.0
WPAC,200321W,156.3,30.1,2003-10-24 06:00:00,125.0,157.5,916.0
WPAC,200321W,162.6,30.5,2003-10-24 21:00:00,128.0,158.8,913.0
WPAC,200321W,163.6,30.1,2003-10-25 00:00:00,125.0,145.0,916.0
WPAC,200321W,164.6,29.5,2003-10-25 03:00:00,123.0,145.0,919.0
WPAC,200321W,165.5,28.8,2003-10-25 06:00:00,120.0,145.0,922.0
WPAC,200321W,166.3,28.2,2003-10-25 09:00:00,118.0,145.0,925.0
WPAC,200321W,168.9,25.8,2003-10-25 21:00:00,100.0,145.0,944.0
WPAC,200321W,169.3,25.1,2003-10-26 00:00:00,95.0,145.0,949.0
WPAC,200321W,169.4,24.6,2003-10-26 03:00:00,93.0,140.0,949.0
WPAC,200321W,169.4,24.0,2003-10-26 06:00:00,90.0,135.0,949.0
WPAC,200321W,169.1,23.5,2003-10-26 09:00:00,85.0,132.5,956.0
WPAC,200321W,166.6,22.3,2003-10-26 21:00:00,65.0,130.0,976.0
WPAC,200321W,165.8,22.2,2003-10-27 00:00:00,65.0,130.0,976.0
WPAC,200321W,165.2,22.2,2003-10-27 03:00:00,65.0,130.0,976.0
WPAC,200321W,164.5,22.2,2003-10-27 06:00:00,65.0,130.0,976.0
WPAC,200321W,159.3,21.9,2003-10-27 21:00:00,75.0,141.2,967.0
WPAC,200321W,158.2,21.9,2003-10-28 00:00:00,75.0,142.5,967.0
WPAC,200321W,157.2,21.9,2003-10-28 03:00:00,75.0,142.5,967.0
WPAC,200321W,156.2,21.9,2003-10-28 06:00:00,75.0,142.5,967.0
WPAC,200321W,149.4,23.8,2003-10-29 06:00:00,110.0,147.5,933.0
WPAC,200321W,149.6,26.1,2003-10-29 21:00:00,115.0,142.5,927.0
WPAC,200321W,150.1,26.6,2003-10-30 00:00:00,115.0,137.5,927.0
WPAC,200321W,150.8,27.2,2003-10-30 03:00:00,108.0,137.5,936.0
WPAC,200321W,151.5,27.8,2003-10-30 06:00:00,100.0,137.5,944.0
WPAC,200321W,152.7,28.4,2003-10-30 09:00:00,95.0,141.2,949.0
WPAC,200321W,158.1,30.1,2003-10-30 21:00:00,75.0,145.0,968.0
WPAC,200321W,159.5,30.5,2003-10-31 00:00:00,70.0,145.0,972.0
WPAC,200321W,161.3,30.9,2003-10-31 03:00:00,63.0,72.5,978.0
WPAC,200321W,163.1,31.4,2003-10-31 06:00:00,55.0,0.0,984.0
WPAC,200321W,165.1,31.8,2003-10-31 09:00:00,50.0,0.0,988.0
WPAC,200322W,112.2,11.7,2003-10-21 06:00:00,25.0,0.0,1002.0
WPAC,200322W,112.3,11.8,2003-10-21 09:00:00,25.0,0.0,1002.0
WPAC,200322W,114.1,11.9,2003-10-22 00:00:00,25.0,0.0,1002.0
WPAC,200322W,114.5,11.9,2003-10-22 03:00:00,25.0,0.0,1002.0
WPAC,200322W,114.9,11.8,2003-10-22 06:00:00,25.0,0.0,1002.0
WPAC,200322W,115.3,11.7,2003-10-22 09:00:00,25.0,0.0,1002.0
WPAC,200322W,117.9,11.1,2003-10-23 00:00:00,25.0,0.0,1002.0
WPAC,200322W,118.6,11.0,2003-10-23 03:00:00,25.0,0.0,1002.0
WPAC,200322W,119.2,10.9,2003-10-23 06:00:00,25.0,0.0,1002.0
WPAC,200322W,119.9,10.9,2003-10-23 09:00:00,25.0,0.0,1002.0
WPAC,200322W,122.1,10.9,2003-10-24 00:00:00,20.0,0.0,1004.0
WPAC,200323W,101.4,9.5,2003-10-22 00:00:00,25.0,0.0,1002.0
WPAC,200323W,101.4,9.6,2003-10-22 03:00:00,25.0,0.0,1002.0
WPAC,200323W,101.4,9.6,2003-10-22 06:00:00,25.0,0.0,1002.0
WPAC,200323W,101.3,9.6,2003-10-22 09:00:00,28.0,0.0,1001.0
WPAC,200323W,101.1,10.1,2003-10-23 00:00:00,25.0,0.0,1002.0
WPAC,200323W,101.0,10.2,2003-10-23 03:00:00,25.0,0.0,1002.0
WPAC,200323W,101.0,10.4,2003-10-23 06:00:00,25.0,0.0,1002.0
WPAC,200323W,101.0,10.6,2003-10-23 09:00:00,25.0,0.0,1002.0
WPAC,200323W,101.0,11.4,2003-10-24 00:00:00,25.0,0.0,1002.0
WPAC,200323W,100.9,11.6,2003-10-24 03:00:00,25.0,0.0,1002.0
WPAC,200323W,100.8,11.7,2003-10-24 06:00:00,25.0,0.0,1002.0
WPAC,200323W,100.5,11.9,2003-10-24 09:00:00,25.0,0.0,1002.0
WPAC,200323W,98.6,12.4,2003-10-25 00:00:00,25.0,0.0,1002.0
WPAC,200323W,98.0,12.4,2003-10-25 03:00:00,25.0,0.0,1002.0
WPAC,200323W,97.4,12.5,2003-10-25 06:00:00,25.0,0.0,1002.0
WPAC,200323W,96.8,12.8,2003-10-25 09:00:00,25.0,0.0,1002.0
WPAC,200323W,94.1,13.2,2003-10-26 00:00:00,25.0,0.0,1002.0
WPAC,200323W,93.7,13.2,2003-10-26 03:00:00,25.0,0.0,1002.0
WPAC,200323W,93.3,13.3,2003-10-26 06:00:00,25.0,0.0,1002.0
WPAC,200323W,92.8,13.4,2003-10-26 09:00:00,25.0,0.0,1002.0
WPAC,200323W,90.2,14.0,2003-10-27 00:00:00,35.0,0.0,997.0
WPAC,200323W,89.6,14.3,2003-10-27 03:00:00,35.0,0.0,997.0
WPAC,200323W,88.9,14.6,2003-10-27 06:00:00,35.0,0.0,997.0
WPAC,200323W,88.2,14.9,2003-10-27 09:00:00,35.0,0.0,997.0
WPAC,200323W,84.5,17.9,2003-10-28 03:00:00,33.0,0.0,999.0
WPAC,200323W,84.0,18.2,2003-10-28 06:00:00,30.0,0.0,1000.0
WPAC,200323W,83.7,18.4,2003-10-28 09:00:00,30.0,0.0,1000.0
WPAC,200323W,83.4,18.7,2003-10-28 12:00:00,30.0,0.0,1000.0
WPAC,200324W,132.1,11.7,2003-10-29 03:00:00,15.0,0.0,1006.0
WPAC,200324W,131.3,11.9,2003-10-29 09:00:00,15.0,0.0,1006.0
WPAC,200324W,129.4,12.6,2003-10-30 00:00:00,25.0,0.0,1002.0
WPAC,200324W,129.1,12.8,2003-10-30 03:00:00,25.0,0.0,1002.0
WPAC,200324W,128.7,13.0,2003-10-30 06:00:00,25.0,0.0,1002.0
WPAC,200324W,128.2,13.2,2003-10-30 09:00:00,30.0,0.0,1000.0
WPAC,200324W,125.9,14.7,2003-10-31 00:00:00,45.0,70.0,991.0
WPAC,200324W,125.3,15.0,2003-10-31 03:00:00,48.0,70.0,988.0
WPAC,200324W,124.7,15.3,2003-10-31 06:00:00,50.0,70.0,984.0
WPAC,200324W,124.2,15.6,2003-10-31 09:00:00,58.0,70.0,980.0
WPAC,200324W,122.4,16.8,2003-11-01 00:00:00,75.0,62.5,967.0
WPAC,200324W,122.1,17.2,2003-11-01 03:00:00,73.0,60.0,970.0
WPAC,200324W,121.8,17.6,2003-11-01 06:00:00,70.0,57.5,972.0
WPAC,200324W,121.4,18.1,2003-11-01 09:00:00,68.0,61.2,974.0
WPAC,200324W,120.8,19.8,2003-11-01 21:00:00,63.0,80.0,978.0
WPAC,200324W,120.7,20.1,2003-11-02 00:00:00,60.0,95.0,980.0
WPAC,200324W,120.7,20.4,2003-11-02 03:00:00,60.0,97.5,980.0
WPAC,200324W,120.6,20.7,2003-11-02 06:00:00,60.0,100.0,980.0
WPAC,200324W,120.7,21.0,2003-11-02 09:00:00,60.0,100.0,980.0
WPAC,200324W,121.6,22.4,2003-11-02 21:00:00,50.0,76.2,988.0
WPAC,200324W,121.9,22.7,2003-11-03 00:00:00,45.0,72.5,991.0
WPAC,200324W,122.2,22.9,2003-11-03 03:00:00,45.0,68.8,991.0
WPAC,200324W,122.6,23.1,2003-11-03 06:00:00,45.0,65.0,991.0
WPAC,200324W,122.8,23.2,2003-11-03 09:00:00,45.0,66.2,991.0
WPAC,200324W,123.5,23.6,2003-11-04 00:00:00,35.0,67.5,997.0
WPAC,200325W,138.7,11.3,2003-11-11 21:00:00,18.0,0.0,1005.0
WPAC,200325W,137.8,11.5,2003-11-12 00:00:00,20.0,0.0,1004.0
WPAC,200325W,136.9,11.7,2003-11-12 03:00:00,23.0,0.0,1003.0
WPAC,200325W,135.9,11.8,2003-11-12 06:00:00,25.0,0.0,1002.0
WPAC,200325W,134.9,11.9,2003-11-12 09:00:00,30.0,0.0,1000.0
WPAC,200325W,130.2,12.3,2003-11-13 00:00:00,45.0,100.0,991.0
WPAC,200325W,129.2,12.3,2003-11-13 03:00:00,45.0,100.0,991.0
WPAC,200325W,128.3,12.3,2003-11-13 06:00:00,45.0,100.0,991.0
WPAC,200325W,127.4,12.3,2003-11-13 09:00:00,48.0,100.0,989.0
WPAC,200325W,122.7,12.1,2003-11-14 00:00:00,50.0,100.0,987.0
WPAC,200325W,121.9,12.1,2003-11-14 03:00:00,53.0,100.0,986.0
WPAC,200325W,121.1,12.1,2003-11-14 06:00:00,55.0,100.0,984.0
WPAC,200325W,120.5,12.1,2003-11-14 09:00:00,58.0,100.0,982.0
WPAC,200325W,117.8,12.9,2003-11-15 00:00:00,65.0,100.0,976.0
WPAC,200325W,117.3,13.2,2003-11-15 03:00:00,65.0,100.0,976.0
WPAC,200325W,116.8,13.5,2003-11-15 06:00:00,65.0,100.0,976.0
WPAC,200325W,116.3,13.7,2003-11-15 09:00:00,65.0,100.0,976.0
WPAC,200325W,113.9,14.3,2003-11-16 00:00:00,75.0,100.0,967.0
WPAC,200325W,113.4,14.5,2003-11-16 03:00:00,75.0,105.0,967.0
WPAC,200325W,112.9,14.7,2003-11-16 06:00:00,75.0,110.0,967.0
WPAC,200325W,112.5,14.9,2003-11-16 09:00:00,75.0,110.0,967.0
WPAC,200325W,110.3,16.1,2003-11-17 00:00:00,70.0,95.0,972.0
WPAC,200325W,110.0,16.2,2003-11-17 03:00:00,68.0,88.8,974.0
WPAC,200325W,109.7,16.4,2003-11-17 06:00:00,65.0,82.5,976.0
WPAC,200325W,109.5,16.6,2003-11-17 09:00:00,65.0,82.5,976.0
WPAC,200325W,108.8,18.1,2003-11-18 00:00:00,75.0,130.0,976.0
WPAC,200325W,108.7,18.4,2003-11-18 03:00:00,73.0,130.0,974.0
WPAC,200325W,108.6,18.7,2003-11-18 06:00:00,70.0,130.0,972.0
WPAC,200325W,108.5,18.9,2003-11-18 09:00:00,63.0,130.0,978.0
WPAC,200325W,108.9,20.4,2003-11-19 00:00:00,45.0,100.0,991.0
WPAC,200325W,109.1,20.7,2003-11-19 03:00:00,38.0,50.0,996.0
WPAC,200325W,109.3,21.0,2003-11-19 06:00:00,30.0,0.0,1000.0
WPAC,200325W,109.5,21.4,2003-11-19 09:00:00,25.0,0.0,1002.0
WPAC,200326W,171.7,13.5,2003-11-14 21:00:00,20.0,0.0,1004.0
WPAC,200326W,171.5,13.7,2003-11-15 00:00:00,20.0,0.0,1004.0
WPAC,200326W,171.3,13.8,2003-11-15 03:00:00,20.0,0.0,1004.0
WPAC,200326W,171.1,14.0,2003-11-15 06:00:00,20.0,0.0,1004.0
WPAC,200326W,170.8,14.1,2003-11-15 09:00:00,20.0,0.0,1004.0
WPAC,200326W,169.6,14.2,2003-11-15 21:00:00,15.0,0.0,1006.0
WPAC,200326W,169.2,14.2,2003-11-16 00:00:00,15.0,0.0,1006.0
WPAC,200326W,168.8,14.2,2003-11-16 03:00:00,15.0,0.0,1006.0
WPAC,200326W,168.4,14.2,2003-11-16 06:00:00,15.0,0.0,1006.0
WPAC,200326W,168.0,14.1,2003-11-16 09:00:00,15.0,0.0,1006.0
WPAC,200326W,167.1,13.0,2003-11-16 21:00:00,15.0,0.0,1006.0
WPAC,200326W,167.0,12.7,2003-11-17 00:00:00,15.0,0.0,1006.0
WPAC,200326W,166.9,12.4,2003-11-17 03:00:00,15.0,0.0,1006.0
WPAC,200326W,166.9,12.1,2003-11-17 06:00:00,15.0,0.0,1006.0
WPAC,200326W,166.9,11.8,2003-11-17 09:00:00,15.0,0.0,1006.0
WPAC,200326W,166.1,10.9,2003-11-17 21:00:00,18.0,0.0,1005.0
WPAC,200326W,165.7,10.9,2003-11-18 00:00:00,20.0,0.0,1004.0
WPAC,200326W,165.4,10.9,2003-11-18 03:00:00,20.0,0.0,1004.0
WPAC,200326W,165.1,10.9,2003-11-18 06:00:00,20.0,0.0,1004.0
WPAC,200326W,164.8,10.9,2003-11-18 09:00:00,23.0,0.0,1003.0
WPAC,200326W,163.4,10.8,2003-11-18 21:00:00,25.0,0.0,1002.0
WPAC,200326W,163.1,10.6,2003-11-19 00:00:00,25.0,0.0,1002.0
WPAC,200326W,162.9,10.3,2003-11-19 03:00:00,25.0,0.0,1002.0
WPAC,200326W,162.7,10.0,2003-11-19 06:00:00,25.0,0.0,1002.0
WPAC,200326W,162.5,9.8,2003-11-19 09:00:00,25.0,0.0,1003.0
WPAC,200326W,161.8,9.1,2003-11-19 21:00:00,25.0,0.0,1002.0
WPAC,200326W,161.6,9.0,2003-11-20 00:00:00,25.0,0.0,1002.0
WPAC,200326W,161.4,8.9,2003-11-20 03:00:00,28.0,0.0,1001.0
WPAC,200326W,161.2,8.9,2003-11-20 06:00:00,30.0,0.0,1000.0
WPAC,200326W,161.0,8.9,2003-11-20 09:00:00,30.0,0.0,1000.0
WPAC,200326W,159.8,8.9,2003-11-20 21:00:00,35.0,15.0,997.0
WPAC,200326W,159.4,9.0,2003-11-21 00:00:00,35.0,15.0,997.0
WPAC,200326W,158.8,9.1,2003-11-21 03:00:00,35.0,15.0,997.0
WPAC,200326W,158.2,9.1,2003-11-21 06:00:00,35.0,15.0,997.0
WPAC,200326W,157.5,9.1,2003-11-21 09:00:00,38.0,7.5,996.0
WPAC,200326W,154.7,8.8,2003-11-21 21:00:00,53.0,105.0,986.0
WPAC,200326W,153.9,8.8,2003-11-22 00:00:00,60.0,110.0,980.0
WPAC,200326W,153.1,8.8,2003-11-22 03:00:00,63.0,110.0,978.0
WPAC,200326W,152.3,8.8,2003-11-22 06:00:00,65.0,110.0,976.0
WPAC,200326W,151.5,8.8,2003-11-22 09:00:00,68.0,110.0,974.0
WPAC,200326W,148.4,8.5,2003-11-22 21:00:00,78.0,112.5,965.0
WPAC,200326W,147.8,8.2,2003-11-23 00:00:00,80.0,115.0,963.0
WPAC,200326W,147.2,8.1,2003-11-23 03:00:00,83.0,115.0,961.0
WPAC,200326W,146.6,7.9,2003-11-23 06:00:00,85.0,115.0,958.0
WPAC,200326W,146.1,7.8,2003-11-23 09:00:00,88.0,115.0,956.0
WPAC,200326W,144.2,7.9,2003-11-23 21:00:00,95.0,115.0,949.0
WPAC,200326W,143.8,8.1,2003-11-24 00:00:00,95.0,115.0,949.0
WPAC,200326W,143.4,8.3,2003-11-24 03:00:00,95.0,117.5,949.0
WPAC,200326W,143.1,8.5,2003-11-24 06:00:00,95.0,120.0,949.0
WPAC,200326W,142.6,8.8,2003-11-24 09:00:00,98.0,121.2,947.0
WPAC,200326W,140.5,10.3,2003-11-24 21:00:00,105.0,141.2,938.0
WPAC,200326W,139.3,11.1,2003-11-25 03:00:00,110.0,160.0,933.0
WPAC,200326W,138.7,11.4,2003-11-25 06:00:00,115.0,160.0,927.0
WPAC,200326W,136.9,12.4,2003-11-25 21:00:00,125.0,180.0,916.0
WPAC,200326W,136.7,12.6,2003-11-26 00:00:00,130.0,180.0,910.0
WPAC,200326W,136.5,12.8,2003-11-26 03:00:00,135.0,185.0,904.0
WPAC,200326W,136.3,13.1,2003-11-26 06:00:00,140.0,190.0,898.0
WPAC,200326W,136.2,13.3,2003-11-26 09:00:00,140.0,196.2,898.0
WPAC,200326W,134.9,14.1,2003-11-27 00:00:00,140.0,187.5,898.0
WPAC,200326W,134.6,14.3,2003-11-27 03:00:00,140.0,196.2,898.0
WPAC,200326W,134.3,14.5,2003-11-27 06:00:00,140.0,205.0,898.0
WPAC,200326W,134.1,14.8,2003-11-27 09:00:00,143.0,207.5,895.0
WPAC,200326W,132.8,15.6,2003-11-28 00:00:00,135.0,205.0,904.0
WPAC,200326W,132.6,16.0,2003-11-28 03:00:00,135.0,207.5,904.0
WPAC,200326W,132.3,16.4,2003-11-28 06:00:00,135.0,210.0,904.0
WPAC,200326W,132.1,16.8,2003-11-28 09:00:00,135.0,215.0,904.0
WPAC,200326W,130.8,18.4,2003-11-29 00:00:00,115.0,220.0,927.0
WPAC,200326W,130.7,18.8,2003-11-29 03:00:00,110.0,220.0,933.0
WPAC,200326W,130.5,19.2,2003-11-29 06:00:00,105.0,220.0,938.0
WPAC,200326W,130.7,19.6,2003-11-29 09:00:00,105.0,210.0,938.0
WPAC,200326W,132.6,22.1,2003-11-30 00:00:00,100.0,190.0,944.0
WPAC,200326W,133.3,22.7,2003-11-30 03:00:00,100.0,190.0,944.0
WPAC,200326W,134.0,23.3,2003-11-30 06:00:00,100.0,190.0,944.0
WPAC,200326W,134.7,24.0,2003-11-30 09:00:00,98.0,182.5,947.0
WPAC,200326W,138.8,27.7,2003-12-01 00:00:00,70.0,140.0,972.0
WPAC,200326W,139.4,28.6,2003-12-01 03:00:00,68.0,140.0,974.0
WPAC,200326W,140.0,29.6,2003-12-01 06:00:00,65.0,140.0,976.0
WPAC,200326W,148.6,35.7,2003-12-02 06:00:00,50.0,140.0,987.0
WPAC,200327W,140.6,11.6,2003-12-23 06:00:00,20.0,0.0,1004.0
WPAC,200327W,137.0,13.1,2003-12-24 00:00:00,20.0,0.0,1004.0
WPAC,200327W,136.4,13.2,2003-12-24 03:00:00,23.0,0.0,1004.0
WPAC,200327W,135.8,13.3,2003-12-24 06:00:00,25.0,0.0,1003.0
WPAC,200327W,135.2,13.4,2003-12-24 09:00:00,28.0,0.0,1002.0
WPAC,200327W,132.2,13.7,2003-12-25 00:00:00,30.0,0.0,1000.0
WPAC,200327W,131.6,13.7,2003-12-25 03:00:00,30.0,0.0,1000.0
WPAC,200327W,131.0,13.7,2003-12-25 06:00:00,30.0,0.0,1000.0
WPAC,200327W,130.5,13.8,2003-12-25 09:00:00,33.0,0.0,999.0
WPAC,200327W,128.6,13.7,2003-12-26 00:00:00,35.0,0.0,997.0
WPAC,200327W,128.3,13.6,2003-12-26 03:00:00,35.0,0.0,997.0
WPAC,200327W,128.0,13.4,2003-12-26 06:00:00,35.0,0.0,997.0
WPAC,200327W,127.7,13.2,2003-12-26 09:00:00,35.0,0.0,997.0
WPAC,200327W,126.9,11.5,2003-12-27 00:00:00,35.0,0.0,997.0
WPAC,200327W,126.8,11.1,2003-12-27 03:00:00,35.0,0.0,997.0
WPAC,200327W,126.8,10.6,2003-12-27 06:00:00,35.0,0.0,997.0
WPAC,200327W,126.6,10.2,2003-12-27 09:00:00,33.0,0.0,999.0
WPAC,200401W,146.7,8.5,2004-02-11 03:00:00,18.0,0.0,1005.0
WPAC,200401W,146.2,8.8,2004-02-11 06:00:00,20.0,0.0,1004.0
WPAC,200401W,142.7,11.1,2004-02-12 00:00:00,25.0,0.0,1002.0
WPAC,200401W,142.0,11.3,2004-02-12 03:00:00,28.0,0.0,1001.0
WPAC,200401W,141.3,11.6,2004-02-12 06:00:00,30.0,0.0,1000.0
WPAC,200401W,140.8,12.1,2004-02-12 09:00:00,30.0,0.0,1000.0
WPAC,200401W,137.6,12.4,2004-02-13 00:00:00,30.0,0.0,1000.0
WPAC,200401W,137.1,12.6,2004-02-13 03:00:00,30.0,0.0,1000.0
WPAC,200401W,136.7,12.8,2004-02-13 06:00:00,30.0,0.0,1000.0
WPAC,200401W,136.3,13.1,2004-02-13 09:00:00,33.0,0.0,999.0
WPAC,200401W,135.2,14.8,2004-02-14 00:00:00,35.0,37.5,997.0
WPAC,200401W,135.4,15.1,2004-02-14 03:00:00,35.0,37.5,997.0
WPAC,200401W,135.6,15.3,2004-02-14 06:00:00,35.0,37.5,997.0
WPAC,200401W,135.8,15.1,2004-02-14 09:00:00,33.0,18.8,999.0
WPAC,200401W,136.6,14.9,2004-02-15 00:00:00,30.0,0.0,1000.0
WPAC,200401W,136.8,14.9,2004-02-15 03:00:00,30.0,0.0,1000.0
WPAC,200401W,137.0,14.8,2004-02-15 06:00:00,30.0,0.0,1000.0
WPAC,200401W,136.9,14.7,2004-02-15 09:00:00,28.0,0.0,1001.0
WPAC,200401W,135.8,13.3,2004-02-16 00:00:00,25.0,0.0,1002.0
WPAC,200401W,135.8,12.6,2004-02-16 03:00:00,25.0,0.0,1002.0
WPAC,200401W,135.7,11.9,2004-02-16 06:00:00,25.0,0.0,1002.0
WPAC,200401W,135.4,11.4,2004-02-16 09:00:00,25.0,0.0,1002.0
WPAC,200401W,134.1,9.6,2004-02-17 00:00:00,25.0,0.0,1002.0
WPAC,200401W,134.0,9.4,2004-02-17 03:00:00,25.0,0.0,1002.0
WPAC,200401W,133.9,9.3,2004-02-17 06:00:00,25.0,0.0,1002.0
WPAC,200401W,133.8,9.2,2004-02-17 09:00:00,25.0,0.0,1002.0
WPAC,200401W,133.3,8.9,2004-02-18 00:00:00,25.0,0.0,1002.0
WPAC,200401W,133.1,8.8,2004-02-18 06:00:00,25.0,0.0,1002.0
WPAC,200401W,133.0,8.8,2004-02-18 09:00:00,25.0,0.0,1002.0
WPAC,200401W,132.5,8.5,2004-02-19 00:00:00,20.0,0.0,1004.0
WPAC,200401W,132.4,8.5,2004-02-19 03:00:00,20.0,0.0,1004.0
WPAC,200401W,132.3,8.5,2004-02-19 06:00:00,20.0,0.0,1004.0
WPAC,200402W,142.3,4.0,2004-03-14 06:00:00,20.0,0.0,1004.0
WPAC,200402W,141.9,4.6,2004-03-14 09:00:00,20.0,0.0,1004.0
WPAC,200402W,140.2,6.5,2004-03-15 00:00:00,20.0,0.0,1004.0
WPAC,200402W,139.8,6.7,2004-03-15 03:00:00,20.0,0.0,1004.0
WPAC,200402W,139.5,6.9,2004-03-15 06:00:00,20.0,0.0,1004.0
WPAC,200402W,139.1,7.0,2004-03-15 09:00:00,23.0,0.0,1003.0
WPAC,200402W,137.8,6.4,2004-03-16 03:00:00,25.0,0.0,1002.0
WPAC,200402W,137.3,6.1,2004-03-16 09:00:00,28.0,0.0,1001.0
WPAC,200402W,135.4,5.6,2004-03-17 03:00:00,30.0,0.0,1000.0
WPAC,200402W,134.9,5.7,2004-03-17 06:00:00,30.0,0.0,1000.0
WPAC,200402W,134.4,6.0,2004-03-17 09:00:00,30.0,0.0,1000.0
WPAC,200402W,131.7,7.8,2004-03-18 00:00:00,25.0,0.0,1002.0
WPAC,200402W,131.1,8.2,2004-03-18 03:00:00,25.0,0.0,1002.0
WPAC,200402W,130.6,8.7,2004-03-18 06:00:00,25.0,0.0,1002.0
WPAC,200402W,130.1,9.1,2004-03-18 09:00:00,28.0,0.0,1001.0
WPAC,200402W,128.0,11.0,2004-03-19 00:00:00,35.0,0.0,997.0
WPAC,200402W,127.7,11.3,2004-03-19 03:00:00,35.0,0.0,997.0
WPAC,200402W,127.4,11.6,2004-03-19 06:00:00,35.0,0.0,997.0
WPAC,200402W,127.1,11.9,2004-03-19 09:00:00,35.0,0.0,997.0
WPAC,200402W,125.7,13.2,2004-03-20 00:00:00,35.0,0.0,997.0
WPAC,200402W,125.4,13.4,2004-03-20 03:00:00,35.0,0.0,997.0
WPAC,200402W,125.1,13.7,2004-03-20 06:00:00,35.0,0.0,997.0
WPAC,200402W,125.0,14.0,2004-03-20 09:00:00,35.0,0.0,997.0
WPAC,200402W,124.1,15.0,2004-03-21 00:00:00,35.0,58.8,997.0
WPAC,200402W,124.0,15.2,2004-03-21 03:00:00,35.0,58.8,997.0
WPAC,200402W,124.0,15.5,2004-03-21 06:00:00,35.0,58.8,997.0
WPAC,200402W,124.1,15.8,2004-03-21 09:00:00,35.0,54.4,997.0
WPAC,200402W,124.2,16.9,2004-03-22 00:00:00,25.0,0.0,1002.0
WPAC,200402W,124.3,16.9,2004-03-22 03:00:00,25.0,0.0,1003.0
WPAC,200402W,124.5,16.8,2004-03-22 06:00:00,25.0,0.0,1004.0
WPAC,200402W,124.7,16.8,2004-03-22 09:00:00,25.0,0.0,1003.0
WPAC,200402W,125.6,17.0,2004-03-23 00:00:00,20.0,0.0,1004.0
WPAC,200402W,125.8,17.1,2004-03-23 03:00:00,20.0,0.0,1004.0
WPAC,200402W,126.0,17.3,2004-03-23 06:00:00,20.0,0.0,1004.0
WPAC,200402W,126.0,17.6,2004-03-23 09:00:00,20.0,0.0,1004.0
WPAC,200403W,153.2,6.7,2004-04-02 06:00:00,25.0,0.0,1002.0
WPAC,200403W,152.4,6.2,2004-04-02 21:00:00,25.0,0.0,1002.0
WPAC,200403W,152.2,6.1,2004-04-03 00:00:00,25.0,0.0,1002.0
WPAC,200403W,151.9,6.1,2004-04-03 03:00:00,25.0,0.0,1002.0
WPAC,200403W,151.7,6.1,2004-04-03 06:00:00,25.0,0.0,1002.0
WPAC,200403W,150.3,6.4,2004-04-04 00:00:00,30.0,0.0,1000.0
WPAC,200403W,149.8,6.5,2004-04-04 06:00:00,30.0,0.0,1000.0
WPAC,200403W,149.1,7.8,2004-04-04 21:00:00,38.0,22.5,997.0
WPAC,200403W,149.0,8.5,2004-04-05 03:00:00,45.0,87.5,992.0
WPAC,200403W,148.9,8.9,2004-04-05 06:00:00,50.0,130.0,987.0
WPAC,200403W,148.6,9.2,2004-04-05 09:00:00,53.0,130.0,986.0
WPAC,200403W,147.2,9.3,2004-04-05 21:00:00,60.0,125.0,980.0
WPAC,200403W,146.5,9.1,2004-04-06 03:00:00,65.0,122.5,976.0
WPAC,200403W,146.1,9.1,2004-04-06 06:00:00,65.0,125.0,976.0
WPAC,200403W,145.8,9.2,2004-04-06 09:00:00,70.0,125.0,972.0
WPAC,200403W,144.5,10.1,2004-04-06 21:00:00,78.0,127.5,965.0
WPAC,200403W,144.1,10.1,2004-04-07 00:00:00,80.0,130.0,963.0
WPAC,200403W,142.6,9.9,2004-04-07 09:00:00,90.0,135.0,954.0
WPAC,200403W,140.6,9.2,2004-04-08 00:00:00,100.0,155.0,944.0
WPAC,200403W,140.2,9.1,2004-04-08 03:00:00,108.0,155.0,936.0
WPAC,200403W,139.9,8.9,2004-04-08 06:00:00,115.0,155.0,927.0
WPAC,200403W,139.5,8.9,2004-04-08 09:00:00,115.0,161.2,927.0
WPAC,200403W,138.2,9.1,2004-04-08 21:00:00,110.0,151.2,933.0
WPAC,200403W,138.0,9.2,2004-04-09 00:00:00,110.0,135.0,933.0
WPAC,200403W,137.6,9.4,2004-04-09 03:00:00,110.0,135.0,933.0
WPAC,200403W,137.2,9.6,2004-04-09 06:00:00,110.0,135.0,933.0
WPAC,200403W,136.8,9.8,2004-04-09 09:00:00,113.0,135.0,930.0
WPAC,200403W,135.4,10.7,2004-04-09 21:00:00,128.0,147.5,913.0
WPAC,200403W,135.1,10.9,2004-04-10 00:00:00,130.0,150.0,910.0
WPAC,200403W,134.7,11.2,2004-04-10 03:00:00,130.0,156.2,910.0
WPAC,200403W,133.9,11.6,2004-04-10 09:00:00,125.0,162.5,916.0
WPAC,200403W,132.2,13.2,2004-04-11 00:00:00,115.0,162.5,927.0
WPAC,200403W,131.9,13.4,2004-04-11 03:00:00,115.0,163.8,927.0
WPAC,200403W,131.7,13.7,2004-04-11 06:00:00,115.0,165.0,927.0
WPAC,200403W,131.6,14.0,2004-04-11 09:00:00,113.0,165.0,930.0
WPAC,200403W,131.0,15.3,2004-04-12 00:00:00,115.0,160.0,927.0
WPAC,200403W,130.9,15.6,2004-04-12 03:00:00,115.0,162.5,927.0
WPAC,200403W,130.9,15.8,2004-04-12 06:00:00,115.0,165.0,927.0
WPAC,200403W,131.0,16.1,2004-04-12 09:00:00,118.0,165.0,925.0
WPAC,200403W,131.6,17.2,2004-04-13 00:00:00,120.0,165.0,922.0
WPAC,200403W,131.8,17.5,2004-04-13 03:00:00,123.0,167.5,919.0
WPAC,200403W,132.0,17.8,2004-04-13 06:00:00,125.0,170.0,916.0
WPAC,200403W,132.2,18.2,2004-04-13 09:00:00,120.0,170.0,922.0
WPAC,200403W,134.5,20.9,2004-04-14 03:00:00,105.0,152.5,938.0
WPAC,200403W,135.1,21.4,2004-04-14 06:00:00,105.0,152.5,938.0
WPAC,200403W,135.8,21.9,2004-04-14 09:00:00,103.0,150.0,941.0
WPAC,200403W,138.6,23.5,2004-04-14 21:00:00,88.0,145.0,956.0
WPAC,200403W,139.4,23.8,2004-04-15 00:00:00,85.0,142.5,958.0
WPAC,200403W,140.2,24.1,2004-04-15 03:00:00,78.0,142.5,965.0
WPAC,200403W,141.0,24.4,2004-04-15 06:00:00,70.0,142.5,972.0
WPAC,200403W,142.1,24.8,2004-04-15 09:00:00,63.0,148.8,978.0
WPAC,200404W,132.0,7.5,2004-05-13 06:00:00,20.0,0.0,1004.0
WPAC,200404W,132.1,7.7,2004-05-13 09:00:00,23.0,0.0,1003.0
WPAC,200404W,131.7,8.4,2004-05-14 00:00:00,45.0,112.5,991.0
WPAC,200404W,131.5,8.5,2004-05-14 03:00:00,50.0,112.5,988.0
WPAC,200404W,131.3,8.6,2004-05-14 06:00:00,55.0,112.5,984.0
WPAC,200404W,131.2,8.8,2004-05-14 09:00:00,60.0,112.5,980.0
WPAC,200404W,129.9,9.5,2004-05-15 00:00:00,80.0,135.0,963.0
WPAC,200404W,129.5,9.7,2004-05-15 03:00:00,85.0,146.2,959.0
WPAC,200404W,129.1,9.8,2004-05-15 06:00:00,90.0,157.5,954.0
WPAC,200404W,128.8,10.0,2004-05-15 09:00:00,90.0,157.5,954.0
WPAC,200404W,127.0,11.2,2004-05-16 00:00:00,115.0,145.0,927.0
WPAC,200404W,126.7,11.6,2004-05-16 03:00:00,120.0,145.0,922.0
WPAC,200404W,126.4,11.9,2004-05-16 06:00:00,125.0,145.0,916.0
WPAC,200404W,126.1,12.2,2004-05-16 09:00:00,133.0,145.0,907.0
WPAC,200404W,124.3,13.9,2004-05-17 00:00:00,130.0,140.0,910.0
WPAC,200404W,124.1,14.2,2004-05-17 03:00:00,130.0,135.0,910.0
WPAC,200404W,123.9,14.6,2004-05-17 06:00:00,130.0,130.0,910.0
WPAC,200404W,123.8,15.0,2004-05-17 09:00:00,128.0,130.0,913.0
WPAC,200404W,123.6,16.9,2004-05-18 00:00:00,125.0,140.0,916.0
WPAC,200404W,123.7,17.2,2004-05-18 03:00:00,125.0,140.0,916.0
WPAC,200404W,123.7,17.6,2004-05-18 06:00:00,125.0,140.0,916.0
WPAC,200404W,123.8,18.0,2004-05-18 09:00:00,123.0,135.0,919.0
WPAC,200404W,125.2,20.2,2004-05-19 00:00:00,105.0,125.0,938.0
WPAC,200404W,125.9,20.8,2004-05-19 03:00:00,103.0,126.2,941.0
WPAC,200404W,126.6,21.3,2004-05-19 06:00:00,100.0,127.5,944.0
WPAC,200404W,127.3,21.9,2004-05-19 09:00:00,98.0,127.5,947.0
WPAC,200404W,131.8,25.3,2004-05-20 00:00:00,80.0,112.5,963.0
WPAC,200404W,133.1,26.1,2004-05-20 03:00:00,78.0,112.5,965.0
WPAC,200404W,134.4,26.9,2004-05-20 06:00:00,75.0,112.5,967.0
WPAC,200404W,135.7,27.9,2004-05-20 09:00:00,73.0,112.5,970.0
WPAC,200404W,141.8,32.1,2004-05-20 21:00:00,55.0,97.5,984.0
WPAC,200404W,143.3,33.8,2004-05-21 00:00:00,55.0,97.5,984.0
WPAC,200404W,144.7,35.8,2004-05-21 03:00:00,50.0,97.5,988.0
WPAC,200404W,146.0,37.7,2004-05-21 06:00:00,45.0,97.5,991.0
WPAC,200405W,113.2,9.4,2004-05-14 06:00:00,25.0,0.0,1002.0
WPAC,200405W,112.9,9.5,2004-05-14 09:00:00,25.0,0.0,1002.0
WPAC,200405W,111.4,9.7,2004-05-15 00:00:00,25.0,0.0,1002.0
WPAC,200405W,111.2,9.6,2004-05-15 03:00:00,25.0,0.0,1002.0
WPAC,200405W,110.9,9.5,2004-05-15 06:00:00,25.0,0.0,1002.0
WPAC,200405W,110.7,9.5,2004-05-15 09:00:00,25.0,0.0,1002.0
WPAC,200405W,109.5,9.9,2004-05-16 00:00:00,30.0,0.0,1000.0
WPAC,200405W,109.2,9.8,2004-05-16 03:00:00,33.0,22.5,999.0
WPAC,200405W,108.9,9.7,2004-05-16 06:00:00,35.0,45.0,997.0
WPAC,200405W,108.6,9.7,2004-05-16 09:00:00,33.0,22.5,999.0
WPAC,200405W,109.1,10.3,2004-05-17 00:00:00,30.0,0.0,1000.0
WPAC,200405W,109.2,10.2,2004-05-17 03:00:00,28.0,0.0,1001.0
WPAC,200405W,109.4,10.0,2004-05-17 06:00:00,25.0,0.0,1002.0
WPAC,200405W,109.6,10.1,2004-05-17 09:00:00,25.0,0.0,1002.0
WPAC,200405W,110.4,10.5,2004-05-18 00:00:00,25.0,0.0,1002.0
WPAC,200405W,110.6,10.6,2004-05-18 03:00:00,25.0,0.0,1002.0
WPAC,200405W,110.7,10.7,2004-05-18 06:00:00,25.0,0.0,1002.0
WPAC,200405W,110.8,10.8,2004-05-18 09:00:00,25.0,0.0,1002.0
WPAC,200406W,146.8,5.6,2004-05-15 06:00:00,20.0,0.0,1004.0
WPAC,200406W,144.1,6.0,2004-05-15 21:00:00,25.0,0.0,1002.0
WPAC,200406W,143.6,6.1,2004-05-16 00:00:00,25.0,0.0,1002.0
WPAC,200406W,143.1,6.2,2004-05-16 03:00:00,28.0,0.0,1001.0
WPAC,200406W,142.6,6.3,2004-05-16 06:00:00,30.0,0.0,1000.0
WPAC,200406W,142.1,6.4,2004-05-16 09:00:00,33.0,0.0,999.0
WPAC,200406W,140.6,6.9,2004-05-16 21:00:00,38.0,22.5,996.0
WPAC,200406W,140.3,7.1,2004-05-17 00:00:00,40.0,45.0,994.0
WPAC,200406W,139.7,7.4,2004-05-17 06:00:00,45.0,45.0,991.0
WPAC,200406W,139.4,7.6,2004-05-17 09:00:00,48.0,45.0,989.0
WPAC,200406W,138.3,8.6,2004-05-17 21:00:00,55.0,50.0,984.0
WPAC,200406W,138.0,8.8,2004-05-18 00:00:00,55.0,50.0,984.0
WPAC,200406W,137.6,8.9,2004-05-18 03:00:00,55.0,55.0,984.0
WPAC,200406W,137.1,9.1,2004-05-18 06:00:00,55.0,60.0,984.0
WPAC,200406W,136.7,9.3,2004-05-18 09:00:00,55.0,60.0,984.0
WPAC,200406W,135.1,10.2,2004-05-18 21:00:00,58.0,65.0,982.0
WPAC,200406W,134.7,10.4,2004-05-19 00:00:00,60.0,70.0,980.0
WPAC,200406W,134.3,10.7,2004-05-19 03:00:00,60.0,70.0,980.0
WPAC,200406W,134.0,10.9,2004-05-19 06:00:00,60.0,70.0,980.0
WPAC,200406W,133.6,11.2,2004-05-19 09:00:00,60.0,65.0,980.0
WPAC,200406W,133.0,12.4,2004-05-20 00:00:00,60.0,60.0,980.0
WPAC,200406W,133.3,12.9,2004-05-20 03:00:00,58.0,57.5,980.0
WPAC,200406W,133.6,13.4,2004-05-20 06:00:00,55.0,55.0,980.0
WPAC,200406W,134.3,16.0,2004-05-20 21:00:00,38.0,20.0,996.0
WPAC,200406W,134.5,16.4,2004-05-21 00:00:00,35.0,0.0,997.0
WPAC,200406W,134.7,16.8,2004-05-21 03:00:00,35.0,0.0,997.0
WPAC,200406W,135.6,19.3,2004-05-21 21:00:00,33.0,16.9,999.0
WPAC,200406W,135.8,19.9,2004-05-22 00:00:00,30.0,0.0,1000.0
WPAC,200407W,116.3,15.1,2004-06-05 00:00:00,30.0,0.0,1000.0
WPAC,200407W,116.3,15.0,2004-06-05 03:00:00,30.0,0.0,1000.0
WPAC,200407W,116.4,14.9,2004-06-05 06:00:00,30.0,0.0,1000.0
WPAC,200407W,116.6,14.9,2004-06-05 09:00:00,33.0,0.0,999.0
WPAC,200407W,117.9,15.3,2004-06-06 00:00:00,45.0,45.0,997.0
WPAC,200407W,118.1,15.4,2004-06-06 03:00:00,45.0,45.0,994.0
WPAC,200407W,118.3,15.6,2004-06-06 06:00:00,45.0,45.0,991.0
WPAC,200407W,118.4,15.8,2004-06-06 09:00:00,45.0,45.0,991.0
WPAC,200407W,118.9,16.6,2004-06-07 00:00:00,50.0,60.0,987.0
WPAC,200407W,119.0,16.8,2004-06-07 03:00:00,53.0,62.5,986.0
WPAC,200407W,119.0,16.9,2004-06-07 06:00:00,55.0,65.0,984.0
WPAC,200407W,119.1,17.1,2004-06-07 09:00:00,58.0,67.5,982.0
WPAC,200407W,119.4,18.7,2004-06-08 00:00:00,65.0,70.0,976.0
WPAC,200407W,119.6,19.0,2004-06-08 03:00:00,70.0,71.2,972.0
WPAC,200407W,119.7,19.3,2004-06-08 06:00:00,75.0,72.5,967.0
WPAC,200407W,119.9,19.6,2004-06-08 09:00:00,80.0,72.5,963.0
WPAC,200407W,121.4,21.1,2004-06-09 00:00:00,90.0,72.5,954.0
WPAC,200407W,122.0,21.7,2004-06-09 03:00:00,90.0,72.5,954.0
WPAC,200407W,122.5,22.3,2004-06-09 06:00:00,90.0,72.5,954.0
WPAC,200407W,123.1,22.9,2004-06-09 09:00:00,95.0,75.0,949.0
WPAC,200407W,126.2,25.9,2004-06-10 00:00:00,100.0,75.0,944.0
WPAC,200407W,126.8,26.5,2004-06-10 03:00:00,93.0,75.0,951.0
WPAC,200407W,127.5,27.1,2004-06-10 06:00:00,85.0,75.0,958.0
WPAC,200407W,128.3,27.7,2004-06-10 09:00:00,83.0,68.8,961.0
WPAC,200407W,131.4,30.4,2004-06-10 21:00:00,60.0,60.0,980.0
WPAC,200407W,132.2,31.1,2004-06-11 00:00:00,55.0,57.5,984.0
WPAC,200407W,133.1,32.0,2004-06-11 03:00:00,50.0,57.5,988.0
WPAC,200408W,140.9,6.5,2004-06-05 21:00:00,20.0,0.0,1004.0
WPAC,200408W,140.7,6.4,2004-06-06 00:00:00,20.0,0.0,1004.0
WPAC,200408W,140.4,6.5,2004-06-06 03:00:00,20.0,0.0,1004.0
WPAC,200408W,140.2,6.5,2004-06-06 06:00:00,20.0,0.0,1004.0
WPAC,200408W,139.9,6.5,2004-06-06 09:00:00,20.0,0.0,1004.0
WPAC,200408W,138.1,7.1,2004-06-06 21:00:00,20.0,0.0,1004.0
WPAC,200408W,137.6,7.3,2004-06-07 00:00:00,20.0,0.0,1004.0
WPAC,200408W,136.8,7.4,2004-06-07 03:00:00,20.0,0.0,1004.0
WPAC,200408W,136.0,7.6,2004-06-07 06:00:00,20.0,0.0,1004.0
WPAC,200408W,135.2,7.8,2004-06-07 09:00:00,20.0,0.0,1004.0
WPAC,200408W,130.6,9.0,2004-06-08 00:00:00,20.0,0.0,1004.0
WPAC,200408W,129.7,9.1,2004-06-08 03:00:00,20.0,0.0,1004.0
WPAC,200408W,128.8,9.1,2004-06-08 06:00:00,20.0,0.0,1004.0
WPAC,200408W,128.1,9.1,2004-06-08 09:00:00,25.0,0.0,1002.0
WPAC,200408W,125.4,10.6,2004-06-09 00:00:00,35.0,50.0,997.0
WPAC,200408W,124.8,10.8,2004-06-09 03:00:00,35.0,50.0,997.0
WPAC,200408W,124.1,10.9,2004-06-09 06:00:00,35.0,50.0,997.0
WPAC,200408W,123.4,10.9,2004-06-09 09:00:00,38.0,52.5,996.0
WPAC,200408W,120.2,11.4,2004-06-10 00:00:00,45.0,60.0,991.0
WPAC,200408W,119.7,11.5,2004-06-10 03:00:00,45.0,60.0,991.0
WPAC,200408W,119.1,11.6,2004-06-10 06:00:00,45.0,60.0,991.0
WPAC,200408W,118.7,11.8,2004-06-10 09:00:00,45.0,60.0,991.0
WPAC,200408W,116.2,12.7,2004-06-11 00:00:00,45.0,60.0,991.0
WPAC,200408W,115.7,12.9,2004-06-11 03:00:00,48.0,63.8,989.0
WPAC,200408W,115.2,13.1,2004-06-11 06:00:00,50.0,67.5,987.0
WPAC,200408W,114.7,13.2,2004-06-11 09:00:00,53.0,68.8,986.0
WPAC,200408W,111.6,13.9,2004-06-12 00:00:00,65.0,72.5,976.0
WPAC,200408W,110.9,13.9,2004-06-12 03:00:00,70.0,72.5,972.0
WPAC,200408W,110.2,14.0,2004-06-12 06:00:00,75.0,72.5,967.0
WPAC,200408W,109.5,13.9,2004-06-12 09:00:00,70.0,70.0,972.0
WPAC,200408W,106.1,14.0,2004-06-13 00:00:00,35.0,67.5,997.0
WPAC,200409W,139.3,6.9,2004-06-12 00:00:00,15.0,0.0,1006.0
WPAC,200409W,138.9,7.1,2004-06-12 03:00:00,15.0,0.0,1006.0
WPAC,200409W,138.5,7.3,2004-06-12 06:00:00,15.0,0.0,1006.0
WPAC,200409W,137.2,7.9,2004-06-12 21:00:00,28.0,0.0,1001.0
WPAC,200409W,136.9,8.1,2004-06-13 00:00:00,30.0,0.0,1000.0
WPAC,200409W,136.7,8.3,2004-06-13 03:00:00,30.0,0.0,1000.0
WPAC,200409W,136.4,8.5,2004-06-13 06:00:00,30.0,0.0,1000.0
WPAC,200409W,136.2,8.7,2004-06-13 09:00:00,30.0,0.0,1000.0
WPAC,200409W,136.4,9.3,2004-06-13 21:00:00,40.0,40.0,994.0
WPAC,200409W,136.6,9.4,2004-06-14 00:00:00,45.0,80.0,991.0
WPAC,200409W,136.8,9.5,2004-06-14 03:00:00,50.0,85.0,988.0
WPAC,200409W,137.4,11.1,2004-06-14 21:00:00,68.0,102.5,974.0
WPAC,200409W,137.4,11.4,2004-06-15 00:00:00,70.0,102.5,972.0
WPAC,200409W,137.2,11.7,2004-06-15 03:00:00,80.0,105.0,963.0
WPAC,200409W,137.0,12.3,2004-06-15 09:00:00,105.0,126.2,938.0
WPAC,200409W,136.7,13.9,2004-06-15 21:00:00,148.0,135.6,889.0
WPAC,200409W,136.5,14.4,2004-06-16 00:00:00,150.0,138.8,885.0
WPAC,200409W,136.0,15.2,2004-06-16 06:00:00,155.0,142.5,879.0
WPAC,200409W,135.8,15.6,2004-06-16 09:00:00,155.0,142.5,879.0
WPAC,200409W,134.8,16.9,2004-06-16 21:00:00,153.0,142.5,882.0
WPAC,200409W,134.6,17.2,2004-06-17 00:00:00,150.0,142.5,885.0
WPAC,200409W,134.1,17.3,2004-06-17 03:00:00,145.0,146.2,892.0
WPAC,200409W,133.7,17.4,2004-06-17 06:00:00,140.0,150.0,898.0
WPAC,200409W,133.2,17.5,2004-06-17 09:00:00,135.0,155.0,904.0
WPAC,200409W,131.8,18.4,2004-06-17 21:00:00,120.0,160.0,922.0
WPAC,200409W,131.5,18.7,2004-06-18 00:00:00,120.0,160.0,922.0
WPAC,200409W,131.2,19.0,2004-06-18 03:00:00,123.0,158.8,919.0
WPAC,200409W,130.7,19.8,2004-06-18 09:00:00,128.0,157.5,913.0
WPAC,200409W,129.4,22.3,2004-06-19 00:00:00,120.0,200.0,922.0
WPAC,200409W,129.2,22.9,2004-06-19 03:00:00,120.0,197.5,922.0
WPAC,200409W,129.1,23.4,2004-06-19 06:00:00,120.0,195.0,922.0
WPAC,200409W,129.1,23.9,2004-06-19 09:00:00,118.0,195.0,925.0
WPAC,200409W,129.6,26.3,2004-06-19 21:00:00,95.0,172.5,949.0
WPAC,200409W,130.1,27.5,2004-06-20 03:00:00,85.0,172.5,959.0
WPAC,200409W,130.4,28.2,2004-06-20 06:00:00,80.0,175.0,963.0
WPAC,200409W,132.9,31.8,2004-06-20 21:00:00,63.0,95.0,978.0
WPAC,200409W,133.7,32.8,2004-06-21 00:00:00,60.0,95.0,980.0
WPAC,200409W,134.6,34.1,2004-06-21 03:00:00,55.0,100.0,984.0
WPAC,200409W,135.6,35.4,2004-06-21 06:00:00,50.0,105.0,987.0
WPAC,200409W,137.0,37.0,2004-06-21 09:00:00,45.0,105.0,991.0
WPAC,200410W,147.2,13.7,2004-06-22 00:00:00,15.0,0.0,1006.0
WPAC,200410W,147.0,14.0,2004-06-22 03:00:00,15.0,0.0,1006.0
WPAC,200410W,146.8,14.3,2004-06-22 06:00:00,15.0,0.0,1006.0
WPAC,200410W,146.5,14.5,2004-06-22 09:00:00,15.0,0.0,1006.0
WPAC,200410W,145.0,15.3,2004-06-22 21:00:00,18.0,0.0,1005.0
WPAC,200410W,144.5,15.6,2004-06-23 00:00:00,20.0,0.0,1004.0
WPAC,200410W,144.0,15.9,2004-06-23 03:00:00,23.0,0.0,1003.0
WPAC,200410W,143.5,16.2,2004-06-23 06:00:00,25.0,0.0,1002.0
WPAC,200410W,143.0,16.5,2004-06-23 09:00:00,30.0,0.0,1000.0
WPAC,200410W,139.2,16.8,2004-06-24 03:00:00,48.0,115.0,989.0
WPAC,200410W,138.5,16.4,2004-06-24 06:00:00,50.0,115.0,987.0
WPAC,200410W,137.8,16.1,2004-06-24 09:00:00,50.0,115.0,987.0
WPAC,200410W,135.4,15.2,2004-06-24 21:00:00,53.0,103.8,986.0
WPAC,200410W,134.9,15.1,2004-06-25 00:00:00,55.0,90.0,984.0
WPAC,200410W,134.4,15.1,2004-06-25 03:00:00,55.0,90.0,984.0
WPAC,200410W,133.9,15.1,2004-06-25 06:00:00,55.0,90.0,984.0
WPAC,200410W,133.5,15.1,2004-06-25 09:00:00,55.0,90.0,984.0
WPAC,200410W,131.8,15.0,2004-06-25 21:00:00,48.0,90.0,989.0
WPAC,200410W,131.3,15.0,2004-06-26 00:00:00,45.0,90.0,991.0
WPAC,200410W,130.9,15.1,2004-06-26 03:00:00,45.0,90.0,991.0
WPAC,200410W,130.4,15.1,2004-06-26 06:00:00,45.0,90.0,991.0
WPAC,200410W,130.1,15.2,2004-06-26 09:00:00,48.0,90.0,989.0
WPAC,200410W,128.5,16.3,2004-06-27 00:00:00,60.0,90.0,980.0
WPAC,200410W,128.2,16.6,2004-06-27 03:00:00,63.0,110.0,978.0
WPAC,200410W,127.8,16.8,2004-06-27 06:00:00,65.0,130.0,976.0
WPAC,200410W,127.4,17.1,2004-06-27 09:00:00,70.0,140.0,972.0
WPAC,200410W,126.0,18.1,2004-06-28 00:00:00,100.0,172.5,944.0
WPAC,200410W,125.8,18.2,2004-06-28 03:00:00,108.0,175.0,936.0
WPAC,200410W,125.5,18.3,2004-06-28 06:00:00,115.0,177.5,927.0
WPAC,200410W,125.2,18.4,2004-06-28 09:00:00,115.0,175.0,927.0
WPAC,200410W,124.0,18.7,2004-06-29 00:00:00,125.0,177.5,916.0
WPAC,200410W,123.8,18.8,2004-06-29 03:00:00,125.0,170.0,916.0
WPAC,200410W,123.5,18.8,2004-06-29 06:00:00,125.0,162.5,916.0
WPAC,200410W,123.3,18.9,2004-06-29 09:00:00,125.0,162.5,916.0
WPAC,200410W,122.3,19.1,2004-06-30 00:00:00,110.0,135.0,933.0
WPAC,200410W,122.1,19.2,2004-06-30 03:00:00,108.0,135.0,936.0
WPAC,200410W,121.9,19.3,2004-06-30 06:00:00,105.0,135.0,938.0
WPAC,200410W,122.0,19.6,2004-06-30 09:00:00,98.0,135.0,946.0
WPAC,200410W,121.8,21.6,2004-07-01 00:00:00,75.0,136.2,967.0
WPAC,200410W,121.8,22.0,2004-07-01 03:00:00,70.0,126.9,972.0
WPAC,200410W,121.7,22.4,2004-07-01 06:00:00,65.0,117.5,976.0
WPAC,200410W,121.8,22.9,2004-07-01 09:00:00,65.0,117.5,976.0
WPAC,200410W,121.5,24.8,2004-07-02 00:00:00,45.0,81.2,991.0
WPAC,200410W,121.2,25.0,2004-07-02 03:00:00,45.0,73.1,991.0
WPAC,200410W,121.0,25.2,2004-07-02 06:00:00,45.0,65.0,991.0
WPAC,200410W,121.0,25.6,2004-07-02 09:00:00,43.0,65.0,993.0
WPAC,200410W,121.3,27.9,2004-07-03 00:00:00,35.0,61.2,997.0
WPAC,200410W,121.6,28.3,2004-07-03 03:00:00,35.0,61.2,997.0
WPAC,200410W,121.9,28.7,2004-07-03 06:00:00,35.0,61.2,997.0
WPAC,200410W,122.1,29.5,2004-07-03 09:00:00,35.0,61.2,997.0
WPAC,200410W,124.5,33.5,2004-07-04 00:00:00,30.0,0.0,1000.0
WPAC,200410W,124.8,34.2,2004-07-04 03:00:00,28.0,0.0,1001.0
WPAC,200410W,125.2,34.9,2004-07-04 06:00:00,25.0,0.0,1002.0
WPAC,200411W,153.3,11.6,2004-06-25 00:00:00,25.0,0.0,1001.0
WPAC,200411W,153.1,11.6,2004-06-25 03:00:00,25.0,0.0,1002.0
WPAC,200411W,152.8,11.6,2004-06-25 06:00:00,25.0,0.0,1002.0
WPAC,200411W,151.5,11.8,2004-06-25 21:00:00,30.0,0.0,1000.0
WPAC,200411W,150.9,12.0,2004-06-26 03:00:00,33.0,0.0,999.0
WPAC,200411W,150.7,12.1,2004-06-26 06:00:00,35.0,0.0,997.0
WPAC,200411W,149.6,13.6,2004-06-26 21:00:00,48.0,73.1,989.0
WPAC,200411W,149.2,13.9,2004-06-27 00:00:00,50.0,73.8,987.0
WPAC,200411W,148.8,14.1,2004-06-27 03:00:00,53.0,84.4,986.0
WPAC,200411W,148.4,14.3,2004-06-27 06:00:00,55.0,95.0,984.0
WPAC,200411W,148.1,14.6,2004-06-27 09:00:00,55.0,100.0,984.0
WPAC,200411W,146.8,15.9,2004-06-27 21:00:00,63.0,105.0,978.0
WPAC,200411W,146.4,16.2,2004-06-28 00:00:00,65.0,105.0,976.0
WPAC,200411W,146.1,16.5,2004-06-28 03:00:00,70.0,110.0,972.0
WPAC,200411W,145.7,16.8,2004-06-28 06:00:00,75.0,115.0,967.0
WPAC,200411W,145.3,17.2,2004-06-28 09:00:00,78.0,135.0,965.0
WPAC,200411W,143.9,19.0,2004-06-28 21:00:00,80.0,155.0,963.0
WPAC,200411W,143.3,19.8,2004-06-29 03:00:00,80.0,155.0,963.0
WPAC,200411W,143.1,20.2,2004-06-29 06:00:00,80.0,155.0,963.0
WPAC,200411W,142.9,20.7,2004-06-29 09:00:00,78.0,160.0,965.0
WPAC,200411W,142.4,23.7,2004-06-30 00:00:00,70.0,175.0,972.0
WPAC,200411W,142.4,24.4,2004-06-30 03:00:00,68.0,171.9,974.0
WPAC,200411W,142.4,25.0,2004-06-30 06:00:00,65.0,168.8,976.0
WPAC,200411W,142.4,25.6,2004-06-30 09:00:00,65.0,168.8,976.0
WPAC,200411W,142.9,27.9,2004-06-30 21:00:00,63.0,169.4,978.0
WPAC,200411W,143.2,28.4,2004-07-01 00:00:00,60.0,170.0,980.0
WPAC,200411W,143.7,29.3,2004-07-01 06:00:00,50.0,166.2,987.0
WPAC,200411W,144.1,29.6,2004-07-01 09:00:00,48.0,161.9,989.0
WPAC,200411W,145.6,30.9,2004-07-01 21:00:00,45.0,157.5,991.0
WPAC,200411W,145.9,31.2,2004-07-02 00:00:00,45.0,157.5,991.0
WPAC,200411W,146.2,31.5,2004-07-02 03:00:00,45.0,158.8,991.0
WPAC,200411W,146.5,31.9,2004-07-02 06:00:00,45.0,160.0,991.0
WPAC,200411W,147.0,32.1,2004-07-02 09:00:00,45.0,160.0,991.0
WPAC,200411W,149.6,33.0,2004-07-02 21:00:00,45.0,150.0,991.0
WPAC,200411W,150.3,33.3,2004-07-03 00:00:00,45.0,147.5,991.0
WPAC,200411W,151.1,33.8,2004-07-03 03:00:00,43.0,145.0,993.0
WPAC,200411W,151.8,34.3,2004-07-03 06:00:00,40.0,142.5,994.0
WPAC,200411W,152.7,34.7,2004-07-03 09:00:00,40.0,143.8,994.0
WPAC,200411W,157.8,37.8,2004-07-04 00:00:00,35.0,0.0,997.0
WPAC,200412W,130.3,20.9,2004-07-13 00:00:00,25.0,0.0,1008.0
WPAC,200412W,129.8,20.9,2004-07-13 03:00:00,25.0,0.0,1005.0
WPAC,200412W,129.2,20.9,2004-07-13 06:00:00,25.0,0.0,1002.0
WPAC,200412W,128.6,20.9,2004-07-13 09:00:00,28.0,0.0,1003.0
WPAC,200412W,124.7,21.4,2004-07-14 00:00:00,30.0,0.0,1000.0
WPAC,200412W,123.9,21.4,2004-07-14 03:00:00,33.0,0.0,999.0
WPAC,200412W,123.1,21.4,2004-07-14 06:00:00,35.0,0.0,997.0
WPAC,200412W,122.3,20.9,2004-07-14 09:00:00,38.0,17.5,996.0
WPAC,200412W,118.8,20.2,2004-07-15 00:00:00,45.0,45.0,991.0
WPAC,200412W,118.3,20.3,2004-07-15 03:00:00,45.0,37.5,991.0
WPAC,200412W,117.8,20.4,2004-07-15 06:00:00,45.0,30.0,991.0
WPAC,200412W,117.3,20.5,2004-07-15 09:00:00,45.0,32.5,991.0
WPAC,200412W,114.8,21.2,2004-07-16 00:00:00,40.0,42.5,994.0
WPAC,200412W,114.5,21.6,2004-07-16 03:00:00,38.0,41.2,996.0
WPAC,200412W,114.3,22.1,2004-07-16 06:00:00,35.0,40.0,997.0
WPAC,200412W,114.3,22.6,2004-07-16 09:00:00,35.0,40.0,997.0
WPAC,200413W,150.4,21.8,2004-07-24 21:00:00,23.0,0.0,1003.0
WPAC,200413W,150.3,22.1,2004-07-25 00:00:00,25.0,0.0,1002.0
WPAC,200413W,150.2,22.5,2004-07-25 03:00:00,28.0,0.0,1001.0
WPAC,200413W,150.0,22.8,2004-07-25 06:00:00,30.0,0.0,1000.0
WPAC,200413W,149.8,23.2,2004-07-25 09:00:00,33.0,0.0,999.0
WPAC,200413W,148.7,24.5,2004-07-25 21:00:00,58.0,68.8,982.0
WPAC,200413W,148.4,24.8,2004-07-26 00:00:00,65.0,72.5,976.0
WPAC,200413W,148.1,25.1,2004-07-26 03:00:00,78.0,78.8,965.0
WPAC,200413W,147.8,25.4,2004-07-26 06:00:00,90.0,85.0,954.0
WPAC,200413W,147.5,25.8,2004-07-26 09:00:00,98.0,85.0,946.0
WPAC,200413W,146.0,27.8,2004-07-27 00:00:00,115.0,100.0,927.0
WPAC,200413W,145.6,28.2,2004-07-27 03:00:00,113.0,108.1,930.0
WPAC,200413W,144.9,29.2,2004-07-27 09:00:00,108.0,116.2,936.0
WPAC,200413W,142.5,30.8,2004-07-28 00:00:00,90.0,105.0,954.0
WPAC,200413W,141.6,31.2,2004-07-28 06:00:00,90.0,105.0,954.0
WPAC,200413W,141.2,31.3,2004-07-28 09:00:00,85.0,105.6,959.0
WPAC,200413W,140.1,31.5,2004-07-28 21:00:00,80.0,106.2,963.0
WPAC,200413W,139.8,31.5,2004-07-29 00:00:00,80.0,106.2,963.0
WPAC,200413W,139.6,31.5,2004-07-29 03:00:00,78.0,133.1,965.0
WPAC,200413W,139.3,31.5,2004-07-29 06:00:00,75.0,160.0,967.0
WPAC,200413W,137.5,31.8,2004-07-30 00:00:00,65.0,150.0,976.0
WPAC,200413W,137.2,31.9,2004-07-30 03:00:00,63.0,150.0,978.0
WPAC,200413W,136.8,31.9,2004-07-30 06:00:00,60.0,150.0,980.0
WPAC,200413W,136.4,31.9,2004-07-30 09:00:00,58.0,150.0,982.0
WPAC,200413W,134.4,32.6,2004-07-31 00:00:00,55.0,122.5,984.0
WPAC,200413W,133.9,32.9,2004-07-31 03:00:00,53.0,122.5,986.0
WPAC,200413W,133.0,33.5,2004-07-31 09:00:00,48.0,114.4,989.0
WPAC,200413W,131.7,34.6,2004-07-31 21:00:00,35.0,75.0,997.0
WPAC,200413W,131.5,34.9,2004-08-01 00:00:00,35.0,67.5,997.0
WPAC,200413W,131.3,35.2,2004-08-01 03:00:00,35.0,68.8,997.0
WPAC,200413W,131.2,35.6,2004-08-01 06:00:00,35.0,70.0,997.0
WPAC,200414W,166.1,16.7,2004-08-03 00:00:00,25.0,0.0,1002.0
WPAC,200414W,166.2,17.1,2004-08-03 03:00:00,25.0,0.0,1002.0
WPAC,200414W,166.4,17.6,2004-08-03 06:00:00,25.0,0.0,1002.0
WPAC,200414W,166.1,20.0,2004-08-03 21:00:00,33.0,0.0,999.0
WPAC,200414W,166.0,20.6,2004-08-04 00:00:00,35.0,0.0,997.0
WPAC,200414W,165.9,21.2,2004-08-04 03:00:00,35.0,0.0,997.0
WPAC,200414W,165.8,21.9,2004-08-04 06:00:00,35.0,0.0,997.0
WPAC,200414W,165.7,24.9,2004-08-04 21:00:00,40.0,25.0,994.0
WPAC,200414W,165.8,25.5,2004-08-05 00:00:00,45.0,50.0,991.0
WPAC,200414W,166.1,25.9,2004-08-05 03:00:00,50.0,52.5,988.0
WPAC,200414W,166.3,26.3,2004-08-05 06:00:00,55.0,55.0,984.0
WPAC,200414W,167.5,27.9,2004-08-05 18:00:00,90.0,85.0,954.0
WPAC,200414W,167.8,28.3,2004-08-05 21:00:00,90.0,89.4,954.0
WPAC,200414W,168.1,28.7,2004-08-06 00:00:00,90.0,93.8,954.0
WPAC,200414W,168.4,29.1,2004-08-06 03:00:00,90.0,93.8,954.0
WPAC,200414W,168.8,29.5,2004-08-06 06:00:00,90.0,93.8,954.0
WPAC,200414W,170.2,31.2,2004-08-06 18:00:00,65.0,85.0,976.0
WPAC,200414W,170.6,31.6,2004-08-06 21:00:00,63.0,85.0,978.0
WPAC,200414W,171.0,32.1,2004-08-07 00:00:00,60.0,85.0,980.0
WPAC,200414W,171.3,32.5,2004-08-07 03:00:00,58.0,77.5,982.0
WPAC,200414W,171.7,32.9,2004-08-07 06:00:00,55.0,70.0,984.0
WPAC,200414W,171.4,34.9,2004-08-07 18:00:00,45.0,85.0,991.0
WPAC,200414W,171.5,35.4,2004-08-07 21:00:00,45.0,85.0,991.0
WPAC,200414W,171.6,35.9,2004-08-08 00:00:00,45.0,85.0,991.0
WPAC,200414W,171.6,36.5,2004-08-08 03:00:00,40.0,75.0,994.0
WPAC,200414W,172.7,38.4,2004-08-08 18:00:00,25.0,0.0,1002.0
WPAC,200414W,172.6,38.8,2004-08-08 21:00:00,25.0,0.0,1002.0
WPAC,200414W,172.6,39.2,2004-08-09 00:00:00,25.0,0.0,1002.0
WPAC,200414W,172.6,39.6,2004-08-09 03:00:00,23.0,0.0,1003.0
WPAC,200414W,172.6,40.0,2004-08-09 06:00:00,20.0,0.0,1004.0
WPAC,200415W,147.6,22.9,2004-08-02 06:00:00,20.0,0.0,1004.0
WPAC,200415W,147.4,23.2,2004-08-02 09:00:00,20.0,0.0,1004.0
WPAC,200415W,144.8,24.7,2004-08-03 00:00:00,20.0,0.0,1004.0
WPAC,200415W,144.0,25.2,2004-08-03 03:00:00,20.0,0.0,1004.0
WPAC,200415W,142.3,26.4,2004-08-03 09:00:00,23.0,0.0,1003.0
WPAC,200415W,137.9,30.1,2004-08-04 00:00:00,35.0,0.0,997.0
WPAC,200415W,136.0,32.0,2004-08-04 06:00:00,35.0,0.0,997.0
WPAC,200415W,135.4,32.8,2004-08-04 09:00:00,33.0,0.0,998.0
WPAC,200415W,135.0,37.6,2004-08-05 00:00:00,30.0,0.0,1000.0
WPAC,200415W,135.6,38.3,2004-08-05 03:00:00,30.0,0.0,1000.0
WPAC,200415W,136.2,39.0,2004-08-05 06:00:00,30.0,0.0,1000.0
WPAC,200416W,130.1,15.4,2004-08-07 06:00:00,25.0,0.0,1002.0
WPAC,200416W,130.1,15.8,2004-08-07 09:00:00,25.0,0.0,1002.0
WPAC,200416W,130.3,17.6,2004-08-08 03:00:00,35.0,0.0,997.0
WPAC,200416W,130.4,17.9,2004-08-08 06:00:00,35.0,0.0,997.0
WPAC,200416W,130.4,18.1,2004-08-08 09:00:00,35.0,0.0,997.0
WPAC,200416W,130.4,19.5,2004-08-09 00:00:00,45.0,75.0,991.0
WPAC,200416W,130.2,19.8,2004-08-09 03:00:00,48.0,77.5,989.0
WPAC,200416W,130.0,20.0,2004-08-09 06:00:00,50.0,80.0,987.0
WPAC,200416W,129.8,20.2,2004-08-09 09:00:00,50.0,80.0,987.0
WPAC,200416W,128.1,21.4,2004-08-10 00:00:00,55.0,95.0,984.0
WPAC,200416W,128.1,21.8,2004-08-10 03:00:00,58.0,95.0,982.0
WPAC,200416W,128.0,22.1,2004-08-10 06:00:00,60.0,95.0,980.0
WPAC,200416W,127.7,22.2,2004-08-10 09:00:00,63.0,95.0,978.0
WPAC,200416W,126.2,23.3,2004-08-11 00:00:00,80.0,100.0,963.0
WPAC,200416W,125.8,23.6,2004-08-11 03:00:00,83.0,100.0,961.0
WPAC,200416W,125.5,23.8,2004-08-11 06:00:00,85.0,100.0,958.0
WPAC,200416W,125.2,24.1,2004-08-11 09:00:00,88.0,100.0,956.0
WPAC,200416W,123.8,26.4,2004-08-12 00:00:00,90.0,105.0,954.0
WPAC,200416W,123.2,26.9,2004-08-12 03:00:00,90.0,107.5,954.0
WPAC,200416W,122.6,27.3,2004-08-12 06:00:00,90.0,110.0,954.0
WPAC,200416W,121.9,27.6,2004-08-12 09:00:00,88.0,98.8,956.0
WPAC,200416W,118.9,28.5,2004-08-13 00:00:00,60.0,50.0,980.0
WPAC,200417W,158.1,26.8,2004-08-11 00:00:00,35.0,0.0,997.0
WPAC,200417W,158.8,27.4,2004-08-11 03:00:00,35.0,0.0,997.0
WPAC,200417W,159.6,28.0,2004-08-11 06:00:00,35.0,0.0,997.0
WPAC,200417W,162.8,31.1,2004-08-11 21:00:00,33.0,0.0,999.0
WPAC,200417W,163.3,31.7,2004-08-12 00:00:00,30.0,0.0,1000.0
WPAC,200417W,164.0,32.0,2004-08-12 03:00:00,30.0,0.0,1000.0
WPAC,200417W,164.7,32.4,2004-08-12 06:00:00,30.0,0.0,1000.0
WPAC,200417W,169.7,33.3,2004-08-12 21:00:00,25.0,0.0,1002.0
WPAC,200417W,170.9,33.5,2004-08-13 00:00:00,25.0,0.0,1002.0
WPAC,200417W,172.0,34.1,2004-08-13 03:00:00,25.0,0.0,1002.0
WPAC,200417W,173.1,34.8,2004-08-13 06:00:00,25.0,0.0,1002.0
WPAC,200418W,142.9,15.3,2004-08-14 00:00:00,25.0,0.0,1002.0
WPAC,200418W,142.4,15.8,2004-08-14 03:00:00,25.0,0.0,1002.0
WPAC,200418W,141.9,16.3,2004-08-14 06:00:00,25.0,0.0,1002.0
WPAC,200418W,137.4,17.4,2004-08-14 21:00:00,25.0,0.0,1002.0
WPAC,200418W,135.8,17.9,2004-08-15 03:00:00,25.0,0.0,1002.0
WPAC,200418W,135.0,18.1,2004-08-15 06:00:00,25.0,0.0,1002.0
WPAC,200418W,134.2,18.1,2004-08-15 09:00:00,25.0,0.0,1002.0
WPAC,200418W,131.3,18.3,2004-08-16 00:00:00,30.0,0.0,998.0
WPAC,200418W,130.8,18.5,2004-08-16 03:00:00,33.0,0.0,998.0
WPAC,200418W,130.3,18.7,2004-08-16 06:00:00,35.0,0.0,997.0
WPAC,200418W,129.9,19.4,2004-08-16 09:00:00,35.0,0.0,997.0
WPAC,200418W,127.9,23.2,2004-08-17 00:00:00,45.0,102.5,991.0
WPAC,200418W,127.5,24.0,2004-08-17 03:00:00,45.0,102.5,991.0
WPAC,200418W,127.0,24.8,2004-08-17 06:00:00,45.0,102.5,991.0
WPAC,200418W,126.6,25.6,2004-08-17 09:00:00,50.0,109.4,988.0
WPAC,200418W,125.0,28.7,2004-08-18 00:00:00,65.0,118.8,976.0
WPAC,200418W,125.2,29.4,2004-08-18 03:00:00,65.0,123.1,976.0
WPAC,200418W,125.4,30.1,2004-08-18 06:00:00,65.0,127.5,976.0
WPAC,200418W,125.9,30.7,2004-08-18 09:00:00,65.0,123.8,976.0
WPAC,200418W,129.6,35.5,2004-08-19 00:00:00,55.0,120.0,984.0
WPAC,200418W,130.9,36.5,2004-08-19 03:00:00,55.0,120.0,984.0
WPAC,200418W,132.3,37.6,2004-08-19 06:00:00,55.0,120.0,984.0
WPAC,200418W,133.3,38.6,2004-08-19 09:00:00,50.0,120.0,988.0
WPAC,200419W,170.8,9.7,2004-08-17 06:00:00,15.0,0.0,1006.0
WPAC,200419W,167.2,10.7,2004-08-17 21:00:00,20.0,0.0,1004.0
WPAC,200419W,166.4,10.9,2004-08-18 00:00:00,20.0,0.0,1004.0
WPAC,200419W,165.7,11.0,2004-08-18 03:00:00,23.0,0.0,1003.0
WPAC,200419W,162.5,12.2,2004-08-18 21:00:00,30.0,0.0,1000.0
WPAC,200419W,162.0,12.4,2004-08-19 00:00:00,30.0,0.0,1000.0
WPAC,200419W,161.5,12.7,2004-08-19 03:00:00,35.0,26.2,997.0
WPAC,200419W,158.4,13.9,2004-08-19 21:00:00,58.0,75.0,982.0
WPAC,200419W,157.8,14.1,2004-08-20 00:00:00,60.0,80.0,980.0
WPAC,200419W,157.2,14.2,2004-08-20 03:00:00,60.0,80.0,980.0
WPAC,200419W,156.7,14.4,2004-08-20 06:00:00,60.0,80.0,980.0
WPAC,200419W,153.6,14.4,2004-08-20 21:00:00,65.0,85.0,976.0
WPAC,200419W,153.0,14.3,2004-08-21 00:00:00,65.0,80.0,976.0
WPAC,200419W,152.3,14.2,2004-08-21 03:00:00,68.0,98.8,974.0
WPAC,200419W,151.7,14.2,2004-08-21 06:00:00,70.0,117.5,972.0
WPAC,200419W,148.2,14.2,2004-08-21 21:00:00,93.0,155.0,952.0
WPAC,200419W,147.5,14.2,2004-08-22 00:00:00,95.0,170.0,949.0
WPAC,200419W,146.9,14.2,2004-08-22 03:00:00,105.0,165.0,938.0
WPAC,200419W,146.4,14.3,2004-08-22 06:00:00,115.0,160.0,927.0
WPAC,200419W,144.1,15.1,2004-08-22 21:00:00,150.0,190.0,886.0
WPAC,200419W,143.7,15.2,2004-08-23 00:00:00,155.0,190.0,879.0
WPAC,200419W,143.2,15.4,2004-08-23 03:00:00,155.0,195.0,879.0
WPAC,200419W,142.8,15.7,2004-08-23 06:00:00,155.0,200.0,879.0
WPAC,200419W,142.4,16.0,2004-08-23 09:00:00,155.0,192.5,879.0
WPAC,200419W,140.3,17.4,2004-08-24 00:00:00,155.0,185.0,879.0
WPAC,200419W,139.9,17.8,2004-08-24 03:00:00,153.0,185.0,882.0
WPAC,200419W,139.3,18.5,2004-08-24 09:00:00,148.0,182.5,889.0
WPAC,200419W,138.3,20.0,2004-08-24 21:00:00,153.0,165.0,882.0
WPAC,200419W,138.1,20.4,2004-08-25 00:00:00,150.0,165.0,885.0
WPAC,200419W,137.8,20.8,2004-08-25 03:00:00,145.0,165.0,892.0
WPAC,200419W,136.1,23.5,2004-08-26 00:00:00,130.0,165.0,910.0
WPAC,200419W,135.9,23.9,2004-08-26 03:00:00,128.0,165.0,913.0
WPAC,200419W,135.5,24.5,2004-08-26 09:00:00,120.0,175.0,922.0
WPAC,200419W,134.9,25.9,2004-08-26 21:00:00,110.0,138.8,933.0
WPAC,200419W,134.8,26.2,2004-08-27 00:00:00,105.0,137.5,938.0
WPAC,200419W,134.7,26.4,2004-08-27 03:00:00,103.0,137.5,941.0
WPAC,200419W,134.6,26.6,2004-08-27 06:00:00,100.0,137.5,944.0
WPAC,200419W,134.4,26.8,2004-08-27 09:00:00,103.0,148.8,941.0
WPAC,200419W,133.8,27.3,2004-08-28 00:00:00,115.0,200.0,927.0
WPAC,200419W,133.6,27.4,2004-08-28 03:00:00,115.0,187.5,927.0
WPAC,200419W,133.4,27.4,2004-08-28 06:00:00,115.0,175.0,927.0
WPAC,200419W,133.1,27.5,2004-08-28 09:00:00,113.0,187.5,930.0
WPAC,200419W,131.2,28.2,2004-08-29 00:00:00,105.0,197.5,938.0
WPAC,200419W,130.8,28.4,2004-08-29 03:00:00,105.0,191.2,938.0
WPAC,200419W,130.5,28.7,2004-08-29 06:00:00,105.0,185.0,938.0
WPAC,200419W,130.2,29.0,2004-08-29 09:00:00,100.0,185.0,944.0
WPAC,200419W,130.2,31.6,2004-08-30 00:00:00,90.0,167.5,954.0
WPAC,200419W,130.8,32.5,2004-08-30 03:00:00,88.0,151.2,956.0
WPAC,200419W,131.3,33.4,2004-08-30 06:00:00,85.0,135.0,958.0
WPAC,200419W,137.4,38.6,2004-08-30 21:00:00,63.0,122.5,978.0
WPAC,200419W,139.2,40.1,2004-08-31 00:00:00,55.0,122.5,984.0
WPAC,200419W,141.1,41.6,2004-08-31 03:00:00,53.0,122.5,986.0
WPAC,200419W,143.1,43.1,2004-08-31 06:00:00,50.0,122.5,987.0
WPAC,200420W,144.7,9.2,2004-08-18 00:00:00,20.0,0.0,1004.0
WPAC,200420W,143.8,9.6,2004-08-18 03:00:00,20.0,0.0,1004.0
WPAC,200420W,142.2,10.2,2004-08-18 09:00:00,20.0,0.0,1004.0
WPAC,200420W,139.1,10.8,2004-08-18 21:00:00,23.0,0.0,1003.0
WPAC,200420W,138.3,10.9,2004-08-19 00:00:00,25.0,0.0,1002.0
WPAC,200420W,137.6,11.1,2004-08-19 03:00:00,25.0,0.0,1002.0
WPAC,200420W,135.9,13.7,2004-08-19 21:00:00,33.0,0.0,999.0
WPAC,200420W,135.8,14.2,2004-08-20 00:00:00,35.0,0.0,997.0
WPAC,200420W,135.9,14.7,2004-08-20 03:00:00,38.0,20.0,996.0
WPAC,200420W,135.9,15.2,2004-08-20 06:00:00,40.0,40.0,994.0
WPAC,200420W,135.6,15.6,2004-08-20 09:00:00,43.0,47.5,993.0
WPAC,200420W,134.2,17.1,2004-08-20 21:00:00,53.0,60.0,986.0
WPAC,200420W,133.8,17.5,2004-08-21 00:00:00,55.0,65.0,984.0
WPAC,200420W,133.3,17.9,2004-08-21 03:00:00,55.0,97.5,984.0
WPAC,200420W,132.8,18.2,2004-08-21 06:00:00,55.0,130.0,984.0
WPAC,200420W,132.3,18.5,2004-08-21 09:00:00,60.0,140.0,980.0
WPAC,200420W,129.7,20.3,2004-08-22 00:00:00,65.0,120.0,976.0
WPAC,200420W,129.2,20.6,2004-08-22 03:00:00,65.0,130.0,976.0
WPAC,200420W,128.7,21.0,2004-08-22 06:00:00,65.0,140.0,976.0
WPAC,200420W,128.2,21.3,2004-08-22 09:00:00,65.0,145.0,976.0
WPAC,200420W,126.2,22.8,2004-08-23 00:00:00,60.0,130.0,980.0
WPAC,200420W,125.8,23.1,2004-08-23 03:00:00,63.0,155.0,978.0
WPAC,200420W,125.5,23.3,2004-08-23 06:00:00,65.0,180.0,976.0
WPAC,200420W,125.2,23.6,2004-08-23 09:00:00,68.0,180.0,974.0
WPAC,200420W,124.0,24.9,2004-08-24 00:00:00,80.0,175.0,963.0
WPAC,200420W,123.8,25.1,2004-08-24 03:00:00,80.0,170.6,963.0
WPAC,200420W,123.5,25.3,2004-08-24 06:00:00,80.0,166.2,963.0
WPAC,200420W,123.2,25.4,2004-08-24 09:00:00,83.0,161.2,961.0
WPAC,200420W,121.4,25.6,2004-08-25 00:00:00,90.0,147.5,954.0
WPAC,200420W,120.9,25.6,2004-08-25 03:00:00,88.0,145.0,956.0
WPAC,200420W,120.4,25.6,2004-08-25 06:00:00,85.0,142.5,958.0
WPAC,200420W,119.8,25.5,2004-08-25 09:00:00,80.0,130.0,963.0
WPAC,200420W,117.2,24.2,2004-08-26 00:00:00,60.0,117.5,980.0
WPAC,200420W,116.8,24.0,2004-08-26 03:00:00,50.0,117.5,987.0
WPAC,200420W,116.4,23.9,2004-08-26 06:00:00,40.0,117.5,994.0
WPAC,200420W,116.0,23.9,2004-08-26 09:00:00,35.0,58.8,997.0
WPAC,200421W,152.5,13.3,2004-08-26 00:00:00,20.0,0.0,1004.0
WPAC,200421W,152.2,13.4,2004-08-26 03:00:00,23.0,0.0,1003.0
WPAC,200421W,150.3,14.1,2004-08-26 21:00:00,30.0,0.0,1000.0
WPAC,200421W,150.0,14.2,2004-08-27 00:00:00,30.0,0.0,1000.0
WPAC,200421W,149.7,14.4,2004-08-27 03:00:00,30.0,0.0,1000.0
WPAC,200421W,149.3,14.6,2004-08-27 06:00:00,30.0,0.0,1000.0
WPAC,200421W,146.3,16.0,2004-08-28 00:00:00,25.0,0.0,1002.0
WPAC,200421W,145.9,15.9,2004-08-28 03:00:00,23.0,0.0,1003.0
WPAC,200421W,145.4,15.9,2004-08-28 06:00:00,20.0,0.0,1004.0
WPAC,200422W,170.2,10.8,2004-08-26 06:00:00,20.0,0.0,1004.0
WPAC,200422W,168.4,10.5,2004-08-26 21:00:00,23.0,0.0,1003.0
WPAC,200422W,168.1,10.4,2004-08-27 00:00:00,25.0,0.0,1002.0
WPAC,200422W,167.8,10.6,2004-08-27 03:00:00,28.0,0.0,1001.0
WPAC,200422W,165.4,11.2,2004-08-27 21:00:00,40.0,20.0,997.0
WPAC,200422W,164.9,11.4,2004-08-28 00:00:00,45.0,40.0,991.0
WPAC,200422W,164.4,11.7,2004-08-28 03:00:00,50.0,57.5,988.0
WPAC,200422W,163.9,12.0,2004-08-28 06:00:00,55.0,75.0,984.0
WPAC,200422W,160.9,13.0,2004-08-28 21:00:00,58.0,90.0,982.0
WPAC,200422W,160.2,13.2,2004-08-29 00:00:00,60.0,90.0,980.0
WPAC,200422W,159.4,13.4,2004-08-29 03:00:00,63.0,90.0,978.0
WPAC,200422W,155.0,14.8,2004-08-29 21:00:00,73.0,90.0,970.0
WPAC,200422W,154.3,15.0,2004-08-30 00:00:00,75.0,90.0,967.0
WPAC,200422W,153.6,15.2,2004-08-30 03:00:00,78.0,130.0,965.0
WPAC,200422W,152.9,15.4,2004-08-30 06:00:00,80.0,170.0,963.0
WPAC,200422W,150.0,16.1,2004-08-30 21:00:00,98.0,158.8,946.0
WPAC,200422W,149.5,16.3,2004-08-31 00:00:00,105.0,142.5,938.0
WPAC,200422W,149.0,16.5,2004-08-31 03:00:00,113.0,149.4,930.0
WPAC,200422W,148.5,16.7,2004-08-31 06:00:00,120.0,156.2,922.0
WPAC,200422W,146.4,18.2,2004-08-31 21:00:00,125.0,155.0,916.0
WPAC,200422W,146.1,18.6,2004-09-01 00:00:00,125.0,152.5,916.0
WPAC,200422W,145.6,19.1,2004-09-01 03:00:00,125.0,136.2,916.0
WPAC,200422W,145.2,19.7,2004-09-01 06:00:00,125.0,120.0,916.0
WPAC,200422W,144.4,19.9,2004-09-01 09:00:00,125.0,135.0,916.0
WPAC,200422W,141.7,21.0,2004-09-01 21:00:00,123.0,150.0,919.0
WPAC,200422W,140.4,21.4,2004-09-02 03:00:00,118.0,132.5,925.0
WPAC,200422W,139.8,21.5,2004-09-02 06:00:00,115.0,115.0,927.0
WPAC,200422W,139.2,21.6,2004-09-02 09:00:00,115.0,122.5,927.0
WPAC,200422W,136.9,21.9,2004-09-02 21:00:00,115.0,131.2,927.0
WPAC,200422W,136.3,22.0,2004-09-03 00:00:00,115.0,132.5,927.0
WPAC,200422W,135.2,22.2,2004-09-03 06:00:00,115.0,137.5,927.0
WPAC,200422W,134.6,22.2,2004-09-03 09:00:00,113.0,135.0,930.0
WPAC,200422W,132.1,23.3,2004-09-04 00:00:00,115.0,190.0,927.0
WPAC,200422W,131.6,23.6,2004-09-04 03:00:00,120.0,185.0,922.0
WPAC,200422W,131.2,24.0,2004-09-04 06:00:00,125.0,180.0,916.0
WPAC,200422W,130.8,24.2,2004-09-04 09:00:00,125.0,172.5,916.0
WPAC,200422W,129.0,25.6,2004-09-05 00:00:00,115.0,157.5,927.0
WPAC,200422W,128.7,25.9,2004-09-05 03:00:00,115.0,161.2,927.0
WPAC,200422W,128.3,26.2,2004-09-05 06:00:00,115.0,165.0,927.0
WPAC,200422W,128.1,26.6,2004-09-05 09:00:00,113.0,165.0,930.0
WPAC,200422W,127.1,28.4,2004-09-06 00:00:00,100.0,170.0,944.0
WPAC,200422W,127.0,28.8,2004-09-06 03:00:00,98.0,171.2,947.0
WPAC,200422W,126.9,29.2,2004-09-06 06:00:00,95.0,172.5,949.0
WPAC,200422W,127.2,29.6,2004-09-06 09:00:00,93.0,161.2,952.0
WPAC,200422W,129.4,32.6,2004-09-07 00:00:00,90.0,147.5,954.0
WPAC,200422W,130.8,34.0,2004-09-07 03:00:00,88.0,143.8,956.0
WPAC,200422W,132.2,35.3,2004-09-07 06:00:00,85.0,140.0,958.0
WPAC,200422W,134.1,37.0,2004-09-07 09:00:00,78.0,126.9,965.0
WPAC,200422W,140.2,44.7,2004-09-08 00:00:00,45.0,113.8,991.0
WPAC,200423W,152.7,15.8,2004-09-04 06:00:00,25.0,0.0,1002.0
WPAC,200423W,149.3,17.1,2004-09-04 21:00:00,40.0,32.5,994.0
WPAC,200423W,148.5,17.4,2004-09-05 00:00:00,45.0,65.0,991.0
WPAC,200423W,147.8,17.8,2004-09-05 03:00:00,50.0,66.2,988.0
WPAC,200423W,142.7,19.4,2004-09-06 00:00:00,60.0,80.0,980.0
WPAC,200423W,142.1,19.6,2004-09-06 03:00:00,60.0,75.0,980.0
WPAC,200423W,141.5,19.8,2004-09-06 06:00:00,60.0,70.0,980.0
WPAC,200423W,140.9,20.1,2004-09-06 09:00:00,60.0,65.0,980.0
WPAC,200423W,139.0,21.6,2004-09-06 21:00:00,53.0,65.0,986.0
WPAC,200423W,138.7,22.0,2004-09-07 00:00:00,50.0,65.0,987.0
WPAC,200423W,138.4,22.5,2004-09-07 03:00:00,48.0,65.0,989.0
WPAC,200423W,138.1,23.0,2004-09-07 06:00:00,45.0,65.0,991.0
WPAC,200423W,138.0,23.5,2004-09-07 09:00:00,40.0,51.9,994.0
WPAC,200423W,137.5,25.5,2004-09-07 21:00:00,25.0,0.0,1002.0
WPAC,200423W,137.4,26.0,2004-09-08 00:00:00,20.0,0.0,1004.0
WPAC,200423W,137.4,26.5,2004-09-08 03:00:00,20.0,0.0,1004.0
WPAC,200423W,137.3,27.0,2004-09-08 06:00:00,20.0,0.0,1004.0
WPAC,200424W,120.1,23.0,2004-09-11 00:00:00,25.0,0.0,1002.0
WPAC,200424W,120.4,23.0,2004-09-11 03:00:00,25.0,0.0,1002.0
WPAC,200424W,120.8,23.0,2004-09-11 06:00:00,25.0,0.0,1002.0
WPAC,200424W,121.3,23.2,2004-09-11 09:00:00,25.0,0.0,1002.0
WPAC,200424W,122.2,24.8,2004-09-12 00:00:00,35.0,0.0,997.0
WPAC,200424W,122.2,25.1,2004-09-12 03:00:00,33.0,0.0,999.0
WPAC,200424W,122.2,25.5,2004-09-12 06:00:00,30.0,0.0,1000.0
WPAC,200424W,122.2,25.8,2004-09-12 09:00:00,30.0,0.0,1000.0
WPAC,200424W,121.6,27.3,2004-09-13 00:00:00,30.0,0.0,1000.0
WPAC,200424W,121.2,27.6,2004-09-13 03:00:00,30.0,0.0,1000.0
WPAC,200424W,120.9,28.0,2004-09-13 06:00:00,30.0,0.0,1000.0
WPAC,200424W,120.5,28.2,2004-09-13 09:00:00,30.0,0.0,1000.0
WPAC,200425W,151.0,13.1,2004-09-18 21:00:00,15.0,0.0,1006.0
WPAC,200425W,150.2,13.1,2004-09-19 00:00:00,15.0,0.0,1006.0
WPAC,200425W,149.4,13.1,2004-09-19 03:00:00,18.0,0.0,1005.0
WPAC,200425W,148.6,13.0,2004-09-19 06:00:00,20.0,0.0,1004.0
WPAC,200425W,145.5,12.8,2004-09-19 21:00:00,25.0,0.0,1002.0
WPAC,200425W,145.1,12.6,2004-09-20 00:00:00,25.0,0.0,1002.0
WPAC,200425W,144.7,12.6,2004-09-20 03:00:00,28.0,0.0,1001.0
WPAC,200425W,144.3,12.6,2004-09-20 06:00:00,30.0,0.0,1000.0
WPAC,200425W,142.2,13.0,2004-09-20 21:00:00,38.0,22.5,996.0
WPAC,200425W,141.9,13.2,2004-09-21 00:00:00,40.0,45.0,994.0
WPAC,200425W,141.6,13.4,2004-09-21 03:00:00,43.0,51.2,993.0
WPAC,200425W,141.3,13.7,2004-09-21 06:00:00,45.0,57.5,991.0
WPAC,200425W,141.0,13.9,2004-09-21 09:00:00,48.0,58.8,989.0
WPAC,200425W,139.2,15.3,2004-09-22 03:00:00,58.0,62.5,982.0
WPAC,200425W,139.0,15.6,2004-09-22 06:00:00,60.0,62.5,980.0
WPAC,200425W,138.8,15.9,2004-09-22 09:00:00,63.0,65.0,978.0
WPAC,200425W,137.8,16.9,2004-09-22 21:00:00,70.0,97.5,972.0
WPAC,200425W,137.2,17.5,2004-09-23 03:00:00,83.0,105.0,961.0
WPAC,200425W,136.8,17.8,2004-09-23 06:00:00,90.0,107.5,954.0
WPAC,200425W,136.4,18.1,2004-09-23 09:00:00,95.0,110.0,949.0
WPAC,200425W,134.6,19.1,2004-09-23 21:00:00,113.0,121.2,930.0
WPAC,200425W,134.2,19.4,2004-09-24 00:00:00,120.0,120.0,922.0
WPAC,200425W,133.8,19.8,2004-09-24 03:00:00,123.0,108.1,919.0
WPAC,200425W,133.3,20.1,2004-09-24 06:00:00,125.0,96.2,916.0
WPAC,200425W,130.6,23.0,2004-09-25 03:00:00,118.0,90.0,925.0
WPAC,200425W,130.2,23.6,2004-09-25 06:00:00,115.0,92.5,927.0
WPAC,200425W,129.6,24.1,2004-09-25 09:00:00,113.0,88.8,930.0
WPAC,200425W,126.6,25.6,2004-09-26 00:00:00,105.0,80.0,938.0
WPAC,200425W,126.1,25.7,2004-09-26 03:00:00,103.0,83.8,941.0
WPAC,200425W,125.6,25.8,2004-09-26 06:00:00,100.0,87.5,944.0
WPAC,200425W,125.3,25.8,2004-09-26 09:00:00,100.0,83.8,944.0
WPAC,200425W,124.9,26.1,2004-09-27 00:00:00,105.0,80.0,938.0
WPAC,200425W,125.0,26.2,2004-09-27 03:00:00,105.0,86.2,938.0
WPAC,200425W,125.0,26.4,2004-09-27 06:00:00,105.0,92.5,938.0
WPAC,200425W,125.2,26.6,2004-09-27 09:00:00,98.0,93.8,946.0
WPAC,200425W,126.5,28.0,2004-09-28 00:00:00,80.0,67.5,963.0
WPAC,200425W,126.8,28.5,2004-09-28 03:00:00,78.0,78.8,965.0
WPAC,200425W,127.1,29.0,2004-09-28 06:00:00,75.0,90.0,967.0
WPAC,200425W,127.5,29.6,2004-09-28 09:00:00,75.0,95.0,967.0
WPAC,200425W,131.7,32.4,2004-09-29 03:00:00,63.0,96.9,978.0
WPAC,200425W,132.9,32.9,2004-09-29 06:00:00,60.0,98.8,980.0
WPAC,200425W,133.9,33.7,2004-09-29 09:00:00,58.0,97.5,982.0
WPAC,200425W,142.5,38.5,2004-09-30 00:00:00,35.0,96.2,997.0
WPAC,200426W,137.3,14.9,2004-10-01 21:00:00,15.0,0.0,1006.0
WPAC,200426W,137.1,15.1,2004-10-02 00:00:00,15.0,0.0,1006.0
WPAC,200426W,137.0,15.4,2004-10-02 03:00:00,15.0,0.0,1006.0
WPAC,200426W,136.9,15.7,2004-10-02 06:00:00,15.0,0.0,1006.0
WPAC,200426W,136.7,15.9,2004-10-02 09:00:00,15.0,0.0,1006.0
WPAC,200426W,135.5,16.1,2004-10-02 21:00:00,15.0,0.0,1006.0
WPAC,200426W,134.9,16.1,2004-10-03 03:00:00,15.0,0.0,1006.0
WPAC,200426W,134.4,16.4,2004-10-03 09:00:00,18.0,0.0,1005.0
WPAC,200426W,134.4,16.8,2004-10-04 03:00:00,33.0,25.0,999.0
WPAC,200426W,134.3,17.0,2004-10-04 06:00:00,35.0,50.0,997.0
WPAC,200426W,134.3,17.2,2004-10-04 09:00:00,35.0,62.5,997.0
WPAC,200426W,134.4,18.1,2004-10-04 21:00:00,35.0,80.0,997.0
WPAC,200426W,134.4,18.4,2004-10-05 00:00:00,35.0,80.0,997.0
WPAC,200426W,134.6,18.7,2004-10-05 03:00:00,40.0,76.2,994.0
WPAC,200426W,134.8,19.0,2004-10-05 06:00:00,45.0,72.5,991.0
WPAC,200426W,134.7,19.3,2004-10-05 09:00:00,45.0,77.5,991.0
WPAC,200426W,133.4,20.5,2004-10-06 00:00:00,55.0,82.5,984.0
WPAC,200426W,133.1,20.6,2004-10-06 03:00:00,60.0,82.5,980.0
WPAC,200426W,132.7,20.7,2004-10-06 06:00:00,65.0,82.5,976.0
WPAC,200426W,132.4,20.9,2004-10-06 09:00:00,70.0,82.5,972.0
WPAC,200426W,130.9,21.8,2004-10-07 00:00:00,80.0,105.0,963.0
WPAC,200426W,130.8,22.0,2004-10-07 03:00:00,85.0,112.5,959.0
WPAC,200426W,130.6,22.2,2004-10-07 06:00:00,90.0,120.0,954.0
WPAC,200426W,130.6,22.4,2004-10-07 09:00:00,103.0,127.5,941.0
WPAC,200426W,131.4,23.8,2004-10-08 00:00:00,140.0,100.0,898.0
WPAC,200426W,131.9,24.5,2004-10-08 03:00:00,140.0,90.0,898.0
WPAC,200426W,132.3,25.1,2004-10-08 06:00:00,140.0,80.0,898.0
WPAC,200426W,132.8,26.1,2004-10-08 09:00:00,140.0,86.2,898.0
WPAC,200426W,136.0,31.6,2004-10-09 00:00:00,130.0,105.0,910.0
WPAC,200426W,138.2,34.3,2004-10-09 06:00:00,105.0,97.5,938.0
WPAC,200427W,154.8,10.4,2004-10-11 00:00:00,15.0,0.0,1006.0
WPAC,200427W,154.2,10.9,2004-10-11 03:00:00,15.0,0.0,1006.0
WPAC,200427W,153.7,11.4,2004-10-11 06:00:00,15.0,0.0,1006.0
WPAC,200427W,151.0,12.2,2004-10-11 21:00:00,25.0,0.0,1002.0
WPAC,200427W,150.5,12.3,2004-10-12 00:00:00,25.0,0.0,1002.0
WPAC,200427W,149.9,12.7,2004-10-12 03:00:00,25.0,0.0,1002.0
WPAC,200427W,149.4,13.0,2004-10-12 06:00:00,25.0,0.0,1002.0
WPAC,200427W,144.7,14.2,2004-10-12 21:00:00,40.0,61.2,994.0
WPAC,200427W,143.8,14.3,2004-10-13 00:00:00,45.0,122.5,991.0
WPAC,200427W,142.9,14.2,2004-10-13 03:00:00,50.0,121.2,988.0
WPAC,200427W,142.0,14.2,2004-10-13 06:00:00,55.0,120.0,984.0
WPAC,200427W,138.1,13.6,2004-10-14 00:00:00,75.0,157.5,967.0
WPAC,200427W,137.8,13.7,2004-10-14 03:00:00,78.0,157.5,965.0
WPAC,200427W,137.4,13.8,2004-10-14 06:00:00,80.0,157.5,963.0
WPAC,200427W,137.0,13.9,2004-10-14 09:00:00,83.0,154.4,961.0
WPAC,200427W,135.8,14.5,2004-10-14 21:00:00,95.0,161.9,949.0
WPAC,200427W,135.5,14.7,2004-10-15 00:00:00,100.0,163.8,944.0
WPAC,200427W,135.2,14.9,2004-10-15 03:00:00,100.0,163.8,944.0
WPAC,200427W,135.0,15.1,2004-10-15 06:00:00,100.0,163.8,944.0
WPAC,200427W,134.7,15.3,2004-10-15 09:00:00,100.0,160.0,944.0
WPAC,200427W,134.1,16.5,2004-10-15 21:00:00,103.0,148.8,941.0
WPAC,200427W,134.1,16.8,2004-10-16 00:00:00,105.0,147.5,938.0
WPAC,200427W,134.1,17.2,2004-10-16 03:00:00,108.0,151.2,936.0
WPAC,200427W,134.0,17.7,2004-10-16 06:00:00,110.0,155.0,933.0
WPAC,200427W,131.8,19.4,2004-10-17 00:00:00,125.0,185.0,916.0
WPAC,200427W,130.9,19.7,2004-10-17 06:00:00,120.0,185.0,922.0
WPAC,200427W,130.4,19.9,2004-10-17 09:00:00,118.0,185.0,925.0
WPAC,200427W,128.2,21.7,2004-10-18 00:00:00,105.0,200.0,938.0
WPAC,200427W,127.8,21.9,2004-10-18 03:00:00,100.0,188.8,944.0
WPAC,200427W,127.4,22.2,2004-10-18 06:00:00,95.0,177.5,949.0
WPAC,200427W,127.2,22.6,2004-10-18 09:00:00,95.0,165.0,949.0
WPAC,200427W,127.2,24.8,2004-10-19 00:00:00,80.0,162.5,963.0
WPAC,200427W,127.6,25.4,2004-10-19 03:00:00,80.0,160.0,963.0
WPAC,200427W,128.0,26.0,2004-10-19 06:00:00,80.0,157.5,963.0
WPAC,200427W,128.4,26.7,2004-10-19 09:00:00,75.0,157.5,968.0
WPAC,200427W,131.8,31.1,2004-10-20 00:00:00,65.0,140.0,976.0
WPAC,200427W,132.7,32.2,2004-10-20 03:00:00,60.0,136.2,980.0
WPAC,200427W,133.5,33.2,2004-10-20 06:00:00,55.0,132.5,984.0
WPAC,200428W,162.4,9.2,2004-10-14 00:00:00,25.0,0.0,1002.0
WPAC,200428W,161.9,9.6,2004-10-14 03:00:00,28.0,0.0,1001.0
WPAC,200428W,161.4,10.1,2004-10-14 06:00:00,30.0,0.0,1000.0
WPAC,200428W,160.1,11.3,2004-10-14 21:00:00,30.0,0.0,1000.0
WPAC,200428W,159.8,11.6,2004-10-15 03:00:00,30.0,0.0,1000.0
WPAC,200428W,159.5,11.5,2004-10-15 06:00:00,30.0,0.0,1000.0
WPAC,200428W,157.8,11.1,2004-10-15 21:00:00,30.0,0.0,1000.0
WPAC,200428W,157.4,11.1,2004-10-16 00:00:00,30.0,0.0,1000.0
WPAC,200428W,156.9,11.1,2004-10-16 03:00:00,33.0,0.0,999.0
WPAC,200428W,156.5,11.0,2004-10-16 06:00:00,35.0,0.0,997.0
WPAC,200428W,154.7,10.8,2004-10-16 21:00:00,48.0,95.0,989.0
WPAC,200428W,154.4,10.8,2004-10-17 00:00:00,50.0,110.0,987.0
WPAC,200428W,154.2,10.8,2004-10-17 03:00:00,53.0,110.0,986.0
WPAC,200428W,153.9,10.8,2004-10-17 06:00:00,55.0,110.0,984.0
WPAC,200428W,152.6,10.4,2004-10-17 21:00:00,65.0,128.8,976.0
WPAC,200428W,152.3,10.4,2004-10-18 00:00:00,65.0,130.0,976.0
WPAC,200428W,151.7,10.2,2004-10-18 06:00:00,70.0,127.5,972.0
WPAC,200428W,149.2,9.8,2004-10-18 21:00:00,83.0,122.5,961.0
WPAC,200428W,148.6,9.7,2004-10-19 00:00:00,85.0,122.5,958.0
WPAC,200428W,148.2,9.7,2004-10-19 03:00:00,88.0,140.0,956.0
WPAC,200428W,147.8,9.7,2004-10-19 06:00:00,90.0,157.5,954.0
WPAC,200428W,145.6,10.4,2004-10-19 21:00:00,93.0,127.5,952.0
WPAC,200428W,145.1,10.7,2004-10-20 00:00:00,95.0,127.5,949.0
WPAC,200428W,144.6,11.1,2004-10-20 03:00:00,95.0,128.8,949.0
WPAC,200428W,144.1,11.6,2004-10-20 06:00:00,95.0,130.0,949.0
WPAC,200428W,141.1,13.1,2004-10-20 21:00:00,95.0,96.2,949.0
WPAC,200428W,140.6,13.4,2004-10-21 00:00:00,95.0,97.5,949.0
WPAC,200428W,140.0,13.6,2004-10-21 03:00:00,95.0,106.2,949.0
WPAC,200428W,139.4,13.7,2004-10-21 06:00:00,95.0,115.0,949.0
WPAC,200428W,136.9,15.0,2004-10-21 21:00:00,95.0,120.0,949.0
WPAC,200428W,136.5,15.3,2004-10-22 00:00:00,95.0,97.5,949.0
WPAC,200428W,136.1,15.6,2004-10-22 03:00:00,98.0,113.8,947.0
WPAC,200428W,135.6,15.9,2004-10-22 06:00:00,100.0,130.0,944.0
WPAC,200428W,135.1,16.1,2004-10-22 09:00:00,100.0,120.0,944.0
WPAC,200428W,133.1,17.1,2004-10-22 21:00:00,105.0,106.2,939.0
WPAC,200428W,130.9,18.0,2004-10-23 06:00:00,110.0,106.2,933.0
WPAC,200428W,130.1,18.3,2004-10-23 09:00:00,110.0,105.6,933.0
WPAC,200428W,126.0,20.0,2004-10-24 00:00:00,110.0,107.5,933.0
WPAC,200428W,125.2,20.4,2004-10-24 03:00:00,110.0,107.5,933.0
WPAC,200428W,124.5,20.7,2004-10-24 06:00:00,110.0,107.5,933.0
WPAC,200428W,123.8,21.2,2004-10-24 09:00:00,110.0,110.0,933.0
WPAC,200428W,122.3,24.2,2004-10-25 00:00:00,100.0,102.5,944.0
WPAC,200428W,122.1,24.8,2004-10-25 03:00:00,95.0,95.6,949.0
WPAC,200428W,121.9,25.4,2004-10-25 06:00:00,90.0,88.8,954.0
WPAC,200428W,122.2,26.0,2004-10-25 09:00:00,83.0,86.2,961.0
WPAC,200428W,126.1,28.4,2004-10-26 00:00:00,60.0,91.2,980.0
WPAC,200428W,127.8,28.8,2004-10-26 03:00:00,53.0,85.6,986.0
WPAC,200428W,129.5,29.1,2004-10-26 06:00:00,45.0,80.0,991.0
WPAC,200428W,131.2,29.4,2004-10-26 09:00:00,45.0,70.0,991.0
WPAC,200429W,131.8,11.1,2004-11-14 00:00:00,30.0,0.0,1000.0
WPAC,200429W,130.9,11.1,2004-11-14 03:00:00,30.0,0.0,1000.0
WPAC,200429W,130.1,11.2,2004-11-14 06:00:00,30.0,0.0,1000.0
WPAC,200429W,129.3,11.3,2004-11-14 09:00:00,33.0,0.0,999.0
WPAC,200429W,127.0,12.2,2004-11-15 00:00:00,35.0,0.0,997.0
WPAC,200429W,127.0,12.6,2004-11-15 03:00:00,35.0,0.0,997.0
WPAC,200429W,127.1,13.0,2004-11-15 06:00:00,35.0,0.0,997.0
WPAC,200429W,126.8,13.2,2004-11-15 09:00:00,35.0,0.0,997.0
WPAC,200429W,125.7,14.5,2004-11-16 00:00:00,40.0,80.0,994.0
WPAC,200429W,125.3,14.5,2004-11-16 03:00:00,43.0,89.4,993.0
WPAC,200429W,124.9,14.5,2004-11-16 06:00:00,45.0,98.8,991.0
WPAC,200429W,124.6,14.5,2004-11-16 09:00:00,50.0,98.8,988.0
WPAC,200429W,123.6,14.6,2004-11-17 00:00:00,60.0,117.5,980.0
WPAC,200429W,123.6,14.7,2004-11-17 03:00:00,63.0,116.2,978.0
WPAC,200429W,123.6,14.8,2004-11-17 06:00:00,65.0,115.0,976.0
WPAC,200429W,123.7,15.0,2004-11-17 09:00:00,70.0,115.0,972.0
WPAC,200429W,123.8,15.7,2004-11-18 00:00:00,105.0,83.8,938.0
WPAC,200429W,123.8,15.8,2004-11-18 03:00:00,110.0,86.9,933.0
WPAC,200429W,123.9,15.9,2004-11-18 06:00:00,115.0,90.0,927.0
WPAC,200429W,124.1,15.9,2004-11-18 09:00:00,115.0,91.2,927.0
WPAC,200429W,124.2,15.2,2004-11-19 00:00:00,105.0,58.8,938.0
WPAC,200429W,124.2,14.9,2004-11-19 03:00:00,98.0,66.9,946.0
WPAC,200429W,124.1,14.7,2004-11-19 06:00:00,90.0,75.0,954.0
WPAC,200429W,123.9,14.4,2004-11-19 09:00:00,88.0,76.2,956.0
WPAC,200429W,121.6,12.8,2004-11-20 00:00:00,75.0,73.8,967.0
WPAC,200429W,120.9,12.7,2004-11-20 03:00:00,70.0,73.8,972.0
WPAC,200429W,120.3,12.5,2004-11-20 06:00:00,65.0,73.8,976.0
WPAC,200429W,119.8,12.4,2004-11-20 09:00:00,63.0,68.1,978.0
WPAC,200429W,117.2,11.9,2004-11-21 00:00:00,65.0,68.8,976.0
WPAC,200429W,116.7,11.9,2004-11-21 03:00:00,68.0,75.6,974.0
WPAC,200429W,116.1,11.9,2004-11-21 06:00:00,70.0,82.5,972.0
WPAC,200429W,115.7,11.9,2004-11-21 09:00:00,75.0,82.5,968.0
WPAC,200429W,113.6,11.4,2004-11-22 00:00:00,85.0,82.5,958.0
WPAC,200429W,113.3,11.2,2004-11-22 03:00:00,85.0,75.0,958.0
WPAC,200429W,113.1,11.1,2004-11-22 06:00:00,85.0,67.5,958.0
WPAC,200429W,112.8,10.9,2004-11-22 09:00:00,80.0,66.2,963.0
WPAC,200429W,111.7,10.1,2004-11-23 00:00:00,65.0,65.0,976.0
WPAC,200429W,111.4,10.0,2004-11-23 03:00:00,65.0,62.5,976.0
WPAC,200429W,111.1,9.9,2004-11-23 06:00:00,65.0,60.0,976.0
WPAC,200429W,110.8,9.8,2004-11-23 09:00:00,63.0,59.4,978.0
WPAC,200429W,109.7,9.1,2004-11-24 00:00:00,55.0,57.5,984.0
WPAC,200429W,109.2,8.9,2004-11-24 03:00:00,53.0,61.2,986.0
WPAC,200429W,108.8,8.8,2004-11-24 06:00:00,50.0,65.0,987.0
WPAC,200429W,108.1,8.7,2004-11-24 09:00:00,45.0,60.0,991.0
WPAC,200429W,103.6,8.7,2004-11-25 00:00:00,40.0,50.0,994.0
WPAC,200429W,102.7,8.7,2004-11-25 03:00:00,38.0,51.2,996.0
WPAC,200429W,101.7,8.7,2004-11-25 06:00:00,35.0,52.5,997.0
WPAC,200429W,101.1,8.8,2004-11-25 09:00:00,33.0,26.2,999.0
WPAC,200429W,99.9,11.3,2004-11-26 00:00:00,25.0,0.0,1002.0
WPAC,200430W,151.8,5.6,2004-11-28 06:00:00,25.0,0.0,1002.0
WPAC,200430W,148.5,6.2,2004-11-28 21:00:00,33.0,0.0,999.0
WPAC,200430W,147.8,6.3,2004-11-29 00:00:00,35.0,0.0,997.0
WPAC,200430W,146.9,6.6,2004-11-29 03:00:00,45.0,35.0,991.0
WPAC,200430W,146.0,6.9,2004-11-29 06:00:00,55.0,70.0,984.0
WPAC,200430W,141.8,8.1,2004-11-29 21:00:00,75.0,115.6,967.0
WPAC,200430W,141.0,8.5,2004-11-30 00:00:00,75.0,127.5,967.0
WPAC,200430W,139.1,9.3,2004-11-30 06:00:00,80.0,143.8,963.0
WPAC,200430W,132.8,11.6,2004-12-01 00:00:00,105.0,146.2,938.0
WPAC,200430W,131.8,11.9,2004-12-01 03:00:00,110.0,146.2,933.0
WPAC,200430W,130.7,12.3,2004-12-01 06:00:00,115.0,146.2,927.0
WPAC,200430W,129.6,12.7,2004-12-01 09:00:00,120.0,145.6,922.0
WPAC,200430W,125.0,14.3,2004-12-02 00:00:00,130.0,255.0,910.0
WPAC,200430W,124.2,14.6,2004-12-02 03:00:00,125.0,226.2,916.0
WPAC,200430W,123.4,14.9,2004-12-02 06:00:00,120.0,197.5,922.0
WPAC,200430W,122.7,15.4,2004-12-02 09:00:00,118.0,193.8,925.0
WPAC,200430W,119.0,17.9,2004-12-03 00:00:00,95.0,180.0,949.0
WPAC,200430W,118.8,18.6,2004-12-03 03:00:00,85.0,167.5,958.0
WPAC,200430W,118.5,19.3,2004-12-03 06:00:00,75.0,155.0,967.0
WPAC,200430W,118.4,19.8,2004-12-03 09:00:00,70.0,137.5,972.0
WPAC,200430W,120.2,22.4,2004-12-04 00:00:00,45.0,113.8,991.0
WPAC,200431W,175.7,5.9,2004-12-09 06:00:00,20.0,0.0,1005.0
WPAC,200431W,172.2,7.2,2004-12-09 21:00:00,28.0,0.0,1001.0
WPAC,200431W,171.5,7.7,2004-12-10 00:00:00,30.0,0.0,1000.0
WPAC,200431W,170.6,8.1,2004-12-10 03:00:00,30.0,0.0,1000.0
WPAC,200431W,169.7,8.4,2004-12-10 06:00:00,30.0,0.0,1000.0
WPAC,200431W,164.9,8.5,2004-12-10 21:00:00,40.0,22.5,994.0
WPAC,200431W,163.9,8.6,2004-12-11 00:00:00,45.0,45.0,991.0
WPAC,200431W,162.9,8.8,2004-12-11 03:00:00,45.0,57.5,991.0
WPAC,200431W,161.9,9.1,2004-12-11 06:00:00,45.0,70.0,991.0
WPAC,200431W,155.3,10.0,2004-12-12 00:00:00,50.0,78.8,987.0
WPAC,200431W,154.2,9.9,2004-12-12 03:00:00,50.0,78.8,987.0
WPAC,200431W,153.2,9.9,2004-12-12 06:00:00,50.0,78.8,987.0
WPAC,200431W,147.2,10.1,2004-12-13 00:00:00,45.0,75.0,991.0
WPAC,200431W,146.3,10.2,2004-12-13 03:00:00,45.0,80.0,991.0
WPAC,200431W,145.5,10.3,2004-12-13 06:00:00,45.0,85.0,991.0
WPAC,200431W,141.6,11.2,2004-12-13 21:00:00,43.0,76.2,993.0
WPAC,200431W,140.8,11.3,2004-12-14 00:00:00,40.0,77.5,994.0
WPAC,200431W,140.1,11.4,2004-12-14 03:00:00,40.0,77.5,994.0
WPAC,200431W,139.3,11.6,2004-12-14 06:00:00,40.0,77.5,994.0
WPAC,200431W,136.2,11.4,2004-12-15 00:00:00,35.0,67.5,997.0
WPAC,200431W,135.8,11.6,2004-12-15 03:00:00,35.0,67.5,997.0
WPAC,200431W,135.4,11.7,2004-12-15 06:00:00,35.0,67.5,997.0
WPAC,200431W,135.0,11.8,2004-12-15 09:00:00,33.0,33.8,999.0
WPAC,200431W,132.8,12.1,2004-12-16 03:00:00,30.0,0.0,1000.0
WPAC,200431W,132.5,12.1,2004-12-16 06:00:00,30.0,0.0,1000.0
WPAC,200431W,131.4,13.2,2004-12-17 00:00:00,35.0,0.0,997.0
WPAC,200431W,131.4,13.4,2004-12-17 03:00:00,40.0,22.5,994.0
WPAC,200431W,131.4,13.9,2004-12-17 09:00:00,45.0,45.0,991.0
WPAC,200431W,131.4,14.9,2004-12-18 03:00:00,38.0,50.0,996.0
WPAC,200431W,130.9,15.2,2004-12-18 06:00:00,35.0,50.0,997.0
WPAC,200431W,131.3,17.8,2004-12-19 00:00:00,35.0,50.0,997.0
WPAC,200431W,131.0,18.1,2004-12-19 03:00:00,33.0,25.0,999.0
WPAC,200431W,130.7,18.4,2004-12-19 06:00:00,30.0,0.0,1000.0
WPAC,200431W,130.6,18.8,2004-12-19 09:00:00,28.0,0.0,1001.0
WPAC,200431W,131.5,19.9,2004-12-20 00:00:00,20.0,0.0,1004.0
WPAC,200432W,154.0,11.1,2004-12-17 00:00:00,20.0,0.0,1004.0
WPAC,200432W,153.8,11.6,2004-12-17 03:00:00,20.0,0.0,1004.0
WPAC,200432W,151.5,13.3,2004-12-17 21:00:00,30.0,0.0,1000.0
WPAC,200432W,150.6,13.4,2004-12-18 03:00:00,33.0,0.0,999.0
WPAC,200432W,150.1,13.4,2004-12-18 06:00:00,35.0,0.0,997.0
WPAC,200432W,147.7,13.3,2004-12-19 00:00:00,35.0,0.0,997.0
WPAC,200432W,147.4,13.7,2004-12-19 03:00:00,35.0,0.0,997.0
WPAC,200432W,147.2,14.0,2004-12-19 06:00:00,35.0,0.0,997.0
WPAC,200432W,146.4,17.1,2004-12-19 21:00:00,53.0,61.2,986.0
WPAC,200432W,146.4,17.6,2004-12-20 00:00:00,55.0,72.5,984.0
WPAC,200432W,146.4,18.1,2004-12-20 03:00:00,55.0,71.2,984.0
WPAC,200432W,146.5,18.7,2004-12-20 06:00:00,55.0,70.0,984.0
WPAC,200432W,149.1,22.2,2004-12-20 21:00:00,53.0,75.0,986.0
WPAC,200432W,151.4,23.8,2004-12-21 03:00:00,50.0,76.2,987.0
WPAC,200432W,152.7,24.5,2004-12-21 06:00:00,50.0,75.0,987.0
WPAC,200432W,159.4,26.6,2004-12-21 21:00:00,30.0,0.0,1000.0
WPAC,200432W,160.9,26.8,2004-12-22 00:00:00,30.0,0.0,1000.0
WPAC,200501W,152.1,5.2,2005-01-13 06:00:00,15.0,0.0,1006.0
WPAC,200501W,148.8,5.1,2005-01-14 00:00:00,25.0,0.0,1002.0
WPAC,200501W,148.4,5.2,2005-01-14 03:00:00,28.0,0.0,1001.0
WPAC,200501W,147.9,5.4,2005-01-14 06:00:00,30.0,0.0,1000.0
WPAC,200501W,147.4,6.9,2005-01-14 21:00:00,35.0,0.0,997.0
WPAC,200501W,147.5,7.3,2005-01-15 00:00:00,35.0,0.0,997.0
WPAC,200501W,147.5,7.8,2005-01-15 03:00:00,38.0,32.5,996.0
WPAC,200501W,147.0,10.9,2005-01-15 21:00:00,45.0,65.0,991.0
WPAC,200501W,146.9,11.4,2005-01-16 00:00:00,45.0,70.0,991.0
WPAC,200501W,146.9,11.8,2005-01-16 03:00:00,45.0,70.0,991.0
WPAC,200501W,146.9,12.2,2005-01-16 06:00:00,45.0,70.0,991.0
WPAC,200501W,147.7,13.9,2005-01-16 21:00:00,45.0,67.5,991.0
WPAC,200501W,147.9,14.3,2005-01-17 00:00:00,45.0,65.0,991.0
WPAC,200501W,148.4,14.6,2005-01-17 03:00:00,50.0,65.0,988.0
WPAC,200501W,148.8,14.9,2005-01-17 06:00:00,55.0,65.0,984.0
WPAC,200501W,151.2,16.6,2005-01-17 21:00:00,65.0,67.5,976.0
WPAC,200501W,151.7,16.9,2005-01-18 00:00:00,65.0,65.0,976.0
WPAC,200501W,152.7,17.4,2005-01-18 06:00:00,60.0,57.5,980.0
WPAC,200502W,151.8,6.0,2005-03-12 06:00:00,15.0,0.0,1006.0
WPAC,200502W,148.8,7.1,2005-03-12 21:00:00,20.0,0.0,1004.0
WPAC,200502W,148.2,7.4,2005-03-13 00:00:00,20.0,0.0,1004.0
WPAC,200502W,147.6,7.7,2005-03-13 03:00:00,23.0,0.0,1003.0
WPAC,200502W,146.9,8.0,2005-03-13 06:00:00,25.0,0.0,1002.0
WPAC,200502W,143.3,9.6,2005-03-13 21:00:00,30.0,0.0,1000.0
WPAC,200502W,142.6,10.1,2005-03-14 00:00:00,30.0,0.0,1000.0
WPAC,200502W,141.9,10.1,2005-03-14 03:00:00,33.0,0.0,999.0
WPAC,200502W,141.2,10.2,2005-03-14 06:00:00,35.0,0.0,997.0
WPAC,200502W,140.6,10.3,2005-03-14 09:00:00,40.0,23.8,994.0
WPAC,200502W,137.5,11.6,2005-03-15 00:00:00,55.0,47.5,984.0
WPAC,200502W,136.8,11.8,2005-03-15 03:00:00,55.0,50.0,984.0
WPAC,200502W,136.0,11.9,2005-03-15 06:00:00,55.0,52.5,984.0
WPAC,200502W,135.2,12.0,2005-03-15 09:00:00,58.0,58.8,982.0
WPAC,200502W,131.1,11.9,2005-03-16 00:00:00,80.0,75.0,963.0
WPAC,200502W,130.1,11.8,2005-03-16 03:00:00,80.0,77.5,963.0
WPAC,200502W,129.0,11.7,2005-03-16 06:00:00,80.0,80.0,963.0
WPAC,200502W,127.9,11.6,2005-03-16 09:00:00,80.0,78.8,963.0
WPAC,200502W,123.1,11.0,2005-03-17 00:00:00,55.0,60.0,984.0
WPAC,200502W,122.2,11.3,2005-03-17 03:00:00,50.0,60.0,988.0
WPAC,200502W,121.3,11.6,2005-03-17 06:00:00,45.0,60.0,991.0
WPAC,200502W,120.7,11.9,2005-03-17 09:00:00,43.0,60.0,993.0
WPAC,200503W,150.2,7.2,2005-04-17 03:00:00,15.0,0.0,1006.0
WPAC,200503W,150.0,7.3,2005-04-17 06:00:00,15.0,0.0,1006.0
WPAC,200503W,148.7,9.2,2005-04-18 00:00:00,25.0,0.0,1002.0
WPAC,200503W,148.3,9.5,2005-04-18 03:00:00,25.0,0.0,1002.0
WPAC,200503W,145.1,9.8,2005-04-19 00:00:00,25.0,0.0,1002.0
WPAC,200503W,144.8,9.7,2005-04-19 03:00:00,25.0,0.0,1002.0
WPAC,200503W,144.5,9.5,2005-04-19 06:00:00,25.0,0.0,1002.0
WPAC,200503W,143.3,8.3,2005-04-20 00:00:00,25.0,0.0,1002.0
WPAC,200503W,143.1,8.2,2005-04-20 03:00:00,25.0,0.0,1002.0
WPAC,200503W,142.9,8.0,2005-04-20 06:00:00,25.0,0.0,1002.0
WPAC,200503W,142.6,8.0,2005-04-20 09:00:00,25.0,0.0,1002.0
WPAC,200503W,141.0,8.1,2005-04-21 00:00:00,25.0,0.0,1002.0
WPAC,200503W,140.6,8.3,2005-04-21 03:00:00,25.0,0.0,1002.0
WPAC,200503W,139.8,8.8,2005-04-21 09:00:00,25.0,0.0,1002.0
WPAC,200503W,137.2,10.7,2005-04-22 00:00:00,25.0,0.0,1004.0
WPAC,200503W,136.5,10.9,2005-04-22 03:00:00,28.0,0.0,1002.0
WPAC,200503W,135.8,11.2,2005-04-22 06:00:00,30.0,0.0,1000.0
WPAC,200503W,135.2,11.3,2005-04-22 09:00:00,30.0,0.0,1000.0
WPAC,200503W,132.7,11.8,2005-04-23 00:00:00,35.0,0.0,997.0
WPAC,200503W,132.3,11.9,2005-04-23 03:00:00,45.0,25.0,991.0
WPAC,200503W,132.0,12.1,2005-04-23 06:00:00,55.0,50.0,984.0
WPAC,200503W,131.8,12.3,2005-04-23 09:00:00,60.0,57.5,980.0
WPAC,200503W,130.9,13.5,2005-04-24 00:00:00,90.0,110.0,954.0
WPAC,200503W,130.9,13.8,2005-04-24 03:00:00,100.0,110.0,944.0
WPAC,200503W,130.8,14.0,2005-04-24 06:00:00,110.0,110.0,933.0
WPAC,200503W,130.8,14.3,2005-04-24 09:00:00,113.0,106.2,930.0
WPAC,200503W,131.3,16.0,2005-04-25 00:00:00,115.0,110.0,927.0
WPAC,200503W,131.5,16.4,2005-04-25 03:00:00,115.0,110.0,927.0
WPAC,200503W,131.7,16.7,2005-04-25 06:00:00,115.0,110.0,927.0
WPAC,200503W,131.9,17.1,2005-04-25 09:00:00,113.0,111.9,930.0
WPAC,200503W,134.2,20.2,2005-04-26 00:00:00,100.0,110.0,944.0
WPAC,200503W,135.1,21.0,2005-04-26 03:00:00,98.0,101.2,947.0
WPAC,200503W,135.9,21.8,2005-04-26 06:00:00,95.0,92.5,949.0
WPAC,200503W,137.0,22.6,2005-04-26 09:00:00,93.0,90.0,952.0
WPAC,200503W,141.8,25.4,2005-04-26 21:00:00,55.0,82.5,984.0
WPAC,200503W,143.1,26.0,2005-04-27 00:00:00,55.0,82.5,984.0
WPAC,200504W,155.3,5.6,2005-05-27 21:00:00,15.0,0.0,1006.0
WPAC,200504W,155.0,5.6,2005-05-28 00:00:00,15.0,0.0,1006.0
WPAC,200504W,154.5,5.7,2005-05-28 03:00:00,15.0,0.0,1006.0
WPAC,200504W,154.0,5.8,2005-05-28 06:00:00,15.0,0.0,1006.0
WPAC,200504W,151.6,7.2,2005-05-28 21:00:00,18.0,0.0,1005.0
WPAC,200504W,150.8,7.8,2005-05-29 03:00:00,20.0,0.0,1004.0
WPAC,200504W,150.4,8.0,2005-05-29 06:00:00,20.0,0.0,1004.0
WPAC,200504W,148.4,8.9,2005-05-29 21:00:00,23.0,0.0,1003.0
WPAC,200504W,148.1,9.1,2005-05-30 00:00:00,25.0,0.0,1002.0
WPAC,200504W,147.8,9.2,2005-05-30 03:00:00,28.0,0.0,1001.0
WPAC,200504W,147.6,9.3,2005-05-30 06:00:00,30.0,0.0,1000.0
WPAC,200504W,146.2,9.8,2005-05-30 21:00:00,35.0,0.0,997.0
WPAC,200504W,146.0,9.9,2005-05-31 00:00:00,35.0,0.0,997.0
WPAC,200504W,145.6,10.2,2005-05-31 06:00:00,35.0,0.0,997.0
WPAC,200504W,145.2,10.3,2005-05-31 09:00:00,35.0,0.0,997.0
WPAC,200504W,142.9,10.6,2005-06-01 00:00:00,50.0,57.5,987.0
WPAC,200504W,142.2,10.6,2005-06-01 03:00:00,58.0,58.8,982.0
WPAC,200504W,141.0,10.8,2005-06-01 09:00:00,70.0,60.0,972.0
WPAC,200504W,138.4,11.1,2005-06-02 00:00:00,110.0,85.0,933.0
WPAC,200504W,137.9,11.2,2005-06-02 03:00:00,113.0,90.0,930.0
WPAC,200504W,137.4,11.4,2005-06-02 06:00:00,115.0,95.0,927.0
WPAC,200504W,134.4,12.4,2005-06-03 00:00:00,105.0,90.0,938.0
WPAC,200504W,133.2,13.4,2005-06-03 09:00:00,105.0,88.8,938.0
WPAC,200504W,131.3,14.5,2005-06-04 00:00:00,125.0,100.0,916.0
WPAC,200504W,131.1,14.8,2005-06-04 03:00:00,125.0,100.0,916.0
WPAC,200504W,130.8,15.1,2005-06-04 06:00:00,125.0,100.0,916.0
WPAC,200504W,130.6,17.6,2005-06-05 00:00:00,105.0,97.5,938.0
WPAC,200504W,130.8,18.0,2005-06-05 03:00:00,103.0,93.8,941.0
WPAC,200504W,130.9,18.3,2005-06-05 06:00:00,100.0,90.0,944.0
WPAC,200504W,131.1,18.6,2005-06-05 09:00:00,95.0,91.2,949.0
WPAC,200504W,132.3,20.2,2005-06-05 21:00:00,100.0,97.5,944.0
WPAC,200504W,132.6,20.6,2005-06-06 00:00:00,105.0,102.5,938.0
WPAC,200504W,133.0,20.9,2005-06-06 03:00:00,110.0,101.2,933.0
WPAC,200504W,133.4,21.2,2005-06-06 06:00:00,115.0,100.0,927.0
WPAC,200504W,133.7,21.5,2005-06-06 09:00:00,115.0,100.0,927.0
WPAC,200504W,134.2,22.9,2005-06-07 00:00:00,105.0,92.5,938.0
WPAC,200504W,134.1,23.1,2005-06-07 03:00:00,103.0,92.5,941.0
WPAC,200504W,134.0,23.4,2005-06-07 06:00:00,100.0,92.5,944.0
WPAC,200504W,133.9,23.6,2005-06-07 09:00:00,95.0,89.4,949.0
WPAC,200504W,133.8,24.7,2005-06-07 21:00:00,88.0,92.5,956.0
WPAC,200504W,133.9,25.0,2005-06-08 00:00:00,85.0,92.5,958.0
WPAC,200504W,134.1,25.3,2005-06-08 03:00:00,83.0,92.5,961.0
WPAC,200504W,134.7,25.9,2005-06-08 09:00:00,75.0,87.5,968.0
WPAC,200504W,136.5,27.4,2005-06-09 00:00:00,65.0,77.5,976.0
WPAC,200504W,136.8,27.8,2005-06-09 03:00:00,63.0,83.8,978.0
WPAC,200504W,137.4,28.6,2005-06-09 09:00:00,58.0,83.8,982.0
WPAC,200504W,139.0,30.6,2005-06-10 00:00:00,35.0,30.0,997.0
WPAC,200504W,139.5,31.0,2005-06-10 03:00:00,35.0,30.0,997.0
WPAC,200504W,140.0,31.4,2005-06-10 06:00:00,35.0,30.0,997.0
WPAC,200504W,140.7,31.9,2005-06-10 09:00:00,33.0,15.0,999.0
WPAC,200504W,145.3,34.3,2005-06-11 00:00:00,25.0,0.0,1002.0
WPAC,200505W,153.6,22.1,2005-07-11 00:00:00,20.0,0.0,1004.0
WPAC,200505W,153.3,22.2,2005-07-11 03:00:00,23.0,0.0,1003.0
WPAC,200505W,153.0,22.3,2005-07-11 06:00:00,25.0,0.0,1002.0
WPAC,200505W,152.8,22.5,2005-07-11 09:00:00,28.0,0.0,1001.0
WPAC,200505W,151.7,23.1,2005-07-11 21:00:00,35.0,0.0,997.0
WPAC,200505W,151.5,23.3,2005-07-12 00:00:00,35.0,0.0,997.0
WPAC,200505W,151.2,23.4,2005-07-12 03:00:00,35.0,0.0,997.0
WPAC,200505W,151.0,23.4,2005-07-12 06:00:00,35.0,0.0,997.0
WPAC,200505W,150.7,23.4,2005-07-12 09:00:00,35.0,0.0,997.0
WPAC,200505W,149.2,22.9,2005-07-13 00:00:00,35.0,0.0,997.0
WPAC,200505W,148.8,22.6,2005-07-13 03:00:00,43.0,20.0,992.0
WPAC,200505W,148.3,22.4,2005-07-13 06:00:00,50.0,40.0,987.0
WPAC,200505W,147.7,22.1,2005-07-13 09:00:00,58.0,48.8,982.0
WPAC,200505W,144.2,20.6,2005-07-14 00:00:00,75.0,97.5,967.0
WPAC,200505W,143.3,20.3,2005-07-14 03:00:00,75.0,100.0,967.0
WPAC,200505W,142.5,20.0,2005-07-14 06:00:00,75.0,102.5,967.0
WPAC,200505W,141.6,19.9,2005-07-14 09:00:00,80.0,101.2,963.0
WPAC,200505W,136.7,19.4,2005-07-15 00:00:00,90.0,91.2,954.0
WPAC,200505W,135.8,19.3,2005-07-15 03:00:00,95.0,95.6,949.0
WPAC,200505W,135.0,19.2,2005-07-15 06:00:00,100.0,100.0,944.0
WPAC,200505W,134.2,19.2,2005-07-15 09:00:00,108.0,105.0,936.0
WPAC,200505W,129.7,20.1,2005-07-16 03:00:00,133.0,122.5,907.0
WPAC,200505W,129.0,20.3,2005-07-16 06:00:00,135.0,135.0,904.0
WPAC,200505W,128.3,20.5,2005-07-16 09:00:00,138.0,135.0,901.0
WPAC,200505W,126.1,21.2,2005-07-16 21:00:00,140.0,132.5,898.0
WPAC,200505W,125.7,21.5,2005-07-17 00:00:00,140.0,130.0,898.0
WPAC,200505W,125.3,21.9,2005-07-17 03:00:00,133.0,141.2,907.0
WPAC,200505W,124.9,22.2,2005-07-17 06:00:00,125.0,152.5,916.0
WPAC,200505W,124.5,22.6,2005-07-17 09:00:00,120.0,148.8,922.0
WPAC,200505W,121.7,23.4,2005-07-18 00:00:00,105.0,135.0,922.0
WPAC,200505W,121.7,23.6,2005-07-18 03:00:00,100.0,132.5,936.0
WPAC,200505W,121.7,23.9,2005-07-18 06:00:00,95.0,130.0,949.0
WPAC,200505W,121.4,24.1,2005-07-18 09:00:00,93.0,125.0,952.0
WPAC,200505W,120.4,25.0,2005-07-19 00:00:00,75.0,105.0,967.0
WPAC,200505W,120.2,25.4,2005-07-19 03:00:00,68.0,101.9,974.0
WPAC,200505W,120.1,25.7,2005-07-19 06:00:00,60.0,98.8,980.0
WPAC,200505W,119.8,26.1,2005-07-19 09:00:00,60.0,98.8,980.0
WPAC,200506W,167.7,21.9,2005-07-18 06:00:00,15.0,0.0,1006.0
WPAC,200506W,167.1,22.8,2005-07-18 18:00:00,15.0,0.0,1006.0
WPAC,200506W,166.8,22.7,2005-07-18 21:00:00,15.0,0.0,1006.0
WPAC,200506W,166.6,22.6,2005-07-19 00:00:00,15.0,0.0,1006.0
WPAC,200506W,166.2,22.6,2005-07-19 03:00:00,15.0,0.0,1006.0
WPAC,200506W,165.8,22.6,2005-07-19 06:00:00,15.0,0.0,1006.0
WPAC,200506W,164.0,23.9,2005-07-19 21:00:00,30.0,0.0,1000.0
WPAC,200506W,163.7,24.2,2005-07-20 00:00:00,35.0,0.0,997.0
WPAC,200506W,163.4,24.5,2005-07-20 03:00:00,38.0,45.0,996.0
WPAC,200506W,163.1,24.9,2005-07-20 06:00:00,40.0,90.0,994.0
WPAC,200506W,161.4,26.6,2005-07-20 21:00:00,48.0,107.5,989.0
WPAC,200506W,161.0,27.0,2005-07-21 00:00:00,50.0,115.0,987.0
WPAC,200506W,160.7,27.4,2005-07-21 03:00:00,53.0,115.0,986.0
WPAC,200506W,158.6,29.9,2005-07-22 00:00:00,35.0,115.0,997.0
WPAC,200506W,158.6,30.2,2005-07-22 03:00:00,35.0,115.0,997.0
WPAC,200506W,158.7,30.6,2005-07-22 06:00:00,35.0,115.0,997.0
WPAC,200506W,159.6,31.9,2005-07-22 21:00:00,35.0,36.2,997.0
WPAC,200506W,159.5,32.2,2005-07-23 00:00:00,35.0,36.2,997.0
WPAC,200506W,159.7,32.4,2005-07-23 03:00:00,35.0,36.2,997.0
WPAC,200506W,159.9,32.5,2005-07-23 06:00:00,35.0,36.2,997.0
WPAC,200507W,137.6,15.8,2005-07-22 00:00:00,35.0,0.0,997.0
WPAC,200507W,137.7,16.2,2005-07-22 03:00:00,35.0,0.0,997.0
WPAC,200507W,137.8,16.6,2005-07-22 06:00:00,35.0,0.0,997.0
WPAC,200507W,137.9,17.0,2005-07-22 09:00:00,35.0,0.0,997.0
WPAC,200507W,137.6,19.0,2005-07-23 00:00:00,45.0,70.0,991.0
WPAC,200507W,137.4,19.4,2005-07-23 03:00:00,45.0,82.5,991.0
WPAC,200507W,137.3,19.7,2005-07-23 06:00:00,45.0,95.0,991.0
WPAC,200507W,137.2,22.4,2005-07-24 00:00:00,55.0,110.0,984.0
WPAC,200507W,137.2,22.9,2005-07-24 03:00:00,58.0,108.8,982.0
WPAC,200507W,137.2,23.5,2005-07-24 06:00:00,60.0,107.5,980.0
WPAC,200507W,137.2,24.1,2005-07-24 09:00:00,60.0,107.5,980.0
WPAC,200507W,136.9,27.0,2005-07-25 00:00:00,60.0,97.5,980.0
WPAC,200507W,136.9,27.7,2005-07-25 03:00:00,58.0,97.5,982.0
WPAC,200507W,136.9,28.4,2005-07-25 06:00:00,55.0,97.5,984.0
WPAC,200507W,136.8,29.2,2005-07-25 09:00:00,53.0,95.0,986.0
WPAC,200507W,137.5,32.3,2005-07-26 00:00:00,40.0,115.0,994.0
WPAC,200507W,138.2,32.9,2005-07-26 03:00:00,38.0,115.0,996.0
WPAC,200507W,138.8,33.5,2005-07-26 06:00:00,35.0,115.0,997.0
WPAC,200507W,139.7,34.3,2005-07-26 09:00:00,35.0,115.0,997.0
WPAC,200507W,143.7,37.9,2005-07-26 21:00:00,35.0,115.0,997.0
WPAC,200507W,144.9,39.0,2005-07-27 00:00:00,35.0,115.0,997.0
WPAC,200507W,145.6,40.2,2005-07-27 03:00:00,35.0,115.0,997.0
WPAC,200507W,146.2,41.4,2005-07-27 06:00:00,35.0,115.0,997.0
WPAC,200507W,147.1,42.2,2005-07-27 09:00:00,33.0,57.5,999.0
WPAC,200507W,149.4,46.1,2005-07-28 00:00:00,30.0,0.0,1000.0
WPAC,200508W,112.3,18.1,2005-07-29 00:00:00,35.0,0.0,997.0
WPAC,200508W,112.2,18.2,2005-07-29 03:00:00,35.0,0.0,997.0
WPAC,200508W,111.8,18.4,2005-07-29 09:00:00,35.0,0.0,997.0
WPAC,200508W,110.2,18.8,2005-07-30 00:00:00,45.0,0.0,991.0
WPAC,200508W,109.8,19.0,2005-07-30 03:00:00,40.0,0.0,994.0
WPAC,200508W,109.5,19.1,2005-07-30 06:00:00,35.0,0.0,997.0
WPAC,200508W,109.0,19.2,2005-07-30 09:00:00,40.0,32.5,994.0
WPAC,200508W,106.7,19.8,2005-07-31 00:00:00,45.0,56.2,991.0
WPAC,200508W,106.2,20.0,2005-07-31 03:00:00,40.0,56.2,994.0
WPAC,200508W,105.7,20.1,2005-07-31 06:00:00,35.0,56.2,997.0
WPAC,200509W,139.9,9.5,2005-07-30 00:00:00,15.0,0.0,1006.0
WPAC,200509W,139.4,9.7,2005-07-30 03:00:00,15.0,0.0,1006.0
WPAC,200509W,139.0,9.9,2005-07-30 06:00:00,15.0,0.0,1006.0
WPAC,200509W,138.4,10.1,2005-07-30 09:00:00,18.0,0.0,1005.0
WPAC,200509W,135.7,10.4,2005-07-31 00:00:00,30.0,0.0,1000.0
WPAC,200509W,134.7,11.2,2005-07-31 06:00:00,35.0,0.0,997.0
WPAC,200509W,134.2,11.6,2005-07-31 09:00:00,35.0,0.0,997.0
WPAC,200509W,132.4,13.9,2005-08-01 00:00:00,45.0,48.8,991.0
WPAC,200509W,132.1,14.4,2005-08-01 03:00:00,45.0,49.4,991.0
WPAC,200509W,131.7,14.9,2005-08-01 06:00:00,45.0,50.0,991.0
WPAC,200509W,131.2,15.2,2005-08-01 09:00:00,45.0,55.0,991.0
WPAC,200509W,129.0,17.1,2005-08-02 00:00:00,65.0,103.8,976.0
WPAC,200509W,128.7,17.6,2005-08-02 03:00:00,65.0,106.9,976.0
WPAC,200509W,128.4,18.0,2005-08-02 06:00:00,65.0,110.0,976.0
WPAC,200509W,128.1,18.4,2005-08-02 09:00:00,65.0,111.2,976.0
WPAC,200509W,126.5,20.7,2005-08-03 00:00:00,75.0,132.5,967.0
WPAC,200509W,126.2,20.9,2005-08-03 03:00:00,78.0,132.5,965.0
WPAC,200509W,126.0,21.2,2005-08-03 06:00:00,80.0,132.5,963.0
WPAC,200509W,125.8,21.5,2005-08-03 09:00:00,78.0,132.5,965.0
WPAC,200509W,124.9,23.1,2005-08-04 00:00:00,80.0,165.0,963.0
WPAC,200509W,124.8,23.5,2005-08-04 03:00:00,80.0,167.5,963.0
WPAC,200509W,124.7,23.9,2005-08-04 06:00:00,80.0,170.0,963.0
WPAC,200509W,124.5,24.2,2005-08-04 09:00:00,85.0,167.5,959.0
WPAC,200509W,123.4,25.9,2005-08-05 00:00:00,85.0,162.5,958.0
WPAC,200509W,123.2,26.4,2005-08-05 03:00:00,83.0,162.5,961.0
WPAC,200509W,123.1,26.8,2005-08-05 06:00:00,80.0,162.5,963.0
WPAC,200509W,122.7,27.1,2005-08-05 09:00:00,78.0,162.5,965.0
WPAC,200509W,120.9,28.6,2005-08-06 00:00:00,55.0,122.5,984.0
WPAC,200509W,120.7,28.9,2005-08-06 03:00:00,55.0,122.5,984.0
WPAC,200509W,120.5,29.2,2005-08-06 06:00:00,55.0,122.5,984.0
WPAC,200510W,130.6,14.0,2005-08-10 00:00:00,20.0,0.0,1004.0
WPAC,200510W,130.1,14.3,2005-08-10 03:00:00,20.0,0.0,1004.0
WPAC,200510W,129.7,14.6,2005-08-10 06:00:00,20.0,0.0,1004.0
WPAC,200510W,129.2,14.8,2005-08-10 09:00:00,23.0,0.0,1003.0
WPAC,200510W,126.4,16.1,2005-08-11 00:00:00,35.0,0.0,997.0
WPAC,200510W,125.7,16.5,2005-08-11 03:00:00,38.0,0.0,996.0
WPAC,200510W,125.0,16.8,2005-08-11 06:00:00,40.0,0.0,994.0
WPAC,200510W,124.3,17.1,2005-08-11 09:00:00,43.0,2.5,993.0
WPAC,200510W,121.2,18.9,2005-08-12 00:00:00,50.0,15.0,987.0
WPAC,200510W,120.7,19.2,2005-08-12 03:00:00,53.0,22.5,986.0
WPAC,200510W,120.1,19.6,2005-08-12 06:00:00,55.0,30.0,984.0
WPAC,200510W,119.7,20.1,2005-08-12 09:00:00,58.0,33.8,982.0
WPAC,200510W,117.2,23.1,2005-08-13 00:00:00,65.0,76.2,976.0
WPAC,200510W,116.9,23.5,2005-08-13 03:00:00,55.0,76.2,984.0
WPAC,200510W,116.6,23.9,2005-08-13 06:00:00,45.0,76.2,991.0
WPAC,200510W,116.2,24.5,2005-08-13 09:00:00,40.0,76.2,994.0
WPAC,200510W,114.8,27.0,2005-08-14 00:00:00,25.0,0.0,1002.0
WPAC,200511W,143.6,20.3,2005-08-18 06:00:00,20.0,0.0,1004.0
WPAC,200511W,143.4,20.3,2005-08-18 09:00:00,20.0,0.0,1004.0
WPAC,200511W,143.0,20.6,2005-08-18 21:00:00,23.0,0.0,1003.0
WPAC,200511W,142.9,20.6,2005-08-19 00:00:00,25.0,0.0,1002.0
WPAC,200511W,142.9,20.7,2005-08-19 03:00:00,30.0,0.0,1000.0
WPAC,200511W,142.8,20.8,2005-08-19 06:00:00,35.0,0.0,997.0
WPAC,200511W,142.7,20.8,2005-08-19 09:00:00,38.0,0.0,996.0
WPAC,200511W,142.2,20.8,2005-08-19 21:00:00,45.0,35.0,991.0
WPAC,200511W,142.1,20.9,2005-08-20 00:00:00,45.0,35.0,991.0
WPAC,200511W,141.9,21.0,2005-08-20 03:00:00,48.0,51.9,989.0
WPAC,200511W,141.8,21.1,2005-08-20 06:00:00,50.0,68.8,987.0
WPAC,200511W,141.7,21.2,2005-08-20 09:00:00,53.0,72.5,986.0
WPAC,200511W,140.8,22.0,2005-08-21 00:00:00,80.0,95.0,963.0
WPAC,200511W,140.6,22.1,2005-08-21 03:00:00,90.0,103.8,954.0
WPAC,200511W,140.4,22.3,2005-08-21 06:00:00,100.0,112.5,944.0
WPAC,200511W,140.2,22.5,2005-08-21 09:00:00,110.0,113.8,933.0
WPAC,200511W,139.4,23.4,2005-08-22 00:00:00,125.0,115.0,916.0
WPAC,200511W,139.2,23.6,2005-08-22 03:00:00,125.0,115.0,916.0
WPAC,200511W,139.1,23.8,2005-08-22 06:00:00,125.0,115.0,916.0
WPAC,200511W,138.9,24.0,2005-08-22 09:00:00,120.0,110.0,922.0
WPAC,200511W,138.0,25.0,2005-08-22 21:00:00,100.0,105.0,944.0
WPAC,200511W,137.8,25.4,2005-08-23 00:00:00,100.0,105.0,944.0
WPAC,200511W,137.7,25.9,2005-08-23 03:00:00,100.0,107.5,944.0
WPAC,200511W,137.6,26.3,2005-08-23 06:00:00,100.0,110.0,944.0
WPAC,200511W,137.4,26.7,2005-08-23 09:00:00,100.0,110.0,944.0
WPAC,200511W,136.8,28.4,2005-08-23 21:00:00,100.0,111.2,944.0
WPAC,200511W,136.8,28.8,2005-08-24 00:00:00,100.0,112.5,944.0
WPAC,200511W,136.9,29.2,2005-08-24 03:00:00,100.0,112.5,944.0
WPAC,200511W,136.9,29.7,2005-08-24 06:00:00,100.0,112.5,944.0
WPAC,200511W,136.9,30.2,2005-08-24 09:00:00,100.0,112.5,944.0
WPAC,200511W,136.9,32.0,2005-08-24 21:00:00,95.0,116.2,949.0
WPAC,200511W,137.0,32.5,2005-08-25 00:00:00,95.0,120.0,949.0
WPAC,200511W,137.4,33.0,2005-08-25 03:00:00,93.0,112.5,952.0
WPAC,200511W,137.8,33.4,2005-08-25 06:00:00,90.0,105.0,954.0
WPAC,200511W,138.2,33.9,2005-08-25 09:00:00,90.0,108.8,954.0
WPAC,200511W,141.0,35.9,2005-08-26 00:00:00,75.0,80.0,967.0
WPAC,200511W,141.9,36.2,2005-08-26 03:00:00,68.0,70.0,974.0
WPAC,200511W,142.8,36.6,2005-08-26 06:00:00,60.0,60.0,980.0
WPAC,200511W,143.8,36.9,2005-08-26 09:00:00,60.0,56.2,980.0
WPAC,200511W,148.2,37.5,2005-08-27 00:00:00,50.0,42.5,987.0
WPAC,200512W,155.1,21.6,2005-08-18 00:00:00,15.0,0.0,1006.0
WPAC,200512W,154.9,21.6,2005-08-18 03:00:00,15.0,0.0,1006.0
WPAC,200512W,154.8,21.7,2005-08-18 06:00:00,15.0,0.0,1006.0
WPAC,200512W,153.4,21.9,2005-08-18 21:00:00,20.0,0.0,1004.0
WPAC,200512W,153.1,22.0,2005-08-19 00:00:00,20.0,0.0,1004.0
WPAC,200512W,152.8,22.1,2005-08-19 03:00:00,20.0,0.0,1004.0
WPAC,200512W,152.5,22.1,2005-08-19 06:00:00,20.0,0.0,1004.0
WPAC,200512W,151.0,22.6,2005-08-19 21:00:00,25.0,0.0,1002.0
WPAC,200512W,150.7,22.6,2005-08-20 00:00:00,25.0,0.0,1002.0
WPAC,200512W,150.4,22.6,2005-08-20 03:00:00,28.0,0.0,1001.0
WPAC,200512W,150.1,22.7,2005-08-20 06:00:00,30.0,0.0,1000.0
WPAC,200512W,148.8,24.2,2005-08-21 00:00:00,40.0,27.5,994.0
WPAC,200512W,148.6,24.5,2005-08-21 03:00:00,40.0,27.5,994.0
WPAC,200512W,148.3,24.9,2005-08-21 06:00:00,40.0,27.5,994.0
WPAC,200512W,148.1,25.2,2005-08-21 09:00:00,43.0,28.1,993.0
WPAC,200512W,147.2,26.6,2005-08-21 21:00:00,53.0,46.9,986.0
WPAC,200512W,147.0,27.0,2005-08-22 00:00:00,55.0,57.5,984.0
WPAC,200512W,146.8,27.6,2005-08-22 03:00:00,55.0,51.2,984.0
WPAC,200512W,146.7,28.1,2005-08-22 06:00:00,55.0,45.0,984.0
WPAC,200512W,146.6,28.6,2005-08-22 09:00:00,55.0,45.0,984.0
WPAC,200512W,146.1,30.7,2005-08-22 21:00:00,55.0,48.8,984.0
WPAC,200512W,146.1,31.3,2005-08-23 00:00:00,55.0,50.0,984.0
WPAC,200512W,146.6,31.8,2005-08-23 03:00:00,58.0,50.0,982.0
WPAC,200512W,147.6,32.9,2005-08-23 09:00:00,63.0,50.0,978.0
WPAC,200512W,150.3,35.2,2005-08-23 21:00:00,63.0,47.5,978.0
WPAC,200512W,151.2,35.7,2005-08-24 00:00:00,60.0,45.0,980.0
WPAC,200512W,152.1,36.2,2005-08-24 03:00:00,58.0,46.2,982.0
WPAC,200512W,153.1,36.8,2005-08-24 06:00:00,55.0,47.5,984.0
WPAC,200512W,154.1,37.4,2005-08-24 09:00:00,55.0,47.5,984.0
WPAC,200512W,160.2,41.0,2005-08-25 00:00:00,50.0,66.2,987.0
WPAC,200513W,147.0,13.7,2005-08-25 00:00:00,15.0,0.0,1006.0
WPAC,200513W,146.3,13.2,2005-08-25 06:00:00,15.0,0.0,1006.0
WPAC,200513W,145.9,13.1,2005-08-25 09:00:00,18.0,0.0,1005.0
WPAC,200513W,144.2,12.6,2005-08-26 00:00:00,25.0,0.0,1002.0
WPAC,200513W,143.9,12.8,2005-08-26 03:00:00,28.0,0.0,1001.0
WPAC,200513W,143.6,13.1,2005-08-26 06:00:00,30.0,0.0,1000.0
WPAC,200513W,143.5,13.4,2005-08-26 09:00:00,30.0,0.0,1000.0
WPAC,200513W,142.1,14.9,2005-08-27 00:00:00,35.0,0.0,997.0
WPAC,200513W,141.8,15.4,2005-08-27 03:00:00,35.0,0.0,997.0
WPAC,200513W,141.6,15.8,2005-08-27 06:00:00,35.0,0.0,997.0
WPAC,200513W,141.3,16.4,2005-08-27 09:00:00,38.0,19.4,996.0
WPAC,200513W,139.2,17.9,2005-08-27 21:00:00,55.0,85.0,984.0
WPAC,200513W,138.7,18.3,2005-08-28 00:00:00,60.0,90.0,980.0
WPAC,200513W,138.2,18.8,2005-08-28 03:00:00,63.0,90.0,978.0
WPAC,200513W,137.7,19.2,2005-08-28 06:00:00,65.0,90.0,976.0
WPAC,200513W,137.2,19.6,2005-08-28 09:00:00,68.0,97.5,974.0
WPAC,200513W,134.3,20.8,2005-08-29 00:00:00,85.0,120.0,958.0
WPAC,200513W,133.6,20.9,2005-08-29 03:00:00,90.0,120.0,954.0
WPAC,200513W,132.9,21.0,2005-08-29 06:00:00,95.0,120.0,949.0
WPAC,200513W,132.3,21.0,2005-08-29 09:00:00,105.0,120.0,938.0
WPAC,200513W,129.4,21.5,2005-08-30 00:00:00,125.0,133.8,916.0
WPAC,200513W,128.9,21.6,2005-08-30 03:00:00,128.0,132.5,913.0
WPAC,200513W,128.3,21.8,2005-08-30 06:00:00,130.0,131.2,910.0
WPAC,200513W,127.8,21.9,2005-08-30 09:00:00,130.0,131.9,910.0
WPAC,200513W,125.1,22.8,2005-08-31 00:00:00,120.0,135.0,922.0
WPAC,200513W,124.5,23.1,2005-08-31 03:00:00,118.0,132.5,925.0
WPAC,200513W,124.0,23.3,2005-08-31 06:00:00,115.0,130.0,927.0
WPAC,200513W,123.5,23.6,2005-08-31 09:00:00,113.0,130.0,930.0
WPAC,200513W,120.7,24.6,2005-09-01 00:00:00,70.0,85.0,972.0
WPAC,200513W,120.1,24.9,2005-09-01 03:00:00,65.0,77.5,976.0
WPAC,200513W,119.5,25.2,2005-09-01 06:00:00,60.0,70.0,980.0
WPAC,200513W,118.8,25.5,2005-09-01 09:00:00,50.0,70.0,987.0
WPAC,200514W,154.0,15.0,2005-08-29 00:00:00,25.0,0.0,1002.0
WPAC,200514W,153.6,15.1,2005-08-29 03:00:00,25.0,0.0,1002.0
WPAC,200514W,153.2,15.1,2005-08-29 06:00:00,25.0,0.0,1002.0
WPAC,200514W,150.6,15.1,2005-08-29 21:00:00,40.0,50.0,994.0
WPAC,200514W,150.1,15.0,2005-08-30 00:00:00,45.0,65.0,991.0
WPAC,200514W,149.6,14.9,2005-08-30 03:00:00,50.0,67.5,988.0
WPAC,200514W,149.0,14.9,2005-08-30 06:00:00,55.0,70.0,984.0
WPAC,200514W,146.2,15.5,2005-08-31 00:00:00,90.0,117.5,954.0
WPAC,200514W,145.6,15.8,2005-08-31 03:00:00,90.0,121.2,954.0
WPAC,200514W,145.0,16.1,2005-08-31 06:00:00,90.0,125.0,954.0
WPAC,200514W,144.3,16.4,2005-08-31 09:00:00,98.0,128.8,946.0
WPAC,200514W,141.5,17.4,2005-09-01 00:00:00,110.0,192.5,933.0
WPAC,200514W,140.9,17.6,2005-09-01 03:00:00,115.0,196.2,928.0
WPAC,200514W,140.4,17.8,2005-09-01 06:00:00,120.0,200.0,922.0
WPAC,200514W,139.9,18.1,2005-09-01 09:00:00,125.0,196.2,916.0
WPAC,200514W,138.0,19.0,2005-09-01 21:00:00,140.0,205.0,898.0
WPAC,200514W,137.5,19.2,2005-09-02 00:00:00,140.0,205.0,898.0
WPAC,200514W,137.1,19.4,2005-09-02 03:00:00,140.0,205.0,898.0
WPAC,200514W,136.6,19.7,2005-09-02 06:00:00,140.0,205.0,898.0
WPAC,200514W,134.5,21.5,2005-09-03 00:00:00,130.0,207.5,910.0
WPAC,200514W,134.2,22.0,2005-09-03 03:00:00,125.0,206.2,916.0
WPAC,200514W,133.9,22.5,2005-09-03 06:00:00,120.0,205.0,922.0
WPAC,200514W,133.6,22.9,2005-09-03 09:00:00,118.0,206.2,925.0
WPAC,200514W,132.1,25.0,2005-09-04 00:00:00,105.0,222.5,938.0
WPAC,200514W,131.8,25.5,2005-09-04 03:00:00,105.0,217.5,938.0
WPAC,200514W,131.3,26.4,2005-09-04 09:00:00,105.0,209.4,938.0
WPAC,200514W,130.8,27.9,2005-09-05 00:00:00,105.0,198.8,938.0
WPAC,200514W,130.7,28.3,2005-09-05 03:00:00,110.0,192.5,933.0
WPAC,200514W,130.5,28.7,2005-09-05 06:00:00,115.0,186.2,927.0
WPAC,200514W,130.4,29.1,2005-09-05 09:00:00,115.0,189.4,927.0
WPAC,200514W,130.1,31.5,2005-09-06 00:00:00,95.0,185.0,949.0
WPAC,200514W,130.1,32.3,2005-09-06 03:00:00,88.0,176.2,956.0
WPAC,200514W,130.2,33.1,2005-09-06 06:00:00,80.0,167.5,963.0
WPAC,200514W,130.6,33.9,2005-09-06 09:00:00,78.0,158.8,965.0
WPAC,200514W,133.9,37.5,2005-09-07 00:00:00,50.0,5.0,987.0
WPAC,200515W,138.4,10.3,2005-09-05 21:00:00,35.0,0.0,997.0
WPAC,200515W,137.8,10.6,2005-09-06 00:00:00,35.0,0.0,997.0
WPAC,200515W,137.1,10.8,2005-09-06 03:00:00,35.0,0.0,997.0
WPAC,200515W,136.4,10.9,2005-09-06 06:00:00,35.0,0.0,997.0
WPAC,200515W,136.4,11.6,2005-09-06 09:00:00,38.0,25.0,996.0
WPAC,200515W,134.3,13.3,2005-09-07 00:00:00,45.0,67.5,991.0
WPAC,200515W,133.9,13.2,2005-09-07 03:00:00,50.0,66.2,988.0
WPAC,200515W,133.5,13.0,2005-09-07 06:00:00,55.0,65.0,984.0
WPAC,200515W,133.5,13.5,2005-09-07 09:00:00,55.0,73.8,984.0
WPAC,200515W,132.4,15.5,2005-09-08 00:00:00,65.0,87.5,976.0
WPAC,200515W,132.2,16.0,2005-09-08 03:00:00,65.0,83.8,976.0
WPAC,200515W,132.1,16.5,2005-09-08 06:00:00,65.0,80.0,976.0
WPAC,200515W,131.8,16.9,2005-09-08 09:00:00,65.0,77.5,976.0
WPAC,200515W,130.4,19.2,2005-09-09 00:00:00,75.0,97.5,967.0
WPAC,200515W,130.0,19.8,2005-09-09 03:00:00,78.0,100.0,965.0
WPAC,200515W,129.6,20.4,2005-09-09 06:00:00,80.0,102.5,963.0
WPAC,200515W,129.1,20.9,2005-09-09 09:00:00,85.0,107.5,959.0
WPAC,200515W,126.2,23.2,2005-09-10 00:00:00,95.0,106.2,949.0
WPAC,200515W,125.7,23.7,2005-09-10 03:00:00,100.0,102.5,944.0
WPAC,200515W,125.2,24.2,2005-09-10 06:00:00,105.0,98.8,938.0
WPAC,200515W,124.8,24.7,2005-09-10 09:00:00,108.0,91.9,936.0
WPAC,200515W,122.7,27.2,2005-09-11 00:00:00,110.0,85.0,933.0
WPAC,200515W,122.3,27.8,2005-09-11 03:00:00,108.0,79.4,936.0
WPAC,200515W,121.9,28.3,2005-09-11 06:00:00,105.0,73.8,938.0
WPAC,200515W,121.5,28.8,2005-09-11 09:00:00,93.0,66.9,951.0
WPAC,200516W,116.1,14.7,2005-09-15 00:00:00,15.0,0.0,1006.0
WPAC,200516W,114.7,13.8,2005-09-15 09:00:00,20.0,0.0,1004.0
WPAC,200516W,112.8,11.9,2005-09-16 00:00:00,30.0,0.0,1000.0
WPAC,200516W,113.1,11.4,2005-09-16 03:00:00,33.0,0.0,999.0
WPAC,200516W,113.4,10.9,2005-09-16 06:00:00,35.0,0.0,997.0
WPAC,200516W,113.8,11.2,2005-09-16 09:00:00,33.0,0.0,999.0
WPAC,200516W,114.5,13.8,2005-09-17 00:00:00,35.0,0.0,997.0
WPAC,200516W,114.0,14.6,2005-09-17 03:00:00,35.0,0.0,997.0
WPAC,200516W,113.6,15.3,2005-09-17 06:00:00,35.0,0.0,997.0
WPAC,200516W,108.1,17.0,2005-09-18 00:00:00,50.0,85.0,987.0
WPAC,200516W,107.4,17.4,2005-09-18 03:00:00,50.0,72.5,987.0
WPAC,200516W,106.7,17.9,2005-09-18 06:00:00,50.0,60.0,987.0
WPAC,200516W,105.9,18.3,2005-09-18 09:00:00,48.0,30.0,989.0
WPAC,200517W,123.1,18.3,2005-09-21 00:00:00,35.0,0.0,997.0
WPAC,200517W,122.7,18.5,2005-09-21 03:00:00,38.0,16.9,996.0
WPAC,200517W,122.3,18.7,2005-09-21 06:00:00,40.0,33.8,994.0
WPAC,200517W,121.9,18.9,2005-09-21 09:00:00,45.0,46.9,991.0
WPAC,200517W,120.8,19.7,2005-09-22 00:00:00,55.0,75.0,984.0
WPAC,200517W,120.6,19.9,2005-09-22 03:00:00,55.0,63.8,984.0
WPAC,200517W,120.4,20.1,2005-09-22 06:00:00,55.0,52.5,984.0
WPAC,200517W,120.1,20.1,2005-09-22 09:00:00,55.0,53.8,984.0
WPAC,200517W,118.0,20.1,2005-09-23 00:00:00,50.0,65.0,987.0
WPAC,200517W,117.5,20.1,2005-09-23 03:00:00,50.0,62.5,987.0
WPAC,200517W,116.8,20.1,2005-09-23 09:00:00,50.0,55.0,987.0
WPAC,200517W,115.5,19.7,2005-09-24 00:00:00,50.0,117.5,987.0
WPAC,200517W,114.3,19.4,2005-09-24 09:00:00,58.0,118.8,982.0
WPAC,200517W,112.8,18.9,2005-09-25 00:00:00,80.0,122.5,963.0
WPAC,200517W,112.5,18.9,2005-09-25 03:00:00,85.0,133.8,959.0
WPAC,200517W,112.3,19.0,2005-09-25 06:00:00,90.0,145.0,954.0
WPAC,200517W,110.0,18.6,2005-09-26 00:00:00,70.0,102.5,972.0
WPAC,200517W,109.5,18.7,2005-09-26 03:00:00,68.0,100.0,974.0
WPAC,200517W,109.1,18.8,2005-09-26 06:00:00,65.0,97.5,976.0
WPAC,200517W,108.7,19.0,2005-09-26 09:00:00,63.0,97.5,978.0
WPAC,200517W,106.2,19.5,2005-09-27 00:00:00,50.0,60.0,987.0
WPAC,200517W,104.9,19.7,2005-09-27 06:00:00,45.0,60.0,991.0
WPAC,200517W,104.3,19.7,2005-09-27 09:00:00,40.0,60.0,994.0
WPAC,200518W,155.0,20.2,2005-09-19 06:00:00,15.0,0.0,1006.0
WPAC,200518W,154.6,20.4,2005-09-19 09:00:00,15.0,0.0,1006.0
WPAC,200518W,153.1,20.8,2005-09-19 21:00:00,18.0,0.0,1005.0
WPAC,200518W,152.8,20.9,2005-09-20 00:00:00,20.0,0.0,1004.0
WPAC,200518W,152.5,21.1,2005-09-20 03:00:00,20.0,0.0,1004.0
WPAC,200518W,152.2,21.3,2005-09-20 06:00:00,20.0,0.0,1004.0
WPAC,200518W,151.9,21.5,2005-09-20 09:00:00,23.0,0.0,1003.0
WPAC,200518W,150.8,22.1,2005-09-20 21:00:00,33.0,0.0,999.0
WPAC,200518W,150.5,22.4,2005-09-21 00:00:00,35.0,0.0,997.0
WPAC,200518W,150.1,22.6,2005-09-21 03:00:00,38.0,15.0,996.0
WPAC,200518W,149.7,22.9,2005-09-21 06:00:00,40.0,30.0,994.0
WPAC,200518W,149.1,23.2,2005-09-21 09:00:00,48.0,37.5,989.0
WPAC,200518W,146.7,24.4,2005-09-21 21:00:00,63.0,66.9,978.0
WPAC,200518W,145.9,24.6,2005-09-22 00:00:00,65.0,83.8,976.0
WPAC,200518W,145.2,24.9,2005-09-22 03:00:00,68.0,83.8,974.0
WPAC,200518W,144.4,25.2,2005-09-22 06:00:00,70.0,83.8,972.0
WPAC,200518W,140.7,26.8,2005-09-22 21:00:00,93.0,88.8,952.0
WPAC,200518W,140.1,27.1,2005-09-23 00:00:00,95.0,87.5,949.0
WPAC,200518W,139.6,27.4,2005-09-23 03:00:00,95.0,87.5,949.0
WPAC,200518W,139.1,27.7,2005-09-23 06:00:00,95.0,87.5,949.0
WPAC,200518W,138.8,28.0,2005-09-23 09:00:00,98.0,85.0,947.0
WPAC,200518W,138.1,29.3,2005-09-23 21:00:00,100.0,133.8,944.0
WPAC,200518W,137.9,29.6,2005-09-24 00:00:00,100.0,132.5,944.0
WPAC,200518W,137.9,30.1,2005-09-24 03:00:00,100.0,135.6,944.0
WPAC,200518W,137.9,30.5,2005-09-24 06:00:00,100.0,138.8,944.0
WPAC,200518W,138.1,31.0,2005-09-24 09:00:00,100.0,140.0,944.0
WPAC,200518W,140.1,32.7,2005-09-24 21:00:00,90.0,135.0,954.0
WPAC,200518W,140.9,33.2,2005-09-25 00:00:00,90.0,130.0,954.0
WPAC,200518W,141.8,33.9,2005-09-25 03:00:00,83.0,128.8,961.0
WPAC,200518W,142.7,34.5,2005-09-25 06:00:00,75.0,127.5,967.0
WPAC,200518W,143.6,35.0,2005-09-25 09:00:00,70.0,125.6,972.0
WPAC,200518W,146.9,36.6,2005-09-25 21:00:00,48.0,104.4,989.0
WPAC,200518W,147.7,37.0,2005-09-26 00:00:00,45.0,96.2,991.0
WPAC,200519W,145.5,19.1,2005-09-25 06:00:00,20.0,0.0,1004.0
WPAC,200519W,145.2,19.1,2005-09-25 09:00:00,20.0,0.0,1004.0
WPAC,200519W,143.8,19.5,2005-09-25 21:00:00,30.0,0.0,1000.0
WPAC,200519W,143.4,19.6,2005-09-26 00:00:00,30.0,0.0,1000.0
WPAC,200519W,143.1,19.9,2005-09-26 03:00:00,33.0,0.0,999.0
WPAC,200519W,142.8,20.1,2005-09-26 06:00:00,35.0,0.0,997.0
WPAC,200519W,142.5,20.3,2005-09-26 09:00:00,40.0,25.0,994.0
WPAC,200519W,141.3,21.1,2005-09-26 21:00:00,65.0,77.5,976.0
WPAC,200519W,141.0,21.4,2005-09-27 00:00:00,70.0,86.2,972.0
WPAC,200519W,140.6,21.5,2005-09-27 03:00:00,78.0,88.1,965.0
WPAC,200519W,140.1,21.7,2005-09-27 06:00:00,85.0,90.0,958.0
WPAC,200519W,139.6,21.8,2005-09-27 09:00:00,88.0,88.8,956.0
WPAC,200519W,137.9,22.2,2005-09-27 21:00:00,105.0,101.9,939.0
WPAC,200519W,137.5,22.3,2005-09-28 00:00:00,110.0,105.0,933.0
WPAC,200519W,137.1,22.4,2005-09-28 03:00:00,115.0,105.0,928.0
WPAC,200519W,136.7,22.5,2005-09-28 06:00:00,120.0,105.0,922.0
WPAC,200519W,136.4,22.5,2005-09-28 09:00:00,123.0,105.0,919.0
WPAC,200519W,135.1,22.4,2005-09-29 00:00:00,125.0,100.0,916.0
WPAC,200519W,134.8,22.4,2005-09-29 03:00:00,125.0,102.5,916.0
WPAC,200519W,134.6,22.4,2005-09-29 06:00:00,125.0,105.0,916.0
WPAC,200519W,134.2,22.4,2005-09-29 09:00:00,125.0,111.2,916.0
WPAC,200519W,132.1,22.0,2005-09-30 00:00:00,125.0,137.5,916.0
WPAC,200519W,131.6,22.1,2005-09-30 03:00:00,123.0,138.8,919.0
WPAC,200519W,131.0,22.1,2005-09-30 06:00:00,120.0,140.0,922.0
WPAC,200519W,130.4,22.1,2005-09-30 09:00:00,120.0,143.8,922.0
WPAC,200519W,127.0,22.4,2005-10-01 00:00:00,120.0,125.0,922.0
WPAC,200519W,126.2,22.6,2005-10-01 03:00:00,123.0,125.0,919.0
WPAC,200519W,125.4,22.8,2005-10-01 06:00:00,125.0,125.0,916.0
WPAC,200519W,124.6,23.0,2005-10-01 09:00:00,123.0,123.8,919.0
WPAC,200519W,121.0,23.8,2005-10-02 00:00:00,95.0,110.0,949.0
WPAC,200519W,120.3,24.0,2005-10-02 03:00:00,93.0,103.8,952.0
WPAC,200519W,119.7,24.1,2005-10-02 06:00:00,90.0,97.5,954.0
WPAC,200519W,119.2,24.2,2005-10-02 09:00:00,85.0,91.2,959.0
WPAC,200519W,116.6,25.5,2005-10-03 00:00:00,45.0,85.0,991.0
WPAC,200519W,116.2,25.8,2005-10-03 03:00:00,40.0,85.0,994.0
WPAC,200519W,115.7,26.0,2005-10-03 06:00:00,35.0,85.0,997.0
WPAC,200519W,115.5,26.2,2005-10-03 09:00:00,33.0,42.5,999.0
WPAC,200520W,109.6,16.7,2005-10-07 00:00:00,25.0,0.0,1002.0
WPAC,200520W,109.2,16.8,2005-10-07 03:00:00,28.0,0.0,1001.0
WPAC,200520W,108.9,16.8,2005-10-07 06:00:00,30.0,0.0,1000.0
WPAC,200520W,108.5,16.8,2005-10-07 09:00:00,30.0,0.0,1000.0
WPAC,200520W,105.7,16.3,2005-10-08 00:00:00,25.0,0.0,1002.0
WPAC,200520W,105.0,16.1,2005-10-08 03:00:00,23.0,0.0,1003.0
WPAC,200520W,104.3,15.9,2005-10-08 06:00:00,20.0,0.0,1004.0
WPAC,200521W,133.9,22.6,2005-10-10 06:00:00,25.0,0.0,1002.0
WPAC,200521W,133.7,22.4,2005-10-10 09:00:00,28.0,0.0,1001.0
WPAC,200521W,133.2,21.3,2005-10-11 00:00:00,50.0,47.5,987.0
WPAC,200521W,133.1,21.1,2005-10-11 03:00:00,58.0,52.5,982.0
WPAC,200521W,133.1,21.0,2005-10-11 06:00:00,65.0,57.5,976.0
WPAC,200521W,133.1,20.9,2005-10-11 09:00:00,73.0,76.2,970.0
WPAC,200521W,132.4,20.5,2005-10-12 00:00:00,90.0,82.5,954.0
WPAC,200521W,132.3,20.6,2005-10-12 03:00:00,90.0,91.2,954.0
WPAC,200521W,132.2,20.7,2005-10-12 06:00:00,90.0,100.0,954.0
WPAC,200521W,132.1,20.8,2005-10-12 09:00:00,100.0,101.9,944.0
WPAC,200521W,131.7,21.3,2005-10-13 00:00:00,90.0,110.0,954.0
WPAC,200521W,131.7,21.5,2005-10-13 03:00:00,90.0,102.5,954.0
WPAC,200521W,131.7,21.6,2005-10-13 06:00:00,90.0,95.0,954.0
WPAC,200521W,131.7,21.8,2005-10-13 09:00:00,90.0,97.5,954.0
WPAC,200521W,131.4,22.5,2005-10-14 00:00:00,90.0,107.5,954.0
WPAC,200521W,131.3,22.7,2005-10-14 03:00:00,90.0,107.5,954.0
WPAC,200521W,131.2,22.9,2005-10-14 06:00:00,90.0,107.5,954.0
WPAC,200521W,131.1,22.9,2005-10-14 09:00:00,90.0,107.5,954.0
WPAC,200521W,131.2,23.3,2005-10-15 00:00:00,100.0,110.0,944.0
WPAC,200521W,131.3,23.4,2005-10-15 03:00:00,100.0,110.0,944.0
WPAC,200521W,131.4,23.5,2005-10-15 06:00:00,100.0,110.0,944.0
WPAC,200521W,131.6,23.6,2005-10-15 09:00:00,100.0,112.5,944.0
WPAC,200521W,132.9,24.3,2005-10-16 00:00:00,100.0,110.0,944.0
WPAC,200521W,133.2,24.5,2005-10-16 03:00:00,108.0,137.5,936.0
WPAC,200521W,133.5,24.7,2005-10-16 06:00:00,115.0,165.0,927.0
WPAC,200521W,134.7,26.6,2005-10-17 00:00:00,110.0,117.5,933.0
WPAC,200521W,134.8,27.1,2005-10-17 03:00:00,108.0,114.4,936.0
WPAC,200521W,135.0,27.6,2005-10-17 06:00:00,105.0,111.2,938.0
WPAC,200521W,136.4,29.8,2005-10-17 21:00:00,90.0,98.1,954.0
WPAC,200521W,136.8,30.2,2005-10-18 00:00:00,90.0,93.8,954.0
WPAC,200521W,137.2,30.5,2005-10-18 03:00:00,83.0,98.1,961.0
WPAC,200521W,137.7,30.9,2005-10-18 06:00:00,75.0,102.5,967.0
WPAC,200521W,141.6,33.0,2005-10-18 21:00:00,50.0,82.5,988.0
WPAC,200521W,142.4,33.4,2005-10-19 00:00:00,45.0,75.0,991.0
WPAC,200522W,116.2,12.9,2005-10-28 00:00:00,20.0,0.0,1004.0
WPAC,200522W,115.8,12.8,2005-10-28 03:00:00,23.0,0.0,1003.0
WPAC,200522W,115.3,12.7,2005-10-28 06:00:00,25.0,0.0,1002.0
WPAC,200522W,114.8,12.6,2005-10-28 09:00:00,25.0,0.0,1002.0
WPAC,200522W,113.3,12.6,2005-10-29 00:00:00,35.0,0.0,997.0
WPAC,200522W,113.1,12.7,2005-10-29 03:00:00,40.0,30.0,994.0
WPAC,200522W,112.9,12.8,2005-10-29 06:00:00,45.0,60.0,991.0
WPAC,200522W,112.8,12.9,2005-10-29 09:00:00,48.0,66.2,989.0
WPAC,200522W,113.0,13.8,2005-10-30 00:00:00,60.0,76.2,980.0
WPAC,200522W,112.7,13.9,2005-10-30 03:00:00,65.0,79.4,976.0
WPAC,200522W,112.4,13.9,2005-10-30 06:00:00,70.0,82.5,972.0
WPAC,200522W,112.2,14.1,2005-10-30 09:00:00,73.0,96.2,970.0
WPAC,200522W,111.6,14.2,2005-10-31 00:00:00,80.0,110.0,963.0
WPAC,200522W,111.4,14.3,2005-10-31 03:00:00,83.0,102.5,961.0
WPAC,200522W,111.3,14.4,2005-10-31 06:00:00,85.0,95.0,958.0
WPAC,200522W,111.1,14.5,2005-10-31 09:00:00,80.0,95.0,963.0
WPAC,200522W,109.8,15.3,2005-11-01 00:00:00,65.0,102.5,976.0
WPAC,200522W,109.4,15.6,2005-11-01 03:00:00,63.0,95.0,978.0
WPAC,200522W,109.1,15.8,2005-11-01 06:00:00,60.0,87.5,980.0
WPAC,200522W,108.8,16.1,2005-11-01 09:00:00,60.0,88.1,980.0
WPAC,200522W,106.8,17.7,2005-11-02 00:00:00,50.0,67.5,987.0
WPAC,200522W,106.3,18.2,2005-11-02 03:00:00,45.0,60.6,991.0
WPAC,200522W,105.9,18.8,2005-11-02 06:00:00,40.0,53.8,994.0
WPAC,200522W,105.6,19.4,2005-11-02 09:00:00,35.0,26.9,997.0
WPAC,200523W,129.5,13.3,2005-11-09 06:00:00,35.0,0.0,997.0
WPAC,200523W,128.6,13.6,2005-11-09 09:00:00,38.0,22.5,996.0
WPAC,200523W,124.8,14.8,2005-11-10 00:00:00,45.0,62.5,991.0
WPAC,200523W,124.0,14.9,2005-11-10 03:00:00,45.0,57.5,991.0
WPAC,200523W,123.3,15.1,2005-11-10 06:00:00,45.0,52.5,991.0
WPAC,200523W,122.5,15.4,2005-11-10 09:00:00,45.0,65.6,991.0
WPAC,200523W,120.5,16.8,2005-11-11 00:00:00,35.0,71.2,997.0
WPAC,200523W,119.8,17.5,2005-11-11 03:00:00,35.0,35.6,997.0
WPAC,200523W,119.1,18.1,2005-11-11 06:00:00,35.0,0.0,997.0
WPAC,200523W,118.4,18.6,2005-11-11 09:00:00,30.0,0.0,1000.0
WPAC,200523W,116.5,19.5,2005-11-12 00:00:00,25.0,0.0,1002.0
WPAC,200523W,116.0,19.2,2005-11-12 03:00:00,23.0,0.0,1003.0
WPAC,200523W,115.6,19.0,2005-11-12 06:00:00,20.0,0.0,1004.0
WPAC,200523W,115.3,18.6,2005-11-12 09:00:00,20.0,0.0,1004.0
WPAC,200524W,129.3,8.4,2005-11-14 00:00:00,35.0,0.0,997.0
WPAC,200524W,130.2,13.7,2005-11-16 06:00:00,60.0,80.0,980.0
WPAC,200524W,129.9,13.3,2005-11-17 00:00:00,60.0,105.0,980.0
WPAC,200524W,129.6,13.2,2005-11-17 06:00:00,65.0,105.0,976.0
WPAC,200524W,128.9,14.1,2005-11-18 00:00:00,70.0,100.0,972.0
WPAC,200524W,128.6,14.3,2005-11-18 03:00:00,68.0,100.0,974.0
WPAC,200524W,128.3,14.5,2005-11-18 06:00:00,65.0,100.0,976.0
WPAC,200524W,127.8,14.7,2005-11-18 09:00:00,65.0,100.0,976.0
WPAC,200524W,125.1,15.4,2005-11-19 00:00:00,55.0,105.0,984.0
WPAC,200524W,124.8,15.6,2005-11-19 03:00:00,58.0,96.2,982.0
WPAC,200524W,124.4,15.8,2005-11-19 06:00:00,60.0,87.5,980.0
WPAC,200524W,124.1,16.0,2005-11-19 09:00:00,53.0,80.6,986.0
WPAC,200524W,122.6,17.0,2005-11-20 00:00:00,35.0,60.0,997.0
WPAC,200524W,122.2,17.4,2005-11-20 03:00:00,33.0,30.0,999.0
WPAC,200524W,121.8,17.7,2005-11-20 06:00:00,30.0,0.0,1000.0
WPAC,200524W,121.5,18.1,2005-11-20 09:00:00,28.0,0.0,1001.0
WPAC,200525W,124.9,9.1,2005-12-16 00:00:00,25.0,0.0,1002.0
WPAC,200525W,124.2,9.2,2005-12-16 03:00:00,25.0,0.0,1002.0
WPAC,200525W,123.6,9.3,2005-12-16 06:00:00,25.0,0.0,1002.0
WPAC,200525W,123.1,9.8,2005-12-16 09:00:00,25.0,0.0,1002.0
WPAC,200525W,120.3,11.1,2005-12-17 00:00:00,25.0,0.0,1002.0
WPAC,200525W,119.7,10.9,2005-12-17 03:00:00,25.0,0.0,1002.0
WPAC,200525W,119.0,10.7,2005-12-17 06:00:00,25.0,0.0,1002.0
WPAC,200525W,118.4,10.4,2005-12-17 09:00:00,25.0,0.0,1002.0
WPAC,200525W,115.2,8.7,2005-12-18 00:00:00,25.0,0.0,1002.0
WPAC,200525W,114.6,8.5,2005-12-18 03:00:00,28.0,0.0,1001.0
WPAC,200525W,113.9,8.3,2005-12-18 06:00:00,30.0,0.0,1000.0
WPAC,200525W,113.3,8.2,2005-12-18 09:00:00,30.0,0.0,1000.0
WPAC,200525W,111.7,8.8,2005-12-19 00:00:00,40.0,37.5,994.0
WPAC,200525W,111.6,8.9,2005-12-19 03:00:00,43.0,37.5,993.0
WPAC,200525W,111.5,9.1,2005-12-19 06:00:00,45.0,37.5,991.0
WPAC,200525W,111.2,9.0,2005-12-19 09:00:00,43.0,37.5,993.0
WPAC,200525W,109.8,8.7,2005-12-20 00:00:00,35.0,37.5,997.0
WPAC,200525W,109.5,8.6,2005-12-20 03:00:00,33.0,18.8,999.0
WPAC,200525W,109.3,8.4,2005-12-20 06:00:00,30.0,0.0,1000.0
WPAC,200525W,108.9,8.4,2005-12-20 09:00:00,28.0,0.0,1001.0
WPAC,200525W,107.2,8.0,2005-12-21 00:00:00,25.0,0.0,1002.0
WPAC,200525W,106.8,8.0,2005-12-21 03:00:00,25.0,0.0,1002.0
WPAC,200525W,106.3,7.9,2005-12-21 06:00:00,25.0,0.0,1002.0
WPAC,200601W,137.8,6.9,2006-03-05 09:00:00,35.0,0.0,997.0
WPAC,200602W,130.1,9.5,2006-05-10 03:00:00,55.0,65.0,984.0
WPAC,200602W,127.9,11.0,2006-05-11 00:00:00,75.0,110.0,967.0
WPAC,200602W,127.3,11.2,2006-05-11 03:00:00,75.0,106.2,967.0
WPAC,200602W,126.8,11.5,2006-05-11 06:00:00,75.0,102.5,967.0
WPAC,200602W,126.2,11.8,2006-05-11 09:00:00,75.0,103.8,967.0
WPAC,200602W,123.5,12.8,2006-05-12 00:00:00,65.0,53.8,976.0
WPAC,200602W,123.0,12.9,2006-05-12 03:00:00,70.0,63.8,972.0
WPAC,200602W,122.6,13.0,2006-05-12 06:00:00,75.0,73.8,967.0
WPAC,200602W,122.2,12.9,2006-05-12 09:00:00,80.0,83.1,963.0
WPAC,200602W,120.5,13.5,2006-05-13 00:00:00,75.0,87.5,967.0
WPAC,200602W,120.0,13.7,2006-05-13 03:00:00,75.0,91.2,967.0
WPAC,200602W,119.6,13.8,2006-05-13 06:00:00,75.0,95.0,967.0
WPAC,200602W,119.2,13.9,2006-05-13 09:00:00,78.0,93.8,965.0
WPAC,200602W,117.5,13.7,2006-05-14 00:00:00,90.0,100.0,954.0
WPAC,200602W,117.0,13.8,2006-05-14 03:00:00,95.0,106.2,949.0
WPAC,200602W,116.6,13.9,2006-05-14 06:00:00,100.0,112.5,944.0
WPAC,200602W,116.3,13.9,2006-05-14 09:00:00,108.0,117.5,936.0
WPAC,200602W,115.3,14.2,2006-05-15 00:00:00,125.0,131.2,916.0
WPAC,200602W,115.3,14.5,2006-05-15 03:00:00,123.0,123.1,919.0
WPAC,200602W,115.3,14.8,2006-05-15 06:00:00,120.0,115.0,922.0
WPAC,200602W,115.3,15.1,2006-05-15 09:00:00,118.0,113.8,925.0
WPAC,200602W,114.8,16.9,2006-05-16 00:00:00,115.0,130.0,927.0
WPAC,200602W,114.8,17.4,2006-05-16 03:00:00,113.0,143.8,930.0
WPAC,200602W,114.8,17.8,2006-05-16 06:00:00,110.0,157.5,933.0
WPAC,200602W,115.0,18.3,2006-05-16 09:00:00,108.0,156.2,936.0
WPAC,200602W,115.6,20.4,2006-05-17 00:00:00,100.0,143.8,944.0
WPAC,200602W,115.8,20.9,2006-05-17 03:00:00,98.0,139.4,947.0
WPAC,200602W,116.0,21.3,2006-05-17 06:00:00,95.0,135.0,949.0
WPAC,200602W,116.3,21.9,2006-05-17 09:00:00,93.0,132.5,952.0
WPAC,200602W,118.1,24.6,2006-05-18 00:00:00,45.0,5.0,991.0
WPAC,200602W,118.7,25.4,2006-05-18 03:00:00,33.0,2.5,998.0
WPAC,200602W,119.3,26.1,2006-05-18 06:00:00,20.0,0.0,1004.0
WPAC,200602W,120.0,27.2,2006-05-18 09:00:00,20.0,0.0,1004.0
WPAC,200603W,128.4,9.9,2006-06-24 00:00:00,20.0,0.0,1004.0
WPAC,200603W,127.7,10.1,2006-06-24 03:00:00,20.0,0.0,1004.0
WPAC,200603W,127.0,10.3,2006-06-24 06:00:00,20.0,0.0,1004.0
WPAC,200603W,126.5,10.6,2006-06-24 09:00:00,20.0,0.0,1004.0
WPAC,200603W,124.0,11.9,2006-06-25 00:00:00,20.0,0.0,1005.0
WPAC,200603W,123.3,12.1,2006-06-25 03:00:00,20.0,0.0,1005.0
WPAC,200603W,122.7,12.2,2006-06-25 06:00:00,20.0,0.0,1004.0
WPAC,200603W,122.1,12.3,2006-06-25 09:00:00,20.0,0.0,1004.0
WPAC,200603W,119.4,13.4,2006-06-26 00:00:00,20.0,0.0,1003.0
WPAC,200603W,119.0,13.8,2006-06-26 03:00:00,25.0,0.0,1002.0
WPAC,200603W,118.5,14.2,2006-06-26 06:00:00,30.0,0.0,1000.0
WPAC,200603W,117.9,14.6,2006-06-26 09:00:00,30.0,0.0,1000.0
WPAC,200603W,115.4,16.7,2006-06-27 00:00:00,35.0,0.0,997.0
WPAC,200603W,114.9,17.0,2006-06-27 03:00:00,35.0,0.0,997.0
WPAC,200603W,114.4,17.4,2006-06-27 06:00:00,35.0,0.0,997.0
WPAC,200603W,113.9,17.8,2006-06-27 09:00:00,38.0,20.0,996.0
WPAC,200603W,112.0,19.3,2006-06-28 00:00:00,45.0,51.2,991.0
WPAC,200603W,111.8,19.6,2006-06-28 03:00:00,40.0,51.2,994.0
WPAC,200603W,111.6,19.8,2006-06-28 06:00:00,35.0,51.2,997.0
WPAC,200603W,111.4,20.0,2006-06-28 09:00:00,35.0,51.2,997.0
WPAC,200603W,110.4,21.3,2006-06-29 00:00:00,30.0,0.0,997.0
WPAC,200603W,110.0,21.8,2006-06-29 03:00:00,28.0,0.0,1000.0
WPAC,200603W,109.6,22.2,2006-06-29 06:00:00,25.0,0.0,1002.0
WPAC,200604W,128.8,19.3,2006-07-06 00:00:00,105.0,136.2,938.0
WPAC,200604W,128.7,19.5,2006-07-06 03:00:00,105.0,136.2,938.0
WPAC,200604W,128.5,19.7,2006-07-06 06:00:00,105.0,136.2,938.0
WPAC,200604W,128.3,19.9,2006-07-06 09:00:00,105.0,136.2,938.0
WPAC,200604W,127.7,20.8,2006-07-07 00:00:00,100.0,132.5,944.0
WPAC,200604W,127.6,21.1,2006-07-07 03:00:00,100.0,135.6,944.0
WPAC,200604W,127.4,21.5,2006-07-07 06:00:00,100.0,138.8,944.0
WPAC,200604W,127.2,21.8,2006-07-07 09:00:00,95.0,138.8,949.0
WPAC,200604W,126.5,23.2,2006-07-08 00:00:00,85.0,137.5,958.0
WPAC,200604W,126.4,23.7,2006-07-08 03:00:00,85.0,143.8,958.0
WPAC,200604W,126.3,24.2,2006-07-08 06:00:00,85.0,150.0,958.0
WPAC,200604W,126.2,24.7,2006-07-08 09:00:00,80.0,151.2,963.0
WPAC,200604W,125.7,27.6,2006-07-09 00:00:00,75.0,155.0,967.0
WPAC,200604W,125.7,28.4,2006-07-09 03:00:00,70.0,152.5,972.0
WPAC,200604W,125.7,29.2,2006-07-09 06:00:00,65.0,150.0,976.0
WPAC,200604W,126.0,33.6,2006-07-10 00:00:00,40.0,111.2,994.0
WPAC,200605W,126.1,21.1,2006-07-12 00:00:00,45.0,133.8,991.0
WPAC,200605W,125.8,21.3,2006-07-12 03:00:00,43.0,131.9,993.0
WPAC,200605W,125.4,21.5,2006-07-12 06:00:00,40.0,130.0,994.0
WPAC,200605W,125.1,21.7,2006-07-12 09:00:00,40.0,130.0,994.0
WPAC,200605W,124.0,23.3,2006-07-13 00:00:00,45.0,130.0,991.0
WPAC,200605W,123.6,23.6,2006-07-13 03:00:00,45.0,130.0,991.0
WPAC,200605W,123.2,24.0,2006-07-13 06:00:00,45.0,130.0,991.0
WPAC,200605W,122.8,24.4,2006-07-13 09:00:00,45.0,130.6,991.0
WPAC,200605W,120.4,25.8,2006-07-14 00:00:00,45.0,178.8,991.0
WPAC,200605W,119.8,26.1,2006-07-14 03:00:00,43.0,168.1,993.0
WPAC,200605W,119.3,26.4,2006-07-14 06:00:00,40.0,157.5,994.0
WPAC,200605W,118.7,26.7,2006-07-14 09:00:00,38.0,157.5,996.0
WPAC,200606W,127.4,19.0,2006-07-23 00:00:00,70.0,120.0,972.0
WPAC,200606W,127.0,19.4,2006-07-23 03:00:00,68.0,120.0,974.0
WPAC,200606W,126.5,19.7,2006-07-23 06:00:00,65.0,120.0,976.0
WPAC,200606W,126.2,20.0,2006-07-23 09:00:00,65.0,116.2,976.0
WPAC,200606W,123.8,21.4,2006-07-24 00:00:00,60.0,103.8,980.0
WPAC,200606W,123.4,21.6,2006-07-24 03:00:00,60.0,103.8,980.0
WPAC,200606W,123.0,21.9,2006-07-24 06:00:00,60.0,103.8,980.0
WPAC,200606W,122.5,22.1,2006-07-24 09:00:00,60.0,103.1,980.0
WPAC,200606W,119.9,23.7,2006-07-25 00:00:00,55.0,106.2,984.0
WPAC,200606W,119.5,23.9,2006-07-25 03:00:00,53.0,98.8,986.0
WPAC,200606W,119.0,24.2,2006-07-25 06:00:00,50.0,91.2,987.0
WPAC,200606W,118.3,24.4,2006-07-25 09:00:00,48.0,91.2,989.0
WPAC,200606W,115.6,24.9,2006-07-26 00:00:00,30.0,0.0,1000.0
WPAC,200607W,129.3,12.7,2006-07-28 06:00:00,15.0,0.0,1006.0
WPAC,200607W,129.0,12.8,2006-07-28 09:00:00,15.0,0.0,1006.0
WPAC,200607W,128.2,13.6,2006-07-29 00:00:00,15.0,0.0,1004.0
WPAC,200607W,128.1,13.8,2006-07-29 03:00:00,15.0,0.0,1004.0
WPAC,200607W,128.0,13.9,2006-07-29 06:00:00,15.0,0.0,1004.0
WPAC,200607W,127.8,14.1,2006-07-29 09:00:00,15.0,0.0,1004.0
WPAC,200607W,126.4,14.4,2006-07-30 00:00:00,20.0,0.0,1004.0
WPAC,200607W,126.1,14.4,2006-07-30 03:00:00,20.0,0.0,1004.0
WPAC,200607W,125.7,14.4,2006-07-30 06:00:00,20.0,0.0,1004.0
WPAC,200607W,125.3,14.4,2006-07-30 09:00:00,20.0,0.0,1004.0
WPAC,200607W,123.2,15.5,2006-07-31 00:00:00,25.0,0.0,1002.0
WPAC,200607W,122.8,15.9,2006-07-31 03:00:00,28.0,0.0,1001.0
WPAC,200607W,122.5,16.3,2006-07-31 06:00:00,30.0,0.0,1000.0
WPAC,200607W,122.0,16.5,2006-07-31 09:00:00,30.0,0.0,1000.0
WPAC,200607W,118.9,17.1,2006-08-01 00:00:00,40.0,40.0,994.0
WPAC,200607W,118.2,17.2,2006-08-01 03:00:00,43.0,45.6,993.0
WPAC,200607W,117.6,17.4,2006-08-01 06:00:00,45.0,51.2,991.0
WPAC,200607W,117.0,17.5,2006-08-01 09:00:00,45.0,54.4,991.0
WPAC,200607W,115.2,18.3,2006-08-02 00:00:00,55.0,95.0,984.0
WPAC,200607W,114.9,18.6,2006-08-02 03:00:00,60.0,97.5,980.0
WPAC,200607W,114.6,18.8,2006-08-02 06:00:00,65.0,100.0,976.0
WPAC,200607W,114.2,19.0,2006-08-02 09:00:00,65.0,107.5,976.0
WPAC,200607W,112.8,20.2,2006-08-03 00:00:00,70.0,116.2,972.0
WPAC,200607W,112.5,20.5,2006-08-03 03:00:00,70.0,118.8,972.0
WPAC,200607W,112.3,20.8,2006-08-03 06:00:00,70.0,121.2,972.0
WPAC,200607W,111.9,21.1,2006-08-03 09:00:00,68.0,118.1,974.0
WPAC,200607W,109.3,22.5,2006-08-04 00:00:00,45.0,115.0,991.0
WPAC,200607W,109.0,22.8,2006-08-04 03:00:00,40.0,115.0,994.0
WPAC,200607W,108.7,23.1,2006-08-04 06:00:00,35.0,115.0,997.0
WPAC,200607W,108.3,23.4,2006-08-04 09:00:00,33.0,57.5,999.0
WPAC,200607W,107.1,24.3,2006-08-05 00:00:00,25.0,0.0,1002.0
WPAC,200608W,128.4,23.7,2006-08-09 00:00:00,105.0,140.0,938.0
WPAC,200608W,126.9,24.7,2006-08-09 06:00:00,125.0,145.0,916.0
WPAC,200608W,126.1,25.0,2006-08-09 09:00:00,133.0,145.0,907.0
WPAC,200608W,121.8,26.7,2006-08-10 03:00:00,135.0,96.9,904.0
WPAC,200608W,121.1,27.0,2006-08-10 06:00:00,130.0,102.5,910.0
WPAC,200608W,120.5,27.1,2006-08-10 09:00:00,123.0,93.8,919.0
WPAC,200608W,117.4,27.7,2006-08-11 00:00:00,60.0,85.0,980.0
WPAC,200608W,115.8,28.1,2006-08-11 06:00:00,55.0,85.0,984.0
WPAC,200608W,113.6,29.9,2006-08-12 03:00:00,28.0,0.0,1001.0
WPAC,200608W,113.3,30.2,2006-08-12 06:00:00,25.0,0.0,1002.0
WPAC,200609W,139.1,29.2,2006-08-06 21:00:00,60.0,74.4,980.0
WPAC,200609W,136.4,32.2,2006-08-07 21:00:00,55.0,83.8,984.0
WPAC,200609W,136.4,32.5,2006-08-08 00:00:00,55.0,83.8,984.0
WPAC,200609W,138.8,34.4,2006-08-08 21:00:00,40.0,77.5,994.0
WPAC,200610W,125.0,23.2,2006-08-08 00:00:00,45.0,58.8,991.0
WPAC,200610W,124.4,23.3,2006-08-08 03:00:00,45.0,58.8,991.0
WPAC,200610W,123.8,23.4,2006-08-08 06:00:00,45.0,58.8,991.0
WPAC,200610W,123.2,23.3,2006-08-08 09:00:00,48.0,58.8,989.0
WPAC,200610W,119.8,22.8,2006-08-09 00:00:00,45.0,58.8,991.0
WPAC,200610W,119.2,22.9,2006-08-09 03:00:00,43.0,58.8,993.0
WPAC,200610W,118.6,22.9,2006-08-09 06:00:00,40.0,58.8,994.0
WPAC,200610W,118.2,22.6,2006-08-09 09:00:00,38.0,29.4,996.0
WPAC,200610W,116.5,21.5,2006-08-10 03:00:00,25.0,0.0,1001.0
WPAC,200610W,116.3,21.5,2006-08-10 06:00:00,25.0,0.0,1000.0
WPAC,200610W,115.9,21.6,2006-08-10 09:00:00,25.0,0.0,1001.0
WPAC,200611W,139.6,24.1,2006-08-12 21:00:00,33.0,0.0,998.0
WPAC,200611W,137.9,26.3,2006-08-13 21:00:00,43.0,60.0,993.0
WPAC,200611W,138.2,27.9,2006-08-14 21:00:00,50.0,86.2,987.0
WPAC,200611W,138.4,28.3,2006-08-15 00:00:00,50.0,97.5,987.0
WPAC,200611W,136.1,29.8,2006-08-15 21:00:00,45.0,103.8,991.0
WPAC,200611W,130.9,32.2,2006-08-17 21:00:00,50.0,60.0,988.0
WPAC,200611W,130.4,34.2,2006-08-18 21:00:00,28.0,0.0,998.0
WPAC,200613W,109.3,17.6,2006-08-22 06:00:00,20.0,0.0,1002.0
WPAC,200613W,109.7,17.5,2006-08-22 09:00:00,20.0,0.0,1002.0
WPAC,200613W,111.3,17.3,2006-08-23 00:00:00,20.0,0.0,1002.0
WPAC,200613W,111.6,17.6,2006-08-23 03:00:00,20.0,0.0,1002.0
WPAC,200613W,111.9,17.9,2006-08-23 06:00:00,20.0,0.0,1002.0
WPAC,200613W,112.1,18.2,2006-08-23 09:00:00,20.0,0.0,1002.0
WPAC,200613W,112.9,19.6,2006-08-24 00:00:00,20.0,0.0,1003.0
WPAC,200613W,113.0,20.0,2006-08-24 03:00:00,20.0,0.0,1004.0
WPAC,200613W,113.0,20.3,2006-08-24 06:00:00,20.0,0.0,1004.0
WPAC,200613W,113.0,20.6,2006-08-24 09:00:00,20.0,0.0,1004.0
WPAC,200613W,112.2,22.0,2006-08-25 00:00:00,25.0,0.0,1002.0
WPAC,200613W,111.9,22.2,2006-08-25 03:00:00,25.0,0.0,1002.0
WPAC,200613W,111.6,22.5,2006-08-25 06:00:00,25.0,0.0,1002.0
WPAC,200614W,129.0,20.1,2006-09-13 00:00:00,90.0,140.0,954.0
WPAC,200614W,128.7,20.1,2006-09-13 03:00:00,88.0,137.5,956.0
WPAC,200614W,126.0,20.2,2006-09-14 00:00:00,75.0,135.0,967.0
WPAC,200614W,125.7,20.2,2006-09-14 03:00:00,80.0,138.1,963.0
WPAC,200614W,125.4,20.3,2006-09-14 06:00:00,85.0,141.2,958.0
WPAC,200614W,125.2,20.4,2006-09-14 09:00:00,85.0,141.2,958.0
WPAC,200614W,124.2,21.5,2006-09-15 00:00:00,100.0,138.8,944.0
WPAC,200614W,124.1,21.9,2006-09-15 03:00:00,108.0,145.0,936.0
WPAC,200614W,124.0,22.2,2006-09-15 06:00:00,115.0,151.2,927.0
WPAC,200614W,123.9,22.6,2006-09-15 09:00:00,118.0,153.8,925.0
WPAC,200614W,124.2,24.9,2006-09-16 00:00:00,120.0,158.8,922.0
WPAC,200614W,124.6,25.4,2006-09-16 03:00:00,118.0,158.8,925.0
WPAC,200614W,124.9,26.0,2006-09-16 06:00:00,115.0,158.8,927.0
WPAC,200614W,125.4,26.6,2006-09-16 09:00:00,113.0,153.1,930.0
WPAC,200614W,129.7,33.3,2006-09-17 09:00:00,70.0,135.0,972.0
WPAC,200615W,115.4,19.4,2006-09-12 06:00:00,30.0,0.0,1000.0
WPAC,200615W,115.1,19.9,2006-09-12 09:00:00,30.0,0.0,1000.0
WPAC,200615W,112.7,20.9,2006-09-13 00:00:00,30.0,0.0,1000.0
WPAC,200615W,112.2,21.1,2006-09-13 03:00:00,28.0,0.0,1001.0
WPAC,200615W,111.8,21.3,2006-09-13 06:00:00,25.0,0.0,1002.0
WPAC,200615W,111.3,21.5,2006-09-13 09:00:00,23.0,0.0,1003.0
WPAC,200616W,159.2,20.2,2006-09-18 21:00:00,70.0,91.2,972.0
WPAC,200616W,159.0,20.1,2006-09-19 00:00:00,75.0,92.5,967.0
WPAC,200616W,158.8,20.1,2006-09-19 03:00:00,83.0,101.9,961.0
WPAC,200616W,155.6,19.7,2006-09-20 00:00:00,115.0,110.0,927.0
WPAC,200616W,149.2,20.1,2006-09-21 00:00:00,120.0,120.0,922.0
WPAC,200616W,142.2,25.6,2006-09-22 09:00:00,130.0,130.0,910.0
WPAC,200616W,141.9,28.0,2006-09-22 21:00:00,110.0,126.2,933.0
WPAC,200616W,142.7,30.0,2006-09-23 06:00:00,95.0,123.8,949.0
WPAC,200616W,146.1,33.1,2006-09-23 21:00:00,80.0,123.1,963.0
WPAC,200616W,147.0,34.0,2006-09-24 00:00:00,75.0,122.5,967.0
WPAC,200616W,149.5,35.7,2006-09-24 06:00:00,75.0,122.5,967.0
WPAC,200616W,159.5,40.4,2006-09-25 00:00:00,50.0,122.5,987.0
WPAC,200616W,161.6,41.2,2006-09-25 03:00:00,48.0,122.5,989.0
WPAC,200616W,163.7,42.1,2006-09-25 06:00:00,45.0,122.5,991.0
WPAC,200617W,114.7,13.5,2006-09-22 00:00:00,15.0,0.0,1006.0
WPAC,200617W,114.5,13.5,2006-09-22 03:00:00,18.0,0.0,1005.0
WPAC,200617W,114.0,13.4,2006-09-22 09:00:00,20.0,0.0,1004.0
WPAC,200617W,112.4,13.8,2006-09-23 00:00:00,25.0,0.0,1002.0
WPAC,200617W,112.1,14.1,2006-09-23 03:00:00,28.0,0.0,1001.0
WPAC,200617W,111.7,14.3,2006-09-23 06:00:00,30.0,0.0,1000.0
WPAC,200617W,111.4,14.6,2006-09-23 09:00:00,30.0,0.0,1000.0
WPAC,200617W,110.4,16.0,2006-09-24 00:00:00,30.0,0.0,1000.0
WPAC,200617W,110.0,16.1,2006-09-24 03:00:00,30.0,0.0,1000.0
WPAC,200617W,109.6,16.3,2006-09-24 06:00:00,30.0,0.0,1000.0
WPAC,200617W,109.2,16.5,2006-09-24 09:00:00,30.0,0.0,1000.0
WPAC,200617W,107.2,17.1,2006-09-25 00:00:00,20.0,0.0,1004.0
WPAC,200618W,127.6,11.8,2006-09-26 00:00:00,35.0,0.0,997.0
WPAC,200618W,127.4,11.9,2006-09-26 03:00:00,40.0,57.5,994.0
WPAC,200618W,127.3,11.9,2006-09-26 06:00:00,45.0,115.0,991.0
WPAC,200618W,127.0,12.0,2006-09-26 09:00:00,50.0,120.0,988.0
WPAC,200618W,125.5,12.4,2006-09-27 00:00:00,90.0,120.0,954.0
WPAC,200618W,125.1,12.6,2006-09-27 03:00:00,103.0,128.8,941.0
WPAC,200618W,124.7,12.8,2006-09-27 06:00:00,115.0,137.5,927.0
WPAC,200618W,124.2,13.0,2006-09-27 09:00:00,120.0,141.9,922.0
WPAC,200618W,121.6,14.1,2006-09-28 00:00:00,110.0,128.8,933.0
WPAC,200618W,121.0,14.4,2006-09-28 03:00:00,108.0,118.1,936.0
WPAC,200618W,120.5,14.8,2006-09-28 06:00:00,105.0,107.5,938.0
WPAC,200618W,120.0,14.9,2006-09-28 09:00:00,103.0,98.8,941.0
WPAC,200618W,116.6,15.2,2006-09-29 00:00:00,105.0,96.2,938.0
WPAC,200618W,116.0,15.3,2006-09-29 03:00:00,105.0,96.2,938.0
WPAC,200618W,115.5,15.4,2006-09-29 06:00:00,105.0,96.2,938.0
WPAC,200618W,115.0,15.5,2006-09-29 09:00:00,108.0,96.2,936.0
WPAC,200618W,112.3,15.5,2006-09-30 00:00:00,115.0,105.0,927.0
WPAC,200618W,111.8,15.6,2006-09-30 03:00:00,115.0,105.0,927.0
WPAC,200618W,111.4,15.7,2006-09-30 06:00:00,115.0,105.0,927.0
WPAC,200618W,111.0,15.8,2006-09-30 09:00:00,113.0,100.0,930.0
WPAC,200618W,108.6,16.0,2006-10-01 00:00:00,85.0,97.5,958.0
WPAC,200618W,108.0,15.8,2006-10-01 03:00:00,80.0,97.5,963.0
WPAC,200618W,107.4,15.7,2006-10-01 06:00:00,75.0,97.5,967.0
WPAC,200618W,106.8,15.6,2006-10-01 09:00:00,65.0,97.5,976.0
WPAC,200618W,104.0,15.1,2006-10-02 00:00:00,35.0,97.5,997.0
WPAC,200619W,138.7,29.2,2006-10-06 00:00:00,25.0,0.0,1002.0
WPAC,200620W,153.6,21.3,2006-10-03 21:00:00,20.0,0.0,1001.0
WPAC,200620W,152.2,22.8,2006-10-04 21:00:00,25.0,0.0,1002.0
WPAC,200620W,151.4,25.6,2006-10-05 21:00:00,28.0,0.0,1001.0
WPAC,200620W,151.4,26.7,2006-10-06 00:00:00,25.0,0.0,1002.0
WPAC,200621W,146.5,19.9,2006-10-11 00:00:00,55.0,95.0,984.0
WPAC,200621W,141.9,21.8,2006-10-11 21:00:00,60.0,107.5,980.0
WPAC,200621W,140.8,23.5,2006-10-12 21:00:00,73.0,125.0,970.0
WPAC,200621W,141.1,24.4,2006-10-13 21:00:00,90.0,137.5,954.0
WPAC,200621W,140.9,24.9,2006-10-14 06:00:00,90.0,141.2,954.0
WPAC,200621W,141.2,26.9,2006-10-14 21:00:00,75.0,142.5,967.0
WPAC,200621W,147.1,32.8,2006-10-15 21:00:00,48.0,128.8,989.0
WPAC,200621W,148.6,33.4,2006-10-16 00:00:00,45.0,128.8,991.0
WPAC,200621W,153.2,35.9,2006-10-16 06:00:00,45.0,128.8,991.0
WPAC,200622W,128.1,14.3,2006-10-28 00:00:00,60.0,71.2,980.0
WPAC,200622W,127.7,14.5,2006-10-28 03:00:00,65.0,76.2,976.0
WPAC,200622W,127.2,14.7,2006-10-28 06:00:00,70.0,81.2,972.0
WPAC,200622W,126.8,15.0,2006-10-28 09:00:00,80.0,88.8,963.0
WPAC,200622W,124.0,16.1,2006-10-29 03:00:00,130.0,121.9,910.0
WPAC,200622W,123.5,16.2,2006-10-29 06:00:00,140.0,131.2,898.0
WPAC,200622W,123.0,16.3,2006-10-29 09:00:00,140.0,126.9,898.0
WPAC,200622W,120.1,16.9,2006-10-30 00:00:00,95.0,90.0,949.0
WPAC,200622W,119.6,16.9,2006-10-30 03:00:00,93.0,96.9,952.0
WPAC,200622W,119.1,16.9,2006-10-30 06:00:00,90.0,103.8,954.0
WPAC,200622W,118.9,16.8,2006-10-30 09:00:00,90.0,104.4,954.0
WPAC,200622W,117.4,17.6,2006-10-31 00:00:00,90.0,106.2,954.0
WPAC,200622W,117.1,17.7,2006-10-31 03:00:00,90.0,105.6,954.0
WPAC,200622W,116.8,17.8,2006-10-31 06:00:00,90.0,105.0,954.0
WPAC,200622W,116.7,18.0,2006-10-31 09:00:00,93.0,104.4,952.0
WPAC,200622W,116.2,18.7,2006-11-01 00:00:00,100.0,113.8,944.0
WPAC,200622W,116.2,18.8,2006-11-01 03:00:00,105.0,115.6,939.0
WPAC,200622W,116.3,18.8,2006-11-01 06:00:00,110.0,117.5,933.0
WPAC,200622W,116.4,18.9,2006-11-01 09:00:00,108.0,117.5,936.0
WPAC,200622W,116.7,18.7,2006-11-02 00:00:00,75.0,112.5,967.0
WPAC,200622W,116.8,18.6,2006-11-02 03:00:00,70.0,111.2,972.0
WPAC,200622W,116.8,18.5,2006-11-02 06:00:00,65.0,110.0,976.0
WPAC,200622W,116.7,18.4,2006-11-02 09:00:00,63.0,101.2,978.0
WPAC,200622W,116.2,17.6,2006-11-03 00:00:00,50.0,92.5,987.0
WPAC,200622W,116.3,17.5,2006-11-03 03:00:00,48.0,83.8,989.0
WPAC,200622W,116.4,17.3,2006-11-03 06:00:00,45.0,75.0,991.0
WPAC,200622W,116.2,17.1,2006-11-03 09:00:00,40.0,75.0,994.0
WPAC,200622W,116.0,16.3,2006-11-04 00:00:00,25.0,0.0,1002.0
WPAC,200622W,116.0,16.2,2006-11-04 03:00:00,25.0,0.0,1002.0
WPAC,200622W,115.9,16.1,2006-11-04 06:00:00,25.0,0.0,1002.0
WPAC,200622W,115.8,16.1,2006-11-04 09:00:00,25.0,0.0,1002.0
WPAC,200622W,115.1,15.3,2006-11-05 00:00:00,20.0,0.0,1004.0
WPAC,200622W,114.9,15.2,2006-11-05 03:00:00,20.0,0.0,1004.0
WPAC,200622W,114.7,15.1,2006-11-05 06:00:00,20.0,0.0,1004.0
WPAC,200622W,114.6,14.9,2006-11-05 09:00:00,20.0,0.0,1004.0
WPAC,200622W,113.4,14.2,2006-11-06 00:00:00,20.0,0.0,1004.0
WPAC,200622W,113.2,14.2,2006-11-06 03:00:00,18.0,0.0,1005.0
WPAC,200622W,112.9,14.3,2006-11-06 06:00:00,15.0,0.0,1006.0
WPAC,200622W,112.6,14.1,2006-11-06 09:00:00,15.0,0.0,1006.0
WPAC,200622W,111.0,12.2,2006-11-07 00:00:00,15.0,0.0,1006.0
WPAC,200622W,110.5,12.0,2006-11-07 03:00:00,15.0,0.0,1006.0
WPAC,200622W,110.1,11.8,2006-11-07 06:00:00,15.0,0.0,1006.0
WPAC,200622W,109.7,11.8,2006-11-07 09:00:00,15.0,0.0,1006.0
WPAC,200623W,127.1,16.0,2006-11-10 00:00:00,65.0,55.0,976.0
WPAC,200623W,126.4,16.1,2006-11-10 03:00:00,90.0,65.0,952.0
WPAC,200623W,125.7,16.2,2006-11-10 06:00:00,115.0,75.0,927.0
WPAC,200623W,125.0,16.2,2006-11-10 09:00:00,120.0,83.1,922.0
WPAC,200623W,121.6,16.0,2006-11-11 00:00:00,105.0,92.5,938.0
WPAC,200623W,121.0,16.1,2006-11-11 03:00:00,93.0,89.4,951.0
WPAC,200623W,120.4,16.1,2006-11-11 06:00:00,80.0,86.2,963.0
WPAC,200623W,120.0,15.9,2006-11-11 09:00:00,88.0,86.2,956.0
WPAC,200623W,117.5,15.0,2006-11-12 00:00:00,75.0,83.8,967.0
WPAC,200623W,117.0,14.9,2006-11-12 03:00:00,73.0,83.8,970.0
WPAC,200623W,116.4,14.9,2006-11-12 06:00:00,70.0,83.8,972.0
WPAC,200623W,115.8,14.9,2006-11-12 09:00:00,65.0,83.8,976.0
WPAC,200623W,113.6,15.7,2006-11-13 00:00:00,60.0,66.2,980.0
WPAC,200623W,113.3,15.8,2006-11-13 03:00:00,55.0,66.2,984.0
WPAC,200623W,113.0,16.0,2006-11-13 06:00:00,50.0,66.2,987.0
WPAC,200623W,112.7,16.2,2006-11-13 09:00:00,50.0,66.2,987.0
WPAC,200623W,111.5,17.6,2006-11-14 00:00:00,35.0,45.0,997.0
WPAC,200623W,111.3,17.8,2006-11-14 03:00:00,30.0,22.5,1000.0
WPAC,200623W,111.1,18.0,2006-11-14 06:00:00,25.0,0.0,1002.0
WPAC,200623W,111.0,17.7,2006-11-14 09:00:00,25.0,0.0,1002.0
WPAC,200623W,109.7,16.5,2006-11-15 00:00:00,20.0,0.0,1004.0
WPAC,200624W,128.6,12.8,2006-11-29 00:00:00,90.0,97.5,954.0
WPAC,200624W,127.9,12.9,2006-11-29 03:00:00,108.0,109.4,935.0
WPAC,200624W,127.3,13.1,2006-11-29 06:00:00,125.0,121.2,916.0
WPAC,200624W,126.8,13.2,2006-11-29 09:00:00,130.0,121.9,910.0
WPAC,200624W,124.5,13.4,2006-11-30 00:00:00,135.0,115.0,904.0
WPAC,200624W,123.5,13.5,2006-11-30 06:00:00,125.0,117.5,916.0
WPAC,200624W,120.0,13.5,2006-12-01 00:00:00,95.0,93.8,949.0
WPAC,200624W,119.6,13.6,2006-12-01 03:00:00,93.0,100.6,952.0
WPAC,200624W,119.2,13.6,2006-12-01 06:00:00,90.0,107.5,954.0
WPAC,200624W,118.9,13.6,2006-12-01 09:00:00,85.0,101.2,959.0
WPAC,200624W,117.0,13.7,2006-12-02 00:00:00,75.0,92.5,967.0
WPAC,200624W,116.7,13.8,2006-12-02 03:00:00,75.0,90.0,967.0
WPAC,200624W,116.3,13.8,2006-12-02 06:00:00,75.0,87.5,967.0
WPAC,200624W,115.9,13.9,2006-12-02 09:00:00,75.0,87.5,967.0
WPAC,200624W,113.9,13.8,2006-12-03 00:00:00,90.0,91.2,954.0
WPAC,200624W,113.6,13.8,2006-12-03 03:00:00,90.0,94.4,954.0
WPAC,200624W,113.2,13.7,2006-12-03 06:00:00,90.0,97.5,954.0
WPAC,200624W,112.9,13.6,2006-12-03 09:00:00,90.0,97.5,954.0
WPAC,200624W,111.1,12.3,2006-12-04 00:00:00,65.0,82.5,976.0
WPAC,200624W,110.8,12.0,2006-12-04 03:00:00,58.0,72.5,982.0
WPAC,200624W,110.4,11.7,2006-12-04 06:00:00,50.0,62.5,987.0
WPAC,200624W,110.0,11.3,2006-12-04 09:00:00,53.0,64.4,986.0
WPAC,200624W,106.9,10.0,2006-12-05 00:00:00,55.0,76.2,984.0
WPAC,200624W,106.2,9.7,2006-12-05 03:00:00,50.0,68.1,988.0
WPAC,200624W,105.5,9.3,2006-12-05 06:00:00,45.0,60.0,991.0
WPAC,200624W,104.8,8.9,2006-12-05 09:00:00,40.0,60.0,994.0
WPAC,200624W,101.0,9.0,2006-12-06 00:00:00,25.0,0.0,1002.0
WPAC,200624W,100.2,9.2,2006-12-06 03:00:00,23.0,0.0,1003.0
WPAC,200624W,99.5,9.5,2006-12-06 06:00:00,20.0,0.0,1004.0
WPAC,200624W,98.8,9.7,2006-12-06 09:00:00,20.0,0.0,1004.0
WPAC,200624W,95.7,10.4,2006-12-07 00:00:00,20.0,0.0,1004.0
WPAC,200624W,95.1,10.6,2006-12-07 03:00:00,20.0,0.0,1004.0
WPAC,200624W,94.5,10.7,2006-12-07 06:00:00,20.0,0.0,1004.0
WPAC,200624W,94.0,10.7,2006-12-07 09:00:00,20.0,0.0,1004.0
WPAC,200624W,91.2,10.7,2006-12-08 00:00:00,20.0,0.0,1004.0
WPAC,200624W,90.5,10.8,2006-12-08 03:00:00,20.0,0.0,1004.0
WPAC,200624W,89.8,10.8,2006-12-08 06:00:00,20.0,0.0,1004.0
WPAC,200624W,89.2,10.9,2006-12-08 09:00:00,20.0,0.0,1004.0
WPAC,200624W,85.2,11.3,2006-12-09 03:00:00,15.0,0.0,1006.0
WPAC,200624W,84.5,11.4,2006-12-09 06:00:00,15.0,0.0,1006.0
WPAC,200624W,83.9,11.4,2006-12-09 09:00:00,15.0,0.0,1006.0
WPAC,200624W,83.3,11.5,2006-12-09 12:00:00,15.0,0.0,1006.0
WPAC,200625W,121.6,12.1,2006-12-10 00:00:00,100.0,115.0,944.0
WPAC,200625W,121.1,12.2,2006-12-10 03:00:00,95.0,115.0,949.0
WPAC,200625W,120.6,12.4,2006-12-10 06:00:00,90.0,115.0,954.0
WPAC,200625W,120.2,12.6,2006-12-10 09:00:00,78.0,115.0,965.0
WPAC,200625W,118.6,13.2,2006-12-11 00:00:00,70.0,110.0,972.0
WPAC,200625W,118.2,13.3,2006-12-11 03:00:00,70.0,97.5,972.0
WPAC,200625W,117.8,13.5,2006-12-11 06:00:00,70.0,85.0,972.0
WPAC,200625W,117.5,13.7,2006-12-11 09:00:00,70.0,85.0,972.0
WPAC,200625W,115.7,14.4,2006-12-12 00:00:00,75.0,91.2,967.0
WPAC,200625W,115.2,14.6,2006-12-12 03:00:00,78.0,90.0,965.0
WPAC,200625W,114.7,14.8,2006-12-12 06:00:00,80.0,88.8,963.0
WPAC,200625W,114.3,15.1,2006-12-12 09:00:00,85.0,92.5,959.0
WPAC,200625W,112.7,16.4,2006-12-13 00:00:00,95.0,100.0,949.0
WPAC,200625W,112.5,16.5,2006-12-13 03:00:00,93.0,100.0,952.0
WPAC,200625W,112.3,16.7,2006-12-13 06:00:00,90.0,100.0,954.0
WPAC,200625W,112.3,16.9,2006-12-13 09:00:00,80.0,95.0,963.0
WPAC,200625W,112.6,17.7,2006-12-14 00:00:00,35.0,77.5,997.0
WPAC,200625W,112.8,17.9,2006-12-14 03:00:00,35.0,38.8,997.0
WPAC,200625W,113.0,18.0,2006-12-14 06:00:00,35.0,0.0,997.0
WPAC,200625W,113.2,17.9,2006-12-14 09:00:00,30.0,0.0,1000.0
WPAC,200625W,113.0,17.3,2006-12-15 00:00:00,25.0,0.0,1002.0
WPAC,200626W,136.2,15.2,2006-12-18 00:00:00,30.0,0.0,1000.0
WPAC,200626W,135.2,15.9,2006-12-18 06:00:00,25.0,0.0,1002.0
WPAC,200701W,149.8,12.2,2007-04-02 00:00:00,60.0,91.2,978.0
WPAC,200701W,146.1,15.6,2007-04-02 21:00:00,70.0,71.2,971.0
WPAC,200701W,144.2,19.2,2007-04-03 21:00:00,85.0,91.9,959.0
WPAC,200701W,144.4,19.8,2007-04-04 00:00:00,80.0,101.2,963.0
WPAC,200701W,149.1,23.7,2007-04-04 21:00:00,38.0,118.8,996.0
WPAC,200702W,144.1,8.6,2007-05-15 21:00:00,20.0,0.0,1004.0
WPAC,200702W,132.6,14.5,2007-05-18 21:00:00,70.0,75.6,972.0
WPAC,200702W,132.2,16.5,2007-05-19 09:00:00,90.0,90.6,955.0
WPAC,200702W,134.9,19.5,2007-05-20 09:00:00,123.0,118.8,932.0
WPAC,200702W,137.1,21.1,2007-05-20 21:00:00,125.0,120.0,930.0
WPAC,200703W,111.9,16.8,2007-07-03 06:00:00,15.0,0.0,1004.0
WPAC,200703W,111.7,17.1,2007-07-03 09:00:00,15.0,0.0,1003.0
WPAC,200703W,110.2,18.3,2007-07-04 03:00:00,28.0,0.0,1001.0
WPAC,200703W,110.0,18.5,2007-07-04 06:00:00,30.0,0.0,998.0
WPAC,200703W,109.8,18.7,2007-07-04 09:00:00,30.0,0.0,999.0
WPAC,200703W,108.5,20.6,2007-07-05 03:00:00,35.0,0.0,996.0
WPAC,200703W,108.2,21.0,2007-07-05 06:00:00,35.0,0.0,996.0
WPAC,200703W,107.8,21.3,2007-07-05 09:00:00,33.0,0.0,997.0
WPAC,200704W,134.2,16.2,2007-07-11 00:00:00,80.0,146.2,963.0
WPAC,200704W,127.7,27.9,2007-07-13 09:00:00,105.0,148.8,945.0
WPAC,200704W,129.4,30.5,2007-07-14 00:00:00,90.0,152.5,956.0
WPAC,200704W,136.1,33.5,2007-07-14 21:00:00,58.0,101.2,980.0
WPAC,200704W,145.8,35.5,2007-07-15 21:00:00,33.0,47.5,998.0
WPAC,200705W,147.6,18.3,2007-07-28 21:00:00,33.0,0.0,998.0
WPAC,200705W,139.8,22.4,2007-07-31 03:00:00,88.0,121.2,958.0
WPAC,200706W,113.0,12.6,2007-08-02 03:00:00,20.0,0.0,1002.0
WPAC,200706W,112.9,12.5,2007-08-02 06:00:00,20.0,0.0,1001.0
WPAC,200706W,112.8,12.6,2007-08-02 09:00:00,20.0,0.0,1004.0
WPAC,200706W,112.8,13.4,2007-08-03 03:00:00,30.0,0.0,1000.0
WPAC,200706W,112.8,13.6,2007-08-03 06:00:00,30.0,0.0,1000.0
WPAC,200706W,112.8,13.7,2007-08-03 09:00:00,30.0,0.0,1000.0
WPAC,200706W,111.2,13.9,2007-08-04 03:00:00,30.0,0.0,1000.0
WPAC,200706W,110.8,14.0,2007-08-04 06:00:00,30.0,0.0,1000.0
WPAC,200706W,110.4,14.1,2007-08-04 09:00:00,30.0,0.0,1000.0
WPAC,200706W,109.7,14.3,2007-08-05 03:00:00,30.0,0.0,1000.0
WPAC,200706W,109.7,14.5,2007-08-05 06:00:00,30.0,0.0,1000.0
WPAC,200706W,109.8,14.8,2007-08-05 09:00:00,28.0,0.0,1002.0
WPAC,200706W,109.1,17.2,2007-08-06 03:00:00,25.0,0.0,1004.0
WPAC,200706W,108.8,17.5,2007-08-06 09:00:00,25.0,0.0,1004.0
WPAC,200706W,106.7,18.1,2007-08-07 03:00:00,20.0,0.0,1007.0
WPAC,200706W,106.1,18.2,2007-08-07 06:00:00,20.0,0.0,1007.0
WPAC,200706W,105.8,18.1,2007-08-07 09:00:00,20.0,0.0,1007.0
WPAC,200707W,118.0,22.2,2007-08-08 03:00:00,55.0,76.2,982.0
WPAC,200707W,117.4,22.2,2007-08-08 06:00:00,55.0,72.5,982.0
WPAC,200707W,116.8,22.2,2007-08-08 09:00:00,50.0,68.8,986.0
WPAC,200707W,113.8,22.0,2007-08-09 00:00:00,35.0,65.0,996.0
WPAC,200707W,113.4,21.8,2007-08-09 03:00:00,33.0,32.5,998.0
WPAC,200707W,113.0,21.6,2007-08-09 06:00:00,30.0,0.0,1000.0
WPAC,200707W,112.8,21.5,2007-08-09 09:00:00,28.0,0.0,1002.0
WPAC,200708W,121.7,23.2,2007-08-09 00:00:00,30.0,0.0,1000.0
WPAC,200709W,135.8,18.3,2007-08-11 06:00:00,15.0,0.0,1010.0
WPAC,200709W,135.5,17.7,2007-08-11 21:00:00,23.0,0.0,1004.0
WPAC,200709W,124.2,20.2,2007-08-17 00:00:00,135.0,142.5,922.0
WPAC,200709W,123.2,21.4,2007-08-17 09:00:00,118.0,146.2,935.0
WPAC,200709W,120.6,23.7,2007-08-18 03:00:00,93.0,178.1,954.0
WPAC,200709W,119.9,24.0,2007-08-18 06:00:00,85.0,177.5,959.0
WPAC,200709W,119.7,24.2,2007-08-18 09:00:00,80.0,136.2,963.0
WPAC,200709W,118.4,25.4,2007-08-19 03:00:00,50.0,105.0,986.0
WPAC,200709W,118.3,25.6,2007-08-19 06:00:00,45.0,105.0,989.0
WPAC,200709W,118.2,25.8,2007-08-19 09:00:00,40.0,105.0,993.0
WPAC,200710W,150.1,27.6,2007-09-01 21:00:00,75.0,141.2,967.0
WPAC,200710W,147.4,26.9,2007-09-02 21:00:00,80.0,140.0,963.0
WPAC,200710W,140.2,29.0,2007-09-04 21:00:00,75.0,139.4,967.0
WPAC,200710W,139.2,30.1,2007-09-05 09:00:00,78.0,135.0,965.0
WPAC,200710W,138.4,31.5,2007-09-05 21:00:00,80.0,136.2,963.0
WPAC,200710W,138.4,32.0,2007-09-06 00:00:00,80.0,136.2,963.0
WPAC,200711W,148.6,36.0,2007-09-09 21:00:00,58.0,90.0,980.0
WPAC,200711W,156.4,40.9,2007-09-10 21:00:00,63.0,101.9,976.0
WPAC,200712W,126.0,28.5,2007-09-15 03:00:00,120.0,89.4,933.0
WPAC,200712W,126.0,29.6,2007-09-15 09:00:00,105.0,95.6,945.0
WPAC,200712W,126.8,33.0,2007-09-16 03:00:00,80.0,87.5,963.0
WPAC,200713W,122.5,25.6,2007-09-18 06:00:00,130.0,140.0,926.0
WPAC,200713W,122.0,25.9,2007-09-18 09:00:00,125.0,138.8,930.0
WPAC,200713W,119.3,28.4,2007-09-19 03:00:00,63.0,100.6,976.0
WPAC,200713W,118.9,29.0,2007-09-19 06:00:00,50.0,72.5,985.0
WPAC,200713W,119.0,29.8,2007-09-19 09:00:00,43.0,55.0,991.0
WPAC,200713W,120.4,35.1,2007-09-20 00:00:00,35.0,37.5,996.0
WPAC,200715W,115.8,19.7,2007-09-23 00:00:00,25.0,0.0,996.0
WPAC,200715W,115.3,19.4,2007-09-23 03:00:00,28.0,0.0,997.0
WPAC,200715W,114.9,19.2,2007-09-23 06:00:00,30.0,0.0,998.0
WPAC,200715W,114.5,19.3,2007-09-23 09:00:00,33.0,0.0,997.0
WPAC,200715W,110.9,19.9,2007-09-24 03:00:00,43.0,78.1,991.0
WPAC,200715W,110.3,19.9,2007-09-24 06:00:00,40.0,80.0,993.0
WPAC,200715W,109.8,19.9,2007-09-24 09:00:00,38.0,79.4,995.0
WPAC,200715W,108.4,19.4,2007-09-25 00:00:00,25.0,0.0,999.0
WPAC,200715W,108.1,19.5,2007-09-25 03:00:00,25.0,0.0,1002.0
WPAC,200715W,107.7,19.7,2007-09-25 06:00:00,25.0,0.0,1004.0
WPAC,200715W,107.3,19.9,2007-09-25 09:00:00,23.0,0.0,1006.0
WPAC,200716W,115.2,14.8,2007-09-30 03:00:00,28.0,0.0,1000.0
WPAC,200716W,114.8,14.7,2007-09-30 06:00:00,30.0,0.0,1000.0
WPAC,200716W,114.6,14.7,2007-09-30 09:00:00,35.0,17.5,997.0
WPAC,200716W,113.7,15.4,2007-10-01 00:00:00,50.0,70.0,985.0
WPAC,200716W,113.5,15.6,2007-10-01 03:00:00,53.0,68.1,984.0
WPAC,200716W,113.3,15.7,2007-10-01 06:00:00,55.0,66.2,982.0
WPAC,200716W,113.1,15.9,2007-10-01 09:00:00,55.0,66.2,982.0
WPAC,200716W,112.9,16.1,2007-10-01 12:00:00,55.0,66.2,982.0
WPAC,200716W,112.6,16.3,2007-10-01 15:00:00,58.0,66.2,980.0
WPAC,200716W,111.5,16.9,2007-10-02 00:00:00,65.0,107.5,974.0
WPAC,200716W,111.2,17.1,2007-10-02 03:00:00,68.0,107.5,972.0
WPAC,200716W,110.8,17.3,2007-10-02 06:00:00,70.0,107.5,970.0
WPAC,200716W,110.3,17.5,2007-10-02 09:00:00,70.0,107.5,970.0
WPAC,200716W,109.9,17.6,2007-10-02 12:00:00,70.0,107.5,970.0
WPAC,200716W,109.5,17.6,2007-10-02 15:00:00,70.0,110.0,970.0
WPAC,200716W,108.2,17.5,2007-10-03 00:00:00,70.0,112.5,970.0
WPAC,200716W,107.8,17.6,2007-10-03 03:00:00,70.0,105.6,970.0
WPAC,200716W,107.4,17.7,2007-10-03 06:00:00,70.0,98.8,970.0
WPAC,200716W,106.5,17.9,2007-10-03 12:00:00,70.0,86.2,970.0
WPAC,200716W,105.9,17.9,2007-10-03 15:00:00,58.0,86.2,980.0
WPAC,200716W,103.8,17.9,2007-10-04 00:00:00,35.0,86.2,996.0
WPAC,200716W,103.2,17.9,2007-10-04 03:00:00,35.0,86.2,996.0
WPAC,200716W,102.6,17.8,2007-10-04 06:00:00,35.0,86.2,996.0
WPAC,200717W,123.5,23.8,2007-10-06 00:00:00,125.0,190.0,929.0
WPAC,200717W,122.8,24.1,2007-10-06 03:00:00,125.0,195.6,929.0
WPAC,200717W,122.1,24.6,2007-10-06 09:00:00,120.0,201.2,933.0
WPAC,200717W,121.9,24.7,2007-10-06 12:00:00,115.0,201.2,937.0
WPAC,200717W,121.4,25.1,2007-10-06 15:00:00,103.0,192.5,947.0
WPAC,200717W,120.5,26.0,2007-10-07 00:00:00,75.0,165.0,967.0
WPAC,200717W,120.5,26.4,2007-10-07 03:00:00,63.0,157.5,976.0
WPAC,200717W,120.5,26.8,2007-10-07 06:00:00,50.0,150.0,985.0
WPAC,200717W,120.3,27.1,2007-10-07 09:00:00,48.0,136.9,987.0
WPAC,200717W,120.2,27.5,2007-10-07 12:00:00,45.0,123.8,989.0
WPAC,200717W,120.2,27.6,2007-10-07 15:00:00,45.0,105.6,989.0
WPAC,200717W,120.1,27.9,2007-10-08 00:00:00,40.0,61.2,993.0
WPAC,200718W,176.3,19.9,2007-10-10 00:00:00,15.0,0.0,1010.0
WPAC,200718W,174.4,22.4,2007-10-11 00:00:00,15.0,0.0,1008.0
WPAC,200718W,174.3,22.8,2007-10-11 03:00:00,15.0,0.0,1009.0
WPAC,200718W,173.2,24.4,2007-10-11 21:00:00,23.0,0.0,1006.0
WPAC,200718W,173.0,24.7,2007-10-12 00:00:00,25.0,0.0,1004.0
WPAC,200718W,172.7,25.1,2007-10-12 06:00:00,30.0,0.0,1000.0
WPAC,200718W,171.6,27.0,2007-10-12 21:00:00,35.0,0.0,996.0
WPAC,200718W,171.3,27.5,2007-10-13 00:00:00,35.0,0.0,996.0
WPAC,200718W,171.2,28.1,2007-10-13 03:00:00,38.0,30.0,995.0
WPAC,200718W,171.0,28.6,2007-10-13 06:00:00,40.0,60.0,993.0
WPAC,200718W,169.9,30.9,2007-10-13 21:00:00,38.0,41.2,995.0
WPAC,200718W,169.9,31.4,2007-10-14 00:00:00,35.0,41.2,996.0
WPAC,200718W,170.1,31.9,2007-10-14 03:00:00,33.0,20.6,998.0
WPAC,200718W,170.3,32.4,2007-10-14 06:00:00,30.0,0.0,1000.0
WPAC,200718W,174.8,34.9,2007-10-14 21:00:00,23.0,0.0,1006.0
WPAC,200718W,176.4,35.4,2007-10-15 00:00:00,20.0,0.0,1007.0
WPAC,200718W,177.9,36.1,2007-10-15 03:00:00,20.0,0.0,1007.0
WPAC,200719W,143.0,27.0,2007-10-20 21:00:00,115.0,85.0,937.0
WPAC,200719W,155.6,34.6,2007-10-21 21:00:00,63.0,75.0,976.0
WPAC,200719W,157.7,35.4,2007-10-22 00:00:00,50.0,65.0,985.0
WPAC,200719W,159.8,35.8,2007-10-22 03:00:00,50.0,65.0,985.0
WPAC,200719W,162.0,36.2,2007-10-22 06:00:00,50.0,65.0,985.0
WPAC,200720W,131.0,23.7,2007-10-26 06:00:00,35.0,0.0,996.0
WPAC,200720W,134.6,27.7,2007-10-27 00:00:00,40.0,0.0,993.0
WPAC,200721W,127.8,18.1,2007-11-03 09:00:00,30.0,0.0,1002.0
WPAC,200721W,116.2,18.0,2007-11-07 06:00:00,65.0,70.0,974.0
WPAC,200721W,114.1,16.8,2007-11-08 00:00:00,40.0,56.2,993.0
WPAC,200721W,113.8,16.6,2007-11-08 03:00:00,38.0,56.2,995.0
WPAC,200721W,113.4,16.3,2007-11-08 06:00:00,35.0,56.2,996.0
WPAC,200721W,113.1,16.1,2007-11-08 09:00:00,35.0,28.1,996.0
WPAC,200721W,111.6,13.7,2007-11-09 00:00:00,30.0,0.0,1000.0
WPAC,200721W,111.5,13.1,2007-11-09 03:00:00,28.0,0.0,1002.0
WPAC,200721W,111.4,12.6,2007-11-09 06:00:00,25.0,0.0,1004.0
WPAC,200721W,111.2,12.4,2007-11-09 09:00:00,25.0,0.0,1004.0
WPAC,200721W,109.6,11.5,2007-11-10 00:00:00,20.0,0.0,1007.0
WPAC,200721W,109.0,11.5,2007-11-10 03:00:00,20.0,0.0,1007.0
WPAC,200721W,108.5,11.5,2007-11-10 06:00:00,20.0,0.0,1007.0
WPAC,200721W,108.0,11.6,2007-11-10 09:00:00,20.0,0.0,1007.0
WPAC,200722W,140.2,19.7,2007-11-11 00:00:00,25.0,0.0,1004.0
WPAC,200722W,141.3,21.7,2007-11-11 21:00:00,35.0,0.0,996.0
WPAC,200722W,143.6,23.2,2007-11-12 06:00:00,35.0,0.0,996.0
WPAC,200723W,120.8,9.4,2007-11-20 00:00:00,35.0,0.0,996.0
WPAC,200723W,120.2,9.4,2007-11-20 03:00:00,35.0,0.0,996.0
WPAC,200723W,119.6,9.3,2007-11-20 06:00:00,35.0,0.0,996.0
WPAC,200723W,119.0,9.4,2007-11-20 09:00:00,38.0,22.5,995.0
WPAC,200723W,116.0,9.5,2007-11-21 00:00:00,50.0,57.5,985.0
WPAC,200723W,115.5,9.6,2007-11-21 03:00:00,50.0,56.2,985.0
WPAC,200723W,115.0,9.6,2007-11-21 06:00:00,50.0,55.0,985.0
WPAC,200723W,114.7,9.7,2007-11-21 09:00:00,53.0,61.2,984.0
WPAC,200723W,113.1,10.4,2007-11-22 00:00:00,70.0,77.5,970.0
WPAC,200723W,112.8,10.6,2007-11-22 03:00:00,73.0,81.2,969.0
WPAC,200723W,112.5,10.7,2007-11-22 06:00:00,75.0,85.0,967.0
WPAC,200723W,112.2,10.8,2007-11-22 09:00:00,78.0,86.2,965.0
WPAC,200723W,111.5,11.4,2007-11-23 00:00:00,75.0,87.5,967.0
WPAC,200723W,111.4,11.5,2007-11-23 03:00:00,75.0,90.0,967.0
WPAC,200723W,111.3,11.6,2007-11-23 06:00:00,75.0,92.5,967.0
WPAC,200723W,111.3,11.6,2007-11-23 09:00:00,73.0,93.1,969.0
WPAC,200723W,111.5,11.9,2007-11-24 00:00:00,55.0,67.5,982.0
WPAC,200723W,111.6,11.9,2007-11-24 03:00:00,55.0,66.2,982.0
WPAC,200723W,111.7,12.0,2007-11-24 06:00:00,55.0,65.0,982.0
WPAC,200723W,111.9,12.0,2007-11-24 09:00:00,53.0,65.0,984.0
WPAC,200723W,112.9,11.9,2007-11-25 00:00:00,40.0,67.5,993.0
WPAC,200723W,113.1,11.8,2007-11-25 03:00:00,40.0,67.5,993.0
WPAC,200723W,113.3,11.7,2007-11-25 06:00:00,40.0,67.5,993.0
WPAC,200723W,113.5,11.6,2007-11-25 09:00:00,40.0,67.5,993.0
WPAC,200723W,115.1,11.0,2007-11-26 00:00:00,30.0,0.0,1000.0
WPAC,200723W,115.4,11.2,2007-11-26 03:00:00,30.0,0.0,1000.0
WPAC,200723W,115.8,11.4,2007-11-26 06:00:00,30.0,0.0,1000.0
WPAC,200723W,116.3,11.6,2007-11-26 09:00:00,30.0,0.0,1000.0
WPAC,200723W,119.8,11.9,2007-11-27 00:00:00,25.0,0.0,997.0
WPAC,200723W,120.4,12.2,2007-11-27 03:00:00,23.0,0.0,999.0
WPAC,200723W,121.1,12.5,2007-11-27 06:00:00,20.0,0.0,1000.0
WPAC,200723W,122.0,12.9,2007-11-27 09:00:00,20.0,0.0,1000.0
WPAC,200724W,128.1,14.1,2007-11-22 09:00:00,83.0,86.2,961.0
WPAC,200724W,123.6,16.8,2007-11-25 09:00:00,80.0,117.5,963.0
WPAC,200724W,121.1,18.5,2007-11-26 00:00:00,75.0,125.0,967.0
WPAC,200724W,120.8,18.8,2007-11-26 03:00:00,70.0,123.8,971.0
WPAC,200724W,120.5,19.0,2007-11-26 06:00:00,65.0,122.5,974.0
WPAC,200724W,120.5,19.4,2007-11-26 09:00:00,65.0,107.5,974.0
WPAC,200724W,121.7,20.1,2007-11-27 00:00:00,45.0,71.2,989.0
WPAC,200724W,122.3,20.0,2007-11-27 03:00:00,43.0,71.2,991.0
WPAC,200724W,123.0,19.8,2007-11-27 06:00:00,40.0,71.2,993.0
WPAC,200724W,123.7,20.0,2007-11-27 09:00:00,40.0,71.2,993.0
WPAC,200725W,130.1,19.9,2007-11-27 03:00:00,23.0,0.0,1006.0
WPAC,200725W,130.2,20.8,2007-11-27 06:00:00,20.0,0.0,1007.0
WPAC,200726W,136.8,20.8,2007-11-28 03:00:00,23.0,0.0,1004.0
WPAC,200726W,137.0,21.8,2007-11-28 06:00:00,25.0,0.0,1004.0
WPAC,200726W,141.6,29.6,2007-11-29 06:00:00,25.0,0.0,1004.0
WPAC,200727W,168.9,28.2,2007-10-02 21:00:00,25.0,0.0,1004.0
WPAC,200727W,169.3,28.2,2007-10-03 00:00:00,25.0,0.0,1004.0
WPAC,200727W,169.6,28.1,2007-10-03 03:00:00,25.0,0.0,1004.0
WPAC,200727W,171.3,27.6,2007-10-03 21:00:00,30.0,0.0,1000.0
WPAC,200727W,171.4,27.5,2007-10-04 00:00:00,30.0,0.0,1000.0
WPAC,200727W,171.5,27.4,2007-10-04 03:00:00,33.0,0.0,998.0
WPAC,200727W,171.9,27.6,2007-10-04 21:00:00,43.0,0.0,991.0
WPAC,200727W,171.9,27.8,2007-10-05 00:00:00,45.0,0.0,989.0
WPAC,200727W,171.9,28.1,2007-10-05 06:00:00,50.0,0.0,985.0
WPAC,200727W,171.2,28.6,2007-10-05 21:00:00,43.0,0.0,991.0
WPAC,200727W,171.0,28.8,2007-10-06 00:00:00,40.0,0.0,993.0
WPAC,200727W,170.8,29.1,2007-10-06 03:00:00,40.0,0.0,993.0
WPAC,200727W,170.5,32.6,2007-10-06 21:00:00,30.0,0.0,1000.0
WPAC,200727W,170.8,33.6,2007-10-07 00:00:00,30.0,0.0,1000.0
WPAC,200727W,171.4,34.9,2007-10-07 03:00:00,30.0,0.0,1000.0
WPAC,200801W,118.4,12.6,2008-01-13 03:00:00,23.0,0.0,1005.0
WPAC,200801W,118.1,13.0,2008-01-13 06:00:00,25.0,0.0,1005.0
WPAC,200801W,117.5,13.2,2008-01-13 09:00:00,28.0,0.0,1003.0
WPAC,200801W,114.3,12.6,2008-01-14 03:00:00,38.0,0.0,995.0
WPAC,200801W,113.7,12.3,2008-01-14 06:00:00,40.0,0.0,993.0
WPAC,200801W,113.2,12.1,2008-01-14 09:00:00,38.0,0.0,997.0
WPAC,200801W,111.5,9.2,2008-01-15 03:00:00,25.0,0.0,1004.0
WPAC,200801W,111.3,8.9,2008-01-15 06:00:00,25.0,0.0,1004.0
WPAC,200801W,111.1,8.6,2008-01-15 09:00:00,25.0,0.0,1004.0
WPAC,200801W,109.2,7.2,2008-01-16 03:00:00,23.0,0.0,1006.0
WPAC,200801W,108.9,7.0,2008-01-16 06:00:00,20.0,0.0,1007.0
WPAC,200801W,108.6,6.7,2008-01-16 09:00:00,18.0,0.0,1009.0
WPAC,200801W,106.2,5.0,2008-01-17 03:00:00,15.0,0.0,1010.0
WPAC,200801W,105.7,4.8,2008-01-17 06:00:00,15.0,0.0,1010.0
WPAC,200802W,121.0,9.2,2008-04-14 03:00:00,33.0,0.0,998.0
WPAC,200802W,120.2,9.0,2008-04-14 06:00:00,35.0,0.0,996.0
WPAC,200802W,119.6,9.2,2008-04-14 09:00:00,35.0,0.0,996.0
WPAC,200802W,116.5,10.8,2008-04-15 03:00:00,40.0,50.0,993.0
WPAC,200802W,116.1,11.2,2008-04-15 06:00:00,40.0,50.0,993.0
WPAC,200802W,115.7,11.6,2008-04-15 09:00:00,43.0,48.8,991.0
WPAC,200802W,112.8,13.3,2008-04-16 03:00:00,68.0,60.0,972.0
WPAC,200802W,112.5,13.3,2008-04-16 06:00:00,70.0,65.0,970.0
WPAC,200802W,112.5,13.6,2008-04-16 09:00:00,73.0,72.5,969.0
WPAC,200802W,112.0,15.6,2008-04-17 03:00:00,88.0,100.0,958.0
WPAC,200802W,111.9,15.9,2008-04-17 06:00:00,90.0,100.0,956.0
WPAC,200802W,111.9,16.2,2008-04-17 09:00:00,90.0,100.0,956.0
WPAC,200802W,111.4,18.2,2008-04-18 03:00:00,95.0,105.0,952.0
WPAC,200802W,111.4,18.6,2008-04-18 06:00:00,95.0,102.5,952.0
WPAC,200802W,111.5,19.0,2008-04-18 09:00:00,93.0,99.4,954.0
WPAC,200802W,111.8,21.3,2008-04-19 03:00:00,55.0,65.0,982.0
WPAC,200802W,112.1,21.7,2008-04-19 06:00:00,50.0,65.0,985.0
WPAC,200802W,112.6,22.1,2008-04-19 09:00:00,45.0,65.0,989.0
WPAC,200803W,131.8,19.5,2008-05-11 00:00:00,135.0,177.5,922.0
WPAC,200803W,134.1,24.5,2008-05-11 21:00:00,90.0,161.2,956.0
WPAC,200803W,134.6,25.4,2008-05-12 00:00:00,85.0,170.0,959.0
WPAC,200803W,137.3,28.2,2008-05-12 09:00:00,65.0,150.0,975.0
WPAC,200804W,124.2,16.2,2008-05-14 03:00:00,23.0,0.0,1004.0
WPAC,200804W,123.8,16.5,2008-05-14 09:00:00,28.0,0.0,1002.0
WPAC,200804W,124.1,18.3,2008-05-15 00:00:00,30.0,0.0,1000.0
WPAC,200804W,125.8,20.1,2008-05-15 09:00:00,30.0,0.0,1000.0
WPAC,200804W,134.3,25.9,2008-05-16 09:00:00,40.0,75.0,993.0
WPAC,200805W,117.0,12.1,2008-05-15 03:00:00,20.0,0.0,1007.0
WPAC,200805W,117.2,12.3,2008-05-15 06:00:00,20.0,0.0,1007.0
WPAC,200805W,117.4,12.6,2008-05-15 09:00:00,23.0,0.0,1006.0
WPAC,200805W,117.1,13.8,2008-05-16 00:00:00,35.0,0.0,996.0
WPAC,200805W,117.2,14.1,2008-05-16 03:00:00,38.0,42.5,995.0
WPAC,200805W,117.4,14.4,2008-05-16 06:00:00,40.0,85.0,993.0
WPAC,200805W,117.7,14.6,2008-05-16 09:00:00,45.0,87.5,989.0
WPAC,200805W,118.9,15.4,2008-05-17 00:00:00,55.0,81.2,982.0
WPAC,200805W,119.1,15.6,2008-05-17 03:00:00,60.0,84.4,978.0
WPAC,200805W,119.3,15.8,2008-05-17 06:00:00,65.0,87.5,974.0
WPAC,200805W,119.7,16.1,2008-05-17 09:00:00,70.0,85.0,971.0
WPAC,200805W,122.1,17.4,2008-05-18 00:00:00,45.0,82.5,989.0
WPAC,200805W,122.7,17.9,2008-05-18 03:00:00,45.0,82.5,989.0
WPAC,200805W,123.3,18.4,2008-05-18 06:00:00,45.0,82.5,989.0
WPAC,200805W,123.9,18.8,2008-05-18 09:00:00,45.0,82.5,989.0
WPAC,200805W,129.6,22.8,2008-05-19 09:00:00,55.0,85.0,982.0
WPAC,200805W,133.9,25.8,2008-05-19 21:00:00,50.0,72.5,986.0
WPAC,200806W,137.2,15.2,2008-05-27 21:00:00,50.0,51.2,986.0
WPAC,200806W,132.9,20.4,2008-05-31 21:00:00,75.0,100.0,967.0
WPAC,200806W,139.4,31.1,2008-06-02 21:00:00,53.0,133.8,984.0
WPAC,200807W,122.5,12.2,2008-06-21 03:00:00,105.0,98.8,945.0
WPAC,200807W,122.2,12.4,2008-06-21 06:00:00,100.0,111.2,948.0
WPAC,200807W,122.1,12.7,2008-06-21 09:00:00,93.0,111.2,954.0
WPAC,200807W,120.8,15.2,2008-06-22 03:00:00,68.0,91.2,973.0
WPAC,200807W,120.4,15.7,2008-06-22 06:00:00,60.0,90.0,978.0
WPAC,200807W,119.8,16.0,2008-06-22 09:00:00,60.0,88.8,978.0
WPAC,200807W,117.5,17.1,2008-06-23 03:00:00,60.0,85.0,978.0
WPAC,200807W,117.2,17.3,2008-06-23 06:00:00,60.0,80.0,978.0
WPAC,200807W,117.0,17.6,2008-06-23 09:00:00,58.0,75.0,980.0
WPAC,200807W,115.6,20.1,2008-06-24 03:00:00,53.0,78.1,984.0
WPAC,200807W,115.4,20.5,2008-06-24 06:00:00,50.0,76.2,985.0
WPAC,200807W,115.2,20.9,2008-06-24 09:00:00,53.0,80.0,984.0
WPAC,200807W,114.1,22.9,2008-06-25 03:00:00,40.0,71.9,993.0
WPAC,200807W,113.9,23.0,2008-06-25 06:00:00,35.0,60.0,996.0
WPAC,200807W,113.8,23.1,2008-06-25 09:00:00,33.0,30.0,998.0
WPAC,200808W,120.7,25.9,2008-07-18 03:00:00,53.0,66.2,984.0
WPAC,200808W,120.4,26.2,2008-07-18 06:00:00,50.0,53.8,985.0
WPAC,200808W,120.1,26.5,2008-07-18 09:00:00,50.0,53.8,985.0
WPAC,200808W,120.0,29.0,2008-07-19 03:00:00,30.0,0.0,1000.0
WPAC,200809W,120.8,23.8,2008-07-28 03:00:00,78.0,155.0,965.0
WPAC,200809W,120.2,24.1,2008-07-28 06:00:00,70.0,156.2,970.0
WPAC,200809W,120.1,24.6,2008-07-28 09:00:00,65.0,148.8,974.0
WPAC,200809W,118.2,26.3,2008-07-29 00:00:00,35.0,141.2,996.0
WPAC,200809W,118.1,26.6,2008-07-29 03:00:00,30.0,70.6,1000.0
WPAC,200809W,117.9,26.9,2008-07-29 06:00:00,25.0,0.0,1004.0
WPAC,200809W,117.9,27.3,2008-07-29 09:00:00,25.0,0.0,1004.0
WPAC,200810W,118.8,19.6,2008-08-04 03:00:00,28.0,0.0,1002.0
WPAC,200810W,118.2,19.4,2008-08-04 06:00:00,25.0,0.0,1004.0
WPAC,200810W,118.0,19.4,2008-08-04 09:00:00,28.0,0.0,1002.0
WPAC,200810W,115.9,20.1,2008-08-05 03:00:00,38.0,45.0,995.0
WPAC,200810W,115.3,20.5,2008-08-05 09:00:00,43.0,92.5,991.0
WPAC,200810W,113.3,21.5,2008-08-06 03:00:00,48.0,77.5,987.0
WPAC,200810W,112.9,21.6,2008-08-06 06:00:00,50.0,81.2,985.0
WPAC,200810W,112.3,21.6,2008-08-06 09:00:00,48.0,78.1,987.0
WPAC,200810W,108.5,21.8,2008-08-07 03:00:00,33.0,37.5,998.0
WPAC,200810W,107.9,21.8,2008-08-07 06:00:00,30.0,0.0,1000.0
WPAC,200810W,107.3,21.9,2008-08-07 09:00:00,28.0,0.0,1002.0
WPAC,200811W,133.2,36.4,2008-08-15 09:00:00,20.0,0.0,1007.0
WPAC,200812W,134.4,28.7,2008-08-14 21:00:00,43.0,47.5,991.0
WPAC,200812W,136.1,30.5,2008-08-15 09:00:00,55.0,52.5,982.0
WPAC,200812W,139.6,32.2,2008-08-15 21:00:00,55.0,55.0,982.0
WPAC,200813W,121.5,18.8,2008-08-20 03:00:00,98.0,103.8,950.0
WPAC,200813W,121.0,18.9,2008-08-20 06:00:00,95.0,107.5,952.0
WPAC,200813W,120.7,19.2,2008-08-20 09:00:00,93.0,115.0,954.0
WPAC,200813W,117.7,20.2,2008-08-21 03:00:00,73.0,124.4,969.0
WPAC,200813W,117.3,20.4,2008-08-21 06:00:00,70.0,126.2,970.0
WPAC,200813W,116.9,20.5,2008-08-21 09:00:00,68.0,126.2,972.0
WPAC,200813W,114.8,21.8,2008-08-22 03:00:00,53.0,90.6,984.0
WPAC,200813W,114.5,22.0,2008-08-22 06:00:00,50.0,55.0,985.0
WPAC,200813W,114.2,22.2,2008-08-22 09:00:00,45.0,55.0,989.0
WPAC,200814W,126.0,16.1,2008-08-26 09:00:00,28.0,0.0,1002.0
WPAC,200814W,123.4,17.8,2008-08-27 03:00:00,33.0,0.0,1001.0
WPAC,200814W,122.9,18.1,2008-08-27 09:00:00,30.0,0.0,1000.0
WPAC,200814W,121.6,20.1,2008-08-28 03:00:00,25.0,0.0,1004.0
WPAC,200814W,121.3,20.3,2008-08-28 06:00:00,25.0,0.0,1004.0
WPAC,200814W,121.0,20.6,2008-08-28 09:00:00,25.0,0.0,1004.0
WPAC,200814W,120.9,21.1,2008-08-29 00:00:00,20.0,0.0,1007.0
WPAC,200814W,120.9,21.2,2008-08-29 03:00:00,18.0,0.0,1009.0
WPAC,200814W,120.9,21.4,2008-08-29 06:00:00,15.0,0.0,1010.0
WPAC,200815W,122.5,24.4,2008-09-13 09:00:00,100.0,156.2,948.0
WPAC,200815W,121.6,24.8,2008-09-14 03:00:00,83.0,166.2,962.0
WPAC,200815W,121.3,25.0,2008-09-14 06:00:00,75.0,166.2,967.0
WPAC,200815W,121.6,26.5,2008-09-15 03:00:00,60.0,127.5,978.0
WPAC,200815W,121.9,26.7,2008-09-15 06:00:00,60.0,127.5,978.0
WPAC,200815W,122.2,26.9,2008-09-15 09:00:00,60.0,127.5,978.0
WPAC,200815W,123.5,27.2,2008-09-16 00:00:00,45.0,116.2,989.0
WPAC,200815W,129.5,29.9,2008-09-18 00:00:00,60.0,58.8,978.0
WPAC,200815W,130.5,30.5,2008-09-18 06:00:00,55.0,58.8,982.0
WPAC,200816W,142.9,32.0,2008-09-10 21:00:00,35.0,0.0,996.0
WPAC,200816W,142.2,37.5,2008-09-11 21:00:00,30.0,0.0,1000.0
WPAC,200816W,143.9,40.3,2008-09-12 06:00:00,30.0,0.0,1000.0
WPAC,200817W,157.7,39.7,2008-09-14 21:00:00,35.0,0.0,996.0
WPAC,200817W,159.3,40.8,2008-09-15 00:00:00,35.0,0.0,996.0
WPAC,200817W,163.0,43.3,2008-09-15 06:00:00,35.0,0.0,996.0
WPAC,200818W,122.8,19.1,2008-09-22 03:00:00,88.0,177.5,958.0
WPAC,200818W,122.1,19.3,2008-09-22 06:00:00,90.0,177.5,956.0
WPAC,200818W,121.5,19.4,2008-09-22 09:00:00,95.0,183.8,952.0
WPAC,200818W,117.2,20.1,2008-09-23 00:00:00,105.0,126.2,944.0
WPAC,200818W,116.3,20.2,2008-09-23 03:00:00,108.0,126.2,943.0
WPAC,200818W,115.5,20.4,2008-09-23 06:00:00,110.0,126.2,941.0
WPAC,200818W,114.8,20.5,2008-09-23 09:00:00,118.0,126.2,935.0
WPAC,200818W,110.2,21.6,2008-09-24 03:00:00,88.0,125.0,957.0
WPAC,200818W,109.4,21.7,2008-09-24 06:00:00,70.0,106.2,970.0
WPAC,200818W,108.8,21.9,2008-09-24 09:00:00,65.0,106.2,974.0
WPAC,200818W,105.9,22.6,2008-09-25 03:00:00,25.0,0.0,1004.0
WPAC,200818W,105.6,22.8,2008-09-25 06:00:00,20.0,0.0,1007.0
WPAC,200819W,121.9,24.1,2008-09-28 09:00:00,100.0,115.0,948.0
WPAC,200819W,121.7,27.0,2008-09-29 09:00:00,53.0,94.4,984.0
WPAC,200819W,123.8,28.7,2008-09-30 00:00:00,45.0,106.2,989.0
WPAC,200819W,125.1,29.4,2008-09-30 06:00:00,40.0,111.2,993.0
WPAC,200819W,125.9,29.6,2008-09-30 09:00:00,40.0,105.0,993.0
WPAC,200819W,130.5,30.2,2008-10-01 00:00:00,35.0,98.8,996.0
WPAC,200820W,112.8,14.7,2008-09-28 03:00:00,20.0,0.0,1004.0
WPAC,200820W,112.9,14.5,2008-09-28 06:00:00,20.0,0.0,1007.0
WPAC,200820W,113.0,15.2,2008-09-28 09:00:00,20.0,0.0,1004.0
WPAC,200820W,109.8,16.9,2008-09-29 09:00:00,43.0,52.5,991.0
WPAC,200820W,106.8,17.6,2008-09-30 00:00:00,55.0,65.0,982.0
WPAC,200820W,105.9,17.7,2008-09-30 03:00:00,48.0,65.0,988.0
WPAC,200820W,105.0,17.8,2008-09-30 06:00:00,40.0,65.0,993.0
WPAC,200821W,122.6,14.0,2008-10-01 00:00:00,35.0,61.2,996.0
WPAC,200821W,122.0,14.2,2008-10-01 03:00:00,33.0,30.6,998.0
WPAC,200821W,121.5,14.3,2008-10-01 06:00:00,30.0,0.0,1000.0
WPAC,200821W,120.9,14.4,2008-10-01 09:00:00,30.0,0.0,1000.0
WPAC,200821W,117.6,14.9,2008-10-02 00:00:00,30.0,0.0,1000.0
WPAC,200821W,116.7,15.2,2008-10-02 03:00:00,30.0,0.0,1000.0
WPAC,200821W,115.8,15.4,2008-10-02 06:00:00,30.0,0.0,1000.0
WPAC,200821W,115.0,15.7,2008-10-02 09:00:00,30.0,0.0,1000.0
WPAC,200821W,112.1,17.7,2008-10-03 00:00:00,30.0,0.0,1000.0
WPAC,200821W,111.8,18.1,2008-10-03 03:00:00,30.0,0.0,1000.0
WPAC,200821W,111.6,18.5,2008-10-03 06:00:00,30.0,0.0,1000.0
WPAC,200821W,111.4,18.9,2008-10-03 09:00:00,28.0,0.0,1002.0
WPAC,200821W,110.7,20.4,2008-10-04 00:00:00,25.0,0.0,1004.0
WPAC,200821W,110.7,20.7,2008-10-04 03:00:00,25.0,0.0,1004.0
WPAC,200821W,110.6,21.0,2008-10-04 06:00:00,25.0,0.0,1004.0
WPAC,200821W,110.7,21.2,2008-10-04 09:00:00,25.0,0.0,1004.0
WPAC,200821W,111.5,22.0,2008-10-05 00:00:00,20.0,0.0,1007.0
WPAC,200821W,112.0,22.1,2008-10-05 03:00:00,20.0,0.0,1007.0
WPAC,200821W,112.5,22.2,2008-10-05 06:00:00,20.0,0.0,1007.0
WPAC,200821W,113.0,22.4,2008-10-05 09:00:00,20.0,0.0,1007.0
WPAC,200821W,116.0,23.3,2008-10-06 00:00:00,20.0,0.0,1007.0
WPAC,200822W,109.0,16.8,2008-10-12 06:00:00,15.0,0.0,1010.0
WPAC,200822W,108.9,16.9,2008-10-12 09:00:00,15.0,0.0,1010.0
WPAC,200822W,108.6,17.9,2008-10-13 00:00:00,20.0,0.0,1006.0
WPAC,200822W,108.4,17.9,2008-10-13 03:00:00,20.0,0.0,1007.0
WPAC,200822W,108.2,18.0,2008-10-13 06:00:00,20.0,0.0,1007.0
WPAC,200822W,108.2,18.1,2008-10-13 09:00:00,23.0,0.0,1006.0
WPAC,200822W,108.1,18.9,2008-10-14 00:00:00,25.0,0.0,1004.0
WPAC,200822W,108.0,19.0,2008-10-14 03:00:00,28.0,0.0,1002.0
WPAC,200822W,108.0,19.2,2008-10-14 06:00:00,30.0,0.0,1000.0
WPAC,200822W,107.8,19.2,2008-10-14 09:00:00,33.0,0.0,998.0
WPAC,200822W,106.8,19.0,2008-10-15 00:00:00,35.0,0.0,996.0
WPAC,200822W,106.5,18.9,2008-10-15 03:00:00,33.0,0.0,998.0
WPAC,200822W,106.3,18.7,2008-10-15 06:00:00,30.0,0.0,1000.0
WPAC,200822W,105.9,18.6,2008-10-15 09:00:00,25.0,0.0,1004.0
WPAC,200823W,148.4,25.2,2008-10-18 21:00:00,38.0,0.0,995.0
WPAC,200823W,148.8,26.9,2008-10-19 06:00:00,40.0,0.0,993.0
WPAC,200823W,151.3,31.8,2008-10-19 21:00:00,45.0,81.2,989.0
WPAC,200823W,152.2,33.1,2008-10-20 00:00:00,45.0,83.8,989.0
WPAC,200824W,122.5,10.2,2008-11-06 06:00:00,20.0,0.0,1007.0
WPAC,200824W,122.0,10.9,2008-11-06 09:00:00,20.0,0.0,1007.0
WPAC,200824W,118.5,13.1,2008-11-07 00:00:00,35.0,0.0,996.0
WPAC,200824W,117.8,13.3,2008-11-07 03:00:00,35.0,0.0,996.0
WPAC,200824W,117.0,13.6,2008-11-07 06:00:00,35.0,0.0,996.0
WPAC,200824W,116.5,14.0,2008-11-07 09:00:00,35.0,25.0,996.0
WPAC,200824W,114.7,15.4,2008-11-08 00:00:00,45.0,40.0,989.0
WPAC,200824W,114.8,15.7,2008-11-08 03:00:00,45.0,41.9,989.0
WPAC,200824W,115.0,16.0,2008-11-08 06:00:00,45.0,43.8,989.0
WPAC,200824W,115.0,16.4,2008-11-08 09:00:00,50.0,45.0,986.0
WPAC,200824W,115.9,18.1,2008-11-09 00:00:00,55.0,46.2,982.0
WPAC,200824W,116.1,17.9,2008-11-09 03:00:00,53.0,62.5,984.0
WPAC,200824W,116.2,17.6,2008-11-09 06:00:00,50.0,78.8,985.0
WPAC,200824W,116.4,17.3,2008-11-09 09:00:00,48.0,68.1,987.0
WPAC,200824W,116.8,15.4,2008-11-10 00:00:00,25.0,0.0,1000.0
WPAC,200824W,116.8,15.0,2008-11-10 03:00:00,23.0,0.0,1004.0
WPAC,200824W,116.7,14.6,2008-11-10 06:00:00,20.0,0.0,1007.0
WPAC,200824W,116.9,14.3,2008-11-10 09:00:00,20.0,0.0,1007.0
WPAC,200824W,117.8,13.8,2008-11-11 00:00:00,20.0,0.0,1007.0
WPAC,200824W,117.8,13.7,2008-11-11 03:00:00,20.0,0.0,1007.0
WPAC,200824W,117.9,13.6,2008-11-11 06:00:00,20.0,0.0,1007.0
WPAC,200824W,117.8,13.3,2008-11-11 09:00:00,20.0,0.0,1007.0
WPAC,200824W,116.6,12.1,2008-11-12 00:00:00,20.0,0.0,1007.0
WPAC,200824W,116.2,12.1,2008-11-12 03:00:00,23.0,0.0,1006.0
WPAC,200824W,115.9,12.0,2008-11-12 06:00:00,25.0,0.0,1004.0
WPAC,200824W,115.8,11.8,2008-11-12 09:00:00,25.0,0.0,1004.0
WPAC,200824W,113.6,11.9,2008-11-13 00:00:00,25.0,0.0,1004.0
WPAC,200824W,113.1,12.3,2008-11-13 03:00:00,23.0,0.0,1006.0
WPAC,200824W,112.6,12.7,2008-11-13 06:00:00,20.0,0.0,1007.0
WPAC,200824W,111.9,12.9,2008-11-13 09:00:00,20.0,0.0,1007.0
WPAC,200825W,146.7,23.6,2008-11-15 00:00:00,20.0,0.0,1007.0
WPAC,200825W,147.4,24.1,2008-11-15 06:00:00,25.0,0.0,1004.0
WPAC,200825W,150.4,26.0,2008-11-15 21:00:00,33.0,33.8,998.0
WPAC,200825W,152.9,27.3,2008-11-16 06:00:00,40.0,50.0,993.0
WPAC,200825W,156.8,29.4,2008-11-16 21:00:00,33.0,25.0,998.0
WPAC,200826W,120.6,8.3,2008-11-15 00:00:00,20.0,0.0,1007.0
WPAC,200826W,119.9,8.7,2008-11-15 03:00:00,20.0,0.0,1007.0
WPAC,200826W,119.3,9.0,2008-11-15 06:00:00,20.0,0.0,1006.0
WPAC,200826W,118.8,9.3,2008-11-15 09:00:00,20.0,0.0,1007.0
WPAC,200826W,116.0,10.3,2008-11-16 00:00:00,30.0,0.0,1000.0
WPAC,200826W,115.4,10.4,2008-11-16 03:00:00,33.0,0.0,998.0
WPAC,200826W,114.8,10.6,2008-11-16 06:00:00,35.0,0.0,996.0
WPAC,200826W,114.3,10.8,2008-11-16 09:00:00,35.0,0.0,996.0
WPAC,200826W,111.2,11.6,2008-11-17 00:00:00,40.0,37.5,993.0
WPAC,200826W,110.2,11.8,2008-11-17 03:00:00,40.0,37.5,993.0
WPAC,200826W,109.3,11.9,2008-11-17 06:00:00,40.0,37.5,993.0
WPAC,200826W,108.3,12.1,2008-11-17 09:00:00,35.0,18.8,997.0
WPAC,200827W,163.2,13.8,2008-12-08 21:00:00,20.0,0.0,1007.0
WPAC,200827W,162.2,13.5,2008-12-09 00:00:00,20.0,0.0,1007.0
WPAC,200827W,161.1,13.3,2008-12-09 03:00:00,20.0,0.0,1007.0
WPAC,200827W,160.1,13.2,2008-12-09 06:00:00,20.0,0.0,1007.0
WPAC,200827W,145.0,12.8,2008-12-11 06:00:00,30.0,0.0,1000.0
WPAC,200827W,130.6,15.9,2008-12-16 00:00:00,85.0,91.2,959.0
WPAC,200827W,130.7,16.4,2008-12-16 06:00:00,85.0,91.2,959.0
WPAC,200827W,132.0,18.5,2008-12-17 00:00:00,65.0,72.5,974.0
WPAC,200827W,132.3,18.9,2008-12-17 03:00:00,60.0,63.8,978.0
WPAC,200827W,132.7,19.3,2008-12-17 06:00:00,55.0,55.0,982.0
WPAC,200827W,137.3,22.1,2008-12-18 00:00:00,45.0,51.2,989.0
WPAC,200827W,139.5,23.7,2008-12-18 06:00:00,30.0,0.0,1000.0
WPAC,200906W,119.3,26.0,2009-07-14 00:00:00,25.0,0.0,1002.0
WPAC,200922W,127.6,24.5,2009-10-25 00:00:00,55.0,115.0,982.0
WPAC,200922W,128.6,25.0,2009-10-25 06:00:00,50.0,105.0,985.0
WPAC,200923W,120.3,14.3,2009-10-31 00:00:00,50.0,66.2,985.0
WPAC,200925W,158.3,21.4,2009-11-08 06:00:00,45.0,33.8,989.0
WPAC,200925W,160.5,20.6,2009-11-09 06:00:00,25.0,0.0,1004.0
WPAC,201008W,134.8,21.5,2010-08-29 09:00:00,45.0,59.4,989.0
WPAC,201017W,153.7,22.1,2010-10-25 06:00:00,15.0,0.0,1010.0
WPAC,201017W,152.6,25.2,2010-10-26 06:00:00,15.0,0.0,1010.0
WPAC,201113W,139.2,28.8,2011-08-12 00:00:00,25.0,0.0,1004.0
WPAC,201114W,121.0,21.3,2011-08-28 09:00:00,80.0,115.0,963.0
WPAC,201118W,130.2,24.8,2011-09-17 09:00:00,58.0,96.2,980.0
WPAC,201126W,113.1,9.7,2011-12-12 09:00:00,25.0,0.0,1004.0
WPAC,201211W,137.9,28.9,2012-07-31 09:00:00,48.0,77.5,987.0
WPAC,201212W,139.1,24.5,2012-08-03 09:00:00,30.0,0.0,994.0
WPAC,201223W,146.7,17.5,2012-10-13 06:00:00,15.0,0.0,1010.0
WPAC,201223W,141.7,21.1,2012-10-15 06:00:00,45.0,72.5,989.0
WPAC,201309W,114.2,15.4,2013-07-31 21:00:00,35.0,0.0,996.0
WPAC,201330W,119.6,11.1,2013-11-05 00:00:00,30.0,0.0,1000.0
WPAC,201330W,91.4,12.6,2013-11-10 03:00:00,25.0,0.0,1004.0
WPAC,201330W,91.0,12.4,2013-11-10 06:00:00,25.0,0.0,1004.0
WPAC,201330W,90.7,12.2,2013-11-10 09:00:00,25.0,0.0,1004.0
WPAC,201330W,89.3,11.9,2013-11-11 03:00:00,25.0,0.0,1004.0
WPAC,201330W,89.1,11.8,2013-11-11 06:00:00,25.0,0.0,1004.0
WPAC,201330W,88.8,11.6,2013-11-11 09:00:00,25.0,0.0,1004.0
WPAC,201330W,87.2,10.6,2013-11-12 03:00:00,23.0,0.0,1006.0
WPAC,201330W,87.0,10.6,2013-11-12 06:00:00,25.0,0.0,1004.0
WPAC,201330W,86.9,10.6,2013-11-12 09:00:00,25.0,0.0,1004.0
WPAC,201330W,86.3,10.9,2013-11-13 03:00:00,25.0,0.0,1004.0
WPAC,201330W,86.2,10.9,2013-11-13 06:00:00,25.0,0.0,1004.0
WPAC,201330W,86.1,10.9,2013-11-13 09:00:00,28.0,0.0,1002.0
WPAC,201330W,85.5,10.6,2013-11-14 03:00:00,30.0,0.0,1000.0
WPAC,201330W,85.4,10.5,2013-11-14 06:00:00,30.0,0.0,1000.0
WPAC,201330W,85.3,10.3,2013-11-14 09:00:00,30.0,0.0,1000.0
WPAC,201330W,83.8,9.4,2013-11-15 03:00:00,30.0,0.0,1000.0
WPAC,201330W,83.5,9.4,2013-11-15 06:00:00,30.0,0.0,1000.0
WPAC,201330W,83.1,9.6,2013-11-15 09:00:00,30.0,0.0,1000.0
WPAC,201330W,80.5,10.8,2013-11-16 03:00:00,30.0,0.0,1000.0
WPAC,201330W,80.0,11.0,2013-11-16 06:00:00,30.0,0.0,1000.0
WPAC,201330W,79.5,11.1,2013-11-16 09:00:00,28.0,0.0,1002.0
WPAC,201330W,75.7,11.1,2013-11-17 03:00:00,18.0,0.0,1009.0
WPAC,201330W,75.1,11.0,2013-11-17 06:00:00,15.0,0.0,1010.0
WPAC,201330W,74.4,10.9,2013-11-17 09:00:00,18.0,0.0,1009.0
WPAC,201330W,73.7,10.9,2013-11-17 12:00:00,20.0,0.0,1007.0
WPAC,201330W,70.7,11.8,2013-11-18 03:00:00,20.0,0.0,1007.0
WPAC,201330W,70.1,12.1,2013-11-18 06:00:00,20.0,0.0,1007.0
WPAC,201330W,69.3,12.3,2013-11-18 09:00:00,20.0,0.0,1007.0
WPAC,201330W,68.6,12.5,2013-11-18 12:00:00,20.0,0.0,1007.0
WPAC,201330W,65.3,12.3,2013-11-19 03:00:00,20.0,0.0,1007.0
WPAC,201330W,64.5,12.2,2013-11-19 06:00:00,20.0,0.0,1007.0
WPAC,201330W,63.6,12.2,2013-11-19 09:00:00,20.0,0.0,1007.0
WPAC,201330W,62.8,12.3,2013-11-19 12:00:00,20.0,0.0,1007.0
WPAC,201330W,59.4,12.8,2013-11-20 06:00:00,20.0,0.0,1007.0
WPAC,201330W,58.8,12.9,2013-11-20 09:00:00,20.0,0.0,1007.0
WPAC,201330W,58.3,13.0,2013-11-20 12:00:00,20.0,0.0,1007.0
WPAC,201411W,131.6,27.5,2014-08-08 00:00:00,75.0,137.5,967.0
WPAC,201414W,112.3,19.1,2014-09-07 09:00:00,28.0,0.0,1002.0
WPAC,201422W,124.1,12.2,2014-12-07 06:00:00,85.0,103.8,959.0
WPAC,201422W,123.9,12.3,2014-12-07 09:00:00,80.0,103.8,963.0
WPAC,201422W,118.9,13.2,2014-12-09 09:00:00,40.0,92.5,993.0
WPAC,201503W,134.9,15.4,2015-03-17 09:00:00,33.0,41.9,998.0
WPAC,201503W,128.6,15.4,2015-03-19 09:00:00,20.0,0.0,1007.0
WPAC,201504W,132.9,13.0,2015-04-02 09:00:00,113.0,92.5,939.0
WPAC,201504W,129.4,14.1,2015-04-03 09:00:00,88.0,95.0,958.0
WPAC,201509W,136.9,18.1,2015-07-07 03:00:00,78.0,141.2,965.0
WPAC,201509W,136.5,18.2,2015-07-07 06:00:00,80.0,140.0,963.0
WPAC,201509W,136.0,18.4,2015-07-07 09:00:00,80.0,138.1,963.0
WPAC,201509W,133.7,19.5,2015-07-08 00:00:00,85.0,136.2,959.0
WPAC,201509W,133.1,20.0,2015-07-08 03:00:00,88.0,135.6,958.0
WPAC,201509W,132.6,20.5,2015-07-08 06:00:00,90.0,135.0,956.0
WPAC,201509W,129.7,22.5,2015-07-09 00:00:00,90.0,131.2,956.0
WPAC,201509W,129.1,22.9,2015-07-09 03:00:00,93.0,155.6,954.0
WPAC,201509W,128.6,23.3,2015-07-09 06:00:00,95.0,180.0,952.0
WPAC,201509W,128.1,23.8,2015-07-09 09:00:00,100.0,225.0,948.0
WPAC,201509W,125.5,25.7,2015-07-10 00:00:00,120.0,270.0,933.0
WPAC,201509W,125.1,26.1,2015-07-10 03:00:00,120.0,265.0,933.0
WPAC,201509W,124.7,26.6,2015-07-10 06:00:00,120.0,260.0,933.0
WPAC,201509W,124.3,26.9,2015-07-10 09:00:00,113.0,260.0,939.0
WPAC,201509W,122.8,28.6,2015-07-11 00:00:00,80.0,237.5,963.0
WPAC,201509W,122.6,29.1,2015-07-11 03:00:00,75.0,211.2,967.0
WPAC,201509W,122.4,29.5,2015-07-11 06:00:00,70.0,185.0,970.0
WPAC,201509W,122.6,30.0,2015-07-11 09:00:00,68.0,172.5,972.0
WPAC,201509W,123.5,33.2,2015-07-12 00:00:00,45.0,151.2,989.0
WPAC,201509W,123.8,34.1,2015-07-12 03:00:00,43.0,150.0,991.0
WPAC,201509W,124.2,35.0,2015-07-12 06:00:00,40.0,148.8,993.0
WPAC,201509W,124.5,35.9,2015-07-12 09:00:00,35.0,74.4,997.0
WPAC,201510W,118.8,20.5,2015-07-07 03:00:00,50.0,68.8,986.0
WPAC,201510W,118.8,20.6,2015-07-07 06:00:00,55.0,68.8,982.0
WPAC,201510W,118.8,20.8,2015-07-07 09:00:00,55.0,67.5,982.0
WPAC,201510W,118.7,21.4,2015-07-08 00:00:00,55.0,87.5,982.0
WPAC,201510W,118.7,21.5,2015-07-08 03:00:00,58.0,85.0,980.0
WPAC,201510W,118.7,21.7,2015-07-08 06:00:00,60.0,82.5,978.0
WPAC,201510W,116.8,22.8,2015-07-09 00:00:00,70.0,72.5,970.0
WPAC,201510W,116.2,23.0,2015-07-09 03:00:00,65.0,70.0,974.0
WPAC,201510W,115.6,23.1,2015-07-09 06:00:00,60.0,67.5,978.0
WPAC,201510W,115.0,23.1,2015-07-09 09:00:00,53.0,67.5,984.0
WPAC,201511W,154.9,13.4,2015-07-07 03:00:00,105.0,95.6,945.0
WPAC,201511W,154.4,13.7,2015-07-07 06:00:00,110.0,101.2,941.0
WPAC,201511W,151.4,15.2,2015-07-07 21:00:00,123.0,96.9,931.0
WPAC,201511W,150.7,15.4,2015-07-08 00:00:00,120.0,102.5,933.0
WPAC,201511W,150.2,15.4,2015-07-08 03:00:00,118.0,107.5,935.0
WPAC,201511W,149.8,15.5,2015-07-08 06:00:00,115.0,112.5,937.0
WPAC,201511W,147.4,16.8,2015-07-08 21:00:00,123.0,113.1,931.0
WPAC,201511W,146.9,17.0,2015-07-09 00:00:00,125.0,126.2,929.0
WPAC,201511W,146.4,17.3,2015-07-09 03:00:00,128.0,126.2,928.0
WPAC,201511W,145.8,17.6,2015-07-09 06:00:00,130.0,126.2,926.0
WPAC,201511W,143.1,18.2,2015-07-09 21:00:00,130.0,134.4,926.0
WPAC,201511W,142.7,18.3,2015-07-10 00:00:00,125.0,132.5,929.0
WPAC,201511W,142.3,18.4,2015-07-10 03:00:00,123.0,132.5,931.0
WPAC,201511W,141.9,18.4,2015-07-10 06:00:00,120.0,132.5,933.0
WPAC,201511W,140.3,18.4,2015-07-10 21:00:00,103.0,132.5,946.0
WPAC,201511W,140.0,18.4,2015-07-11 00:00:00,100.0,132.5,948.0
WPAC,201511W,139.8,18.4,2015-07-11 03:00:00,93.0,137.5,954.0
WPAC,201511W,139.5,18.4,2015-07-11 06:00:00,85.0,142.5,959.0
WPAC,201511W,139.2,18.4,2015-07-11 09:00:00,83.0,140.0,961.0
WPAC,201511W,138.2,18.3,2015-07-11 21:00:00,75.0,148.1,967.0
WPAC,201511W,138.0,18.3,2015-07-12 00:00:00,75.0,158.8,967.0
WPAC,201511W,137.8,18.4,2015-07-12 03:00:00,78.0,146.9,965.0
WPAC,201511W,137.7,18.4,2015-07-12 06:00:00,80.0,135.0,963.0
WPAC,201511W,137.6,18.5,2015-07-12 09:00:00,83.0,135.0,961.0
WPAC,201511W,137.2,19.4,2015-07-12 21:00:00,93.0,135.0,954.0
WPAC,201511W,137.2,19.6,2015-07-13 00:00:00,95.0,135.0,952.0
WPAC,201511W,137.1,20.1,2015-07-13 03:00:00,95.0,153.1,952.0
WPAC,201511W,137.0,20.5,2015-07-13 06:00:00,95.0,171.2,952.0
WPAC,201511W,136.9,20.9,2015-07-13 09:00:00,93.0,181.2,954.0
WPAC,201511W,136.6,22.5,2015-07-13 21:00:00,90.0,208.8,956.0
WPAC,201511W,136.5,22.9,2015-07-14 00:00:00,90.0,208.8,956.0
WPAC,201511W,136.6,23.3,2015-07-14 03:00:00,90.0,208.8,956.0
WPAC,201511W,136.6,23.7,2015-07-14 06:00:00,90.0,208.8,956.0
WPAC,201511W,136.6,24.1,2015-07-14 09:00:00,93.0,208.8,954.0
WPAC,201511W,136.4,26.0,2015-07-14 21:00:00,90.0,206.2,956.0
WPAC,201511W,136.3,26.5,2015-07-15 00:00:00,85.0,203.8,959.0
WPAC,201511W,136.2,27.1,2015-07-15 03:00:00,85.0,208.1,959.0
WPAC,201511W,136.0,27.7,2015-07-15 06:00:00,85.0,212.5,959.0
WPAC,201511W,135.8,28.2,2015-07-15 09:00:00,83.0,212.5,961.0
WPAC,201511W,134.9,30.5,2015-07-15 21:00:00,75.0,180.6,967.0
WPAC,201511W,134.7,31.0,2015-07-16 00:00:00,75.0,148.8,967.0
WPAC,201511W,134.6,31.5,2015-07-16 03:00:00,73.0,148.8,969.0
WPAC,201511W,134.5,32.0,2015-07-16 06:00:00,70.0,148.8,970.0
WPAC,201511W,134.4,32.5,2015-07-16 09:00:00,68.0,139.4,972.0
WPAC,201511W,133.7,34.5,2015-07-16 21:00:00,50.0,130.0,986.0
WPAC,201511W,133.6,34.9,2015-07-17 00:00:00,45.0,130.0,989.0
WPAC,201511W,133.8,35.4,2015-07-17 03:00:00,40.0,112.5,993.0
WPAC,201511W,134.0,35.9,2015-07-17 06:00:00,35.0,95.0,996.0
WPAC,201511W,134.2,36.3,2015-07-17 09:00:00,33.0,47.5,998.0
WPAC,201511W,135.1,38.1,2015-07-17 21:00:00,25.0,0.0,1003.0
WPAC,201511W,135.4,38.7,2015-07-18 00:00:00,25.0,0.0,1002.0
WPAC,201511W,136.0,39.2,2015-07-18 03:00:00,23.0,0.0,1005.0
WPAC,201511W,136.6,39.7,2015-07-18 06:00:00,20.0,0.0,1007.0
WPAC,201512W,124.5,16.2,2015-07-22 06:00:00,15.0,0.0,1010.0
WPAC,201512W,124.2,16.2,2015-07-22 09:00:00,15.0,0.0,1010.0
WPAC,201512W,123.3,16.9,2015-07-23 00:00:00,25.0,0.0,1004.0
WPAC,201512W,123.2,17.2,2015-07-23 03:00:00,28.0,0.0,1002.0
WPAC,201512W,123.2,17.5,2015-07-23 06:00:00,30.0,0.0,1000.0
WPAC,201512W,123.2,17.6,2015-07-23 09:00:00,30.0,0.0,1000.0
WPAC,201512W,123.6,17.9,2015-07-24 00:00:00,35.0,16.2,996.0
WPAC,201512W,123.8,17.8,2015-07-24 03:00:00,35.0,16.2,996.0
WPAC,201512W,124.0,17.7,2015-07-24 06:00:00,35.0,16.2,996.0
WPAC,201512W,124.4,17.7,2015-07-24 09:00:00,35.0,16.2,996.0
WPAC,201512W,125.9,18.2,2015-07-25 00:00:00,20.0,0.0,1007.0
WPAC,201512W,126.1,18.5,2015-07-25 03:00:00,20.0,0.0,1007.0
WPAC,201512W,126.2,18.9,2015-07-25 06:00:00,20.0,0.0,1007.0
WPAC,201513W,160.1,13.6,2015-07-30 06:00:00,30.0,0.0,1000.0
WPAC,201513W,158.1,13.4,2015-07-30 21:00:00,35.0,60.0,996.0
WPAC,201513W,157.6,13.4,2015-07-31 00:00:00,35.0,61.2,996.0
WPAC,201513W,157.1,13.4,2015-07-31 03:00:00,35.0,62.5,996.0
WPAC,201513W,156.6,13.4,2015-07-31 06:00:00,35.0,63.8,996.0
WPAC,201513W,153.7,13.6,2015-07-31 21:00:00,38.0,63.8,995.0
WPAC,201513W,153.1,13.6,2015-08-01 00:00:00,40.0,63.8,993.0
WPAC,201513W,152.6,13.8,2015-08-01 03:00:00,40.0,59.4,993.0
WPAC,201513W,152.2,13.9,2015-08-01 06:00:00,40.0,55.0,993.0
WPAC,201513W,148.8,14.5,2015-08-01 21:00:00,55.0,60.0,982.0
WPAC,201513W,148.1,14.6,2015-08-02 00:00:00,60.0,56.2,978.0
WPAC,201513W,147.4,14.7,2015-08-02 03:00:00,68.0,56.2,973.0
WPAC,201513W,146.8,14.8,2015-08-02 06:00:00,75.0,56.2,967.0
WPAC,201513W,144.5,15.9,2015-08-02 21:00:00,105.0,86.9,945.0
WPAC,201513W,144.0,16.2,2015-08-03 00:00:00,110.0,95.0,941.0
WPAC,201513W,143.4,16.5,2015-08-03 03:00:00,118.0,105.0,935.0
WPAC,201513W,142.9,16.9,2015-08-03 06:00:00,125.0,115.0,929.0
WPAC,201513W,140.1,18.0,2015-08-03 21:00:00,153.0,146.2,909.0
WPAC,201513W,139.6,18.2,2015-08-04 00:00:00,150.0,177.5,911.0
WPAC,201513W,138.9,18.4,2015-08-04 03:00:00,145.0,173.1,915.0
WPAC,201513W,138.3,18.6,2015-08-04 06:00:00,140.0,168.8,918.0
WPAC,201513W,137.8,18.8,2015-08-04 09:00:00,138.0,168.8,920.0
WPAC,201513W,134.9,19.5,2015-08-05 00:00:00,115.0,145.0,937.0
WPAC,201513W,134.3,19.7,2015-08-05 03:00:00,110.0,154.4,941.0
WPAC,201513W,133.7,19.9,2015-08-05 06:00:00,105.0,163.8,944.0
WPAC,201513W,133.1,19.9,2015-08-05 09:00:00,103.0,168.1,946.0
WPAC,201513W,130.2,20.4,2015-08-06 00:00:00,90.0,172.5,956.0
WPAC,201513W,129.6,20.6,2015-08-06 03:00:00,88.0,176.9,958.0
WPAC,201513W,129.1,20.9,2015-08-06 06:00:00,85.0,181.2,959.0
WPAC,201513W,128.6,21.0,2015-08-06 09:00:00,88.0,181.2,958.0
WPAC,201513W,125.8,21.9,2015-08-07 00:00:00,100.0,181.2,948.0
WPAC,201513W,125.3,22.1,2015-08-07 03:00:00,103.0,186.2,946.0
WPAC,201513W,124.8,22.4,2015-08-07 06:00:00,105.0,191.2,944.0
WPAC,201513W,124.3,22.6,2015-08-07 09:00:00,105.0,191.2,944.0
WPAC,201513W,121.5,24.2,2015-08-08 00:00:00,95.0,191.2,952.0
WPAC,201513W,120.8,24.1,2015-08-08 03:00:00,85.0,191.2,960.0
WPAC,201513W,120.2,24.1,2015-08-08 06:00:00,75.0,191.2,967.0
WPAC,201513W,119.8,24.5,2015-08-08 09:00:00,73.0,191.2,969.0
WPAC,201513W,117.8,25.8,2015-08-09 00:00:00,40.0,191.2,993.0
WPAC,201513W,117.4,26.2,2015-08-09 03:00:00,38.0,95.6,995.0
WPAC,201513W,117.0,26.6,2015-08-09 06:00:00,35.0,0.0,996.0
WPAC,201514W,144.8,29.6,2015-08-01 21:00:00,23.0,0.0,1006.0
WPAC,201514W,144.7,29.8,2015-08-02 00:00:00,25.0,0.0,1004.0
WPAC,201514W,144.4,29.9,2015-08-02 03:00:00,25.0,0.0,1004.0
WPAC,201514W,144.2,29.9,2015-08-02 06:00:00,25.0,0.0,1004.0
WPAC,201514W,144.0,30.0,2015-08-02 09:00:00,28.0,0.0,1002.0
WPAC,201514W,143.2,30.4,2015-08-02 21:00:00,30.0,0.0,1000.0
WPAC,201514W,143.0,30.5,2015-08-03 00:00:00,30.0,0.0,1000.0
WPAC,201514W,142.7,30.6,2015-08-03 03:00:00,28.0,0.0,1002.0
WPAC,201514W,142.3,30.7,2015-08-03 06:00:00,25.0,0.0,1004.0
WPAC,201514W,141.9,30.8,2015-08-03 09:00:00,25.0,0.0,1004.0
WPAC,201514W,140.3,31.1,2015-08-03 21:00:00,25.0,0.0,1004.0
WPAC,201514W,140.0,31.2,2015-08-04 00:00:00,25.0,0.0,1004.0
WPAC,201514W,139.7,31.2,2015-08-04 03:00:00,25.0,0.0,1004.0
WPAC,201514W,139.4,31.3,2015-08-04 06:00:00,25.0,0.0,1004.0
WPAC,201514W,138.9,31.5,2015-08-04 09:00:00,25.0,0.0,1004.0
WPAC,201514W,137.6,32.2,2015-08-04 21:00:00,20.0,0.0,1007.0
WPAC,201514W,137.3,32.5,2015-08-05 00:00:00,20.0,0.0,1007.0
WPAC,201514W,137.0,32.8,2015-08-05 03:00:00,20.0,0.0,1007.0
WPAC,201514W,136.7,33.0,2015-08-05 06:00:00,20.0,0.0,1007.0
WPAC,201515W,147.9,21.5,2015-08-07 00:00:00,25.0,0.0,1002.0
WPAC,201515W,147.7,22.1,2015-08-07 03:00:00,25.0,0.0,1003.0
WPAC,201515W,147.4,22.7,2015-08-07 06:00:00,25.0,0.0,1004.0
WPAC,201515W,144.9,25.6,2015-08-07 21:00:00,33.0,0.0,998.0
WPAC,201515W,144.2,26.0,2015-08-08 00:00:00,35.0,0.0,996.0
WPAC,201515W,143.9,26.1,2015-08-08 03:00:00,35.0,0.0,996.0
WPAC,201515W,143.7,26.3,2015-08-08 06:00:00,35.0,0.0,996.0
WPAC,201515W,141.3,27.0,2015-08-08 21:00:00,35.0,0.0,996.0
WPAC,201515W,141.0,27.1,2015-08-09 00:00:00,35.0,0.0,996.0
WPAC,201515W,140.8,27.4,2015-08-09 03:00:00,35.0,21.2,996.0
WPAC,201515W,140.7,27.7,2015-08-09 06:00:00,35.0,42.5,996.0
WPAC,201515W,140.6,28.1,2015-08-09 09:00:00,35.0,42.5,996.0
WPAC,201515W,140.2,29.6,2015-08-09 21:00:00,35.0,42.5,996.0
WPAC,201515W,140.3,29.8,2015-08-10 00:00:00,35.0,42.5,996.0
WPAC,201515W,140.4,30.1,2015-08-10 03:00:00,35.0,42.5,996.0
WPAC,201515W,140.6,30.3,2015-08-10 06:00:00,35.0,42.5,996.0
WPAC,201515W,140.8,30.6,2015-08-10 09:00:00,35.0,42.5,996.0
WPAC,201515W,142.2,31.5,2015-08-10 21:00:00,38.0,47.5,995.0
WPAC,201515W,142.7,31.7,2015-08-11 00:00:00,40.0,52.5,993.0
WPAC,201515W,143.2,32.0,2015-08-11 03:00:00,43.0,52.5,991.0
WPAC,201515W,143.7,32.2,2015-08-11 06:00:00,45.0,52.5,989.0
WPAC,201515W,146.7,33.2,2015-08-11 21:00:00,40.0,62.5,993.0
WPAC,201515W,147.4,33.4,2015-08-12 00:00:00,40.0,62.5,993.0
WPAC,201515W,147.9,33.5,2015-08-12 03:00:00,40.0,69.4,993.0
WPAC,201515W,148.5,33.6,2015-08-12 06:00:00,40.0,76.2,993.0
WPAC,201515W,153.0,34.8,2015-08-12 21:00:00,40.0,65.6,993.0
WPAC,201515W,154.1,35.4,2015-08-13 00:00:00,40.0,65.0,993.0
WPAC,201515W,154.7,35.7,2015-08-13 03:00:00,38.0,66.2,995.0
WPAC,201515W,155.3,36.0,2015-08-13 06:00:00,35.0,67.5,996.0
WPAC,201515W,160.5,37.4,2015-08-13 21:00:00,35.0,71.2,996.0
WPAC,201515W,161.8,37.7,2015-08-14 00:00:00,35.0,71.2,996.0
WPAC,201516W,150.4,12.2,2015-08-14 00:00:00,25.0,0.0,1004.0
WPAC,201516W,150.2,12.2,2015-08-14 03:00:00,25.0,0.0,1004.0
WPAC,201516W,149.9,12.3,2015-08-14 06:00:00,25.0,0.0,1004.0
WPAC,201516W,147.6,13.3,2015-08-14 21:00:00,38.0,0.0,995.0
WPAC,201516W,147.0,13.7,2015-08-15 00:00:00,40.0,0.0,993.0
WPAC,201516W,146.7,13.9,2015-08-15 03:00:00,43.0,30.6,991.0
WPAC,201516W,146.3,14.1,2015-08-15 06:00:00,45.0,61.2,989.0
WPAC,201516W,145.0,14.6,2015-08-15 21:00:00,58.0,55.0,980.0
WPAC,201516W,144.7,14.8,2015-08-16 00:00:00,60.0,55.0,978.0
WPAC,201516W,144.4,15.0,2015-08-16 03:00:00,63.0,55.0,976.0
WPAC,201516W,144.1,15.2,2015-08-16 06:00:00,65.0,55.0,974.0
WPAC,201516W,142.2,16.2,2015-08-16 21:00:00,105.0,95.0,945.0
WPAC,201516W,141.7,16.5,2015-08-17 00:00:00,120.0,102.5,933.0
WPAC,201516W,141.1,16.8,2015-08-17 03:00:00,118.0,105.0,935.0
WPAC,201516W,140.4,17.0,2015-08-17 06:00:00,115.0,107.5,937.0
WPAC,201516W,136.1,18.2,2015-08-18 00:00:00,105.0,108.8,944.0
WPAC,201516W,135.4,18.4,2015-08-18 03:00:00,105.0,108.8,944.0
WPAC,201516W,134.7,18.5,2015-08-18 06:00:00,105.0,108.8,944.0
WPAC,201516W,133.8,18.6,2015-08-18 09:00:00,105.0,116.9,944.0
WPAC,201516W,129.8,18.9,2015-08-19 00:00:00,100.0,108.8,948.0
WPAC,201516W,129.1,18.9,2015-08-19 03:00:00,105.0,108.8,945.0
WPAC,201516W,128.4,18.9,2015-08-19 06:00:00,110.0,108.8,941.0
WPAC,201516W,127.8,18.9,2015-08-19 09:00:00,115.0,125.0,937.0
WPAC,201516W,125.3,18.9,2015-08-20 00:00:00,115.0,151.2,937.0
WPAC,201516W,124.9,18.9,2015-08-20 03:00:00,113.0,136.9,939.0
WPAC,201516W,124.6,18.9,2015-08-20 06:00:00,110.0,122.5,941.0
WPAC,201516W,124.3,18.9,2015-08-20 09:00:00,108.0,136.2,943.0
WPAC,201516W,122.9,19.3,2015-08-21 00:00:00,95.0,135.0,952.0
WPAC,201516W,122.7,19.3,2015-08-21 03:00:00,93.0,121.2,954.0
WPAC,201516W,122.4,19.3,2015-08-21 06:00:00,90.0,107.5,956.0
WPAC,201516W,122.4,19.4,2015-08-21 09:00:00,88.0,113.1,958.0
WPAC,201516W,122.6,20.1,2015-08-22 00:00:00,80.0,111.2,963.0
WPAC,201516W,122.7,20.4,2015-08-22 03:00:00,80.0,111.2,963.0
WPAC,201516W,122.7,20.7,2015-08-22 06:00:00,80.0,111.2,963.0
WPAC,201516W,122.9,21.0,2015-08-22 09:00:00,78.0,111.2,965.0
WPAC,201516W,123.4,23.2,2015-08-23 00:00:00,80.0,111.2,963.0
WPAC,201516W,123.5,23.5,2015-08-23 03:00:00,85.0,111.2,960.0
WPAC,201516W,123.6,23.8,2015-08-23 06:00:00,90.0,111.2,956.0
WPAC,201516W,123.8,24.1,2015-08-23 09:00:00,98.0,111.2,950.0
WPAC,201516W,126.0,26.3,2015-08-24 00:00:00,115.0,120.0,937.0
WPAC,201516W,126.8,27.1,2015-08-24 03:00:00,115.0,120.0,937.0
WPAC,201516W,127.5,28.0,2015-08-24 06:00:00,115.0,120.0,937.0
WPAC,201516W,128.2,28.9,2015-08-24 09:00:00,113.0,120.0,939.0
WPAC,201516W,130.7,34.1,2015-08-25 00:00:00,85.0,101.2,959.0
WPAC,201516W,130.9,34.8,2015-08-25 03:00:00,75.0,110.6,967.0
WPAC,201516W,131.1,35.4,2015-08-25 06:00:00,65.0,120.0,974.0
WPAC,201516W,131.4,36.0,2015-08-25 09:00:00,58.0,120.0,980.0
WPAC,201516W,132.9,38.5,2015-08-25 21:00:00,48.0,120.0,987.0
WPAC,201516W,133.4,39.1,2015-08-26 00:00:00,45.0,120.0,989.0
WPAC,201517W,162.1,14.9,2015-08-14 21:00:00,33.0,0.0,998.0
WPAC,201517W,162.1,14.9,2015-08-15 00:00:00,35.0,0.0,996.0
WPAC,201517W,162.0,14.9,2015-08-15 03:00:00,38.0,25.0,995.0
WPAC,201517W,161.9,15.0,2015-08-15 06:00:00,40.0,50.0,993.0
WPAC,201517W,161.1,14.9,2015-08-15 21:00:00,53.0,60.0,984.0
WPAC,201517W,160.9,14.8,2015-08-16 00:00:00,55.0,60.0,982.0
WPAC,201517W,160.7,14.7,2015-08-16 03:00:00,58.0,86.9,980.0
WPAC,201517W,160.5,14.6,2015-08-16 06:00:00,60.0,113.8,978.0
WPAC,201517W,159.4,14.4,2015-08-16 21:00:00,75.0,102.5,967.0
WPAC,201517W,159.2,14.4,2015-08-17 00:00:00,80.0,120.0,963.0
WPAC,201517W,158.8,14.6,2015-08-17 03:00:00,88.0,121.2,958.0
WPAC,201517W,158.5,14.7,2015-08-17 06:00:00,95.0,122.5,952.0
WPAC,201517W,156.6,15.8,2015-08-17 21:00:00,113.0,167.5,939.0
WPAC,201517W,156.1,15.9,2015-08-18 00:00:00,115.0,167.5,937.0
WPAC,201517W,155.8,16.1,2015-08-18 03:00:00,118.0,167.5,935.0
WPAC,201517W,155.4,16.3,2015-08-18 06:00:00,120.0,167.5,933.0
WPAC,201517W,153.3,18.2,2015-08-18 21:00:00,128.0,167.5,928.0
WPAC,201517W,152.8,18.6,2015-08-19 00:00:00,130.0,167.5,926.0
WPAC,201517W,152.4,18.9,2015-08-19 03:00:00,133.0,167.5,924.0
WPAC,201517W,151.9,19.1,2015-08-19 06:00:00,135.0,167.5,922.0
WPAC,201517W,149.9,20.9,2015-08-19 21:00:00,133.0,216.2,924.0
WPAC,201517W,149.5,21.2,2015-08-20 00:00:00,130.0,216.2,926.0
WPAC,201517W,149.0,21.6,2015-08-20 03:00:00,130.0,210.6,926.0
WPAC,201517W,148.5,22.0,2015-08-20 06:00:00,130.0,205.0,926.0
WPAC,201517W,146.8,23.7,2015-08-20 21:00:00,113.0,202.5,939.0
WPAC,201517W,146.4,24.1,2015-08-21 00:00:00,110.0,202.5,941.0
WPAC,201517W,146.2,24.6,2015-08-21 03:00:00,108.0,203.1,943.0
WPAC,201517W,146.0,25.0,2015-08-21 06:00:00,105.0,203.8,944.0
WPAC,201517W,145.1,26.7,2015-08-21 21:00:00,80.0,202.5,963.0
WPAC,201517W,144.9,27.0,2015-08-22 00:00:00,80.0,202.5,963.0
WPAC,201517W,144.9,27.3,2015-08-22 03:00:00,80.0,202.5,963.0
WPAC,201517W,145.0,27.6,2015-08-22 06:00:00,80.0,202.5,963.0
WPAC,201517W,145.3,29.3,2015-08-22 21:00:00,80.0,212.5,963.0
WPAC,201517W,145.5,29.6,2015-08-23 00:00:00,80.0,212.5,963.0
WPAC,201517W,145.8,29.8,2015-08-23 03:00:00,80.0,212.5,963.0
WPAC,201517W,146.0,30.0,2015-08-23 06:00:00,80.0,212.5,963.0
WPAC,201517W,147.8,31.6,2015-08-23 21:00:00,68.0,211.2,972.0
WPAC,201517W,148.2,32.1,2015-08-24 00:00:00,65.0,211.2,974.0
WPAC,201517W,148.7,32.3,2015-08-24 03:00:00,63.0,211.2,976.0
WPAC,201517W,149.2,32.5,2015-08-24 06:00:00,60.0,211.2,978.0
WPAC,201517W,154.5,34.9,2015-08-24 21:00:00,60.0,183.8,978.0
WPAC,201517W,155.5,35.6,2015-08-25 00:00:00,60.0,171.2,978.0
WPAC,201517W,156.4,36.7,2015-08-25 03:00:00,60.0,171.2,978.0
WPAC,201517W,157.3,37.8,2015-08-25 06:00:00,60.0,171.2,978.0
WPAC,201518W,139.9,19.0,2015-09-05 21:00:00,15.0,0.0,1010.0
WPAC,201518W,139.7,19.4,2015-09-06 00:00:00,15.0,0.0,1010.0
WPAC,201518W,139.5,19.8,2015-09-06 03:00:00,18.0,0.0,1007.0
WPAC,201518W,139.3,20.2,2015-09-06 06:00:00,20.0,0.0,1004.0
WPAC,201518W,138.8,22.5,2015-09-06 21:00:00,30.0,0.0,1000.0
WPAC,201518W,138.6,22.9,2015-09-07 00:00:00,30.0,0.0,1000.0
WPAC,201518W,138.6,23.4,2015-09-07 03:00:00,33.0,0.0,998.0
WPAC,201518W,138.6,23.8,2015-09-07 06:00:00,35.0,0.0,996.0
WPAC,201518W,138.2,27.1,2015-09-07 21:00:00,50.0,51.9,986.0
WPAC,201518W,138.2,27.8,2015-09-08 00:00:00,55.0,68.8,982.0
WPAC,201518W,138.2,28.6,2015-09-08 03:00:00,58.0,60.0,980.0
WPAC,201518W,138.3,29.3,2015-09-08 06:00:00,60.0,51.2,978.0
WPAC,201518W,137.6,34.0,2015-09-08 21:00:00,48.0,70.0,987.0
WPAC,201518W,137.3,34.7,2015-09-09 00:00:00,45.0,70.0,989.0
WPAC,201518W,136.8,36.0,2015-09-09 03:00:00,40.0,35.0,993.0
WPAC,201518W,136.2,37.2,2015-09-09 06:00:00,35.0,0.0,996.0
WPAC,201518W,135.7,37.5,2015-09-09 09:00:00,35.0,0.0,996.0
WPAC,201519W,112.1,15.7,2015-09-13 06:00:00,20.0,0.0,1007.0
WPAC,201519W,111.9,15.4,2015-09-13 09:00:00,23.0,0.0,1006.0
WPAC,201519W,110.3,15.2,2015-09-14 00:00:00,35.0,0.0,996.0
WPAC,201519W,110.0,15.3,2015-09-14 03:00:00,35.0,0.0,996.0
WPAC,201519W,109.8,15.4,2015-09-14 06:00:00,35.0,0.0,996.0
WPAC,201519W,109.3,15.5,2015-09-14 09:00:00,35.0,0.0,996.0
WPAC,201519W,105.4,15.4,2015-09-15 00:00:00,25.0,0.0,1004.0
WPAC,201520W,152.8,15.4,2015-09-14 06:00:00,15.0,0.0,1010.0
WPAC,201520W,151.8,17.3,2015-09-14 21:00:00,28.0,0.0,1002.0
WPAC,201520W,151.5,17.6,2015-09-15 00:00:00,30.0,0.0,1000.0
WPAC,201520W,151.2,17.8,2015-09-15 03:00:00,33.0,0.0,998.0
WPAC,201520W,150.8,18.0,2015-09-15 06:00:00,35.0,0.0,996.0
WPAC,201520W,148.9,18.9,2015-09-15 21:00:00,43.0,66.2,991.0
WPAC,201520W,148.4,19.2,2015-09-16 00:00:00,45.0,82.5,989.0
WPAC,201520W,147.8,19.5,2015-09-16 03:00:00,50.0,82.5,986.0
WPAC,201520W,147.2,19.8,2015-09-16 06:00:00,55.0,82.5,982.0
WPAC,201520W,145.2,20.8,2015-09-16 21:00:00,75.0,98.1,967.0
WPAC,201520W,144.9,21.1,2015-09-17 00:00:00,80.0,106.2,963.0
WPAC,201520W,144.5,21.4,2015-09-17 03:00:00,85.0,106.2,960.0
WPAC,201520W,144.1,21.7,2015-09-17 06:00:00,90.0,106.2,956.0
WPAC,201520W,142.6,23.4,2015-09-17 21:00:00,98.0,92.5,950.0
WPAC,201520W,142.4,23.7,2015-09-18 00:00:00,95.0,92.5,952.0
WPAC,201520W,142.3,24.1,2015-09-18 03:00:00,93.0,86.9,954.0
WPAC,201520W,142.2,24.5,2015-09-18 06:00:00,90.0,81.2,956.0
WPAC,201520W,142.9,27.2,2015-09-18 21:00:00,78.0,92.5,965.0
WPAC,201520W,143.3,27.9,2015-09-19 00:00:00,75.0,92.5,967.0
WPAC,201520W,143.8,28.4,2015-09-19 03:00:00,73.0,92.5,969.0
WPAC,201520W,144.2,29.0,2015-09-19 06:00:00,70.0,92.5,970.0
WPAC,201520W,146.7,31.4,2015-09-19 21:00:00,53.0,93.1,984.0
WPAC,201520W,147.2,31.8,2015-09-20 00:00:00,50.0,90.0,985.0
WPAC,201520W,147.7,32.4,2015-09-20 03:00:00,48.0,90.0,987.0
WPAC,201520W,148.2,32.9,2015-09-20 06:00:00,45.0,90.0,989.0
WPAC,201520W,151.0,35.8,2015-09-20 21:00:00,40.0,90.0,993.0
WPAC,201520W,151.4,36.4,2015-09-21 00:00:00,40.0,90.0,993.0
WPAC,201521W,144.2,15.2,2015-09-21 00:00:00,20.0,0.0,1007.0
WPAC,201521W,143.9,15.2,2015-09-21 03:00:00,20.0,0.0,1007.0
WPAC,201521W,143.7,15.3,2015-09-21 06:00:00,20.0,0.0,1007.0
WPAC,201521W,141.8,16.5,2015-09-21 21:00:00,25.0,0.0,1002.0
WPAC,201521W,141.5,16.9,2015-09-22 00:00:00,25.0,0.0,1000.0
WPAC,201521W,141.1,17.1,2015-09-22 03:00:00,25.0,0.0,1000.0
WPAC,201521W,140.7,17.4,2015-09-22 06:00:00,25.0,0.0,1000.0
WPAC,201521W,136.2,18.0,2015-09-23 03:00:00,35.0,78.8,996.0
WPAC,201521W,133.1,18.5,2015-09-24 00:00:00,50.0,92.5,985.0
WPAC,201521W,132.9,18.6,2015-09-24 03:00:00,50.0,92.5,985.0
WPAC,201521W,132.2,19.1,2015-09-25 00:00:00,65.0,110.0,974.0
WPAC,201521W,130.0,21.3,2015-09-26 03:00:00,93.0,136.2,954.0
WPAC,201521W,127.4,22.3,2015-09-27 00:00:00,125.0,176.2,929.0
WPAC,201521W,127.1,22.4,2015-09-27 03:00:00,125.0,178.8,929.0
WPAC,201521W,126.7,22.5,2015-09-27 06:00:00,125.0,181.2,929.0
WPAC,201521W,126.2,22.6,2015-09-27 09:00:00,125.0,181.2,929.0
WPAC,201521W,123.9,23.4,2015-09-28 00:00:00,125.0,125.0,929.0
WPAC,201521W,123.3,23.7,2015-09-28 03:00:00,123.0,125.0,931.0
WPAC,201521W,122.8,24.0,2015-09-28 06:00:00,120.0,125.0,933.0
WPAC,201521W,121.9,24.1,2015-09-28 09:00:00,110.0,145.0,941.0
WPAC,201521W,119.2,25.1,2015-09-29 00:00:00,75.0,102.5,967.0
WPAC,201521W,118.6,25.2,2015-09-29 03:00:00,65.0,102.5,975.0
WPAC,201521W,117.9,25.3,2015-09-29 06:00:00,55.0,102.5,982.0
WPAC,201521W,117.4,25.6,2015-09-29 09:00:00,50.0,102.5,986.0
WPAC,201522W,129.2,12.1,2015-09-30 06:00:00,20.0,0.0,1005.0
WPAC,201522W,128.6,12.3,2015-09-30 09:00:00,23.0,0.0,1005.0
WPAC,201522W,125.6,14.1,2015-10-01 00:00:00,25.0,0.0,1004.0
WPAC,201522W,124.8,14.5,2015-10-01 03:00:00,28.0,0.0,1002.0
WPAC,201522W,124.1,14.9,2015-10-01 06:00:00,30.0,0.0,1000.0
WPAC,201522W,123.3,15.2,2015-10-01 09:00:00,30.0,0.0,1000.0
WPAC,201522W,120.0,16.2,2015-10-02 00:00:00,30.0,0.0,1000.0
WPAC,201522W,119.4,16.4,2015-10-02 03:00:00,33.0,0.0,998.0
WPAC,201522W,118.8,16.6,2015-10-02 06:00:00,35.0,0.0,996.0
WPAC,201522W,118.2,16.9,2015-10-02 09:00:00,40.0,28.1,993.0
WPAC,201522W,115.3,18.4,2015-10-03 00:00:00,55.0,61.2,982.0
WPAC,201522W,114.8,18.7,2015-10-03 03:00:00,58.0,61.2,980.0
WPAC,201522W,114.2,19.0,2015-10-03 06:00:00,60.0,61.2,978.0
WPAC,201522W,113.7,19.2,2015-10-03 09:00:00,63.0,75.0,976.0
WPAC,201522W,111.5,20.4,2015-10-04 00:00:00,100.0,127.5,948.0
WPAC,201522W,111.0,20.9,2015-10-04 03:00:00,103.0,127.5,946.0
WPAC,201522W,110.4,21.3,2015-10-04 06:00:00,105.0,127.5,944.0
WPAC,201522W,110.0,21.6,2015-10-04 09:00:00,93.0,127.5,954.0
WPAC,201522W,108.3,23.7,2015-10-05 00:00:00,55.0,127.5,982.0
WPAC,201522W,108.0,24.0,2015-10-05 03:00:00,45.0,127.5,989.0
WPAC,201522W,107.7,24.4,2015-10-05 06:00:00,35.0,127.5,996.0
WPAC,201523W,164.4,19.0,2015-10-03 06:00:00,40.0,0.0,993.0
WPAC,201523W,161.5,19.9,2015-10-03 21:00:00,43.0,142.5,991.0
WPAC,201523W,160.6,20.2,2015-10-04 00:00:00,45.0,285.0,989.0
WPAC,201523W,159.7,20.5,2015-10-04 03:00:00,45.0,285.0,989.0
WPAC,201523W,158.8,20.9,2015-10-04 06:00:00,45.0,285.0,989.0
WPAC,201523W,155.2,21.6,2015-10-04 21:00:00,48.0,264.4,987.0
WPAC,201523W,154.5,21.7,2015-10-05 00:00:00,50.0,262.5,985.0
WPAC,201523W,151.1,23.5,2015-10-06 00:00:00,65.0,271.2,974.0
WPAC,201523W,150.9,23.9,2015-10-06 03:00:00,65.0,260.6,974.0
WPAC,201523W,150.7,24.3,2015-10-06 06:00:00,65.0,250.0,974.0
WPAC,201523W,151.0,27.4,2015-10-06 21:00:00,68.0,240.0,972.0
WPAC,201523W,151.2,28.4,2015-10-07 00:00:00,65.0,240.0,974.0
WPAC,201523W,151.1,29.7,2015-10-07 03:00:00,65.0,233.8,974.0
WPAC,201523W,151.1,31.0,2015-10-07 06:00:00,65.0,227.5,974.0
WPAC,201524W,144.4,15.7,2015-10-12 21:00:00,25.0,0.0,1004.0
WPAC,201524W,143.2,15.9,2015-10-13 00:00:00,25.0,0.0,1004.0
WPAC,201524W,142.2,16.1,2015-10-13 03:00:00,28.0,0.0,1002.0
WPAC,201524W,141.3,16.2,2015-10-13 06:00:00,30.0,0.0,1000.0
WPAC,201524W,135.8,15.7,2015-10-14 00:00:00,40.0,86.2,993.0
WPAC,201524W,135.2,15.7,2015-10-14 03:00:00,40.0,86.2,993.0
WPAC,201524W,134.7,15.7,2015-10-14 06:00:00,40.0,86.2,993.0
WPAC,201524W,131.5,15.4,2015-10-15 00:00:00,45.0,86.2,989.0
WPAC,201524W,130.8,15.6,2015-10-15 03:00:00,48.0,85.0,987.0
WPAC,201524W,130.1,15.7,2015-10-15 06:00:00,50.0,83.8,985.0
WPAC,201524W,127.5,15.5,2015-10-16 00:00:00,75.0,123.8,967.0
WPAC,201524W,127.1,15.5,2015-10-16 03:00:00,78.0,115.0,965.0
WPAC,201524W,126.7,15.5,2015-10-16 06:00:00,80.0,106.2,963.0
WPAC,201524W,124.5,15.7,2015-10-17 00:00:00,105.0,121.2,944.0
WPAC,201524W,124.2,15.8,2015-10-17 03:00:00,110.0,121.2,941.0
WPAC,201524W,123.8,15.8,2015-10-17 06:00:00,115.0,121.2,937.0
WPAC,201524W,123.4,15.9,2015-10-17 09:00:00,123.0,121.2,932.0
WPAC,201524W,121.3,15.8,2015-10-18 00:00:00,105.0,111.2,944.0
WPAC,201524W,120.9,16.0,2015-10-18 03:00:00,98.0,108.1,950.0
WPAC,201524W,120.5,16.2,2015-10-18 06:00:00,90.0,105.0,956.0
WPAC,201524W,120.2,16.4,2015-10-18 09:00:00,83.0,105.0,962.0
WPAC,201524W,120.0,17.6,2015-10-19 00:00:00,55.0,77.5,982.0
WPAC,201524W,120.0,17.8,2015-10-19 03:00:00,53.0,77.5,984.0
WPAC,201524W,120.1,17.9,2015-10-19 06:00:00,50.0,77.5,985.0
WPAC,201524W,120.2,18.0,2015-10-19 09:00:00,48.0,77.5,987.0
WPAC,201524W,120.4,18.8,2015-10-20 00:00:00,30.0,0.0,1000.0
WPAC,201524W,120.6,19.0,2015-10-20 03:00:00,25.0,0.0,1004.0
WPAC,201524W,120.7,19.1,2015-10-20 06:00:00,20.0,0.0,1007.0
WPAC,201525W,158.3,14.2,2015-10-13 21:00:00,30.0,0.0,1000.0
WPAC,201525W,158.0,14.5,2015-10-14 00:00:00,30.0,0.0,1000.0
WPAC,201525W,157.2,14.8,2015-10-14 03:00:00,33.0,0.0,998.0
WPAC,201525W,156.4,15.0,2015-10-14 06:00:00,35.0,0.0,996.0
WPAC,201525W,153.1,15.4,2015-10-14 21:00:00,43.0,99.4,991.0
WPAC,201525W,152.5,15.6,2015-10-15 00:00:00,45.0,107.5,989.0
WPAC,201525W,151.8,15.8,2015-10-15 03:00:00,45.0,103.8,989.0
WPAC,201525W,151.1,16.0,2015-10-15 06:00:00,45.0,100.0,989.0
WPAC,201525W,147.2,16.0,2015-10-15 21:00:00,53.0,124.4,984.0
WPAC,201525W,146.4,16.0,2015-10-16 00:00:00,55.0,110.0,982.0
WPAC,201525W,145.7,15.9,2015-10-16 03:00:00,55.0,110.0,982.0
WPAC,201525W,144.9,15.8,2015-10-16 06:00:00,55.0,110.0,982.0
WPAC,201525W,142.9,16.8,2015-10-16 21:00:00,70.0,113.1,971.0
WPAC,201525W,142.4,17.0,2015-10-17 00:00:00,75.0,118.8,967.0
WPAC,201525W,142.1,17.4,2015-10-17 03:00:00,80.0,118.8,963.0
WPAC,201525W,141.7,17.7,2015-10-17 06:00:00,85.0,118.8,959.0
WPAC,201525W,140.0,19.1,2015-10-18 00:00:00,100.0,118.8,948.0
WPAC,201525W,140.0,19.2,2015-10-18 03:00:00,108.0,118.8,943.0
WPAC,201525W,140.0,19.4,2015-10-18 06:00:00,115.0,118.8,937.0
WPAC,201525W,140.3,20.5,2015-10-19 00:00:00,110.0,140.0,941.0
WPAC,201525W,140.3,20.6,2015-10-19 03:00:00,108.0,140.0,943.0
WPAC,201525W,140.3,20.8,2015-10-19 06:00:00,105.0,140.0,944.0
WPAC,201525W,140.0,21.8,2015-10-20 00:00:00,90.0,131.2,956.0
WPAC,201525W,140.0,21.9,2015-10-20 03:00:00,88.0,135.6,958.0
WPAC,201525W,140.0,22.0,2015-10-20 06:00:00,85.0,140.0,959.0
WPAC,201525W,140.0,22.7,2015-10-21 00:00:00,75.0,98.8,967.0
WPAC,201525W,140.0,22.8,2015-10-21 03:00:00,78.0,113.1,965.0
WPAC,201525W,140.0,22.9,2015-10-21 06:00:00,80.0,127.5,963.0
WPAC,201525W,141.2,23.8,2015-10-22 00:00:00,100.0,152.5,948.0
WPAC,201525W,141.4,23.9,2015-10-22 03:00:00,103.0,152.5,946.0
WPAC,201525W,141.7,24.0,2015-10-22 06:00:00,105.0,152.5,944.0
WPAC,201525W,144.5,24.9,2015-10-22 21:00:00,98.0,129.4,950.0
WPAC,201525W,145.1,25.1,2015-10-23 00:00:00,95.0,137.5,952.0
WPAC,201525W,145.8,25.2,2015-10-23 03:00:00,93.0,137.5,954.0
WPAC,201525W,146.5,25.4,2015-10-23 06:00:00,90.0,137.5,956.0
WPAC,201525W,149.8,26.8,2015-10-23 21:00:00,73.0,128.1,969.0
WPAC,201525W,150.2,27.0,2015-10-24 00:00:00,70.0,130.0,970.0
WPAC,201525W,150.9,27.4,2015-10-24 03:00:00,65.0,117.5,974.0
WPAC,201525W,151.6,27.7,2015-10-24 06:00:00,60.0,105.0,978.0
WPAC,201525W,156.8,30.6,2015-10-24 21:00:00,53.0,80.0,984.0
WPAC,201525W,158.3,31.6,2015-10-25 00:00:00,50.0,80.0,985.0
WPAC,201525W,160.3,33.0,2015-10-25 03:00:00,50.0,80.0,985.0
WPAC,201525W,162.3,34.3,2015-10-25 06:00:00,50.0,80.0,985.0
WPAC,201526W,163.2,17.0,2015-10-20 00:00:00,20.0,0.0,1007.0
WPAC,201526W,162.8,17.5,2015-10-20 03:00:00,20.0,0.0,1007.0
WPAC,201526W,162.5,18.0,2015-10-20 06:00:00,20.0,0.0,1007.0
WPAC,201526W,159.8,19.7,2015-10-20 21:00:00,20.0,0.0,1007.0
WPAC,201526W,159.0,20.0,2015-10-21 00:00:00,20.0,0.0,1007.0
WPAC,201526W,158.6,20.4,2015-10-21 03:00:00,20.0,0.0,1007.0
WPAC,201526W,158.2,20.9,2015-10-21 06:00:00,20.0,0.0,1006.0
WPAC,201526W,155.8,23.7,2015-10-21 21:00:00,23.0,0.0,1006.0
WPAC,201526W,155.5,24.2,2015-10-22 00:00:00,25.0,0.0,1004.0
WPAC,201526W,155.4,25.0,2015-10-22 03:00:00,25.0,0.0,1004.0
WPAC,201526W,155.4,25.8,2015-10-22 06:00:00,25.0,0.0,1004.0
WPAC,201526W,159.9,29.4,2015-10-22 21:00:00,33.0,0.0,998.0
WPAC,201526W,161.5,30.3,2015-10-23 00:00:00,35.0,0.0,996.0
WPAC,201527W,162.3,4.2,2015-11-17 00:00:00,30.0,0.0,1000.0
WPAC,201527W,161.7,4.3,2015-11-17 03:00:00,33.0,0.0,998.0
WPAC,201527W,161.1,4.5,2015-11-17 06:00:00,35.0,0.0,996.0
WPAC,201527W,157.7,5.3,2015-11-17 21:00:00,50.0,63.1,986.0
WPAC,201527W,157.0,5.5,2015-11-18 00:00:00,55.0,66.2,982.0
WPAC,201527W,156.4,5.7,2015-11-18 03:00:00,60.0,71.2,978.0
WPAC,201527W,155.8,5.8,2015-11-18 06:00:00,65.0,76.2,974.0
WPAC,201527W,153.1,7.8,2015-11-18 21:00:00,55.0,71.2,982.0
WPAC,201527W,152.5,8.2,2015-11-19 00:00:00,55.0,70.0,982.0
WPAC,201527W,151.9,8.5,2015-11-19 03:00:00,58.0,70.0,980.0
WPAC,201527W,151.3,8.8,2015-11-19 06:00:00,60.0,70.0,978.0
WPAC,201527W,149.0,9.8,2015-11-19 21:00:00,83.0,85.0,961.0
WPAC,201527W,148.6,10.0,2015-11-20 00:00:00,85.0,87.5,959.0
WPAC,201527W,147.9,10.2,2015-11-20 03:00:00,90.0,96.2,956.0
WPAC,201527W,147.3,10.4,2015-11-20 06:00:00,95.0,105.0,952.0
WPAC,201527W,143.5,11.1,2015-11-20 21:00:00,115.0,106.2,937.0
WPAC,201527W,142.7,11.3,2015-11-21 00:00:00,120.0,107.5,933.0
WPAC,201527W,141.9,11.6,2015-11-21 03:00:00,118.0,109.4,935.0
WPAC,201527W,141.2,11.9,2015-11-21 06:00:00,115.0,111.2,937.0
WPAC,201527W,132.2,18.4,2015-11-24 00:00:00,85.0,106.2,959.0
WPAC,201527W,132.5,18.6,2015-11-24 03:00:00,80.0,106.2,963.0
WPAC,201527W,132.8,18.8,2015-11-24 06:00:00,75.0,106.2,967.0
WPAC,201527W,135.0,19.5,2015-11-25 00:00:00,55.0,80.0,982.0
WPAC,201527W,135.6,19.8,2015-11-25 03:00:00,50.0,76.9,986.0
WPAC,201527W,136.2,20.1,2015-11-25 06:00:00,45.0,73.8,989.0
WPAC,201527W,138.5,22.6,2015-11-26 00:00:00,35.0,73.8,996.0
WPAC,201527W,139.2,23.2,2015-11-26 03:00:00,35.0,73.8,996.0
WPAC,201527W,139.8,23.9,2015-11-26 06:00:00,35.0,73.8,996.0
WPAC,201528W,138.8,8.7,2015-12-11 03:00:00,28.0,0.0,1002.0
WPAC,201528W,134.5,10.3,2015-12-12 00:00:00,45.0,52.5,989.0
WPAC,201528W,133.9,10.6,2015-12-12 03:00:00,48.0,53.1,987.0
WPAC,201528W,133.4,10.8,2015-12-12 06:00:00,50.0,53.8,985.0
WPAC,201528W,130.1,11.9,2015-12-13 00:00:00,75.0,87.5,967.0
WPAC,201528W,129.6,12.1,2015-12-13 03:00:00,83.0,94.4,962.0
WPAC,201528W,129.0,12.3,2015-12-13 06:00:00,90.0,101.2,956.0
WPAC,201528W,125.7,12.5,2015-12-14 00:00:00,120.0,98.8,933.0
WPAC,201528W,125.2,12.6,2015-12-14 03:00:00,120.0,98.8,933.0
WPAC,201528W,124.7,12.7,2015-12-14 06:00:00,120.0,98.8,933.0
WPAC,201528W,124.1,12.8,2015-12-14 09:00:00,113.0,98.8,939.0
WPAC,201528W,121.7,13.0,2015-12-15 00:00:00,120.0,98.8,933.0
WPAC,201528W,121.5,13.2,2015-12-15 03:00:00,110.0,96.9,941.0
WPAC,201528W,121.2,13.3,2015-12-15 06:00:00,100.0,95.0,948.0
WPAC,201528W,121.0,13.5,2015-12-15 09:00:00,93.0,95.0,954.0
WPAC,201528W,120.0,14.3,2015-12-16 00:00:00,50.0,85.0,985.0
WPAC,201528W,120.2,14.2,2015-12-16 03:00:00,40.0,42.5,993.0
WPAC,201528W,120.3,14.0,2015-12-16 06:00:00,30.0,0.0,1000.0
WPAC,201528W,120.2,13.8,2015-12-16 09:00:00,25.0,0.0,1004.0
WPAC,201529W,145.3,4.5,2015-12-14 06:00:00,20.0,0.0,1007.0
WPAC,201529W,141.9,5.8,2015-12-15 00:00:00,20.0,0.0,1007.0
WPAC,201529W,141.2,5.8,2015-12-15 03:00:00,20.0,0.0,1007.0
WPAC,201529W,140.5,5.9,2015-12-15 06:00:00,20.0,0.0,1007.0
WPAC,201529W,136.3,7.3,2015-12-16 00:00:00,20.0,0.0,1007.0
WPAC,201529W,135.5,7.4,2015-12-16 03:00:00,20.0,0.0,1007.0
WPAC,201529W,134.7,7.5,2015-12-16 06:00:00,20.0,0.0,1007.0
WPAC,201529W,132.2,8.6,2015-12-17 00:00:00,15.0,0.0,1010.0
WPAC,201529W,131.8,8.4,2015-12-17 03:00:00,15.0,0.0,1010.0
WPAC,201529W,131.4,8.3,2015-12-17 06:00:00,15.0,0.0,1010.0
WPAC,201529W,128.8,7.6,2015-12-18 00:00:00,20.0,0.0,1007.0
WPAC,201529W,128.6,7.5,2015-12-18 03:00:00,18.0,0.0,1009.0
WPAC,201529W,128.3,7.4,2015-12-18 06:00:00,15.0,0.0,1010.0
WPAC,201601W,114.4,18.6,2016-05-26 06:00:00,20.0,0.0,1005.0
WPAC,201601W,114.0,18.9,2016-05-26 09:00:00,23.0,0.0,1005.0
WPAC,201601W,112.7,20.4,2016-05-27 00:00:00,25.0,0.0,1004.0
WPAC,201601W,112.7,20.9,2016-05-27 03:00:00,28.0,0.0,1002.0
WPAC,201601W,112.6,21.4,2016-05-27 06:00:00,30.0,0.0,1000.0
WPAC,201601W,112.4,21.8,2016-05-27 09:00:00,25.0,0.0,1004.0
WPAC,201602W,145.0,9.0,2016-07-03 00:00:00,25.0,0.0,1004.0
WPAC,201602W,144.8,9.4,2016-07-03 03:00:00,28.0,0.0,1002.0
WPAC,201602W,144.7,9.8,2016-07-03 06:00:00,30.0,0.0,1000.0
WPAC,201602W,142.6,11.2,2016-07-03 21:00:00,48.0,75.0,987.0
WPAC,201602W,142.0,11.6,2016-07-04 00:00:00,50.0,80.0,985.0
WPAC,201602W,141.4,12.0,2016-07-04 03:00:00,50.0,85.0,985.0
WPAC,201602W,140.9,12.4,2016-07-04 06:00:00,50.0,90.0,985.0
WPAC,201602W,136.7,15.4,2016-07-05 00:00:00,75.0,102.5,967.0
WPAC,201602W,135.8,15.9,2016-07-05 03:00:00,85.0,110.0,960.0
WPAC,201602W,135.0,16.3,2016-07-05 06:00:00,95.0,117.5,952.0
WPAC,201602W,134.3,16.7,2016-07-05 09:00:00,110.0,126.2,941.0
WPAC,201602W,130.1,18.7,2016-07-06 00:00:00,145.0,135.0,914.0
WPAC,201602W,129.3,19.1,2016-07-06 03:00:00,150.0,143.8,911.0
WPAC,201602W,128.5,19.5,2016-07-06 06:00:00,155.0,152.5,907.0
WPAC,201602W,127.7,19.9,2016-07-06 09:00:00,155.0,152.5,907.0
WPAC,201602W,124.3,21.2,2016-07-07 00:00:00,145.0,142.5,914.0
WPAC,201602W,123.8,21.4,2016-07-07 03:00:00,143.0,140.0,916.0
WPAC,201602W,123.4,21.6,2016-07-07 06:00:00,140.0,137.5,918.0
WPAC,201602W,123.0,21.8,2016-07-07 09:00:00,138.0,133.8,920.0
WPAC,201602W,120.7,22.6,2016-07-08 00:00:00,95.0,125.0,952.0
WPAC,201602W,120.4,22.9,2016-07-08 03:00:00,80.0,131.2,963.0
WPAC,201602W,120.1,23.2,2016-07-08 06:00:00,65.0,137.5,974.0
WPAC,201602W,119.9,23.2,2016-07-08 09:00:00,60.0,133.8,978.0
WPAC,201602W,119.1,24.3,2016-07-09 00:00:00,40.0,135.0,993.0
WPAC,201602W,118.8,24.6,2016-07-09 03:00:00,35.0,67.5,997.0
WPAC,201602W,118.6,24.8,2016-07-09 06:00:00,30.0,0.0,1000.0
WPAC,201602W,118.2,25.1,2016-07-09 09:00:00,28.0,0.0,1002.0
WPAC,201603W,130.2,19.4,2016-07-17 00:00:00,20.0,0.0,1007.0
WPAC,201603W,129.9,19.9,2016-07-17 03:00:00,23.0,0.0,1006.0
WPAC,201603W,129.7,20.3,2016-07-17 06:00:00,25.0,0.0,1004.0
WPAC,201603W,129.6,20.9,2016-07-17 09:00:00,25.0,0.0,1004.0
WPAC,201603W,128.2,23.7,2016-07-18 00:00:00,25.0,0.0,1004.0
WPAC,201603W,128.2,24.2,2016-07-18 03:00:00,23.0,0.0,1005.0
WPAC,201603W,128.3,24.8,2016-07-18 06:00:00,20.0,0.0,1006.0
WPAC,201603W,128.2,25.5,2016-07-18 09:00:00,20.0,0.0,1006.0
WPAC,201603W,128.1,27.7,2016-07-19 00:00:00,15.0,0.0,1010.0
WPAC,201603W,128.1,28.1,2016-07-19 03:00:00,15.0,0.0,1010.0
WPAC,201603W,128.2,28.5,2016-07-19 06:00:00,15.0,0.0,1010.0
WPAC,201604W,157.7,29.9,2016-07-23 21:00:00,40.0,70.0,993.0
WPAC,201604W,158.4,30.8,2016-07-24 00:00:00,45.0,80.0,989.0
WPAC,201604W,158.9,31.9,2016-07-24 03:00:00,45.0,85.0,989.0
WPAC,201604W,159.3,33.0,2016-07-24 06:00:00,45.0,90.0,989.0
WPAC,201605W,113.1,18.0,2016-07-26 00:00:00,30.0,0.0,1000.0
WPAC,201605W,112.5,18.2,2016-07-26 03:00:00,33.0,30.0,998.0
WPAC,201605W,112.0,18.5,2016-07-26 06:00:00,35.0,60.0,996.0
WPAC,201605W,111.5,18.7,2016-07-26 09:00:00,40.0,61.2,993.0
WPAC,201605W,108.2,19.5,2016-07-27 00:00:00,40.0,60.0,993.0
WPAC,201605W,107.7,19.7,2016-07-27 03:00:00,43.0,60.0,991.0
WPAC,201605W,107.2,19.9,2016-07-27 06:00:00,45.0,60.0,989.0
WPAC,201605W,106.8,20.0,2016-07-27 09:00:00,48.0,62.5,987.0
WPAC,201605W,105.4,20.9,2016-07-28 00:00:00,55.0,77.5,982.0
WPAC,201605W,105.2,21.3,2016-07-28 03:00:00,48.0,76.2,988.0
WPAC,201605W,105.0,21.7,2016-07-28 06:00:00,40.0,75.0,993.0
WPAC,201605W,104.9,22.0,2016-07-28 09:00:00,35.0,37.5,997.0
WPAC,201606W,118.9,20.2,2016-08-01 00:00:00,65.0,157.5,974.0
WPAC,201606W,113.0,23.1,2016-08-02 03:00:00,53.0,132.5,984.0
WPAC,201606W,112.4,23.5,2016-08-02 06:00:00,45.0,120.0,989.0
WPAC,201606W,111.8,23.7,2016-08-02 09:00:00,40.0,107.5,993.0
WPAC,201607W,147.0,28.2,2016-08-06 21:00:00,58.0,273.8,980.0
WPAC,201607W,146.7,28.8,2016-08-07 00:00:00,55.0,270.0,982.0
WPAC,201607W,146.6,29.4,2016-08-07 03:00:00,55.0,270.0,982.0
WPAC,201607W,146.4,29.9,2016-08-07 06:00:00,55.0,270.0,982.0
WPAC,201607W,144.7,33.0,2016-08-07 21:00:00,50.0,221.2,985.0
WPAC,201607W,144.4,33.7,2016-08-08 00:00:00,50.0,222.5,985.0
WPAC,201607W,144.4,34.2,2016-08-08 03:00:00,48.0,220.0,987.0
WPAC,201607W,144.4,34.6,2016-08-08 06:00:00,45.0,217.5,989.0
WPAC,201607W,144.6,35.2,2016-08-08 09:00:00,45.0,215.0,989.0
WPAC,201607W,145.1,38.0,2016-08-08 21:00:00,45.0,205.0,989.0
WPAC,201607W,145.3,38.7,2016-08-09 00:00:00,45.0,202.5,989.0
WPAC,201607W,146.1,39.5,2016-08-09 03:00:00,45.0,208.8,989.0
WPAC,201607W,146.9,40.2,2016-08-09 06:00:00,45.0,215.0,989.0
WPAC,201607W,147.4,41.4,2016-08-09 09:00:00,43.0,212.5,991.0
WPAC,201608W,161.1,17.3,2016-08-08 06:00:00,25.0,0.0,1004.0
WPAC,201608W,159.7,16.9,2016-08-08 21:00:00,35.0,72.5,996.0
WPAC,201608W,159.3,16.8,2016-08-09 00:00:00,35.0,75.0,996.0
WPAC,201608W,158.9,16.9,2016-08-09 03:00:00,38.0,78.8,995.0
WPAC,201608W,158.6,16.9,2016-08-09 06:00:00,40.0,82.5,993.0
WPAC,201608W,156.4,17.8,2016-08-09 21:00:00,45.0,85.0,991.0
WPAC,201608W,156.0,18.0,2016-08-10 00:00:00,45.0,85.0,993.0
WPAC,201608W,155.7,18.2,2016-08-10 03:00:00,45.0,83.8,991.0
WPAC,201608W,155.3,18.5,2016-08-10 06:00:00,45.0,82.5,989.0
WPAC,201608W,153.4,20.0,2016-08-11 00:00:00,30.0,0.0,1000.0
WPAC,201608W,153.7,20.2,2016-08-11 03:00:00,33.0,16.2,998.0
WPAC,201608W,154.0,20.5,2016-08-11 06:00:00,35.0,32.5,996.0
WPAC,201608W,155.2,24.5,2016-08-11 21:00:00,40.0,81.2,993.0
WPAC,201608W,155.5,25.2,2016-08-12 00:00:00,40.0,95.0,993.0
WPAC,201608W,155.7,25.8,2016-08-12 03:00:00,40.0,97.5,993.0
WPAC,201608W,155.8,26.4,2016-08-12 06:00:00,40.0,100.0,993.0
WPAC,201608W,155.2,29.6,2016-08-12 21:00:00,43.0,142.5,991.0
WPAC,201608W,155.0,30.3,2016-08-13 00:00:00,45.0,150.0,989.0
WPAC,201608W,154.6,31.0,2016-08-13 03:00:00,45.0,150.0,989.0
WPAC,201608W,154.2,31.7,2016-08-13 06:00:00,45.0,150.0,989.0
WPAC,201608W,151.6,35.0,2016-08-13 21:00:00,53.0,158.8,984.0
WPAC,201608W,151.1,35.8,2016-08-14 00:00:00,50.0,162.5,985.0
WPAC,201608W,150.3,37.0,2016-08-14 03:00:00,50.0,160.0,985.0
WPAC,201608W,149.6,38.3,2016-08-14 06:00:00,50.0,157.5,985.0
WPAC,201609W,144.5,27.7,2016-08-15 06:00:00,45.0,147.5,989.0
WPAC,201609W,142.3,30.9,2016-08-15 21:00:00,43.0,130.0,991.0
WPAC,201609W,141.9,31.5,2016-08-16 00:00:00,40.0,117.5,993.0
WPAC,201609W,141.5,32.1,2016-08-16 03:00:00,40.0,113.8,993.0
WPAC,201609W,141.1,32.8,2016-08-16 06:00:00,40.0,110.0,993.0
WPAC,201609W,141.0,33.5,2016-08-16 09:00:00,40.0,110.0,993.0
WPAC,201609W,141.5,36.9,2016-08-16 21:00:00,50.0,121.2,986.0
WPAC,201609W,141.7,37.9,2016-08-17 00:00:00,55.0,127.5,982.0
WPAC,201609W,142.2,39.3,2016-08-17 03:00:00,58.0,115.0,980.0
WPAC,201609W,142.8,40.7,2016-08-17 06:00:00,60.0,102.5,978.0
WPAC,201609W,143.1,42.5,2016-08-17 09:00:00,60.0,102.5,978.0
WPAC,201610W,140.4,28.1,2016-08-21 00:00:00,55.0,97.5,982.0
WPAC,201610W,140.2,29.1,2016-08-21 03:00:00,58.0,102.5,980.0
WPAC,201610W,140.1,30.0,2016-08-21 06:00:00,60.0,107.5,978.0
WPAC,201610W,139.3,33.7,2016-08-21 21:00:00,63.0,82.5,976.0
WPAC,201610W,139.5,34.3,2016-08-22 00:00:00,65.0,80.0,974.0
WPAC,201610W,139.8,35.1,2016-08-22 03:00:00,63.0,80.0,976.0
WPAC,201610W,140.1,35.9,2016-08-22 06:00:00,60.0,80.0,978.0
WPAC,201610W,140.5,36.8,2016-08-22 09:00:00,55.0,80.0,982.0
WPAC,201610W,143.0,42.5,2016-08-22 21:00:00,40.0,100.0,993.0
WPAC,201610W,144.1,44.4,2016-08-23 00:00:00,40.0,100.0,993.0
WPAC,201610W,145.6,46.3,2016-08-23 03:00:00,40.0,110.0,993.0
WPAC,201610W,147.0,48.2,2016-08-23 06:00:00,40.0,120.0,993.0
WPAC,201611W,111.6,21.1,2016-08-18 03:00:00,25.0,0.0,998.0
WPAC,201611W,111.2,20.8,2016-08-18 06:00:00,25.0,0.0,998.0
WPAC,201611W,110.3,20.8,2016-08-18 09:00:00,28.0,0.0,999.0
WPAC,201611W,107.7,20.5,2016-08-19 00:00:00,45.0,72.5,989.0
WPAC,201611W,107.1,20.7,2016-08-19 03:00:00,43.0,71.2,991.0
WPAC,201611W,106.4,20.9,2016-08-19 06:00:00,40.0,70.0,993.0
WPAC,201611W,105.6,21.1,2016-08-19 09:00:00,35.0,35.0,997.0
WPAC,201611W,100.6,22.5,2016-08-20 00:00:00,20.0,0.0,1007.0
WPAC,201612W,158.9,25.9,2016-08-17 00:00:00,30.0,0.0,997.0
WPAC,201612W,157.9,26.5,2016-08-17 03:00:00,33.0,42.5,997.0
WPAC,201612W,157.0,27.1,2016-08-17 06:00:00,35.0,85.0,996.0
WPAC,201612W,152.9,28.8,2016-08-17 21:00:00,35.0,97.5,996.0
WPAC,201612W,152.0,29.1,2016-08-18 00:00:00,35.0,102.5,996.0
WPAC,201612W,151.1,29.6,2016-08-18 03:00:00,35.0,105.0,996.0
WPAC,201612W,150.1,30.1,2016-08-18 06:00:00,35.0,107.5,996.0
WPAC,201612W,145.8,32.5,2016-08-18 21:00:00,35.0,113.8,996.0
WPAC,201612W,144.7,32.8,2016-08-19 00:00:00,35.0,110.0,996.0
WPAC,201612W,143.6,33.0,2016-08-19 03:00:00,35.0,110.0,996.0
WPAC,201612W,142.6,33.1,2016-08-19 06:00:00,35.0,110.0,996.0
WPAC,201612W,141.8,32.9,2016-08-19 09:00:00,35.0,105.0,996.0
WPAC,201612W,139.1,31.9,2016-08-19 21:00:00,35.0,100.0,996.0
WPAC,201612W,138.3,31.5,2016-08-20 00:00:00,35.0,100.0,996.0
WPAC,201612W,137.9,31.3,2016-08-20 03:00:00,35.0,100.0,996.0
WPAC,201612W,137.4,31.1,2016-08-20 06:00:00,35.0,100.0,996.0
WPAC,201612W,137.0,30.8,2016-08-20 09:00:00,38.0,100.0,995.0
WPAC,201612W,134.3,29.9,2016-08-21 00:00:00,40.0,87.5,993.0
WPAC,201612W,133.9,29.6,2016-08-21 03:00:00,40.0,86.2,993.0
WPAC,201612W,133.6,29.4,2016-08-21 06:00:00,40.0,85.0,993.0
WPAC,201612W,133.5,28.7,2016-08-22 00:00:00,45.0,55.0,989.0
WPAC,201612W,133.7,28.7,2016-08-22 03:00:00,48.0,55.0,987.0
WPAC,201612W,133.8,28.7,2016-08-22 06:00:00,50.0,55.0,985.0
WPAC,201612W,133.8,24.0,2016-08-27 06:00:00,105.0,147.5,944.0
WPAC,201612W,134.2,24.2,2016-08-27 09:00:00,108.0,153.8,943.0
WPAC,201612W,136.7,26.1,2016-08-28 00:00:00,120.0,175.0,933.0
WPAC,201612W,137.3,26.9,2016-08-28 03:00:00,120.0,175.0,933.0
WPAC,201612W,137.9,27.7,2016-08-28 06:00:00,120.0,175.0,933.0
WPAC,201612W,141.1,29.9,2016-08-28 21:00:00,93.0,172.5,954.0
WPAC,201612W,141.7,30.5,2016-08-29 00:00:00,85.0,172.5,959.0
WPAC,201612W,142.2,31.0,2016-08-29 03:00:00,78.0,172.5,965.0
WPAC,201612W,142.7,31.5,2016-08-29 06:00:00,70.0,172.5,970.0
WPAC,201612W,142.8,35.1,2016-08-29 21:00:00,65.0,183.8,974.0
WPAC,201612W,142.4,36.0,2016-08-30 00:00:00,65.0,177.5,974.0
WPAC,201612W,142.1,37.0,2016-08-30 03:00:00,63.0,161.2,976.0
WPAC,201612W,141.8,37.9,2016-08-30 06:00:00,60.0,145.0,978.0
WPAC,201612W,140.9,39.6,2016-08-30 09:00:00,53.0,145.0,978.0
WPAC,201613W,148.1,31.7,2016-08-19 21:00:00,30.0,0.0,1000.0
WPAC,201613W,147.2,32.6,2016-08-20 00:00:00,30.0,0.0,1000.0
WPAC,201613W,146.2,33.5,2016-08-20 03:00:00,33.0,35.0,998.0
WPAC,201613W,145.3,34.5,2016-08-20 06:00:00,35.0,70.0,996.0
WPAC,201613W,142.4,38.3,2016-08-20 21:00:00,35.0,57.5,996.0
WPAC,201613W,142.6,38.9,2016-08-21 00:00:00,35.0,55.0,996.0
WPAC,201613W,142.8,39.9,2016-08-21 03:00:00,33.0,27.5,998.0
WPAC,201613W,143.0,40.9,2016-08-21 06:00:00,30.0,0.0,1000.0
WPAC,201613W,143.4,41.6,2016-08-21 09:00:00,28.0,0.0,1002.0
WPAC,201615W,124.1,21.2,2016-08-31 00:00:00,25.0,0.0,1004.0
WPAC,201615W,124.5,21.4,2016-08-31 03:00:00,25.0,0.0,1004.0
WPAC,201615W,124.9,21.5,2016-08-31 06:00:00,25.0,0.0,1004.0
WPAC,201615W,125.6,21.9,2016-08-31 09:00:00,28.0,0.0,1002.0
WPAC,201615W,128.1,23.8,2016-09-01 00:00:00,45.0,60.0,989.0
WPAC,201615W,128.6,24.1,2016-09-01 03:00:00,53.0,60.0,984.0
WPAC,201615W,129.1,24.4,2016-09-01 06:00:00,60.0,60.0,978.0
WPAC,201615W,129.6,24.7,2016-09-01 09:00:00,65.0,62.5,974.0
WPAC,201615W,130.8,26.4,2016-09-02 00:00:00,85.0,75.0,959.0
WPAC,201615W,130.8,26.8,2016-09-02 03:00:00,93.0,75.0,954.0
WPAC,201615W,130.8,27.2,2016-09-02 06:00:00,100.0,75.0,948.0
WPAC,201615W,130.8,27.5,2016-09-02 09:00:00,100.0,75.0,948.0
WPAC,201615W,130.3,29.3,2016-09-03 00:00:00,90.0,72.5,956.0
WPAC,201615W,130.2,29.6,2016-09-03 03:00:00,85.0,78.8,960.0
WPAC,201615W,130.1,29.9,2016-09-03 06:00:00,80.0,85.0,963.0
WPAC,201615W,130.1,30.2,2016-09-03 09:00:00,75.0,85.0,967.0
WPAC,201615W,129.6,31.4,2016-09-04 00:00:00,55.0,70.0,982.0
WPAC,201615W,129.6,31.7,2016-09-04 03:00:00,53.0,68.8,984.0
WPAC,201615W,129.7,32.0,2016-09-04 06:00:00,50.0,67.5,985.0
WPAC,201615W,129.8,32.2,2016-09-04 09:00:00,45.0,65.0,989.0
WPAC,201615W,130.6,34.1,2016-09-05 00:00:00,25.0,0.0,1004.0
WPAC,201615W,131.0,34.8,2016-09-05 03:00:00,23.0,0.0,1006.0
WPAC,201615W,131.4,35.4,2016-09-05 06:00:00,20.0,0.0,1008.0
WPAC,201616W,143.2,13.6,2016-09-09 00:00:00,25.0,0.0,1004.0
WPAC,201616W,142.8,13.9,2016-09-09 03:00:00,25.0,0.0,1004.0
WPAC,201616W,142.5,14.3,2016-09-09 06:00:00,25.0,0.0,1004.0
WPAC,201616W,140.3,14.8,2016-09-09 21:00:00,33.0,25.0,1001.0
WPAC,201616W,139.7,14.8,2016-09-10 00:00:00,35.0,50.0,1000.0
WPAC,201616W,139.1,14.9,2016-09-10 03:00:00,38.0,52.5,997.0
WPAC,201616W,138.6,15.0,2016-09-10 06:00:00,40.0,55.0,993.0
WPAC,201616W,135.8,16.5,2016-09-11 00:00:00,60.0,85.0,989.0
WPAC,201616W,135.2,16.6,2016-09-11 03:00:00,68.0,90.0,978.0
WPAC,201616W,134.5,16.8,2016-09-11 06:00:00,75.0,95.0,967.0
WPAC,201616W,130.3,17.9,2016-09-12 00:00:00,120.0,117.5,933.0
WPAC,201616W,129.8,18.1,2016-09-12 03:00:00,128.0,117.5,928.0
WPAC,201616W,129.3,18.4,2016-09-12 06:00:00,135.0,117.5,922.0
WPAC,201616W,128.7,18.6,2016-09-12 09:00:00,145.0,121.2,915.0
WPAC,201616W,125.5,19.6,2016-09-13 00:00:00,160.0,150.0,903.0
WPAC,201616W,124.8,19.9,2016-09-13 03:00:00,163.0,160.0,901.0
WPAC,201616W,124.1,20.2,2016-09-13 06:00:00,165.0,170.0,899.0
WPAC,201616W,123.5,20.3,2016-09-13 09:00:00,168.0,172.5,897.0
WPAC,201616W,120.8,21.5,2016-09-14 00:00:00,155.0,185.0,900.0
WPAC,201616W,120.3,22.1,2016-09-14 03:00:00,140.0,185.0,915.0
WPAC,201616W,119.8,22.6,2016-09-14 06:00:00,125.0,185.0,929.0
WPAC,201616W,119.4,23.0,2016-09-14 09:00:00,118.0,172.5,935.0
WPAC,201616W,117.6,25.3,2016-09-15 00:00:00,70.0,120.0,970.0
WPAC,201616W,117.2,25.9,2016-09-15 03:00:00,55.0,120.0,982.0
WPAC,201616W,116.9,26.5,2016-09-15 06:00:00,40.0,120.0,993.0
WPAC,201616W,117.0,27.3,2016-09-15 09:00:00,30.0,60.0,999.0
WPAC,201617W,150.4,30.1,2016-09-09 21:00:00,20.0,0.0,1007.0
WPAC,201617W,150.4,30.9,2016-09-10 00:00:00,20.0,0.0,1007.0
WPAC,201617W,150.2,31.9,2016-09-10 03:00:00,23.0,0.0,1006.0
WPAC,201617W,149.9,32.9,2016-09-10 06:00:00,25.0,0.0,1004.0
WPAC,201617W,151.9,35.1,2016-09-10 21:00:00,33.0,12.5,998.0
WPAC,201617W,152.6,35.5,2016-09-11 00:00:00,35.0,25.0,996.0
WPAC,201617W,153.7,35.9,2016-09-11 03:00:00,35.0,30.0,996.0
WPAC,201617W,154.8,36.3,2016-09-11 06:00:00,35.0,35.0,996.0
WPAC,201617W,162.1,38.1,2016-09-11 21:00:00,30.0,0.0,1001.0
WPAC,201617W,163.9,38.4,2016-09-12 00:00:00,30.0,0.0,1002.0
WPAC,201617W,165.9,38.7,2016-09-12 03:00:00,30.0,0.0,1002.0
WPAC,201617W,167.9,39.0,2016-09-12 06:00:00,30.0,0.0,1002.0
WPAC,201618W,143.8,12.9,2016-09-11 21:00:00,33.0,33.8,998.0
WPAC,201618W,143.0,13.1,2016-09-12 00:00:00,35.0,67.5,996.0
WPAC,201618W,142.3,13.2,2016-09-12 03:00:00,40.0,67.5,993.0
WPAC,201618W,141.7,13.4,2016-09-12 06:00:00,45.0,67.5,989.0
WPAC,201618W,137.9,14.1,2016-09-13 00:00:00,45.0,75.0,1000.0
WPAC,201618W,137.4,14.2,2016-09-13 03:00:00,48.0,75.0,993.0
WPAC,201618W,136.8,14.3,2016-09-13 06:00:00,50.0,75.0,985.0
WPAC,201618W,133.4,15.5,2016-09-14 00:00:00,65.0,95.0,974.0
WPAC,201618W,132.8,15.7,2016-09-14 03:00:00,68.0,95.0,972.0
WPAC,201618W,132.2,15.8,2016-09-14 06:00:00,70.0,95.0,970.0
WPAC,201618W,131.7,16.0,2016-09-14 09:00:00,70.0,96.2,970.0
WPAC,201618W,129.0,16.9,2016-09-15 00:00:00,70.0,102.5,970.0
WPAC,201618W,128.4,17.2,2016-09-15 03:00:00,73.0,103.8,969.0
WPAC,201618W,127.8,17.5,2016-09-15 06:00:00,75.0,105.0,967.0
WPAC,201618W,127.2,17.9,2016-09-15 09:00:00,83.0,105.0,962.0
WPAC,201618W,124.7,20.2,2016-09-16 00:00:00,95.0,97.5,952.0
WPAC,201618W,124.3,20.7,2016-09-16 03:00:00,100.0,105.0,948.0
WPAC,201618W,123.9,21.2,2016-09-16 06:00:00,105.0,112.5,944.0
WPAC,201618W,123.7,21.6,2016-09-16 09:00:00,110.0,112.5,941.0
WPAC,201618W,123.0,24.2,2016-09-17 00:00:00,110.0,115.0,941.0
WPAC,201618W,122.8,24.8,2016-09-17 03:00:00,105.0,116.2,945.0
WPAC,201618W,122.7,25.3,2016-09-17 06:00:00,100.0,117.5,948.0
WPAC,201618W,122.7,25.6,2016-09-17 09:00:00,90.0,118.8,956.0
WPAC,201618W,123.5,26.9,2016-09-18 00:00:00,75.0,107.5,967.0
WPAC,201618W,124.0,27.1,2016-09-18 03:00:00,80.0,106.2,963.0
WPAC,201618W,124.4,27.4,2016-09-18 06:00:00,85.0,105.0,959.0
WPAC,201618W,124.8,27.7,2016-09-18 09:00:00,88.0,106.2,960.0
WPAC,201618W,127.2,29.4,2016-09-19 00:00:00,110.0,115.0,941.0
WPAC,201618W,127.8,29.8,2016-09-19 03:00:00,110.0,122.5,941.0
WPAC,201618W,128.4,30.2,2016-09-19 06:00:00,110.0,130.0,941.0
WPAC,201618W,129.1,30.5,2016-09-19 09:00:00,105.0,143.8,946.0
WPAC,201618W,133.5,32.8,2016-09-20 00:00:00,65.0,132.5,979.0
WPAC,201618W,134.8,33.5,2016-09-20 03:00:00,60.0,121.2,983.0
WPAC,201618W,136.0,34.2,2016-09-20 06:00:00,55.0,110.0,986.0
WPAC,201619W,112.2,13.7,2016-09-12 00:00:00,30.0,0.0,1001.0
WPAC,201619W,111.6,14.1,2016-09-12 03:00:00,30.0,0.0,1001.0
WPAC,201619W,110.9,14.4,2016-09-12 06:00:00,30.0,0.0,1000.0
WPAC,201619W,110.3,14.7,2016-09-12 09:00:00,30.0,0.0,1000.0
WPAC,201619W,107.3,15.9,2016-09-13 00:00:00,30.0,0.0,1000.0
WPAC,201619W,106.7,15.9,2016-09-13 03:00:00,28.0,0.0,1002.0
WPAC,201619W,106.0,16.0,2016-09-13 06:00:00,25.0,0.0,1004.0
WPAC,201619W,105.2,16.1,2016-09-13 09:00:00,23.0,0.0,1006.0
WPAC,201620W,140.0,16.0,2016-09-22 21:00:00,28.0,0.0,1002.0
WPAC,201620W,139.5,16.6,2016-09-23 00:00:00,30.0,0.0,1000.0
WPAC,201621W,159.1,15.8,2016-09-26 00:00:00,20.0,0.0,1007.0
WPAC,201621W,158.4,15.7,2016-09-26 03:00:00,20.0,0.0,1007.0
WPAC,201621W,157.8,15.6,2016-09-26 06:00:00,20.0,0.0,1007.0
WPAC,201621W,153.9,14.9,2016-09-26 21:00:00,23.0,0.0,1006.0
WPAC,201621W,153.3,14.7,2016-09-27 00:00:00,25.0,0.0,1004.0
WPAC,201621W,152.9,14.8,2016-09-27 03:00:00,25.0,0.0,1004.0
WPAC,201621W,152.4,15.0,2016-09-27 06:00:00,25.0,0.0,1004.0
WPAC,201621W,148.9,14.5,2016-09-27 21:00:00,25.0,0.0,1004.0
WPAC,201621W,148.3,14.4,2016-09-28 00:00:00,25.0,0.0,1004.0
WPAC,201621W,147.6,14.4,2016-09-28 03:00:00,25.0,0.0,1004.0
WPAC,201621W,146.9,14.5,2016-09-28 06:00:00,25.0,0.0,1004.0
WPAC,201621W,143.3,14.2,2016-09-28 21:00:00,30.0,0.0,1005.0
WPAC,201621W,142.7,14.2,2016-09-29 00:00:00,30.0,0.0,1004.0
WPAC,201621W,142.1,14.1,2016-09-29 03:00:00,33.0,26.2,1002.0
WPAC,201621W,141.4,14.1,2016-09-29 06:00:00,35.0,52.5,1000.0
WPAC,201621W,138.9,13.6,2016-09-29 21:00:00,45.0,65.0,989.0
WPAC,201621W,138.7,13.5,2016-09-30 00:00:00,45.0,65.0,989.0
WPAC,201621W,138.1,13.8,2016-09-30 03:00:00,45.0,67.5,989.0
WPAC,201621W,137.6,14.0,2016-09-30 06:00:00,45.0,70.0,989.0
WPAC,201621W,135.5,15.8,2016-10-01 00:00:00,55.0,77.5,982.0
WPAC,201621W,135.2,16.3,2016-10-01 03:00:00,58.0,77.5,980.0
WPAC,201621W,134.8,16.8,2016-10-01 06:00:00,60.0,77.5,978.0
WPAC,201621W,131.5,19.7,2016-10-02 00:00:00,110.0,80.0,941.0
WPAC,201621W,130.9,20.2,2016-10-02 03:00:00,113.0,80.0,939.0
WPAC,201621W,130.4,20.8,2016-10-02 06:00:00,115.0,80.0,937.0
WPAC,201621W,127.6,23.9,2016-10-03 00:00:00,135.0,90.0,922.0
WPAC,201621W,127.3,24.4,2016-10-03 03:00:00,143.0,92.5,917.0
WPAC,201621W,127.0,25.0,2016-10-03 06:00:00,150.0,95.0,911.0
WPAC,201621W,126.8,25.4,2016-10-03 09:00:00,145.0,100.0,915.0
WPAC,201621W,126.2,27.9,2016-10-04 00:00:00,125.0,120.0,934.0
WPAC,201621W,126.1,28.7,2016-10-04 03:00:00,120.0,122.5,936.0
WPAC,201621W,126.0,29.5,2016-10-04 06:00:00,115.0,125.0,937.0
WPAC,201621W,126.0,30.1,2016-10-04 09:00:00,105.0,125.0,945.0
WPAC,201621W,128.2,34.3,2016-10-05 00:00:00,70.0,145.0,970.0
WPAC,201621W,129.8,35.2,2016-10-05 03:00:00,63.0,137.5,976.0
WPAC,201621W,131.3,36.2,2016-10-05 06:00:00,55.0,130.0,982.0
WPAC,201622W,125.0,19.9,2016-10-05 06:00:00,25.0,0.0,1004.0
WPAC,201622W,124.2,20.0,2016-10-05 09:00:00,25.0,0.0,1004.0
WPAC,201622W,120.3,20.6,2016-10-06 00:00:00,30.0,0.0,1000.0
WPAC,201622W,119.5,20.5,2016-10-06 03:00:00,33.0,30.0,998.0
WPAC,201622W,118.8,20.4,2016-10-06 06:00:00,35.0,60.0,996.0
WPAC,201622W,118.3,20.2,2016-10-06 09:00:00,38.0,60.0,995.0
WPAC,201622W,116.4,20.5,2016-10-07 00:00:00,45.0,60.0,993.0
WPAC,201622W,116.3,20.6,2016-10-07 03:00:00,48.0,65.0,989.0
WPAC,201622W,116.3,20.6,2016-10-07 06:00:00,50.0,70.0,985.0
WPAC,201622W,116.2,20.6,2016-10-07 09:00:00,53.0,72.5,988.0
WPAC,201622W,116.6,21.2,2016-10-08 00:00:00,50.0,75.0,993.0
WPAC,201622W,116.7,21.2,2016-10-08 03:00:00,48.0,76.2,991.0
WPAC,201622W,116.8,21.3,2016-10-08 06:00:00,45.0,77.5,989.0
WPAC,201622W,116.9,21.4,2016-10-08 09:00:00,43.0,77.5,991.0
WPAC,201622W,117.5,21.6,2016-10-09 00:00:00,45.0,87.5,989.0
WPAC,201622W,117.6,21.6,2016-10-09 03:00:00,43.0,87.5,991.0
WPAC,201622W,117.7,21.7,2016-10-09 06:00:00,40.0,87.5,993.0
WPAC,201622W,117.8,21.7,2016-10-09 09:00:00,38.0,87.5,995.0
WPAC,201622W,117.6,21.6,2016-10-10 00:00:00,25.0,0.0,1004.0
WPAC,201622W,117.4,21.6,2016-10-10 03:00:00,25.0,0.0,1004.0
WPAC,201622W,117.3,21.6,2016-10-10 06:00:00,25.0,0.0,1004.0
WPAC,201622W,117.0,21.4,2016-10-10 09:00:00,25.0,0.0,1004.0
WPAC,201622W,115.6,20.1,2016-10-11 00:00:00,20.0,0.0,1007.0
WPAC,201622W,115.2,19.8,2016-10-11 03:00:00,20.0,0.0,1007.0
WPAC,201622W,114.7,19.4,2016-10-11 06:00:00,20.0,0.0,1007.0
WPAC,201622W,114.1,18.9,2016-10-11 09:00:00,20.0,0.0,1007.0
WPAC,201622W,112.3,16.8,2016-10-12 00:00:00,15.0,0.0,1010.0
WPAC,201622W,112.2,16.5,2016-10-12 03:00:00,18.0,0.0,1009.0
WPAC,201622W,112.2,16.1,2016-10-12 06:00:00,20.0,0.0,1007.0
WPAC,201622W,112.0,16.1,2016-10-12 09:00:00,20.0,0.0,1007.0
WPAC,201622W,109.8,16.6,2016-10-13 00:00:00,25.0,0.0,1004.0
WPAC,201622W,109.3,16.6,2016-10-13 03:00:00,25.0,0.0,1004.0
WPAC,201622W,108.9,16.7,2016-10-13 06:00:00,25.0,0.0,1004.0
WPAC,201622W,108.6,16.6,2016-10-13 09:00:00,30.0,23.8,1000.0
WPAC,201622W,106.7,16.7,2016-10-14 00:00:00,30.0,0.0,1000.0
WPAC,201622W,106.1,16.8,2016-10-14 03:00:00,28.0,0.0,1002.0
WPAC,201622W,105.5,16.8,2016-10-14 06:00:00,25.0,0.0,1004.0
WPAC,201622W,105.0,16.9,2016-10-14 09:00:00,25.0,0.0,1004.0
WPAC,201623W,175.1,17.9,2016-10-04 21:00:00,20.0,0.0,1007.0
WPAC,201623W,174.4,18.2,2016-10-05 00:00:00,20.0,0.0,1007.0
WPAC,201623W,173.7,18.2,2016-10-05 03:00:00,20.0,0.0,1007.0
WPAC,201623W,173.0,18.2,2016-10-05 06:00:00,20.0,0.0,1007.0
WPAC,201623W,169.2,17.8,2016-10-05 21:00:00,15.0,0.0,1010.0
WPAC,201623W,168.6,17.9,2016-10-06 00:00:00,15.0,0.0,1010.0
WPAC,201623W,167.6,17.9,2016-10-06 03:00:00,18.0,0.0,1009.0
WPAC,201623W,166.7,18.0,2016-10-06 06:00:00,20.0,0.0,1007.0
WPAC,201623W,163.7,18.0,2016-10-06 21:00:00,23.0,0.0,1006.0
WPAC,201623W,163.2,18.0,2016-10-07 00:00:00,25.0,0.0,1004.0
WPAC,201623W,162.6,18.2,2016-10-07 03:00:00,25.0,0.0,1004.0
WPAC,201623W,162.0,18.4,2016-10-07 06:00:00,25.0,0.0,1004.0
WPAC,201623W,158.1,19.0,2016-10-07 21:00:00,25.0,0.0,1004.0
WPAC,201623W,157.3,19.2,2016-10-08 00:00:00,25.0,0.0,1004.0
WPAC,201623W,156.7,19.4,2016-10-08 03:00:00,28.0,0.0,1002.0
WPAC,201623W,156.0,19.5,2016-10-08 06:00:00,30.0,0.0,1000.0
WPAC,201623W,151.8,21.0,2016-10-08 21:00:00,43.0,37.5,997.0
WPAC,201623W,151.0,21.4,2016-10-09 00:00:00,45.0,40.0,1001.0
WPAC,201623W,150.4,21.9,2016-10-09 03:00:00,48.0,41.2,993.0
WPAC,201623W,149.8,22.3,2016-10-09 06:00:00,50.0,42.5,985.0
WPAC,201623W,146.8,24.2,2016-10-09 21:00:00,65.0,65.0,974.0
WPAC,201623W,146.3,24.6,2016-10-10 00:00:00,70.0,65.0,970.0
WPAC,201623W,146.1,25.1,2016-10-10 03:00:00,83.0,77.5,961.0
WPAC,201623W,145.9,25.5,2016-10-10 06:00:00,95.0,90.0,952.0
WPAC,201623W,145.9,27.5,2016-10-10 21:00:00,110.0,107.5,941.0
WPAC,201623W,146.0,27.8,2016-10-11 00:00:00,105.0,110.0,944.0
WPAC,201623W,146.3,28.2,2016-10-11 03:00:00,103.0,115.0,946.0
WPAC,201623W,146.7,28.6,2016-10-11 06:00:00,100.0,120.0,948.0
WPAC,201623W,150.1,30.8,2016-10-11 21:00:00,128.0,133.8,928.0
WPAC,201623W,151.1,31.3,2016-10-12 00:00:00,125.0,137.5,929.0
WPAC,201623W,152.4,32.0,2016-10-12 03:00:00,123.0,141.2,931.0
WPAC,201623W,153.8,32.6,2016-10-12 06:00:00,120.0,145.0,933.0
WPAC,201623W,163.9,37.1,2016-10-12 21:00:00,75.0,155.0,967.0
WPAC,201623W,166.6,38.2,2016-10-13 00:00:00,65.0,160.0,974.0
WPAC,201623W,169.2,39.2,2016-10-13 03:00:00,60.0,162.5,978.0
WPAC,201624W,127.2,13.9,2016-10-14 00:00:00,40.0,75.0,993.0
WPAC,201624W,126.8,13.9,2016-10-14 03:00:00,45.0,78.8,989.0
WPAC,201624W,126.5,13.8,2016-10-14 06:00:00,50.0,82.5,985.0
WPAC,201624W,126.2,13.8,2016-10-14 09:00:00,55.0,87.5,982.0
WPAC,201624W,124.6,14.3,2016-10-15 00:00:00,80.0,120.0,974.0
WPAC,201624W,124.2,14.6,2016-10-15 03:00:00,85.0,120.0,964.0
WPAC,201624W,123.8,14.8,2016-10-15 06:00:00,90.0,120.0,954.0
WPAC,201624W,123.4,15.0,2016-10-15 09:00:00,98.0,122.5,949.0
WPAC,201624W,120.0,16.4,2016-10-16 00:00:00,75.0,140.0,967.0
WPAC,201624W,119.1,16.4,2016-10-16 03:00:00,78.0,145.0,965.0
WPAC,201624W,118.2,16.4,2016-10-16 06:00:00,80.0,150.0,963.0
WPAC,201624W,117.7,16.4,2016-10-16 09:00:00,80.0,157.5,964.0
WPAC,201624W,114.2,17.1,2016-10-17 00:00:00,75.0,182.5,967.0
WPAC,201624W,113.8,17.2,2016-10-17 03:00:00,75.0,186.2,967.0
WPAC,201624W,113.3,17.4,2016-10-17 06:00:00,75.0,190.0,967.0
WPAC,201624W,112.9,17.5,2016-10-17 09:00:00,75.0,193.8,967.0
WPAC,201624W,110.7,18.7,2016-10-18 00:00:00,75.0,165.0,967.0
WPAC,201624W,110.3,18.9,2016-10-18 03:00:00,70.0,155.0,971.0
WPAC,201624W,109.9,19.2,2016-10-18 06:00:00,65.0,145.0,974.0
WPAC,201624W,109.7,19.4,2016-10-18 09:00:00,60.0,125.0,981.0
WPAC,201624W,108.5,20.9,2016-10-19 00:00:00,30.0,0.0,1000.0
WPAC,201624W,108.2,21.4,2016-10-19 03:00:00,25.0,0.0,1003.0
WPAC,201624W,108.0,22.0,2016-10-19 06:00:00,20.0,0.0,1005.0
WPAC,201625W,143.5,8.6,2016-10-15 00:00:00,30.0,0.0,1000.0
WPAC,201625W,143.1,9.0,2016-10-15 03:00:00,35.0,38.8,997.0
WPAC,201625W,142.6,9.4,2016-10-15 06:00:00,40.0,77.5,993.0
WPAC,201625W,139.9,10.1,2016-10-15 21:00:00,58.0,110.0,980.0
WPAC,201625W,139.6,10.2,2016-10-16 00:00:00,60.0,115.0,978.0
WPAC,201625W,139.4,10.3,2016-10-16 03:00:00,63.0,118.8,976.0
WPAC,201625W,139.3,10.5,2016-10-16 06:00:00,65.0,122.5,974.0
WPAC,201625W,136.5,12.9,2016-10-17 00:00:00,95.0,160.0,952.0
WPAC,201625W,136.0,13.1,2016-10-17 03:00:00,100.0,167.5,948.0
WPAC,201625W,135.5,13.3,2016-10-17 06:00:00,105.0,175.0,944.0
WPAC,201625W,132.1,14.9,2016-10-18 00:00:00,130.0,182.5,926.0
WPAC,201625W,131.4,15.2,2016-10-18 03:00:00,133.0,182.5,924.0
WPAC,201625W,130.7,15.4,2016-10-18 06:00:00,135.0,182.5,922.0
WPAC,201625W,126.0,16.0,2016-10-19 00:00:00,140.0,192.5,918.0
WPAC,201625W,125.3,16.4,2016-10-19 03:00:00,138.0,192.5,922.0
WPAC,201625W,124.7,16.7,2016-10-19 06:00:00,135.0,192.5,925.0
WPAC,201625W,124.0,17.0,2016-10-19 09:00:00,128.0,197.5,932.0
WPAC,201625W,120.2,18.4,2016-10-20 00:00:00,95.0,227.5,959.0
WPAC,201625W,119.5,18.7,2016-10-20 03:00:00,90.0,228.8,959.0
WPAC,201625W,118.8,19.0,2016-10-20 06:00:00,85.0,230.0,959.0
WPAC,201625W,118.2,19.4,2016-10-20 09:00:00,83.0,205.0,961.0
WPAC,201625W,115.8,21.9,2016-10-21 00:00:00,70.0,135.0,970.0
WPAC,201625W,115.4,22.7,2016-10-21 03:00:00,65.0,135.0,974.0
WPAC,201625W,115.1,23.5,2016-10-21 06:00:00,60.0,135.0,978.0
WPAC,201625W,114.9,24.1,2016-10-21 09:00:00,55.0,133.8,982.0
WPAC,201625W,117.2,27.5,2016-10-22 00:00:00,20.0,0.0,1007.0
WPAC,201626W,138.4,12.8,2016-11-02 06:00:00,25.0,0.0,1004.0
WPAC,201626W,137.9,13.2,2016-11-03 00:00:00,25.0,0.0,1004.0
WPAC,201626W,138.1,13.2,2016-11-03 03:00:00,28.0,0.0,1002.0
WPAC,201626W,138.3,13.3,2016-11-03 06:00:00,30.0,0.0,1000.0
WPAC,201626W,138.7,14.8,2016-11-04 00:00:00,45.0,65.0,989.0
WPAC,201626W,138.9,15.2,2016-11-04 03:00:00,48.0,72.5,989.0
WPAC,201626W,139.1,15.5,2016-11-04 06:00:00,50.0,80.0,989.0
WPAC,201626W,139.9,17.2,2016-11-05 00:00:00,75.0,117.5,967.0
WPAC,201626W,140.2,17.4,2016-11-05 03:00:00,75.0,120.0,967.0
WPAC,201626W,140.5,17.5,2016-11-05 06:00:00,75.0,122.5,967.0
WPAC,201626W,142.7,19.5,2016-11-06 00:00:00,90.0,152.5,963.0
WPAC,201626W,143.2,20.1,2016-11-06 03:00:00,90.0,155.0,963.0
WPAC,201626W,143.7,20.8,2016-11-06 06:00:00,90.0,157.5,962.0
WPAC,201626W,146.6,25.6,2016-11-06 21:00:00,65.0,198.8,974.0
WPAC,201626W,147.0,27.0,2016-11-07 00:00:00,60.0,210.0,978.0
WPAC,201626W,147.4,27.8,2016-11-07 03:00:00,58.0,215.0,980.0
WPAC,201626W,147.8,28.6,2016-11-07 06:00:00,55.0,220.0,982.0
WPAC,201627W,160.7,13.2,2016-11-08 21:00:00,20.0,0.0,1007.0
WPAC,201627W,160.4,13.5,2016-11-09 00:00:00,20.0,0.0,1007.0
WPAC,201627W,160.0,13.9,2016-11-09 03:00:00,25.0,0.0,1004.0
WPAC,201627W,159.6,14.3,2016-11-09 06:00:00,30.0,0.0,1000.0
WPAC,201627W,157.1,16.6,2016-11-09 21:00:00,35.0,35.0,996.0
WPAC,201627W,156.7,16.8,2016-11-10 00:00:00,35.0,35.0,996.0
WPAC,201627W,156.1,17.0,2016-11-10 03:00:00,33.0,17.5,998.0
WPAC,201627W,155.4,17.2,2016-11-10 06:00:00,30.0,0.0,1000.0
WPAC,201627W,152.4,18.3,2016-11-10 21:00:00,30.0,0.0,1000.0
WPAC,201627W,151.8,18.6,2016-11-11 00:00:00,30.0,0.0,1000.0
WPAC,201627W,151.1,19.0,2016-11-11 03:00:00,28.0,0.0,1002.0
WPAC,201627W,150.3,19.3,2016-11-11 06:00:00,25.0,0.0,1004.0
WPAC,201628W,170.0,10.8,2016-11-10 00:00:00,20.0,0.0,1009.0
WPAC,201628W,169.3,10.8,2016-11-10 03:00:00,20.0,0.0,1009.0
WPAC,201628W,168.6,10.8,2016-11-10 06:00:00,20.0,0.0,1009.0
WPAC,201628W,164.8,9.9,2016-11-10 21:00:00,25.0,0.0,1004.0
WPAC,201628W,163.7,9.8,2016-11-11 00:00:00,25.0,0.0,1004.0
WPAC,201628W,163.1,9.7,2016-11-11 03:00:00,23.0,0.0,1006.0
WPAC,201628W,162.5,9.5,2016-11-11 06:00:00,20.0,0.0,1007.0
WPAC,201629W,127.8,9.5,2016-11-24 00:00:00,25.0,0.0,1004.0
WPAC,201629W,127.3,9.7,2016-11-24 03:00:00,28.0,0.0,1002.0
WPAC,201629W,126.8,9.9,2016-11-24 06:00:00,30.0,0.0,1000.0
WPAC,201629W,122.5,11.3,2016-11-25 00:00:00,45.0,50.0,989.0
WPAC,201629W,122.0,11.4,2016-11-25 03:00:00,48.0,52.5,987.0
WPAC,201629W,121.5,11.4,2016-11-25 06:00:00,50.0,55.0,985.0
WPAC,201629W,121.2,11.6,2016-11-25 09:00:00,50.0,56.2,985.0
WPAC,201629W,118.7,13.3,2016-11-26 00:00:00,75.0,60.0,967.0
WPAC,201629W,118.3,13.6,2016-11-26 03:00:00,70.0,61.2,971.0
WPAC,201629W,117.9,13.9,2016-11-26 06:00:00,65.0,62.5,974.0
WPAC,201629W,117.7,14.2,2016-11-26 09:00:00,63.0,62.5,976.0
WPAC,201629W,117.6,15.7,2016-11-27 00:00:00,75.0,65.0,967.0
WPAC,201629W,117.8,16.1,2016-11-27 03:00:00,78.0,58.8,965.0
WPAC,201629W,118.1,16.6,2016-11-27 06:00:00,80.0,52.5,963.0
WPAC,201629W,118.2,16.9,2016-11-27 09:00:00,65.0,48.8,974.0
WPAC,201629W,118.7,17.1,2016-11-28 00:00:00,25.0,0.0,1004.0
WPAC,201630W,142.5,6.2,2016-12-21 00:00:00,30.0,0.0,1000.0
WPAC,201630W,142.1,6.4,2016-12-21 03:00:00,30.0,0.0,1000.0
WPAC,201630W,141.7,6.6,2016-12-21 06:00:00,30.0,0.0,1000.0
WPAC,201630W,139.1,8.8,2016-12-22 00:00:00,40.0,80.0,1002.0
WPAC,201630W,138.5,9.1,2016-12-22 03:00:00,43.0,81.2,996.0
WPAC,201630W,137.9,9.4,2016-12-22 06:00:00,45.0,82.5,989.0
WPAC,201630W,133.2,11.8,2016-12-23 00:00:00,55.0,95.0,994.0
WPAC,201630W,132.7,12.0,2016-12-23 03:00:00,60.0,95.0,984.0
WPAC,201630W,132.2,12.2,2016-12-23 06:00:00,65.0,95.0,974.0
WPAC,201630W,128.9,13.1,2016-12-24 00:00:00,110.0,110.0,935.0
WPAC,201630W,128.6,13.2,2016-12-24 03:00:00,115.0,116.2,934.0
WPAC,201630W,128.2,13.3,2016-12-24 06:00:00,120.0,122.5,933.0
WPAC,201630W,125.9,13.5,2016-12-25 00:00:00,140.0,107.5,918.0
WPAC,201630W,125.5,13.5,2016-12-25 03:00:00,138.0,106.2,920.0
WPAC,201630W,125.0,13.5,2016-12-25 06:00:00,135.0,105.0,922.0
WPAC,201630W,124.5,13.5,2016-12-25 09:00:00,128.0,102.5,928.0
WPAC,201630W,121.3,13.3,2016-12-26 00:00:00,85.0,92.5,959.0
WPAC,201630W,120.6,13.7,2016-12-26 03:00:00,80.0,88.8,963.0
WPAC,201630W,119.9,14.0,2016-12-26 06:00:00,75.0,85.0,967.0
WPAC,201630W,119.4,14.2,2016-12-26 09:00:00,73.0,83.8,976.0
WPAC,201630W,116.6,14.9,2016-12-27 00:00:00,55.0,90.0,982.0
WPAC,201630W,116.3,14.8,2016-12-27 03:00:00,53.0,83.8,984.0
WPAC,201630W,116.1,14.7,2016-12-27 06:00:00,50.0,77.5,985.0
WPAC,201630W,115.8,14.4,2016-12-27 09:00:00,43.0,76.2,991.0
WPAC,201630W,113.3,12.9,2016-12-28 00:00:00,25.0,0.0,1007.0
WPAC,201630W,112.8,12.4,2016-12-28 03:00:00,23.0,0.0,1007.0
WPAC,201630W,112.3,11.9,2016-12-28 06:00:00,20.0,0.0,1007.0
