SID,SEASON,BASIN,SUBBASIN,NAME,ISO_TIME,NATURE,LAT,LON,WIND_KTS,WIND_SOURCE,PRESSURE_MB,PRESSURE_SOURCE
2003129N05091,2003,NI,BB,UNNAMED,2003-05-08 12:00:00,TS,5.0,91.3,15.0,USA,1006.0,USA
2003129N05091,2003,NI,BB,UNNAMED,2003-05-08 15:00:00,TS,4.9,91.3,18.0,USA,1005.0,USA
2003129N05091,2003,NI,BB,UNNAMED,2003-05-08 18:00:00,TS,4.8,91.2,20.0,USA,1004.0,USA
2003129N05091,2003,NI,BB,UNNAMED,2003-05-08 21:00:00,TS,4.7,91.2,20.0,USA,1004.0,USA
2003129N05091,2003,NI,BB,UNNAMED,2003-05-09 00:00:00,TS,4.5,91.1,20.0,USA,1004.0,USA
2003129N05091,2003,NI,BB,UNNAMED,2003-05-09 03:00:00,TS,4.3,91.1,23.0,USA,1003.0,USA
2003129N05091,2003,NI,BB,UNNAMED,2003-05-09 06:00:00,TS,4.2,91.0,25.0,USA,1002.0,USA
2003129N05091,2003,NI,BB,UNNAMED,2003-05-09 09:00:00,TS,4.2,90.9,25.0,USA,1002.0,USA
2003129N05091,2003,NI,BB,UNNAMED,2003-05-09 12:00:00,TS,4.4,90.7,25.0,USA,1002.0,USA
2003129N05091,2003,NI,BB,UNNAMED,2003-05-09 15:00:00,TS,4.7,90.5,25.0,USA,1002.0,USA
2003129N05091,2003,NI,BB,UNNAMED,2003-05-09 18:00:00,TS,5.1,90.4,25.0,USA,1002.0,USA
2003129N05091,2003,NI,BB,UNNAMED,2003-05-09 21:00:00,TS,5.5,90.3,25.0,USA,1002.0,USA
2003129N05091,2003,NI,BB,UNNAMED,2003-05-10 00:00:00,TS,6.0,90.2,25.0,USA,1002.0,USA
2003129N05091,2003,NI,BB,UNNAMED,2003-05-10 03:00:00,TS,6.4,90.2,25.0,USA,1002.0,USA
2003129N05091,2003,NI,BB,UNNAMED,2003-05-10 06:00:00,TS,6.6,90.1,25.0,USA,1002.0,USA
2003129N05091,2003,NI,BB,UNNAMED,2003-05-10 09:00:00,TS,7.2,90.1,28.0,USA,1001.0,USA
2003129N05091,2003,NI,BB,UNNAMED,2003-05-10 12:00:00,TS,7.9,89.5,30.0,USA,1000.0,USA
2003129N05091,2003,NI,BB,UNNAMED,2003-05-10 15:00:00,TS,8.1,89.3,33.0,USA,999.0,USA
2003129N05091,2003,NI,BB,UNNAMED,2003-05-10 18:00:00,TS,8.6,88.9,35.0,USA,997.0,USA
2003129N05091,2003,NI,BB,UNNAMED,2003-05-10 21:00:00,TS,8.8,88.7,40.0,USA,994.0,USA
2003129N05091,2003,NI,BB,UNNAMED,2003-05-11 00:00:00,TS,9.3,88.3,45.0,USA,991.0,USA
2003129N05091,2003,NI,BB,UNNAMED,2003-05-11 03:00:00,TS,9.8,87.6,50.0,USA,988.0,USA
2003129N05091,2003,NI,BB,UNNAMED,2003-05-11 06:00:00,TS,10.2,87.2,55.0,USA,984.0,USA
2003129N05091,2003,NI,BB,UNNAMED,2003-05-11 09:00:00,TS,10.3,87.0,58.0,USA,982.0,USA
2003129N05091,2003,NI,BB,UNNAMED,2003-05-11 12:00:00,TS,10.6,86.7,60.0,USA,980.0,USA
2003129N05091,2003,NI,BB,UNNAMED,2003-05-11 15:00:00,TS,10.6,86.5,60.0,USA,980.0,USA
2003129N05091,2003,NI,BB,UNNAMED,2003-05-11 18:00:00,TS,10.9,86.2,60.0,USA,980.0,USA
2003129N05091,2003,NI,BB,UNNAMED,2003-05-11 21:00:00,TS,10.8,86.2,60.0,USA,980.0,USA
2003129N05091,2003,NI,BB,UNNAMED,2003-05-12 00:00:00,TS,10.7,86.2,60.0,USA,980.0,USA
2003129N05091,2003,NI,BB,UNNAMED,2003-05-12 03:00:00,TS,10.8,86.2,58.0,USA,982.0,USA
2003129N05091,2003,NI,BB,UNNAMED,2003-05-12 06:00:00,TS,11.0,86.2,55.0,USA,984.0,USA
2003129N05091,2003,NI,BB,UNNAMED,2003-05-12 09:00:00,TS,11.1,86.3,55.0,USA,984.0,USA
2003129N05091,2003,NI,BB,UNNAMED,2003-05-12 12:00:00,TS,11.4,86.1,55.0,USA,984.0,USA
2003129N05091,2003,NI,BB,UNNAMED,2003-05-12 15:00:00,TS,11.5,86.2,55.0,USA,984.0,USA
2003129N05091,2003,NI,BB,UNNAMED,2003-05-12 18:00:00,TS,11.7,86.2,55.0,USA,984.0,USA
2003129N05091,2003,NI,BB,UNNAMED,2003-05-12 21:00:00,TS,11.8,86.1,55.0,USA,984.0,USA
2003129N05091,2003,NI,BB,UNNAMED,2003-05-13 00:00:00,TS,11.9,86.0,55.0,USA,984.0,USA
2003129N05091,2003,NI,BB,UNNAMED,2003-05-13 03:00:00,TS,12.2,85.6,55.0,USA,984.0,USA
2003129N05091,2003,NI,BB,UNNAMED,2003-05-13 06:00:00,TS,12.5,85.6,55.0,USA,984.0,USA
2003129N05091,2003,NI,BB,UNNAMED,2003-05-13 09:00:00,TS,12.6,85.5,53.0,USA,986.0,USA
2003129N05091,2003,NI,BB,UNNAMED,2003-05-13 12:00:00,TS,12.7,85.5,50.0,USA,987.0,USA
2003129N05091,2003,NI,BB,UNNAMED,2003-05-13 15:00:00,TS,12.8,85.5,53.0,USA,986.0,USA
2003129N05091,2003,NI,BB,UNNAMED,2003-05-13 18:00:00,TS,13.1,85.5,55.0,USA,984.0,USA
2003129N05091,2003,NI,BB,UNNAMED,2003-05-13 21:00:00,TS,13.2,85.4,50.0,USA,988.0,USA
2003129N05091,2003,NI,BB,UNNAMED,2003-05-14 00:00:00,TS,13.6,85.5,45.0,USA,991.0,USA
2003129N05091,2003,NI,BB,UNNAMED,2003-05-14 03:00:00,TS,14.0,85.5,45.0,USA,991.0,USA
2003129N05091,2003,NI,BB,UNNAMED,2003-05-14 06:00:00,TS,14.1,85.5,45.0,USA,991.0,USA
2003129N05091,2003,NI,BB,UNNAMED,2003-05-14 09:00:00,TS,14.4,85.8,43.0,USA,993.0,USA
2003129N05091,2003,NI,BB,UNNAMED,2003-05-14 12:00:00,TS,14.5,86.0,40.0,USA,994.0,USA
2003129N05091,2003,NI,BB,UNNAMED,2003-05-14 15:00:00,TS,14.6,86.1,38.0,USA,996.0,USA
2003129N05091,2003,NI,BB,UNNAMED,2003-05-14 18:00:00,TS,14.6,86.1,35.0,USA,997.0,USA
2003129N05091,2003,NI,BB,UNNAMED,2003-05-14 21:00:00,TS,14.6,86.3,35.0,USA,997.0,USA
2003129N05091,2003,NI,BB,UNNAMED,2003-05-15 00:00:00,TS,14.7,86.2,35.0,USA,997.0,USA
2003129N05091,2003,NI,BB,UNNAMED,2003-05-15 03:00:00,TS,14.6,86.1,35.0,USA,997.0,USA
2003129N05091,2003,NI,BB,UNNAMED,2003-05-15 06:00:00,TS,14.5,86.1,35.0,USA,997.0,USA
2003129N05091,2003,NI,BB,UNNAMED,2003-05-15 09:00:00,TS,14.4,86.2,35.0,USA,997.0,USA
2003129N05091,2003,NI,BB,UNNAMED,2003-05-15 12:00:00,TS,14.4,86.3,35.0,USA,997.0,USA
2003129N05091,2003,NI,BB,UNNAMED,2003-05-15 15:00:00,TS,14.4,86.3,35.0,USA,997.0,USA
2003129N05091,2003,NI,BB,UNNAMED,2003-05-15 18:00:00,TS,14.5,86.4,35.0,USA,997.0,USA
2003129N05091,2003,NI,BB,UNNAMED,2003-05-15 21:00:00,TS,14.5,86.5,38.0,USA,996.0,USA
2003129N05091,2003,NI,BB,UNNAMED,2003-05-16 00:00:00,TS,14.5,86.6,40.0,USA,994.0,USA
2003129N05091,2003,NI,BB,UNNAMED,2003-05-16 03:00:00,TS,14.4,86.8,43.0,USA,993.0,USA
2003129N05091,2003,NI,BB,UNNAMED,2003-05-16 06:00:00,TS,14.4,86.8,45.0,USA,991.0,USA
2003129N05091,2003,NI,BB,UNNAMED,2003-05-16 09:00:00,TS,14.3,86.7,45.0,USA,991.0,USA
2003129N05091,2003,NI,BB,UNNAMED,2003-05-16 12:00:00,TS,14.3,86.9,45.0,USA,991.0,USA
2003129N05091,2003,NI,BB,UNNAMED,2003-05-16 15:00:00,TS,14.2,86.9,43.0,USA,993.0,USA
2003129N05091,2003,NI,BB,UNNAMED,2003-05-16 18:00:00,TS,14.1,86.9,40.0,USA,994.0,USA
2003129N05091,2003,NI,BB,UNNAMED,2003-05-16 21:00:00,TS,14.0,87.0,40.0,USA,994.0,USA
2003129N05091,2003,NI,BB,UNNAMED,2003-05-17 00:00:00,TS,13.9,87.2,40.0,USA,994.0,USA
2003129N05091,2003,NI,BB,UNNAMED,2003-05-17 03:00:00,TS,13.8,87.7,40.0,USA,994.0,USA
2003129N05091,2003,NI,BB,UNNAMED,2003-05-17 06:00:00,TS,13.8,87.9,40.0,USA,994.0,USA
2003129N05091,2003,NI,BB,UNNAMED,2003-05-17 09:00:00,TS,13.8,88.1,40.0,USA,994.0,USA
2003129N05091,2003,NI,BB,UNNAMED,2003-05-17 12:00:00,TS,13.9,88.7,40.0,USA,994.0,USA
2003129N05091,2003,NI,BB,UNNAMED,2003-05-17 15:00:00,TS,14.0,89.1,35.0,USA,997.0,USA
2003129N05091,2003,NI,BB,UNNAMED,2003-05-17 18:00:00,TS,14.1,89.6,30.0,USA,1000.0,USA
2003129N05091,2003,NI,BB,UNNAMED,2003-05-17 21:00:00,TS,14.2,90.1,30.0,USA,1000.0,USA
2003129N05091,2003,NI,BB,UNNAMED,2003-05-18 00:00:00,TS,14.4,90.5,30.0,USA,1000.0,USA
2003129N05091,2003,NI,BB,UNNAMED,2003-05-18 03:00:00,TS,14.6,90.9,30.0,USA,1000.0,USA
2003129N05091,2003,NI,BB,UNNAMED,2003-05-18 06:00:00,TS,14.9,91.0,30.0,USA,1000.0,USA
2003129N05091,2003,NI,BB,UNNAMED,2003-05-18 09:00:00,TS,15.0,91.2,30.0,USA,1000.0,USA
2003129N05091,2003,NI,BB,UNNAMED,2003-05-18 12:00:00,TS,15.2,91.7,30.0,USA,1000.0,USA
2003129N05091,2003,NI,BB,UNNAMED,2003-05-18 15:00:00,TS,15.4,91.8,30.0,USA,1000.0,USA
2003129N05091,2003,NI,BB,UNNAMED,2003-05-18 18:00:00,TS,15.9,92.3,30.0,USA,1000.0,USA
2003129N05091,2003,NI,BB,UNNAMED,2003-05-18 21:00:00,TS,16.3,92.3,33.0,USA,999.0,USA
2003129N05091,2003,NI,BB,UNNAMED,2003-05-19 00:00:00,TS,16.8,92.6,35.0,USA,997.0,USA
2003129N05091,2003,NI,BB,UNNAMED,2003-05-19 03:00:00,TS,17.2,92.9,40.0,USA,994.0,USA
2003129N05091,2003,NI,BB,UNNAMED,2003-05-19 06:00:00,TS,17.9,93.2,45.0,USA,991.0,USA
2003129N05091,2003,NI,BB,UNNAMED,2003-05-19 09:00:00,TS,18.3,93.2,45.0,USA,991.0,USA
2003129N05091,2003,NI,BB,UNNAMED,2003-05-19 12:00:00,TS,18.7,93.6,45.0,USA,991.0,USA
2003129N05091,2003,NI,BB,UNNAMED,2003-05-19 15:00:00,TS,19.2,93.7,43.0,USA,993.0,USA
2003129N05091,2003,NI,BB,UNNAMED,2003-05-19 18:00:00,TS,19.6,94.0,40.0,USA,994.0,USA
2003129N05091,2003,NI,BB,UNNAMED,2003-05-19 21:00:00,TS,20.0,94.5,,MISSING,,MISSING
2003206N21089,2003,NI,BB,UNNAMED,2003-07-25 03:00:00,TS,21.0,89.0,25.0,NEWDELHI,992.0,NEWDELHI
2003206N21089,2003,NI,BB,UNNAMED,2003-07-25 06:00:00,TS,21.2,88.7,27.0,NEWDELHI,991.0,NEWDELHI
2003206N21089,2003,NI,BB,UNNAMED,2003-07-25 09:00:00,TS,21.3,88.3,28.0,NEWDELHI,989.0,NEWDELHI
2003206N21089,2003,NI,BB,UNNAMED,2003-07-25 12:00:00,TS,21.5,88.0,30.0,NEWDELHI,988.0,NEWDELHI
2003206N21089,2003,NI,BB,UNNAMED,2003-07-25 15:00:00,TS,21.6,87.7,,MISSING,,MISSING
2003206N21089,2003,NI,BB,UNNAMED,2003-07-25 18:00:00,TS,21.8,87.3,,MISSING,,MISSING
2003206N21089,2003,NI,BB,UNNAMED,2003-07-25 21:00:00,TS,21.9,87.0,,MISSING,,MISSING
2003206N21089,2003,NI,BB,UNNAMED,2003-07-26 00:00:00,TS,21.9,86.5,,MISSING,,MISSING
2003206N21089,2003,NI,BB,UNNAMED,2003-07-26 03:00:00,TS,22.0,86.0,30.0,NEWDELHI,990.0,NEWDELHI
2003206N21089,2003,NI,BB,UNNAMED,2003-07-26 06:00:00,TS,22.0,85.4,30.0,NEWDELHI,989.0,NEWDELHI
2003206N21089,2003,NI,BB,UNNAMED,2003-07-26 09:00:00,TS,22.0,84.7,30.0,NEWDELHI,989.0,NEWDELHI
2003206N21089,2003,NI,BB,UNNAMED,2003-07-26 12:00:00,TS,22.0,84.0,30.0,NEWDELHI,988.0,NEWDELHI
2003206N21089,2003,NI,BB,UNNAMED,2003-07-26 15:00:00,TS,22.0,83.3,,MISSING,,MISSING
2003206N21089,2003,NI,BB,UNNAMED,2003-07-26 18:00:00,TS,22.1,82.5,,MISSING,,MISSING
2003206N21089,2003,NI,BB,UNNAMED,2003-07-26 21:00:00,TS,22.2,81.7,,MISSING,,MISSING
2003206N21089,2003,NI,BB,UNNAMED,2003-07-27 00:00:00,TS,22.4,80.8,,MISSING,,MISSING
2003206N21089,2003,NI,BB,UNNAMED,2003-07-27 03:00:00,TS,22.5,80.0,25.0,NEWDELHI,992.0,NEWDELHI
2003206N21089,2003,NI,BB,UNNAMED,2003-07-27 06:00:00,TS,22.7,79.1,25.0,NEWDELHI,992.0,NEWDELHI
2003206N21089,2003,NI,BB,UNNAMED,2003-07-27 09:00:00,TS,22.8,78.2,25.0,NEWDELHI,992.0,NEWDELHI
2003206N21089,2003,NI,AS,UNNAMED,2003-07-27 12:00:00,TS,23.0,77.5,25.0,NEWDELHI,992.0,NEWDELHI
2003206N21089,2003,NI,AS,UNNAMED,2003-07-27 15:00:00,TS,23.2,77.0,,MISSING,,MISSING
2003206N21089,2003,NI,AS,UNNAMED,2003-07-27 18:00:00,TS,23.4,76.7,,MISSING,,MISSING
2003206N21089,2003,NI,AS,UNNAMED,2003-07-27 21:00:00,TS,23.6,76.6,,MISSING,,MISSING
2003206N21089,2003,NI,AS,UNNAMED,2003-07-28 00:00:00,TS,23.8,76.5,,MISSING,,MISSING
2003206N21089,2003,NI,AS,UNNAMED,2003-07-28 03:00:00,TS,24.0,76.5,25.0,NEWDELHI,994.0,NEWDELHI
2003240N21089,2003,NI,BB,UNNAMED,2003-08-27 12:00:00,TS,20.5,88.5,25.0,NEWDELHI,996.0,NEWDELHI
2003240N21089,2003,NI,BB,UNNAMED,2003-08-27 15:00:00,TS,20.6,87.9,,MISSING,,MISSING
2003240N21089,2003,NI,BB,UNNAMED,2003-08-27 18:00:00,TS,20.7,87.3,,MISSING,,MISSING
2003240N21089,2003,NI,BB,UNNAMED,2003-08-27 21:00:00,TS,20.8,86.7,,MISSING,,MISSING
2003240N21089,2003,NI,BB,UNNAMED,2003-08-28 00:00:00,TS,20.9,86.1,,MISSING,,MISSING
2003240N21089,2003,NI,BB,UNNAMED,2003-08-28 03:00:00,TS,21.0,85.5,25.0,NEWDELHI,996.0,NEWDELHI
2003240N21089,2003,NI,BB,UNNAMED,2003-08-28 06:00:00,TS,21.0,85.5,25.0,NEWDELHI,996.0,NEWDELHI
2003240N21089,2003,NI,BB,UNNAMED,2003-08-28 09:00:00,TS,21.0,85.5,25.0,NEWDELHI,996.0,NEWDELHI
2003240N21089,2003,NI,BB,UNNAMED,2003-08-28 12:00:00,TS,21.0,85.5,25.0,NEWDELHI,996.0,NEWDELHI
2003279N17084,2003,NI,BB,UNNAMED,2003-10-06 03:00:00,TS,16.5,84.0,25.0,NEWDELHI,998.0,NEWDELHI
2003279N17084,2003,NI,BB,UNNAMED,2003-10-06 06:00:00,TS,16.7,84.0,25.0,NEWDELHI,998.0,NEWDELHI
2003279N17084,2003,NI,BB,UNNAMED,2003-10-06 09:00:00,TS,17.0,84.0,25.0,NEWDELHI,998.0,NEWDELHI
2003279N17084,2003,NI,BB,UNNAMED,2003-10-06 12:00:00,TS,17.5,84.0,25.0,NEWDELHI,998.0,NEWDELHI
2003279N17084,2003,NI,BB,UNNAMED,2003-10-06 15:00:00,TS,17.9,83.9,,MISSING,,MISSING
2003279N17084,2003,NI,BB,UNNAMED,2003-10-06 18:00:00,TS,18.3,83.7,,MISSING,,MISSING
2003279N17084,2003,NI,BB,UNNAMED,2003-10-06 21:00:00,TS,18.6,83.4,,MISSING,,MISSING
2003279N17084,2003,NI,BB,UNNAMED,2003-10-07 00:00:00,TS,18.9,83.2,,MISSING,,MISSING
2003279N17084,2003,NI,BB,UNNAMED,2003-10-07 03:00:00,TS,19.0,83.0,25.0,NEWDELHI,998.0,NEWDELHI
2003279N17084,2003,NI,BB,UNNAMED,2003-10-07 06:00:00,TS,19.0,83.0,25.0,NEWDELHI,998.0,NEWDELHI
2003279N17084,2003,NI,BB,UNNAMED,2003-10-07 09:00:00,TS,19.0,83.0,25.0,NEWDELHI,998.0,NEWDELHI
2003279N17084,2003,NI,BB,UNNAMED,2003-10-07 12:00:00,TS,19.0,83.0,25.0,NEWDELHI,998.0,NEWDELHI
2003279N17084,2003,NI,BB,UNNAMED,2003-10-07 15:00:00,TS,19.3,82.8,,MISSING,,MISSING
2003279N17084,2003,NI,BB,UNNAMED,2003-10-07 18:00:00,TS,19.7,82.6,,MISSING,,MISSING
2003279N17084,2003,NI,BB,UNNAMED,2003-10-07 21:00:00,TS,20.2,82.4,,MISSING,,MISSING
2003279N17084,2003,NI,BB,UNNAMED,2003-10-08 00:00:00,TS,20.6,82.3,,MISSING,,MISSING
2003279N17084,2003,NI,BB,UNNAMED,2003-10-08 03:00:00,TS,21.0,82.5,25.0,NEWDELHI,998.0,NEWDELHI
2003279N17084,2003,NI,BB,UNNAMED,2003-10-08 06:00:00,TS,21.2,83.1,25.0,NEWDELHI,999.0,NEWDELHI
2003279N17084,2003,NI,BB,UNNAMED,2003-10-08 09:00:00,TS,21.3,83.8,25.0,NEWDELHI,999.0,NEWDELHI
2003279N17084,2003,NI,BB,UNNAMED,2003-10-08 12:00:00,TS,21.5,84.5,25.0,NEWDELHI,1000.0,NEWDELHI
2003279N17084,2003,NI,BB,UNNAMED,2003-10-08 15:00:00,TS,21.8,84.9,,MISSING,,MISSING
2003279N17084,2003,NI,BB,UNNAMED,2003-10-08 18:00:00,TS,22.1,85.3,,MISSING,,MISSING
2003279N17084,2003,NI,BB,UNNAMED,2003-10-08 21:00:00,TS,22.6,85.5,,MISSING,,MISSING
2003279N17084,2003,NI,BB,UNNAMED,2003-10-09 00:00:00,TS,23.0,85.8,,MISSING,,MISSING
2003279N17084,2003,NI,BB,UNNAMED,2003-10-09 03:00:00,TS,23.5,86.0,25.0,NEWDELHI,1000.0,NEWDELHI
2003279N17084,2003,NI,BB,UNNAMED,2003-10-09 06:00:00,TS,24.0,86.3,25.0,NEWDELHI,1000.0,NEWDELHI
2003279N17084,2003,NI,BB,UNNAMED,2003-10-09 09:00:00,TS,24.5,86.6,25.0,NEWDELHI,1000.0,NEWDELHI
2003279N17084,2003,NI,BB,UNNAMED,2003-10-09 12:00:00,TS,25.0,87.0,25.0,NEWDELHI,1000.0,NEWDELHI
2003295N09101,2003,WP,MM,UNNAMED,2003-10-21 12:00:00,TS,9.1,101.4,25.0,USA,1002.0,USA
2003295N09101,2003,WP,MM,UNNAMED,2003-10-21 15:00:00,TS,9.3,101.4,25.0,USA,1002.0,USA
2003295N09101,2003,WP,MM,UNNAMED,2003-10-21 18:00:00,TS,9.4,101.4,25.0,USA,1002.0,USA
2003295N09101,2003,WP,MM,UNNAMED,2003-10-21 21:00:00,TS,9.5,101.4,25.0,USA,1002.0,USA
2003295N09101,2003,WP,MM,UNNAMED,2003-10-22 00:00:00,TS,9.5,101.4,25.0,USA,1002.0,USA
2003295N09101,2003,WP,MM,UNNAMED,2003-10-22 03:00:00,TS,9.5,101.4,25.0,USA,1002.0,USA
2003295N09101,2003,WP,MM,UNNAMED,2003-10-22 06:00:00,TS,9.6,101.4,25.0,USA,1002.0,USA
2003295N09101,2003,WP,MM,UNNAMED,2003-10-22 09:00:00,TS,9.6,101.4,28.0,USA,1001.0,USA
2003295N09101,2003,WP,MM,UNNAMED,2003-10-22 12:00:00,TS,9.7,101.3,30.0,USA,1000.0,USA
2003295N09101,2003,WP,MM,UNNAMED,2003-10-22 15:00:00,TS,9.8,101.3,28.0,USA,1001.0,USA
2003295N09101,2003,WP,MM,UNNAMED,2003-10-22 18:00:00,TS,9.9,101.3,25.0,USA,1002.0,USA
2003295N09101,2003,WP,MM,UNNAMED,2003-10-22 21:00:00,TS,10.0,101.2,25.0,USA,1002.0,USA
2003295N09101,2003,WP,MM,UNNAMED,2003-10-23 00:00:00,TS,10.1,101.1,25.0,USA,1002.0,USA
2003295N09101,2003,WP,MM,UNNAMED,2003-10-23 03:00:00,TS,10.2,101.0,25.0,USA,1002.0,USA
2003295N09101,2003,WP,MM,UNNAMED,2003-10-23 06:00:00,TS,10.4,101.0,25.0,USA,1002.0,USA
2003295N09101,2003,WP,MM,UNNAMED,2003-10-23 09:00:00,TS,10.5,101.0,25.0,USA,1002.0,USA
2003295N09101,2003,WP,MM,UNNAMED,2003-10-23 12:00:00,TS,10.7,101.0,25.0,USA,1002.0,USA
2003295N09101,2003,WP,MM,UNNAMED,2003-10-23 15:00:00,TS,10.8,101.1,25.0,USA,1002.0,USA
2003295N09101,2003,WP,MM,UNNAMED,2003-10-23 18:00:00,TS,11.0,101.1,25.0,USA,1002.0,USA
2003295N09101,2003,WP,MM,UNNAMED,2003-10-23 21:00:00,TS,11.2,101.1,25.0,USA,1002.0,USA
2003295N09101,2003,WP,MM,UNNAMED,2003-10-24 00:00:00,TS,11.4,101.0,25.0,USA,1002.0,USA
2003295N09101,2003,WP,MM,UNNAMED,2003-10-24 03:00:00,TS,11.5,100.9,25.0,USA,1002.0,USA
2003295N09101,2003,WP,MM,UNNAMED,2003-10-24 06:00:00,TS,11.7,100.8,25.0,USA,1002.0,USA
2003295N09101,2003,WP,MM,UNNAMED,2003-10-24 09:00:00,TS,11.9,100.6,25.0,USA,1002.0,USA
2003295N09101,2003,WP,MM,UNNAMED,2003-10-24 12:00:00,TS,12.1,100.3,25.0,USA,1002.0,USA
2003295N09101,2003,NI,BB,UNNAMED,2003-10-24 15:00:00,TS,12.3,100.0,25.0,USA,1002.0,USA
2003295N09101,2003,NI,BB,UNNAMED,2003-10-24 18:00:00,TS,12.5,99.6,25.0,USA,1002.0,USA
2003295N09101,2003,NI,BB,UNNAMED,2003-10-24 21:00:00,TS,12.5,99.1,25.0,USA,1002.0,USA
2003295N09101,2003,NI,BB,UNNAMED,2003-10-25 00:00:00,TS,12.4,98.6,25.0,USA,1002.0,USA
2003295N09101,2003,NI,BB,UNNAMED,2003-10-25 03:00:00,TS,12.4,98.0,25.0,USA,1002.0,USA
2003295N09101,2003,NI,BB,UNNAMED,2003-10-25 06:00:00,TS,12.5,97.4,25.0,USA,1002.0,USA
2003295N09101,2003,NI,BB,UNNAMED,2003-10-25 09:00:00,TS,12.8,96.8,25.0,USA,1002.0,USA
2003295N09101,2003,NI,BB,UNNAMED,2003-10-25 12:00:00,TS,13.1,96.2,25.0,USA,1002.0,USA
2003295N09101,2003,NI,BB,UNNAMED,2003-10-25 15:00:00,TS,13.2,95.6,25.0,USA,1002.0,USA
2003295N09101,2003,NI,BB,UNNAMED,2003-10-25 18:00:00,TS,13.2,95.1,25.0,USA,1002.0,USA
2003295N09101,2003,NI,BB,UNNAMED,2003-10-25 21:00:00,TS,13.2,94.6,25.0,USA,1002.0,USA
2003295N09101,2003,NI,BB,UNNAMED,2003-10-26 00:00:00,TS,13.2,94.1,25.0,USA,1002.0,USA
2003295N09101,2003,NI,BB,UNNAMED,2003-10-26 03:00:00,TS,13.2,93.7,25.0,USA,1002.0,USA
2003295N09101,2003,NI,BB,UNNAMED,2003-10-26 06:00:00,TS,13.3,93.3,25.0,USA,1002.0,USA
2003295N09101,2003,NI,BB,UNNAMED,2003-10-26 09:00:00,TS,13.4,92.9,25.0,USA,1002.0,USA
2003295N09101,2003,NI,BB,UNNAMED,2003-10-26 12:00:00,TS,13.5,92.3,25.0,USA,1002.0,USA
2003295N09101,2003,NI,BB,UNNAMED,2003-10-26 15:00:00,TS,13.6,91.8,28.0,USA,1001.0,USA
2003295N09101,2003,NI,BB,UNNAMED,2003-10-26 18:00:00,TS,13.7,91.2,30.0,USA,1000.0,USA
2003295N09101,2003,NI,BB,UNNAMED,2003-10-26 21:00:00,TS,13.9,90.7,33.0,USA,999.0,USA
2003295N09101,2003,NI,BB,UNNAMED,2003-10-27 00:00:00,TS,14.1,90.1,35.0,USA,997.0,USA
2003295N09101,2003,NI,BB,UNNAMED,2003-10-27 03:00:00,TS,14.3,89.6,35.0,USA,997.0,USA
2003295N09101,2003,NI,BB,UNNAMED,2003-10-27 06:00:00,TS,14.6,89.0,35.0,USA,997.0,USA
2003295N09101,2003,NI,BB,UNNAMED,2003-10-27 09:00:00,TS,14.8,88.2,35.0,USA,997.0,USA
2003295N09101,2003,NI,BB,UNNAMED,2003-10-27 12:00:00,TS,15.2,87.3,35.0,USA,997.0,USA
2003295N09101,2003,NI,BB,UNNAMED,2003-10-27 15:00:00,TS,15.6,86.4,35.0,USA,997.0,USA
2003295N09101,2003,NI,BB,UNNAMED,2003-10-27 18:00:00,TS,16.1,85.6,35.0,USA,997.0,USA
2003295N09101,2003,NI,BB,UNNAMED,2003-10-27 21:00:00,TS,16.7,85.0,35.0,USA,997.0,USA
2003295N09101,2003,NI,BB,UNNAMED,2003-10-28 00:00:00,TS,17.4,84.6,35.0,USA,997.0,USA
2003295N09101,2003,NI,BB,UNNAMED,2003-10-28 03:00:00,TS,17.9,84.2,33.0,USA,999.0,USA
2003295N09101,2003,NI,BB,UNNAMED,2003-10-28 06:00:00,TS,18.2,84.0,30.0,USA,1000.0,USA
2003295N09101,2003,NI,BB,UNNAMED,2003-10-28 09:00:00,TS,18.5,83.7,30.0,USA,1000.0,USA
2003295N09101,2003,NI,BB,UNNAMED,2003-10-28 12:00:00,TS,18.7,83.4,30.0,USA,1000.0,USA
2003315N09067,2003,NI,AS,UNNAMED,2003-11-10 12:00:00,TS,8.7,67.1,15.0,USA,1006.0,USA
2003315N09067,2003,NI,AS,UNNAMED,2003-11-10 15:00:00,TS,8.6,66.8,15.0,USA,1006.0,USA
2003315N09067,2003,NI,AS,UNNAMED,2003-11-10 18:00:00,TS,8.5,66.4,15.0,USA,1006.0,USA
2003315N09067,2003,NI,AS,UNNAMED,2003-11-10 21:00:00,TS,8.4,66.0,15.0,USA,1006.0,USA
2003315N09067,2003,NI,AS,UNNAMED,2003-11-11 00:00:00,TS,8.3,65.7,15.0,USA,1006.0,USA
2003315N09067,2003,NI,AS,UNNAMED,2003-11-11 03:00:00,TS,8.2,65.4,15.0,USA,1006.0,USA
2003315N09067,2003,NI,AS,UNNAMED,2003-11-11 06:00:00,TS,8.0,65.1,15.0,USA,1006.0,USA
2003315N09067,2003,NI,AS,UNNAMED,2003-11-11 09:00:00,TS,7.8,64.7,15.0,USA,1006.0,USA
2003315N09067,2003,NI,AS,UNNAMED,2003-11-11 12:00:00,TS,7.6,64.2,15.0,USA,1006.0,USA
2003315N09067,2003,NI,AS,UNNAMED,2003-11-11 15:00:00,TS,7.4,63.6,15.0,USA,1006.0,USA
2003315N09067,2003,NI,AS,UNNAMED,2003-11-11 18:00:00,TS,7.1,63.0,15.0,USA,1006.0,USA
2003315N09067,2003,NI,AS,UNNAMED,2003-11-11 21:00:00,TS,6.8,62.3,18.0,USA,1005.0,USA
2003315N09067,2003,NI,AS,UNNAMED,2003-11-12 00:00:00,TS,6.5,61.6,20.0,USA,1004.0,USA
2003315N09067,2003,NI,AS,UNNAMED,2003-11-12 03:00:00,TS,6.3,61.1,23.0,USA,1003.0,USA
2003315N09067,2003,NI,AS,UNNAMED,2003-11-12 06:00:00,TS,6.3,60.6,25.0,USA,1002.0,USA
2003315N09067,2003,NI,AS,UNNAMED,2003-11-12 09:00:00,TS,6.3,60.2,28.0,USA,1001.0,USA
2003315N09067,2003,NI,AS,UNNAMED,2003-11-12 12:00:00,TS,6.3,59.8,30.0,USA,1000.0,USA
2003315N09067,2003,NI,AS,UNNAMED,2003-11-12 15:00:00,TS,6.3,59.5,38.0,USA,996.0,USA
2003315N09067,2003,NI,AS,UNNAMED,2003-11-12 18:00:00,TS,6.3,59.2,45.0,USA,991.0,USA
2003315N09067,2003,NI,AS,UNNAMED,2003-11-12 21:00:00,TS,6.4,58.8,50.0,USA,988.0,USA
2003315N09067,2003,NI,AS,UNNAMED,2003-11-13 00:00:00,TS,6.4,58.4,55.0,USA,984.0,USA
2003315N09067,2003,NI,AS,UNNAMED,2003-11-13 03:00:00,TS,6.4,58.3,58.0,USA,982.0,USA
2003315N09067,2003,NI,AS,UNNAMED,2003-11-13 06:00:00,TS,6.4,58.1,60.0,USA,980.0,USA
2003315N09067,2003,NI,AS,UNNAMED,2003-11-13 09:00:00,TS,6.2,57.8,63.0,USA,978.0,USA
2003315N09067,2003,NI,AS,UNNAMED,2003-11-13 12:00:00,TS,6.1,57.6,65.0,USA,976.0,USA
2003315N09067,2003,NI,AS,UNNAMED,2003-11-13 15:00:00,TS,6.1,57.2,68.0,USA,974.0,USA
2003315N09067,2003,NI,AS,UNNAMED,2003-11-13 18:00:00,TS,6.1,57.0,70.0,USA,972.0,USA
2003315N09067,2003,NI,AS,UNNAMED,2003-11-13 21:00:00,TS,6.0,56.8,73.0,USA,970.0,USA
2003315N09067,2003,NI,AS,UNNAMED,2003-11-14 00:00:00,TS,6.0,56.4,75.0,USA,967.0,USA
2003315N09067,2003,NI,AS,UNNAMED,2003-11-14 03:00:00,TS,5.9,56.2,78.0,USA,965.0,USA
2003315N09067,2003,NI,AS,UNNAMED,2003-11-14 06:00:00,TS,5.6,55.6,80.0,USA,963.0,USA
2003315N09067,2003,NI,AS,UNNAMED,2003-11-14 09:00:00,TS,5.7,55.4,73.0,USA,970.0,USA
2003315N09067,2003,NI,AS,UNNAMED,2003-11-14 12:00:00,TS,5.8,55.2,65.0,USA,976.0,USA
2003315N09067,2003,NI,AS,UNNAMED,2003-11-14 15:00:00,TS,5.8,55.0,58.0,USA,982.0,USA
2003315N09067,2003,NI,AS,UNNAMED,2003-11-14 18:00:00,TS,5.9,54.8,50.0,USA,987.0,USA
2003315N09067,2003,NI,AS,UNNAMED,2003-11-14 21:00:00,TS,6.0,54.7,45.0,USA,991.0,USA
2003315N09067,2003,NI,AS,UNNAMED,2003-11-15 00:00:00,TS,6.0,54.6,40.0,USA,994.0,USA
2003315N09067,2003,NI,AS,UNNAMED,2003-11-15 03:00:00,TS,6.0,54.5,35.0,USA,997.0,USA
2003315N09067,2003,NI,AS,UNNAMED,2003-11-15 06:00:00,TS,6.0,54.4,30.0,USA,1000.0,USA
2003315N09067,2003,NI,AS,UNNAMED,2003-11-15 09:00:00,TS,6.0,54.3,30.0,USA,1000.0,USA
2003315N09067,2003,NI,AS,UNNAMED,2003-11-15 12:00:00,TS,6.0,54.1,30.0,USA,1000.0,USA
2003315N09067,2003,NI,AS,UNNAMED,2003-11-15 15:00:00,TS,6.0,54.0,30.0,USA,1000.0,USA
2003315N09067,2003,NI,AS,UNNAMED,2003-11-15 18:00:00,TS,6.0,53.8,30.0,USA,1000.0,USA
2003315N09067,2003,NI,AS,UNNAMED,2003-11-15 21:00:00,TS,6.0,53.7,30.0,USA,1000.0,USA
2003315N09067,2003,NI,AS,UNNAMED,2003-11-16 00:00:00,TS,5.9,53.5,30.0,USA,1000.0,USA
2003315N09067,2003,NI,AS,UNNAMED,2003-11-16 03:00:00,TS,5.9,53.4,30.0,USA,1000.0,USA
2003315N09067,2003,NI,AS,UNNAMED,2003-11-16 06:00:00,TS,5.8,53.2,30.0,USA,1000.0,USA
2003315N09067,2003,NI,AS,UNNAMED,2003-11-16 09:00:00,TS,5.7,53.0,30.0,USA,1000.0,USA
2003315N09067,2003,NI,AS,UNNAMED,2003-11-16 12:00:00,TS,5.6,52.8,30.0,USA,1000.0,USA
2003315N09067,2003,NI,AS,UNNAMED,2003-11-16 15:00:00,TS,5.3,52.6,30.0,USA,1000.0,USA
2003315N09067,2003,NI,AS,UNNAMED,2003-11-16 18:00:00,TS,5.0,52.3,30.0,USA,1000.0,USA
2003315N09067,2003,NI,AS,UNNAMED,2003-11-16 21:00:00,TS,4.7,52.0,30.0,USA,1000.0,USA
2003315N09067,2003,NI,AS,UNNAMED,2003-11-17 00:00:00,TS,4.4,51.7,30.0,USA,1000.0,USA
2003315N09067,2003,NI,AS,UNNAMED,2003-11-17 03:00:00,TS,4.0,51.6,30.0,USA,1000.0,USA
2003315N09067,2003,NI,AS,UNNAMED,2003-11-17 06:00:00,TS,3.7,51.5,30.0,USA,1000.0,USA
2003315N09067,2003,NI,AS,UNNAMED,2003-11-17 09:00:00,TS,3.4,51.5,30.0,USA,1000.0,USA
2003315N09067,2003,NI,AS,UNNAMED,2003-11-17 12:00:00,TS,3.2,51.5,30.0,USA,1000.0,USA
2003315N09067,2003,NI,AS,UNNAMED,2003-11-17 15:00:00,TS,2.9,51.5,30.0,USA,1000.0,USA
2003315N09067,2003,NI,AS,UNNAMED,2003-11-17 18:00:00,TS,2.7,51.6,30.0,USA,1000.0,USA
2003315N09067,2003,NI,AS,UNNAMED,2003-11-17 21:00:00,TS,2.6,51.7,28.0,USA,1001.0,USA
2003315N09067,2003,NI,AS,UNNAMED,2003-11-18 00:00:00,TS,2.5,51.8,25.0,USA,1002.0,USA
2003315N09067,2003,NI,AS,UNNAMED,2003-11-18 03:00:00,TS,2.4,51.9,25.0,USA,1002.0,USA
2003315N09067,2003,NI,AS,UNNAMED,2003-11-18 06:00:00,TS,2.4,52.0,25.0,USA,1002.0,USA
2003345N05092,2003,NI,BB,UNNAMED,2003-12-11 06:00:00,TS,4.5,91.7,25.0,USA,1002.0,USA
2003345N05092,2003,NI,BB,UNNAMED,2003-12-11 09:00:00,TS,4.7,91.2,25.0,USA,1002.0,USA
2003345N05092,2003,NI,BB,UNNAMED,2003-12-11 12:00:00,TS,4.9,90.7,25.0,USA,1002.0,USA
2003345N05092,2003,NI,BB,UNNAMED,2003-12-11 15:00:00,TS,5.1,90.2,25.0,USA,1002.0,USA
2003345N05092,2003,NI,BB,UNNAMED,2003-12-11 18:00:00,TS,5.3,89.9,25.0,USA,1002.0,USA
2003345N05092,2003,NI,BB,UNNAMED,2003-12-11 21:00:00,TS,5.6,89.5,25.0,USA,1002.0,USA
2003345N05092,2003,NI,BB,UNNAMED,2003-12-12 00:00:00,TS,6.0,89.2,25.0,USA,1002.0,USA
2003345N05092,2003,NI,BB,UNNAMED,2003-12-12 03:00:00,TS,6.4,89.0,25.0,USA,1002.0,USA
2003345N05092,2003,NI,BB,UNNAMED,2003-12-12 06:00:00,TS,6.9,88.8,25.0,USA,1002.0,USA
2003345N05092,2003,NI,BB,UNNAMED,2003-12-12 09:00:00,TS,7.3,88.6,25.0,USA,1002.0,USA
2003345N05092,2003,NI,BB,UNNAMED,2003-12-12 12:00:00,TS,7.6,88.4,25.0,USA,1002.0,USA
2003345N05092,2003,NI,BB,UNNAMED,2003-12-12 15:00:00,TS,7.9,88.2,28.0,USA,1001.0,USA
2003345N05092,2003,NI,BB,UNNAMED,2003-12-12 18:00:00,TS,8.1,88.1,30.0,USA,1000.0,USA
2003345N05092,2003,NI,BB,UNNAMED,2003-12-12 21:00:00,TS,8.3,88.0,30.0,USA,1000.0,USA
2003345N05092,2003,NI,BB,UNNAMED,2003-12-13 00:00:00,TS,8.4,87.8,30.0,USA,1000.0,USA
2003345N05092,2003,NI,BB,UNNAMED,2003-12-13 03:00:00,TS,8.6,87.7,30.0,USA,1000.0,USA
2003345N05092,2003,NI,BB,UNNAMED,2003-12-13 06:00:00,TS,8.7,87.4,30.0,USA,1000.0,USA
2003345N05092,2003,NI,BB,UNNAMED,2003-12-13 09:00:00,TS,8.9,87.1,33.0,USA,999.0,USA
2003345N05092,2003,NI,BB,UNNAMED,2003-12-13 12:00:00,TS,9.2,86.9,35.0,USA,997.0,USA
2003345N05092,2003,NI,BB,UNNAMED,2003-12-13 15:00:00,TS,9.5,86.7,35.0,USA,997.0,USA
2003345N05092,2003,NI,BB,UNNAMED,2003-12-13 18:00:00,TS,9.7,86.6,35.0,USA,997.0,USA
2003345N05092,2003,NI,BB,UNNAMED,2003-12-13 21:00:00,TS,10.1,86.2,35.0,USA,997.0,USA
2003345N05092,2003,NI,BB,UNNAMED,2003-12-14 00:00:00,TS,10.3,85.8,35.0,USA,997.0,USA
2003345N05092,2003,NI,BB,UNNAMED,2003-12-14 03:00:00,TS,10.7,85.1,40.0,USA,994.0,USA
2003345N05092,2003,NI,BB,UNNAMED,2003-12-14 06:00:00,TS,10.9,84.9,45.0,USA,991.0,USA
2003345N05092,2003,NI,BB,UNNAMED,2003-12-14 09:00:00,TS,11.3,84.4,45.0,USA,991.0,USA
2003345N05092,2003,NI,BB,UNNAMED,2003-12-14 12:00:00,TS,11.7,83.8,45.0,USA,991.0,USA
2003345N05092,2003,NI,BB,UNNAMED,2003-12-14 15:00:00,TS,12.2,83.3,45.0,USA,991.0,USA
2003345N05092,2003,NI,BB,UNNAMED,2003-12-14 18:00:00,TS,12.6,82.9,45.0,USA,991.0,USA
2003345N05092,2003,NI,BB,UNNAMED,2003-12-14 21:00:00,TS,13.2,82.5,48.0,USA,989.0,USA
2003345N05092,2003,NI,BB,UNNAMED,2003-12-15 00:00:00,TS,13.7,82.0,50.0,USA,987.0,USA
2003345N05092,2003,NI,BB,UNNAMED,2003-12-15 03:00:00,TS,14.1,81.7,53.0,USA,986.0,USA
2003345N05092,2003,NI,BB,UNNAMED,2003-12-15 06:00:00,TS,14.5,81.5,55.0,USA,984.0,USA
2003345N05092,2003,NI,BB,UNNAMED,2003-12-15 09:00:00,TS,15.1,81.1,55.0,USA,984.0,USA
2003345N05092,2003,NI,BB,UNNAMED,2003-12-15 12:00:00,TS,15.6,81.1,55.0,USA,984.0,USA
2003345N05092,2003,NI,BB,UNNAMED,2003-12-15 15:00:00,TS,15.9,81.0,53.0,USA,986.0,USA
2003345N05092,2003,NI,BB,UNNAMED,2003-12-15 18:00:00,TS,16.3,81.1,50.0,USA,987.0,USA
2003345N05092,2003,NI,BB,UNNAMED,2003-12-15 21:00:00,TS,16.8,81.1,43.0,USA,992.0,USA
2003345N05092,2003,NI,BB,UNNAMED,2003-12-16 00:00:00,TS,17.3,81.1,35.0,USA,997.0,USA
2003345N05092,2003,NI,BB,UNNAMED,2003-12-16 03:00:00,TS,17.4,81.1,33.0,USA,999.0,USA
2003345N05092,2003,NI,BB,UNNAMED,2003-12-16 06:00:00,TS,17.7,81.5,30.0,USA,1000.0,USA
2003345N05092,2003,NI,BB,UNNAMED,2003-12-16 09:00:00,TS,17.7,81.7,,MISSING,,MISSING
2003345N05092,2003,NI,BB,UNNAMED,2003-12-16 12:00:00,TS,17.5,81.5,,MISSING,,MISSING
2004125N11074,2004,NI,AS,UNNAMED,2004-05-04 00:00:00,DS,11.1,74.3,20.0,USA,1004.0,USA
2004125N11074,2004,NI,AS,UNNAMED,2004-05-04 03:00:00,DS,11.1,74.1,23.0,USA,1003.0,USA
2004125N11074,2004,NI,AS,UNNAMED,2004-05-04 06:00:00,TS,11.2,73.9,25.0,USA,1002.0,USA
2004125N11074,2004,NI,AS,UNNAMED,2004-05-04 09:00:00,TS,11.3,73.7,28.0,USA,1001.0,USA
2004125N11074,2004,NI,AS,UNNAMED,2004-05-04 12:00:00,TS,11.4,73.6,30.0,USA,1000.0,USA
2004125N11074,2004,NI,AS,UNNAMED,2004-05-04 15:00:00,TS,11.5,73.5,30.0,USA,1000.0,USA
2004125N11074,2004,NI,AS,UNNAMED,2004-05-04 18:00:00,TS,11.6,73.3,30.0,USA,1000.0,USA
2004125N11074,2004,NI,AS,UNNAMED,2004-05-04 21:00:00,TS,11.6,73.1,30.0,USA,1000.0,USA
2004125N11074,2004,NI,AS,UNNAMED,2004-05-05 00:00:00,TS,11.6,72.9,30.0,USA,1000.0,USA
2004125N11074,2004,NI,AS,UNNAMED,2004-05-05 03:00:00,TS,11.5,72.9,33.0,USA,999.0,USA
2004125N11074,2004,NI,AS,UNNAMED,2004-05-05 06:00:00,TS,11.4,73.0,35.0,USA,997.0,USA
2004125N11074,2004,NI,AS,UNNAMED,2004-05-05 09:00:00,TS,11.4,72.9,35.0,USA,997.0,USA
2004125N11074,2004,NI,AS,UNNAMED,2004-05-05 12:00:00,TS,11.3,73.0,35.0,USA,997.0,USA
2004125N11074,2004,NI,AS,UNNAMED,2004-05-05 15:00:00,TS,11.2,72.9,35.0,USA,997.0,USA
2004125N11074,2004,NI,AS,UNNAMED,2004-05-05 18:00:00,TS,11.2,73.1,35.0,USA,997.0,USA
2004125N11074,2004,NI,AS,UNNAMED,2004-05-05 21:00:00,TS,11.2,73.2,35.0,USA,997.0,USA
2004125N11074,2004,NI,AS,UNNAMED,2004-05-06 00:00:00,TS,11.3,73.2,35.0,USA,997.0,USA
2004125N11074,2004,NI,AS,UNNAMED,2004-05-06 03:00:00,TS,11.4,73.2,38.0,USA,996.0,USA
2004125N11074,2004,NI,AS,UNNAMED,2004-05-06 06:00:00,TS,11.4,73.2,40.0,USA,994.0,USA
2004125N11074,2004,NI,AS,UNNAMED,2004-05-06 09:00:00,TS,11.4,73.2,40.0,USA,994.0,USA
2004125N11074,2004,NI,AS,UNNAMED,2004-05-06 12:00:00,TS,11.5,73.2,40.0,USA,994.0,USA
2004125N11074,2004,NI,AS,UNNAMED,2004-05-06 15:00:00,TS,11.6,73.1,40.0,USA,994.0,USA
2004125N11074,2004,NI,AS,UNNAMED,2004-05-06 18:00:00,TS,11.7,73.1,40.0,USA,994.0,USA
2004125N11074,2004,NI,AS,UNNAMED,2004-05-06 21:00:00,TS,11.8,73.0,43.0,USA,993.0,USA
2004125N11074,2004,NI,AS,UNNAMED,2004-05-07 00:00:00,TS,11.9,72.9,45.0,USA,991.0,USA
2004125N11074,2004,NI,AS,UNNAMED,2004-05-07 03:00:00,TS,12.4,72.3,45.0,USA,991.0,USA
2004125N11074,2004,NI,AS,UNNAMED,2004-05-07 06:00:00,TS,12.7,72.1,45.0,USA,991.0,USA
2004125N11074,2004,NI,AS,UNNAMED,2004-05-07 09:00:00,TS,12.8,72.3,40.0,USA,994.0,USA
2004125N11074,2004,NI,AS,UNNAMED,2004-05-07 12:00:00,TS,12.8,72.6,35.0,USA,997.0,USA
2004125N11074,2004,NI,AS,UNNAMED,2004-05-07 15:00:00,TS,12.5,73.0,35.0,USA,997.0,USA
2004125N11074,2004,NI,AS,UNNAMED,2004-05-07 18:00:00,TS,12.4,73.1,35.0,USA,997.0,USA
2004125N11074,2004,NI,AS,UNNAMED,2004-05-07 21:00:00,TS,12.5,73.3,35.0,USA,997.0,USA
2004125N11074,2004,NI,AS,UNNAMED,2004-05-08 00:00:00,TS,12.7,73.5,35.0,USA,997.0,USA
2004125N11074,2004,NI,AS,UNNAMED,2004-05-08 03:00:00,TS,12.9,73.6,40.0,USA,994.0,USA
2004125N11074,2004,NI,AS,UNNAMED,2004-05-08 06:00:00,TS,13.2,73.5,45.0,USA,991.0,USA
2004125N11074,2004,NI,AS,UNNAMED,2004-05-08 09:00:00,TS,13.5,73.4,45.0,USA,991.0,USA
2004125N11074,2004,NI,AS,UNNAMED,2004-05-08 12:00:00,TS,13.7,73.2,45.0,USA,991.0,USA
2004125N11074,2004,NI,AS,UNNAMED,2004-05-08 15:00:00,TS,13.9,73.1,45.0,USA,991.0,USA
2004125N11074,2004,NI,AS,UNNAMED,2004-05-08 18:00:00,TS,14.1,72.9,45.0,USA,991.0,USA
2004125N11074,2004,NI,AS,UNNAMED,2004-05-08 21:00:00,TS,14.3,72.7,43.0,USA,993.0,USA
2004125N11074,2004,NI,AS,UNNAMED,2004-05-09 00:00:00,TS,14.5,72.5,40.0,USA,994.0,USA
2004125N11074,2004,NI,AS,UNNAMED,2004-05-09 03:00:00,TS,14.8,71.9,38.0,USA,996.0,USA
2004125N11074,2004,NI,AS,UNNAMED,2004-05-09 06:00:00,TS,15.3,71.1,35.0,USA,997.0,USA
2004125N11074,2004,NI,AS,UNNAMED,2004-05-09 09:00:00,TS,15.9,70.5,33.0,USA,999.0,USA
2004125N11074,2004,NI,AS,UNNAMED,2004-05-09 12:00:00,TS,16.5,70.1,30.0,USA,1000.0,USA
2004125N11074,2004,NI,AS,UNNAMED,2004-05-09 15:00:00,TS,17.0,70.0,45.0,NEWDELHI,990.0,NEWDELHI
2004125N11074,2004,NI,AS,UNNAMED,2004-05-09 18:00:00,TS,17.5,70.0,45.0,NEWDELHI,990.0,NEWDELHI
2004125N11074,2004,NI,AS,UNNAMED,2004-05-09 21:00:00,TS,18.0,70.0,45.0,NEWDELHI,992.0,NEWDELHI
2004125N11074,2004,NI,AS,UNNAMED,2004-05-10 00:00:00,TS,18.5,70.0,35.0,NEWDELHI,996.0,NEWDELHI
2004125N11074,2004,NI,AS,UNNAMED,2004-05-10 03:00:00,TS,19.0,70.0,35.0,NEWDELHI,998.0,NEWDELHI
2004125N11074,2004,NI,AS,UNNAMED,2004-05-10 06:00:00,TS,19.0,70.0,30.0,NEWDELHI,1000.0,NEWDELHI
2004125N11074,2004,NI,AS,UNNAMED,2004-05-10 09:00:00,TS,19.5,70.0,25.0,NEWDELHI,1002.0,NEWDELHI
2004136N15090,2004,NI,BB,UNNAMED,2004-05-14 18:00:00,TS,14.8,89.7,15.0,USA,1006.0,USA
2004136N15090,2004,NI,BB,UNNAMED,2004-05-14 21:00:00,TS,14.9,90.0,15.0,USA,1006.0,USA
2004136N15090,2004,NI,BB,UNNAMED,2004-05-15 00:00:00,TS,14.9,90.4,15.0,USA,1006.0,USA
2004136N15090,2004,NI,BB,UNNAMED,2004-05-15 03:00:00,TS,14.9,90.8,15.0,USA,1006.0,USA
2004136N15090,2004,NI,BB,UNNAMED,2004-05-15 06:00:00,TS,14.9,91.3,15.0,USA,1006.0,USA
2004136N15090,2004,NI,BB,UNNAMED,2004-05-15 09:00:00,TS,15.1,91.8,18.0,USA,1005.0,USA
2004136N15090,2004,NI,BB,UNNAMED,2004-05-15 12:00:00,DS,15.4,92.1,20.0,USA,1004.0,USA
2004136N15090,2004,NI,BB,UNNAMED,2004-05-15 15:00:00,DS,15.7,92.1,23.0,USA,1003.0,USA
2004136N15090,2004,NI,BB,UNNAMED,2004-05-15 18:00:00,TS,16.1,92.0,25.0,USA,1002.0,USA
2004136N15090,2004,NI,BB,UNNAMED,2004-05-15 21:00:00,TS,16.5,92.1,25.0,USA,1002.0,USA
2004136N15090,2004,NI,BB,UNNAMED,2004-05-16 00:00:00,TS,16.8,92.2,25.0,USA,1002.0,USA
2004136N15090,2004,NI,BB,UNNAMED,2004-05-16 03:00:00,TS,17.2,92.1,25.0,USA,1002.0,USA
2004136N15090,2004,NI,BB,UNNAMED,2004-05-16 06:00:00,TS,17.5,91.8,25.0,USA,1002.0,USA
2004136N15090,2004,NI,BB,UNNAMED,2004-05-16 09:00:00,TS,17.6,91.5,25.0,USA,1002.0,USA
2004136N15090,2004,NI,BB,UNNAMED,2004-05-16 12:00:00,MX,17.8,91.1,25.0,USA,1002.0,USA
2004136N15090,2004,NI,BB,UNNAMED,2004-05-16 15:00:00,MX,17.8,90.8,28.0,USA,1001.0,USA
2004136N15090,2004,NI,BB,UNNAMED,2004-05-16 18:00:00,TS,17.8,90.7,30.0,USA,1000.0,USA
2004136N15090,2004,NI,BB,UNNAMED,2004-05-16 21:00:00,TS,18.0,90.3,33.0,USA,999.0,USA
2004136N15090,2004,NI,BB,UNNAMED,2004-05-17 00:00:00,TS,18.3,90.2,35.0,USA,997.0,USA
2004136N15090,2004,NI,BB,UNNAMED,2004-05-17 03:00:00,TS,18.3,89.8,35.0,USA,997.0,USA
2004136N15090,2004,NI,BB,UNNAMED,2004-05-17 06:00:00,TS,18.3,89.7,35.0,USA,997.0,USA
2004136N15090,2004,NI,BB,UNNAMED,2004-05-17 09:00:00,TS,18.4,89.3,35.0,USA,997.0,USA
2004136N15090,2004,NI,BB,UNNAMED,2004-05-17 12:00:00,TS,18.5,88.9,35.0,USA,997.0,USA
2004136N15090,2004,NI,BB,UNNAMED,2004-05-17 15:00:00,TS,18.5,88.7,35.0,USA,997.0,USA
2004136N15090,2004,NI,BB,UNNAMED,2004-05-17 18:00:00,TS,18.6,88.6,35.0,USA,997.0,USA
2004136N15090,2004,NI,BB,UNNAMED,2004-05-17 21:00:00,TS,18.6,88.4,35.0,USA,997.0,USA
2004136N15090,2004,NI,BB,UNNAMED,2004-05-18 00:00:00,TS,18.5,88.6,35.0,USA,997.0,USA
2004136N15090,2004,NI,BB,UNNAMED,2004-05-18 03:00:00,TS,18.6,88.7,38.0,USA,997.0,USA
2004136N15090,2004,NI,BB,UNNAMED,2004-05-18 06:00:00,TS,18.9,88.9,40.0,USA,997.0,USA
2004136N15090,2004,NI,BB,UNNAMED,2004-05-18 09:00:00,TS,18.9,89.6,43.0,USA,994.0,USA
2004136N15090,2004,NI,BB,UNNAMED,2004-05-18 12:00:00,TS,18.9,90.1,45.0,USA,991.0,USA
2004136N15090,2004,NI,BB,UNNAMED,2004-05-18 15:00:00,TS,19.1,90.3,50.0,USA,988.0,USA
2004136N15090,2004,NI,BB,UNNAMED,2004-05-18 18:00:00,TS,19.5,90.8,55.0,USA,984.0,USA
2004136N15090,2004,NI,BB,UNNAMED,2004-05-18 21:00:00,TS,19.4,91.3,60.0,USA,980.0,USA
2004136N15090,2004,NI,BB,UNNAMED,2004-05-19 00:00:00,TS,19.9,91.8,65.0,USA,976.0,USA
2004136N15090,2004,NI,BB,UNNAMED,2004-05-19 03:00:00,TS,20.0,92.4,65.0,USA,976.0,USA
2004136N15090,2004,NI,BB,UNNAMED,2004-05-19 06:00:00,TS,20.1,93.1,65.0,USA,976.0,USA
2004136N15090,2004,NI,BB,UNNAMED,2004-05-19 09:00:00,TS,20.5,93.9,60.0,USA,980.0,USA
2004136N15090,2004,NI,BB,UNNAMED,2004-05-19 12:00:00,TS,20.9,94.7,55.0,USA,984.0,USA
2004136N15090,2004,NI,BB,UNNAMED,2004-05-19 15:00:00,TS,21.4,95.5,43.0,USA,992.0,USA
2004136N15090,2004,NI,BB,UNNAMED,2004-05-19 18:00:00,TS,21.8,96.3,30.0,USA,1000.0,USA
2004162N18068,2004,NI,AS,UNNAMED,2004-06-10 03:00:00,TS,17.5,67.5,25.0,NEWDELHI,996.0,NEWDELHI
2004162N18068,2004,NI,AS,UNNAMED,2004-06-10 06:00:00,TS,17.5,67.5,25.0,NEWDELHI,996.0,NEWDELHI
2004162N18068,2004,NI,AS,UNNAMED,2004-06-10 09:00:00,TS,17.5,66.5,30.0,NEWDELHI,996.0,NEWDELHI
2004162N18068,2004,NI,AS,UNNAMED,2004-06-10 12:00:00,TS,17.5,66.5,30.0,NEWDELHI,996.0,NEWDELHI
2004162N18068,2004,NI,AS,UNNAMED,2004-06-10 15:00:00,TS,17.5,66.5,30.0,NEWDELHI,996.0,NEWDELHI
2004162N18068,2004,NI,AS,UNNAMED,2004-06-10 18:00:00,TS,17.5,66.5,30.0,NEWDELHI,996.0,NEWDELHI
2004162N18068,2004,NI,AS,UNNAMED,2004-06-10 21:00:00,TS,17.5,66.0,30.0,NEWDELHI,996.0,NEWDELHI
2004162N18068,2004,NI,AS,UNNAMED,2004-06-11 00:00:00,TS,18.0,66.0,30.0,NEWDELHI,996.0,NEWDELHI
2004162N18068,2004,NI,AS,UNNAMED,2004-06-11 03:00:00,TS,18.0,66.0,30.0,NEWDELHI,996.0,NEWDELHI
2004162N18068,2004,NI,AS,UNNAMED,2004-06-11 06:00:00,TS,18.0,66.0,30.0,NEWDELHI,994.0,NEWDELHI
2004162N18068,2004,NI,AS,UNNAMED,2004-06-11 09:00:00,TS,18.0,66.0,30.0,NEWDELHI,994.0,NEWDELHI
2004162N18068,2004,NI,AS,UNNAMED,2004-06-11 12:00:00,TS,18.0,66.0,30.0,NEWDELHI,992.0,NEWDELHI
2004162N18068,2004,NI,AS,UNNAMED,2004-06-11 15:00:00,TS,18.0,66.0,30.0,NEWDELHI,992.0,NEWDELHI
2004162N18068,2004,NI,AS,UNNAMED,2004-06-11 18:00:00,TS,18.0,66.0,30.0,NEWDELHI,994.0,NEWDELHI
2004162N18068,2004,NI,AS,UNNAMED,2004-06-11 21:00:00,TS,18.0,66.0,30.0,NEWDELHI,994.0,NEWDELHI
2004162N18068,2004,NI,AS,UNNAMED,2004-06-12 00:00:00,TS,18.0,66.0,30.0,NEWDELHI,994.0,NEWDELHI
2004162N18068,2004,NI,AS,UNNAMED,2004-06-12 03:00:00,TS,18.0,66.0,30.0,NEWDELHI,996.0,NEWDELHI
2004162N18068,2004,NI,AS,UNNAMED,2004-06-12 06:00:00,TS,18.0,66.0,30.0,NEWDELHI,996.0,NEWDELHI
2004162N18068,2004,NI,AS,UNNAMED,2004-06-12 09:00:00,TS,18.0,66.0,30.0,NEWDELHI,996.0,NEWDELHI
2004162N18068,2004,NI,AS,UNNAMED,2004-06-12 12:00:00,TS,18.0,65.5,25.0,NEWDELHI,996.0,NEWDELHI
2004162N18068,2004,NI,AS,UNNAMED,2004-06-12 15:00:00,TS,18.0,65.1,,MISSING,,MISSING
2004162N18068,2004,NI,AS,UNNAMED,2004-06-12 18:00:00,TS,18.0,64.9,,MISSING,,MISSING
2004162N18068,2004,NI,AS,UNNAMED,2004-06-12 21:00:00,TS,18.0,64.8,,MISSING,,MISSING
2004162N18068,2004,NI,AS,UNNAMED,2004-06-13 00:00:00,TS,18.0,64.9,,MISSING,,MISSING
2004162N18068,2004,NI,AS,UNNAMED,2004-06-13 03:00:00,TS,18.0,65.0,25.0,NEWDELHI,996.0,NEWDELHI
2004163N15090,2004,NI,BB,UNNAMED,2004-06-11 03:00:00,TS,15.5,90.0,25.0,NEWDELHI,998.0,NEWDELHI
2004163N15090,2004,NI,BB,UNNAMED,2004-06-11 06:00:00,TS,15.5,90.0,25.0,NEWDELHI,998.0,NEWDELHI
2004163N15090,2004,NI,BB,UNNAMED,2004-06-11 09:00:00,TS,15.5,89.5,25.0,NEWDELHI,998.0,NEWDELHI
2004163N15090,2004,NI,BB,UNNAMED,2004-06-11 12:00:00,TS,15.5,89.0,25.0,NEWDELHI,998.0,NEWDELHI
2004163N15090,2004,NI,BB,UNNAMED,2004-06-11 15:00:00,TS,15.5,89.0,25.0,NEWDELHI,998.0,NEWDELHI
2004163N15090,2004,NI,BB,UNNAMED,2004-06-11 18:00:00,TS,15.5,89.0,25.0,NEWDELHI,998.0,NEWDELHI
2004163N15090,2004,NI,BB,UNNAMED,2004-06-11 21:00:00,TS,15.5,89.0,25.0,NEWDELHI,998.0,NEWDELHI
2004163N15090,2004,NI,BB,UNNAMED,2004-06-12 00:00:00,TS,16.0,88.0,25.0,NEWDELHI,998.0,NEWDELHI
2004163N15090,2004,NI,BB,UNNAMED,2004-06-12 03:00:00,TS,17.5,87.0,30.0,NEWDELHI,996.0,NEWDELHI
2004163N15090,2004,NI,BB,UNNAMED,2004-06-12 06:00:00,TS,17.5,87.0,30.0,NEWDELHI,996.0,NEWDELHI
2004163N15090,2004,NI,BB,UNNAMED,2004-06-12 09:00:00,TS,17.5,86.5,30.0,NEWDELHI,996.0,NEWDELHI
2004163N15090,2004,NI,BB,UNNAMED,2004-06-12 12:00:00,TS,18.0,86.0,30.0,NEWDELHI,994.0,NEWDELHI
2004163N15090,2004,NI,BB,UNNAMED,2004-06-12 15:00:00,TS,18.0,86.0,30.0,NEWDELHI,994.0,NEWDELHI
2004163N15090,2004,NI,BB,UNNAMED,2004-06-12 18:00:00,TS,18.5,85.5,30.0,NEWDELHI,994.0,NEWDELHI
2004163N15090,2004,NI,BB,UNNAMED,2004-06-12 21:00:00,TS,19.0,85.5,30.0,NEWDELHI,994.0,NEWDELHI
2004163N15090,2004,NI,BB,UNNAMED,2004-06-13 00:00:00,TS,19.5,85.5,30.0,NEWDELHI,992.0,NEWDELHI
2004163N15090,2004,NI,BB,UNNAMED,2004-06-13 03:00:00,TS,19.5,85.5,30.0,NEWDELHI,992.0,NEWDELHI
2004163N15090,2004,NI,BB,UNNAMED,2004-06-13 06:00:00,TS,19.5,85.5,30.0,NEWDELHI,992.0,NEWDELHI
2004163N15090,2004,NI,BB,UNNAMED,2004-06-13 09:00:00,TS,20.0,85.5,30.0,NEWDELHI,992.0,NEWDELHI
2004163N15090,2004,NI,BB,UNNAMED,2004-06-13 12:00:00,TS,20.5,85.5,30.0,NEWDELHI,992.0,NEWDELHI
2004163N15090,2004,NI,BB,UNNAMED,2004-06-13 15:00:00,TS,20.9,85.4,,MISSING,,MISSING
2004163N15090,2004,NI,BB,UNNAMED,2004-06-13 18:00:00,TS,21.1,85.2,,MISSING,,MISSING
2004163N15090,2004,NI,BB,UNNAMED,2004-06-13 21:00:00,TS,21.2,84.8,,MISSING,,MISSING
2004163N15090,2004,NI,BB,UNNAMED,2004-06-14 00:00:00,TS,21.3,84.5,,MISSING,,MISSING
2004163N15090,2004,NI,BB,UNNAMED,2004-06-14 03:00:00,TS,21.5,84.0,30.0,NEWDELHI,992.0,NEWDELHI
2004163N15090,2004,NI,BB,UNNAMED,2004-06-14 06:00:00,TS,21.7,83.5,28.0,NEWDELHI,991.0,NEWDELHI
2004163N15090,2004,NI,BB,UNNAMED,2004-06-14 09:00:00,TS,22.0,83.0,25.0,NEWDELHI,990.0,NEWDELHI
2004256N23089,2004,NI,BB,UNNAMED,2004-09-12 03:00:00,TS,22.5,88.5,25.0,NEWDELHI,996.0,NEWDELHI
2004256N23089,2004,NI,BB,UNNAMED,2004-09-12 06:00:00,TS,22.7,88.5,25.0,NEWDELHI,997.0,NEWDELHI
2004256N23089,2004,NI,BB,UNNAMED,2004-09-12 09:00:00,TS,22.9,88.5,25.0,NEWDELHI,997.0,NEWDELHI
2004256N23089,2004,NI,BB,UNNAMED,2004-09-12 12:00:00,TS,23.0,88.5,25.0,NEWDELHI,998.0,NEWDELHI
2004256N23089,2004,NI,BB,UNNAMED,2004-09-12 15:00:00,TS,23.1,88.4,,MISSING,,MISSING
2004256N23089,2004,NI,BB,UNNAMED,2004-09-12 18:00:00,TS,23.1,88.3,,MISSING,,MISSING
2004256N23089,2004,NI,BB,UNNAMED,2004-09-12 21:00:00,TS,23.1,88.2,,MISSING,,MISSING
2004256N23089,2004,NI,BB,UNNAMED,2004-09-13 00:00:00,TS,23.0,88.1,,MISSING,,MISSING
2004256N23089,2004,NI,BB,UNNAMED,2004-09-13 03:00:00,TS,23.0,88.0,25.0,NEWDELHI,1000.0,NEWDELHI
2004256N23089,2004,NI,BB,UNNAMED,2004-09-13 06:00:00,TS,23.0,88.0,25.0,NEWDELHI,999.0,NEWDELHI
2004256N23089,2004,NI,BB,UNNAMED,2004-09-13 09:00:00,TS,23.0,88.0,25.0,NEWDELHI,999.0,NEWDELHI
2004256N23089,2004,NI,BB,UNNAMED,2004-09-13 12:00:00,TS,23.0,88.0,25.0,NEWDELHI,998.0,NEWDELHI
2004256N23089,2004,NI,BB,UNNAMED,2004-09-13 15:00:00,TS,22.9,88.0,,MISSING,,MISSING
2004256N23089,2004,NI,BB,UNNAMED,2004-09-13 18:00:00,TS,22.8,88.0,,MISSING,,MISSING
2004256N23089,2004,NI,BB,UNNAMED,2004-09-13 21:00:00,TS,22.7,88.0,,MISSING,,MISSING
2004256N23089,2004,NI,BB,UNNAMED,2004-09-14 00:00:00,TS,22.6,88.0,,MISSING,,MISSING
2004256N23089,2004,NI,BB,UNNAMED,2004-09-14 03:00:00,TS,22.5,88.0,25.0,NEWDELHI,998.0,NEWDELHI
2004256N23089,2004,NI,BB,UNNAMED,2004-09-14 06:00:00,TS,22.5,88.0,25.0,NEWDELHI,999.0,NEWDELHI
2004256N23089,2004,NI,BB,UNNAMED,2004-09-14 09:00:00,TS,22.5,88.0,25.0,NEWDELHI,999.0,NEWDELHI
2004256N23089,2004,NI,BB,UNNAMED,2004-09-14 12:00:00,TS,22.5,88.0,25.0,NEWDELHI,1000.0,NEWDELHI
2004256N23089,2004,NI,BB,UNNAMED,2004-09-14 15:00:00,TS,22.5,88.0,,MISSING,,MISSING
2004256N23089,2004,NI,BB,UNNAMED,2004-09-14 18:00:00,TS,22.5,88.0,,MISSING,,MISSING
2004256N23089,2004,NI,BB,UNNAMED,2004-09-14 21:00:00,TS,22.5,88.0,,MISSING,,MISSING
2004256N23089,2004,NI,BB,UNNAMED,2004-09-15 00:00:00,TS,22.5,88.0,,MISSING,,MISSING
2004256N23089,2004,NI,BB,UNNAMED,2004-09-15 03:00:00,TS,22.5,88.0,25.0,NEWDELHI,1002.0,NEWDELHI
2004256N23089,2004,NI,BB,UNNAMED,2004-09-15 06:00:00,TS,22.5,88.0,25.0,NEWDELHI,1001.0,NEWDELHI
2004256N23089,2004,NI,BB,UNNAMED,2004-09-15 09:00:00,TS,22.5,88.0,25.0,NEWDELHI,999.0,NEWDELHI
2004256N23089,2004,NI,BB,UNNAMED,2004-09-15 12:00:00,TS,22.5,88.0,25.0,NEWDELHI,998.0,NEWDELHI
2004274N16069,2004,NI,AS,UNNAMED,2004-09-30 06:00:00,DS,16.3,69.0,20.0,USA,1004.0,USA
2004274N16069,2004,NI,AS,UNNAMED,2004-09-30 09:00:00,MX,16.5,68.8,20.0,USA,1004.0,USA
2004274N16069,2004,NI,AS,UNNAMED,2004-09-30 12:00:00,MX,16.9,68.3,20.0,USA,1004.0,USA
2004274N16069,2004,NI,AS,UNNAMED,2004-09-30 15:00:00,MX,17.3,67.8,23.0,USA,1003.0,USA
2004274N16069,2004,NI,AS,UNNAMED,2004-09-30 18:00:00,TS,17.7,67.7,25.0,USA,1002.0,USA
2004274N16069,2004,NI,AS,UNNAMED,2004-09-30 21:00:00,TS,18.1,67.3,28.0,USA,1001.0,USA
2004274N16069,2004,NI,AS,UNNAMED,2004-10-01 00:00:00,TS,18.5,67.0,30.0,USA,1000.0,USA
2004274N16069,2004,NI,AS,UNNAMED,2004-10-01 03:00:00,TS,18.9,66.9,30.0,USA,1000.0,USA
2004274N16069,2004,NI,AS,UNNAMED,2004-10-01 06:00:00,TS,19.1,66.8,30.0,USA,1000.0,USA
2004274N16069,2004,NI,AS,UNNAMED,2004-10-01 09:00:00,TS,19.5,66.5,30.0,USA,1001.0,USA
2004274N16069,2004,NI,AS,UNNAMED,2004-10-01 12:00:00,TS,19.9,66.5,30.0,USA,1002.0,USA
2004274N16069,2004,NI,AS,UNNAMED,2004-10-01 15:00:00,TS,20.1,66.5,33.0,USA,1000.0,USA
2004274N16069,2004,NI,AS,UNNAMED,2004-10-01 18:00:00,TS,20.3,66.6,35.0,USA,997.0,USA
2004274N16069,2004,NI,AS,UNNAMED,2004-10-01 21:00:00,TS,20.4,66.6,35.0,USA,997.0,USA
2004274N16069,2004,NI,AS,UNNAMED,2004-10-02 00:00:00,TS,21.0,66.7,35.0,USA,997.0,USA
2004274N16069,2004,NI,AS,UNNAMED,2004-10-02 03:00:00,TS,21.1,66.8,35.0,USA,997.0,USA
2004274N16069,2004,NI,AS,UNNAMED,2004-10-02 06:00:00,TS,21.5,67.1,35.0,USA,997.0,USA
2004274N16069,2004,NI,AS,UNNAMED,2004-10-02 09:00:00,TS,21.6,67.2,35.0,USA,997.0,USA
2004274N16069,2004,NI,AS,UNNAMED,2004-10-02 12:00:00,TS,22.1,67.6,35.0,USA,997.0,USA
2004274N16069,2004,NI,AS,UNNAMED,2004-10-02 15:00:00,TS,22.2,67.7,33.0,USA,999.0,USA
2004274N16069,2004,NI,AS,UNNAMED,2004-10-02 18:00:00,TS,22.6,68.1,30.0,USA,1000.0,USA
2004274N16069,2004,NI,AS,UNNAMED,2004-10-02 21:00:00,TS,22.6,68.4,28.0,USA,1001.0,USA
2004274N16069,2004,NI,AS,UNNAMED,2004-10-03 00:00:00,TS,23.0,68.5,25.0,USA,1002.0,USA
2004274N16069,2004,NI,AS,UNNAMED,2004-10-03 03:00:00,TS,23.1,68.5,28.0,USA,1001.0,USA
2004274N16069,2004,NI,AS,UNNAMED,2004-10-03 06:00:00,TS,23.2,68.4,30.0,USA,1000.0,USA
2004274N16069,2004,NI,AS,UNNAMED,2004-10-03 09:00:00,TS,23.2,68.3,30.0,USA,1000.0,USA
2004274N16069,2004,NI,AS,UNNAMED,2004-10-03 12:00:00,TS,23.2,68.2,30.0,USA,1000.0,USA
2004274N16069,2004,NI,AS,UNNAMED,2004-10-03 15:00:00,TS,23.2,68.0,30.0,USA,1000.0,USA
2004274N16069,2004,NI,AS,UNNAMED,2004-10-03 18:00:00,TS,23.1,67.7,30.0,USA,1000.0,USA
2004274N16069,2004,NI,AS,UNNAMED,2004-10-03 21:00:00,TS,22.8,67.4,28.0,USA,1001.0,USA
2004274N16069,2004,NI,AS,UNNAMED,2004-10-04 00:00:00,DS,22.5,67.4,25.0,USA,1002.0,USA
2004274N16069,2004,NI,AS,UNNAMED,2004-10-04 03:00:00,DS,22.2,67.4,25.0,USA,1002.0,USA
2004274N16069,2004,NI,AS,UNNAMED,2004-10-04 06:00:00,DS,21.9,67.3,25.0,USA,1002.0,USA
2004274N16069,2004,NI,AS,UNNAMED,2004-10-04 09:00:00,DS,21.6,67.2,25.0,USA,1002.0,USA
2004274N16069,2004,NI,AS,UNNAMED,2004-10-04 12:00:00,DS,21.3,67.2,25.0,USA,1002.0,USA
2004274N16069,2004,NI,AS,UNNAMED,2004-10-04 15:00:00,DS,21.0,67.2,25.0,USA,1002.0,USA
2004274N16069,2004,NI,AS,UNNAMED,2004-10-04 18:00:00,DS,20.8,67.2,25.0,USA,1002.0,USA
2004274N16069,2004,NI,AS,UNNAMED,2004-10-04 21:00:00,DS,20.6,67.4,25.0,USA,1002.0,USA
2004274N16069,2004,NI,AS,UNNAMED,2004-10-05 00:00:00,DS,20.4,67.7,25.0,USA,1002.0,USA
2004274N16069,2004,NI,AS,UNNAMED,2004-10-05 03:00:00,DS,20.2,67.8,25.0,USA,1002.0,USA
2004274N16069,2004,NI,AS,UNNAMED,2004-10-05 06:00:00,DS,19.9,67.8,25.0,USA,1002.0,USA
2004274N16069,2004,NI,AS,UNNAMED,2004-10-05 09:00:00,DS,19.6,67.8,25.0,USA,1002.0,USA
2004274N16069,2004,NI,AS,UNNAMED,2004-10-05 12:00:00,DS,19.4,67.8,25.0,USA,1002.0,USA
2004274N16069,2004,NI,AS,UNNAMED,2004-10-05 15:00:00,DS,19.2,67.8,23.0,USA,1003.0,USA
2004274N16069,2004,NI,AS,UNNAMED,2004-10-05 18:00:00,DS,19.1,67.9,20.0,USA,1004.0,USA
2004274N16069,2004,NI,AS,UNNAMED,2004-10-05 21:00:00,DS,18.9,68.0,20.0,USA,1004.0,USA
2004274N16069,2004,NI,AS,UNNAMED,2004-10-06 00:00:00,DS,18.8,68.0,20.0,USA,1004.0,USA
2004274N16069,2004,NI,AS,UNNAMED,2004-10-06 03:00:00,DS,18.7,68.0,20.0,USA,1004.0,USA
2004274N16069,2004,NI,AS,UNNAMED,2004-10-06 06:00:00,DS,18.6,68.0,20.0,USA,1004.0,USA
2004274N16069,2004,NI,AS,UNNAMED,2004-10-06 09:00:00,DS,18.5,68.0,20.0,USA,1004.0,USA
2004274N16069,2004,NI,AS,UNNAMED,2004-10-06 12:00:00,DS,18.4,68.1,20.0,USA,1004.0,USA
2004274N16069,2004,NI,AS,UNNAMED,2004-10-06 15:00:00,DS,18.3,68.1,23.0,USA,1003.0,USA
2004274N16069,2004,NI,AS,UNNAMED,2004-10-06 18:00:00,TS,18.2,68.2,25.0,USA,1002.0,USA
2004274N16069,2004,NI,AS,UNNAMED,2004-10-06 21:00:00,TS,18.1,68.2,25.0,USA,1002.0,USA
2004274N16069,2004,NI,AS,UNNAMED,2004-10-07 00:00:00,TS,18.0,68.3,25.0,USA,1002.0,USA
2004274N16069,2004,NI,AS,UNNAMED,2004-10-07 03:00:00,TS,17.9,68.4,25.0,USA,1002.0,USA
2004274N16069,2004,NI,AS,UNNAMED,2004-10-07 06:00:00,TS,17.9,68.5,25.0,USA,1002.0,USA
2004274N16069,2004,NI,AS,UNNAMED,2004-10-07 09:00:00,TS,18.0,68.7,25.0,USA,1002.0,USA
2004274N16069,2004,NI,AS,UNNAMED,2004-10-07 12:00:00,TS,18.1,68.8,25.0,USA,1002.0,USA
2004274N16069,2004,NI,AS,UNNAMED,2004-10-07 15:00:00,TS,18.2,68.7,25.0,USA,1002.0,USA
2004274N16069,2004,NI,AS,UNNAMED,2004-10-07 18:00:00,TS,18.3,68.6,25.0,USA,1002.0,USA
2004274N16069,2004,NI,AS,UNNAMED,2004-10-07 21:00:00,TS,18.4,68.6,25.0,USA,1002.0,USA
2004274N16069,2004,NI,AS,UNNAMED,2004-10-08 00:00:00,TS,18.6,68.6,25.0,USA,1002.0,USA
2004274N16069,2004,NI,AS,UNNAMED,2004-10-08 03:00:00,TS,18.8,68.6,25.0,USA,1002.0,USA
2004274N16069,2004,NI,AS,UNNAMED,2004-10-08 06:00:00,TS,18.9,68.6,25.0,USA,1002.0,USA
2004274N16069,2004,NI,AS,UNNAMED,2004-10-08 09:00:00,TS,19.0,68.7,25.0,USA,1002.0,USA
2004274N16069,2004,NI,AS,UNNAMED,2004-10-08 12:00:00,TS,19.1,68.8,25.0,USA,1002.0,USA
2004274N16069,2004,NI,AS,UNNAMED,2004-10-08 15:00:00,TS,19.2,68.9,25.0,USA,1002.0,USA
2004274N16069,2004,NI,AS,UNNAMED,2004-10-08 18:00:00,TS,19.4,68.9,25.0,USA,1002.0,USA
2004274N16069,2004,NI,AS,UNNAMED,2004-10-08 21:00:00,TS,19.5,69.0,25.0,USA,1002.0,USA
2004274N16069,2004,NI,AS,UNNAMED,2004-10-09 00:00:00,TS,19.6,69.1,25.0,USA,1002.0,USA
2004274N16069,2004,NI,AS,UNNAMED,2004-10-09 03:00:00,TS,19.7,69.2,25.0,USA,1002.0,USA
2004274N16069,2004,NI,AS,UNNAMED,2004-10-09 06:00:00,TS,19.9,69.3,25.0,USA,1002.0,USA
2004274N16069,2004,NI,AS,UNNAMED,2004-10-09 09:00:00,TS,20.1,69.4,25.0,USA,1002.0,USA
2004274N16069,2004,NI,AS,UNNAMED,2004-10-09 12:00:00,TS,20.4,69.6,25.0,USA,1002.0,USA
2004274N16069,2004,NI,AS,UNNAMED,2004-10-09 15:00:00,TS,20.7,69.9,25.0,USA,1002.0,USA
2004274N16069,2004,NI,AS,UNNAMED,2004-10-09 18:00:00,TS,20.9,70.2,25.0,USA,1002.0,USA
2004274N16069,2004,NI,AS,UNNAMED,2004-10-09 21:00:00,TS,21.0,70.5,25.0,USA,1002.0,USA
2004274N16069,2004,NI,AS,UNNAMED,2004-10-10 00:00:00,TS,21.0,70.7,25.0,USA,1002.0,USA
2004276N12087,2004,NI,BB,UNNAMED,2004-10-02 03:00:00,TS,11.5,87.0,25.0,NEWDELHI,1006.0,NEWDELHI
2004276N12087,2004,NI,BB,UNNAMED,2004-10-02 06:00:00,TS,12.0,86.5,25.0,NEWDELHI,1006.0,NEWDELHI
2004276N12087,2004,NI,BB,UNNAMED,2004-10-02 09:00:00,TS,12.5,86.0,25.0,NEWDELHI,1004.0,NEWDELHI
2004276N12087,2004,NI,BB,UNNAMED,2004-10-02 12:00:00,TS,12.5,86.0,25.0,NEWDELHI,1002.0,NEWDELHI
2004276N12087,2004,NI,BB,UNNAMED,2004-10-02 15:00:00,TS,13.0,85.5,25.0,NEWDELHI,1004.0,NEWDELHI
2004276N12087,2004,NI,BB,UNNAMED,2004-10-02 18:00:00,TS,13.0,85.5,25.0,NEWDELHI,1006.0,NEWDELHI
2004276N12087,2004,NI,BB,UNNAMED,2004-10-02 21:00:00,TS,13.0,85.5,25.0,NEWDELHI,1006.0,NEWDELHI
2004276N12087,2004,NI,BB,UNNAMED,2004-10-03 00:00:00,TS,13.5,85.0,25.0,NEWDELHI,1006.0,NEWDELHI
2004276N12087,2004,NI,BB,UNNAMED,2004-10-03 03:00:00,TS,14.5,84.5,25.0,NEWDELHI,1006.0,NEWDELHI
2004276N12087,2004,NI,BB,UNNAMED,2004-10-03 06:00:00,TS,14.5,84.5,25.0,NEWDELHI,1006.0,NEWDELHI
2004276N12087,2004,NI,BB,UNNAMED,2004-10-03 09:00:00,TS,15.0,84.0,25.0,NEWDELHI,1006.0,NEWDELHI
2004276N12087,2004,NI,BB,UNNAMED,2004-10-03 12:00:00,TS,15.5,83.5,25.0,NEWDELHI,1006.0,NEWDELHI
2004276N12087,2004,NI,BB,UNNAMED,2004-10-03 15:00:00,TS,15.5,83.5,25.0,NEWDELHI,1006.0,NEWDELHI
2004276N12087,2004,NI,BB,UNNAMED,2004-10-03 18:00:00,TS,16.5,83.0,25.0,NEWDELHI,1006.0,NEWDELHI
2004276N12087,2004,NI,BB,UNNAMED,2004-10-03 21:00:00,TS,17.0,83.0,25.0,NEWDELHI,1006.0,NEWDELHI
2004276N12087,2004,NI,BB,UNNAMED,2004-10-04 00:00:00,TS,17.5,82.5,25.0,NEWDELHI,1006.0,NEWDELHI
2004276N12087,2004,NI,BB,UNNAMED,2004-10-04 03:00:00,TS,18.0,84.0,25.0,NEWDELHI,1006.0,NEWDELHI
2004281N23087,2004,NI,BB,UNNAMED,2004-10-07 03:00:00,TS,22.5,87.0,25.0,NEWDELHI,1006.0,NEWDELHI
2004281N23087,2004,NI,BB,UNNAMED,2004-10-07 06:00:00,TS,22.8,87.3,25.0,NEWDELHI,1005.0,NEWDELHI
2004281N23087,2004,NI,BB,UNNAMED,2004-10-07 09:00:00,TS,23.2,87.7,25.0,NEWDELHI,1005.0,NEWDELHI
2004281N23087,2004,NI,BB,UNNAMED,2004-10-07 12:00:00,TS,23.5,88.0,25.0,NEWDELHI,1004.0,NEWDELHI
2004281N23087,2004,NI,BB,UNNAMED,2004-10-07 15:00:00,TS,23.6,88.4,,MISSING,,MISSING
2004281N23087,2004,NI,BB,UNNAMED,2004-10-07 18:00:00,TS,23.7,88.8,,MISSING,,MISSING
2004281N23087,2004,NI,BB,UNNAMED,2004-10-07 21:00:00,TS,23.8,89.2,,MISSING,,MISSING
2004281N23087,2004,NI,BB,UNNAMED,2004-10-08 00:00:00,TS,23.9,89.6,,MISSING,,MISSING
2004281N23087,2004,NI,BB,UNNAMED,2004-10-08 03:00:00,TS,24.0,90.0,25.0,NEWDELHI,1004.0,NEWDELHI
2004307N09068,2004,NI,AS,UNNAMED,2004-11-01 12:00:00,DS,9.4,67.8,20.0,USA,1004.0,USA
2004307N09068,2004,NI,AS,UNNAMED,2004-11-01 15:00:00,DS,9.7,67.5,20.0,USA,1004.0,USA
2004307N09068,2004,NI,AS,UNNAMED,2004-11-01 18:00:00,DS,10.0,67.1,20.0,USA,1004.0,USA
2004307N09068,2004,NI,AS,UNNAMED,2004-11-01 21:00:00,DS,10.2,66.6,20.0,USA,1004.0,USA
2004307N09068,2004,NI,AS,UNNAMED,2004-11-02 00:00:00,DS,10.4,66.3,20.0,USA,1004.0,USA
2004307N09068,2004,NI,AS,UNNAMED,2004-11-02 03:00:00,DS,10.8,66.3,23.0,USA,1003.0,USA
2004307N09068,2004,NI,AS,UNNAMED,2004-11-02 06:00:00,TS,11.3,66.4,25.0,USA,1002.0,USA
2004307N09068,2004,NI,AS,UNNAMED,2004-11-02 09:00:00,TS,11.7,66.5,25.0,USA,1002.0,USA
2004307N09068,2004,NI,AS,UNNAMED,2004-11-02 12:00:00,TS,12.1,66.7,25.0,USA,1002.0,USA
2004307N09068,2004,NI,AS,UNNAMED,2004-11-02 15:00:00,TS,12.3,66.9,25.0,USA,1002.0,USA
2004307N09068,2004,NI,AS,UNNAMED,2004-11-02 18:00:00,TS,12.6,67.0,25.0,USA,1002.0,USA
2004307N09068,2004,NI,AS,UNNAMED,2004-11-02 21:00:00,TS,12.8,67.1,25.0,USA,1002.0,USA
2004307N09068,2004,NI,AS,UNNAMED,2004-11-03 00:00:00,TS,13.1,67.1,25.0,USA,1002.0,USA
2004307N09068,2004,NI,AS,UNNAMED,2004-11-03 03:00:00,TS,13.3,67.0,25.0,USA,1002.0,USA
2004307N09068,2004,NI,AS,UNNAMED,2004-11-03 06:00:00,TS,13.5,67.0,25.0,USA,1002.0,USA
2004307N09068,2004,NI,AS,UNNAMED,2004-11-03 09:00:00,TS,13.7,66.9,25.0,USA,1002.0,USA
2004307N09068,2004,NI,AS,UNNAMED,2004-11-03 12:00:00,TS,13.9,66.9,25.0,USA,1002.0,USA
2004307N09068,2004,NI,AS,UNNAMED,2004-11-03 15:00:00,TS,14.1,66.8,25.0,USA,1002.0,USA
2004307N09068,2004,NI,AS,UNNAMED,2004-11-03 18:00:00,TS,14.2,66.8,25.0,USA,1002.0,USA
2004307N09068,2004,NI,AS,UNNAMED,2004-11-03 21:00:00,TS,14.2,66.7,28.0,USA,1001.0,USA
2004307N09068,2004,NI,AS,UNNAMED,2004-11-04 00:00:00,TS,14.1,66.7,30.0,USA,1000.0,USA
2004307N09068,2004,NI,AS,UNNAMED,2004-11-04 03:00:00,TS,14.1,66.6,33.0,USA,999.0,USA
2004307N09068,2004,NI,AS,UNNAMED,2004-11-04 06:00:00,TS,14.2,66.5,35.0,USA,997.0,USA
2004307N09068,2004,NI,AS,UNNAMED,2004-11-04 09:00:00,TS,14.2,66.4,35.0,USA,997.0,USA
2004307N09068,2004,NI,AS,UNNAMED,2004-11-04 12:00:00,TS,14.3,66.4,35.0,USA,997.0,USA
2004307N09068,2004,NI,AS,UNNAMED,2004-11-04 15:00:00,TS,14.2,66.4,35.0,USA,997.0,USA
2004307N09068,2004,NI,AS,UNNAMED,2004-11-04 18:00:00,TS,14.1,66.4,35.0,USA,997.0,USA
2004307N09068,2004,NI,AS,UNNAMED,2004-11-04 21:00:00,TS,14.0,66.4,35.0,USA,997.0,USA
2004307N09068,2004,NI,AS,UNNAMED,2004-11-05 00:00:00,TS,13.9,66.3,35.0,USA,997.0,USA
2004307N09068,2004,NI,AS,UNNAMED,2004-11-05 03:00:00,TS,14.0,66.1,38.0,USA,996.0,USA
2004307N09068,2004,NI,AS,UNNAMED,2004-11-05 06:00:00,TS,14.1,65.8,40.0,USA,994.0,USA
2004307N09068,2004,NI,AS,UNNAMED,2004-11-05 09:00:00,TS,14.4,65.5,40.0,USA,994.0,USA
2004307N09068,2004,NI,AS,UNNAMED,2004-11-05 12:00:00,TS,14.6,65.1,40.0,USA,994.0,USA
2004307N09068,2004,NI,AS,UNNAMED,2004-11-05 15:00:00,TS,14.7,64.7,40.0,USA,994.0,USA
2004307N09068,2004,NI,AS,UNNAMED,2004-11-05 18:00:00,TS,14.7,64.2,40.0,USA,994.0,USA
2004307N09068,2004,NI,AS,UNNAMED,2004-11-05 21:00:00,TS,14.8,63.7,38.0,USA,996.0,USA
2004307N09068,2004,NI,AS,UNNAMED,2004-11-06 00:00:00,TS,14.8,63.1,35.0,USA,997.0,USA
2004307N09068,2004,NI,AS,UNNAMED,2004-11-06 03:00:00,TS,14.8,62.5,35.0,USA,997.0,USA
2004307N09068,2004,NI,AS,UNNAMED,2004-11-06 06:00:00,TS,14.9,61.9,35.0,USA,997.0,USA
2004307N09068,2004,NI,AS,UNNAMED,2004-11-06 09:00:00,TS,14.9,61.3,35.0,USA,997.0,USA
2004307N09068,2004,NI,AS,UNNAMED,2004-11-06 12:00:00,TS,15.0,60.8,35.0,USA,997.0,USA
2004307N09068,2004,NI,AS,UNNAMED,2004-11-06 15:00:00,TS,15.0,60.3,35.0,USA,997.0,USA
2004307N09068,2004,NI,AS,UNNAMED,2004-11-06 18:00:00,TS,15.0,59.8,35.0,USA,997.0,USA
2004307N09068,2004,NI,AS,UNNAMED,2004-11-06 21:00:00,TS,14.9,59.3,35.0,USA,997.0,USA
2004307N09068,2004,NI,AS,UNNAMED,2004-11-07 00:00:00,TS,14.8,58.8,35.0,USA,997.0,USA
2004307N09068,2004,NI,AS,UNNAMED,2004-11-07 03:00:00,TS,14.6,58.2,35.0,USA,997.0,USA
2004307N09068,2004,NI,AS,UNNAMED,2004-11-07 06:00:00,TS,14.3,57.6,35.0,USA,997.0,USA
2004307N09068,2004,NI,AS,UNNAMED,2004-11-07 09:00:00,TS,13.9,57.1,30.0,USA,1000.0,USA
2004307N09068,2004,NI,AS,UNNAMED,2004-11-07 12:00:00,TS,13.4,56.7,25.0,USA,1002.0,USA
2004307N09068,2004,NI,AS,UNNAMED,2004-11-07 15:00:00,TS,13.1,56.4,25.0,USA,1002.0,USA
2004307N09068,2004,NI,AS,UNNAMED,2004-11-07 18:00:00,TS,12.8,55.9,25.0,USA,1002.0,USA
2004307N09068,2004,NI,AS,UNNAMED,2004-11-07 21:00:00,TS,12.6,55.4,25.0,USA,1002.0,USA
2004307N09068,2004,NI,AS,UNNAMED,2004-11-08 00:00:00,TS,12.4,54.9,25.0,USA,1002.0,USA
2004307N09068,2004,NI,AS,UNNAMED,2004-11-08 03:00:00,TS,12.3,54.4,25.0,USA,1002.0,USA
2004307N09068,2004,NI,AS,UNNAMED,2004-11-08 06:00:00,TS,12.2,53.8,25.0,USA,1002.0,USA
2004307N09068,2004,NI,AS,UNNAMED,2004-11-08 09:00:00,TS,12.1,53.2,25.0,USA,1002.0,USA
2004307N09068,2004,NI,AS,UNNAMED,2004-11-08 12:00:00,TS,11.9,52.7,25.0,USA,1002.0,USA
2004319N10134,2004,WP,MM,MUIFA,2004-11-13 18:00:00,MX,9.6,134.2,20.0,USA,1004.0,USA
2004319N10134,2004,WP,MM,MUIFA,2004-11-13 21:00:00,MX,10.1,133.2,25.0,USA,1002.0,USA
2004319N10134,2004,WP,MM,MUIFA,2004-11-14 00:00:00,TS,10.4,132.3,30.0,USA,1000.0,USA
2004319N10134,2004,WP,MM,MUIFA,2004-11-14 03:00:00,TS,10.8,131.5,30.0,USA,1000.0,USA
2004319N10134,2004,WP,MM,MUIFA,2004-11-14 06:00:00,TS,11.1,130.7,30.0,USA,1000.0,USA
2004319N10134,2004,WP,MM,MUIFA,2004-11-14 09:00:00,TS,11.6,129.8,33.0,USA,999.0,USA
2004319N10134,2004,WP,MM,MUIFA,2004-11-14 12:00:00,TS,12.0,129.0,35.0,USA,997.0,USA
2004319N10134,2004,WP,MM,MUIFA,2004-11-14 15:00:00,TS,12.3,128.1,35.0,USA,997.0,USA
2004319N10134,2004,WP,MM,MUIFA,2004-11-14 18:00:00,TS,12.4,127.3,35.0,USA,997.0,USA
2004319N10134,2004,WP,MM,MUIFA,2004-11-14 21:00:00,TS,12.3,126.7,35.0,USA,997.0,USA
2004319N10134,2004,WP,MM,MUIFA,2004-11-15 00:00:00,TS,12.3,126.4,35.0,USA,997.0,USA
2004319N10134,2004,WP,MM,MUIFA,2004-11-15 03:00:00,TS,12.7,126.2,35.0,USA,997.0,USA
2004319N10134,2004,WP,MM,MUIFA,2004-11-15 06:00:00,TS,13.1,126.2,35.0,USA,997.0,USA
2004319N10134,2004,WP,MM,MUIFA,2004-11-15 09:00:00,TS,13.4,126.0,35.0,USA,997.0,USA
2004319N10134,2004,WP,MM,MUIFA,2004-11-15 12:00:00,TS,13.7,125.7,35.0,USA,997.0,USA
2004319N10134,2004,WP,MM,MUIFA,2004-11-15 15:00:00,TS,13.8,125.5,35.0,USA,997.0,USA
2004319N10134,2004,WP,MM,MUIFA,2004-11-15 18:00:00,TS,13.9,125.4,35.0,USA,997.0,USA
2004319N10134,2004,WP,MM,MUIFA,2004-11-15 21:00:00,TS,14.0,125.4,38.0,USA,996.0,USA
2004319N10134,2004,WP,MM,MUIFA,2004-11-16 00:00:00,TS,14.2,125.4,40.0,USA,994.0,USA
2004319N10134,2004,WP,MM,MUIFA,2004-11-16 03:00:00,TS,14.4,125.1,43.0,USA,993.0,USA
2004319N10134,2004,WP,MM,MUIFA,2004-11-16 06:00:00,TS,14.6,124.7,45.0,USA,991.0,USA
2004319N10134,2004,WP,MM,MUIFA,2004-11-16 09:00:00,TS,14.5,124.3,50.0,USA,988.0,USA
2004319N10134,2004,WP,MM,MUIFA,2004-11-16 12:00:00,TS,14.4,124.0,55.0,USA,984.0,USA
2004319N10134,2004,WP,MM,MUIFA,2004-11-16 15:00:00,TS,14.4,123.8,55.0,USA,984.0,USA
2004319N10134,2004,WP,MM,MUIFA,2004-11-16 18:00:00,TS,14.4,123.7,55.0,USA,984.0,USA
2004319N10134,2004,WP,MM,MUIFA,2004-11-16 21:00:00,TS,14.4,123.7,58.0,USA,982.0,USA
2004319N10134,2004,WP,MM,MUIFA,2004-11-17 00:00:00,TS,14.5,123.6,60.0,USA,980.0,USA
2004319N10134,2004,WP,MM,MUIFA,2004-11-17 03:00:00,TS,14.6,123.6,63.0,USA,978.0,USA
2004319N10134,2004,WP,MM,MUIFA,2004-11-17 06:00:00,TS,14.7,123.6,65.0,USA,976.0,USA
2004319N10134,2004,WP,MM,MUIFA,2004-11-17 09:00:00,TS,14.8,123.7,70.0,USA,972.0,USA
2004319N10134,2004,WP,MM,MUIFA,2004-11-17 12:00:00,TS,15.0,123.7,75.0,USA,967.0,USA
2004319N10134,2004,WP,MM,MUIFA,2004-11-17 15:00:00,TS,15.2,123.7,83.0,USA,961.0,USA
2004319N10134,2004,WP,MM,MUIFA,2004-11-17 18:00:00,TS,15.4,123.7,90.0,USA,954.0,USA
2004319N10134,2004,WP,MM,MUIFA,2004-11-17 21:00:00,TS,15.5,123.7,98.0,USA,946.0,USA
2004319N10134,2004,WP,MM,MUIFA,2004-11-18 00:00:00,TS,15.6,123.7,105.0,USA,938.0,USA
2004319N10134,2004,WP,MM,MUIFA,2004-11-18 03:00:00,TS,15.7,123.8,110.0,USA,933.0,USA
2004319N10134,2004,WP,MM,MUIFA,2004-11-18 06:00:00,TS,15.8,123.9,115.0,USA,927.0,USA
2004319N10134,2004,WP,MM,MUIFA,2004-11-18 09:00:00,TS,15.8,124.0,115.0,USA,927.0,USA
2004319N10134,2004,WP,MM,MUIFA,2004-11-18 12:00:00,TS,15.9,124.1,115.0,USA,927.0,USA
2004319N10134,2004,WP,MM,MUIFA,2004-11-18 15:00:00,TS,15.8,124.2,110.0,USA,933.0,USA
2004319N10134,2004,WP,MM,MUIFA,2004-11-18 18:00:00,TS,15.8,124.3,105.0,USA,938.0,USA
2004319N10134,2004,WP,MM,MUIFA,2004-11-18 21:00:00,TS,15.6,124.3,105.0,USA,938.0,USA
2004319N10134,2004,WP,MM,MUIFA,2004-11-19 00:00:00,TS,15.4,124.3,105.0,USA,938.0,USA
2004319N10134,2004,WP,MM,MUIFA,2004-11-19 03:00:00,TS,15.1,124.2,98.0,USA,946.0,USA
2004319N10134,2004,WP,MM,MUIFA,2004-11-19 06:00:00,TS,14.8,124.1,90.0,USA,954.0,USA
2004319N10134,2004,WP,MM,MUIFA,2004-11-19 09:00:00,TS,14.5,124.0,88.0,USA,956.0,USA
2004319N10134,2004,WP,MM,MUIFA,2004-11-19 12:00:00,TS,14.3,123.7,85.0,USA,958.0,USA
2004319N10134,2004,WP,MM,MUIFA,2004-11-19 15:00:00,TS,14.0,123.2,83.0,USA,961.0,USA
2004319N10134,2004,WP,MM,MUIFA,2004-11-19 18:00:00,TS,13.6,122.7,80.0,USA,963.0,USA
2004319N10134,2004,WP,MM,MUIFA,2004-11-19 21:00:00,TS,13.2,122.1,78.0,USA,965.0,USA
2004319N10134,2004,WP,MM,MUIFA,2004-11-20 00:00:00,TS,12.8,121.6,75.0,USA,967.0,USA
2004319N10134,2004,WP,MM,MUIFA,2004-11-20 03:00:00,TS,12.6,120.9,70.0,USA,972.0,USA
2004319N10134,2004,WP,MM,MUIFA,2004-11-20 06:00:00,TS,12.4,120.3,65.0,USA,976.0,USA
2004319N10134,2004,WP,MM,MUIFA,2004-11-20 09:00:00,TS,12.4,119.8,63.0,USA,978.0,USA
2004319N10134,2004,WP,MM,MUIFA,2004-11-20 12:00:00,TS,12.3,119.4,60.0,USA,980.0,USA
2004319N10134,2004,WP,MM,MUIFA,2004-11-20 15:00:00,TS,12.3,118.9,63.0,USA,978.0,USA
2004319N10134,2004,WP,MM,MUIFA,2004-11-20 18:00:00,TS,12.3,118.4,65.0,USA,976.0,USA
2004319N10134,2004,WP,MM,MUIFA,2004-11-20 21:00:00,TS,12.2,117.8,65.0,USA,976.0,USA
2004319N10134,2004,WP,MM,MUIFA,2004-11-21 00:00:00,TS,12.0,117.2,65.0,USA,976.0,USA
2004319N10134,2004,WP,MM,MUIFA,2004-11-21 03:00:00,TS,12.0,116.6,68.0,USA,974.0,USA
2004319N10134,2004,WP,MM,MUIFA,2004-11-21 06:00:00,TS,11.9,116.1,70.0,USA,972.0,USA
2004319N10134,2004,WP,MM,MUIFA,2004-11-21 09:00:00,TS,11.9,115.6,75.0,USA,968.0,USA
2004319N10134,2004,WP,MM,MUIFA,2004-11-21 12:00:00,TS,11.8,115.2,80.0,USA,963.0,USA
2004319N10134,2004,WP,MM,MUIFA,2004-11-21 15:00:00,TS,11.8,114.8,85.0,USA,959.0,USA
2004319N10134,2004,WP,MM,MUIFA,2004-11-21 18:00:00,TS,11.7,114.4,90.0,USA,954.0,USA
2004319N10134,2004,WP,MM,MUIFA,2004-11-21 21:00:00,TS,11.6,114.0,88.0,USA,956.0,USA
2004319N10134,2004,WP,MM,MUIFA,2004-11-22 00:00:00,TS,11.5,113.7,85.0,USA,958.0,USA
2004319N10134,2004,WP,MM,MUIFA,2004-11-22 03:00:00,TS,11.3,113.3,85.0,USA,958.0,USA
2004319N10134,2004,WP,MM,MUIFA,2004-11-22 06:00:00,TS,11.1,113.0,85.0,USA,958.0,USA
2004319N10134,2004,WP,MM,MUIFA,2004-11-22 09:00:00,TS,10.9,112.8,80.0,USA,963.0,USA
2004319N10134,2004,WP,MM,MUIFA,2004-11-22 12:00:00,TS,10.8,112.6,75.0,USA,967.0,USA
2004319N10134,2004,WP,MM,MUIFA,2004-11-22 15:00:00,TS,10.7,112.4,70.0,USA,972.0,USA
2004319N10134,2004,WP,MM,MUIFA,2004-11-22 18:00:00,TS,10.6,112.2,65.0,USA,976.0,USA
2004319N10134,2004,WP,MM,MUIFA,2004-11-22 21:00:00,TS,10.4,112.0,65.0,USA,976.0,USA
2004319N10134,2004,WP,MM,MUIFA,2004-11-23 00:00:00,TS,10.3,111.8,65.0,USA,976.0,USA
2004319N10134,2004,WP,MM,MUIFA,2004-11-23 03:00:00,TS,10.1,111.5,65.0,USA,976.0,USA
2004319N10134,2004,WP,MM,MUIFA,2004-11-23 06:00:00,TS,10.0,111.3,65.0,USA,976.0,USA
2004319N10134,2004,WP,MM,MUIFA,2004-11-23 09:00:00,TS,9.9,111.0,63.0,USA,978.0,USA
2004319N10134,2004,WP,MM,MUIFA,2004-11-23 12:00:00,TS,9.8,110.7,60.0,USA,980.0,USA
2004319N10134,2004,WP,MM,MUIFA,2004-11-23 15:00:00,TS,9.7,110.5,58.0,USA,982.0,USA
2004319N10134,2004,WP,MM,MUIFA,2004-11-23 18:00:00,TS,9.6,110.2,55.0,USA,984.0,USA
2004319N10134,2004,WP,MM,MUIFA,2004-11-23 21:00:00,TS,9.4,109.9,55.0,USA,984.0,USA
2004319N10134,2004,WP,MM,MUIFA,2004-11-24 00:00:00,TS,9.2,109.5,55.0,USA,984.0,USA
2004319N10134,2004,WP,MM,MUIFA,2004-11-24 03:00:00,TS,9.1,109.1,53.0,USA,986.0,USA
2004319N10134,2004,WP,MM,MUIFA,2004-11-24 06:00:00,TS,8.9,108.6,50.0,USA,987.0,USA
2004319N10134,2004,WP,MM,MUIFA,2004-11-24 09:00:00,TS,8.7,107.9,45.0,USA,991.0,USA
2004319N10134,2004,WP,MM,MUIFA,2004-11-24 12:00:00,TS,8.5,107.2,40.0,USA,994.0,USA
2004319N10134,2004,WP,MM,MUIFA,2004-11-24 15:00:00,TS,8.4,106.4,40.0,USA,994.0,USA
2004319N10134,2004,WP,MM,MUIFA,2004-11-24 18:00:00,TS,8.4,105.5,40.0,USA,994.0,USA
2004319N10134,2004,WP,MM,MUIFA,2004-11-24 21:00:00,TS,8.5,104.5,40.0,USA,994.0,USA
2004319N10134,2004,WP,MM,MUIFA,2004-11-25 00:00:00,TS,8.6,103.7,40.0,USA,994.0,USA
2004319N10134,2004,WP,MM,MUIFA,2004-11-25 03:00:00,TS,8.6,102.7,38.0,USA,996.0,USA
2004319N10134,2004,WP,MM,MUIFA,2004-11-25 06:00:00,TS,8.6,101.9,35.0,USA,997.0,USA
2004319N10134,2004,WP,MM,MUIFA,2004-11-25 09:00:00,TS,8.7,101.1,33.0,USA,999.0,USA
2004319N10134,2004,WP,MM,MUIFA,2004-11-25 12:00:00,TS,8.9,100.5,30.0,USA,1000.0,USA
2004319N10134,2004,NI,BB,MUIFA,2004-11-25 15:00:00,TS,9.4,99.9,30.0,USA,1000.0,USA
2004319N10134,2004,NI,BB,MUIFA,2004-11-25 18:00:00,TS,10.0,99.6,30.0,USA,1000.0,USA
2004319N10134,2004,NI,BB,MUIFA,2004-11-25 21:00:00,TS,10.6,99.6,28.0,USA,1001.0,USA
2004319N10134,2004,NI,BB,MUIFA,2004-11-26 00:00:00,TS,11.3,99.9,25.0,USA,1002.0,USA
2004332N02072,2004,NI,AS,UNNAMED,2004-11-27 00:00:00,TS,1.6,72.4,20.0,USA,1004.0,USA
2004332N02072,2004,NI,AS,UNNAMED,2004-11-27 03:00:00,TS,1.6,71.9,20.0,USA,1004.0,USA
2004332N02072,2004,NI,AS,UNNAMED,2004-11-27 06:00:00,TS,1.5,71.5,20.0,USA,1004.0,USA
2004332N02072,2004,NI,AS,UNNAMED,2004-11-27 09:00:00,TS,1.4,71.1,20.0,USA,1004.0,USA
2004332N02072,2004,NI,AS,UNNAMED,2004-11-27 12:00:00,TS,1.2,70.7,20.0,USA,1004.0,USA
2004332N02072,2004,NI,AS,UNNAMED,2004-11-27 15:00:00,TS,1.0,70.3,25.0,USA,1002.0,USA
2004332N02072,2004,NI,AS,UNNAMED,2004-11-27 18:00:00,TS,0.9,69.9,30.0,USA,1000.0,USA
2004332N02072,2004,NI,AS,UNNAMED,2004-11-27 21:00:00,TS,0.8,69.4,33.0,USA,999.0,USA
2004332N02072,2004,NI,AS,UNNAMED,2004-11-28 00:00:00,TS,0.7,69.0,35.0,USA,997.0,USA
2004332N02072,2004,NI,AS,UNNAMED,2004-11-28 03:00:00,TS,0.7,68.6,38.0,USA,996.0,USA
2004332N02072,2004,NI,AS,UNNAMED,2004-11-28 06:00:00,TS,0.8,68.3,40.0,USA,994.0,USA
2004332N02072,2004,NI,AS,UNNAMED,2004-11-28 09:00:00,TS,0.9,67.9,43.0,USA,993.0,USA
2004332N02072,2004,NI,AS,UNNAMED,2004-11-28 12:00:00,TS,1.1,67.5,45.0,USA,991.0,USA
2004332N02072,2004,NI,AS,UNNAMED,2004-11-28 15:00:00,TS,1.3,67.1,48.0,USA,989.0,USA
2004332N02072,2004,NI,AS,UNNAMED,2004-11-28 18:00:00,TS,1.5,66.7,50.0,USA,987.0,USA
2004332N02072,2004,NI,AS,UNNAMED,2004-11-28 21:00:00,TS,1.7,66.3,55.0,USA,984.0,USA
2004332N02072,2004,NI,AS,UNNAMED,2004-11-29 00:00:00,TS,2.0,65.9,60.0,USA,980.0,USA
2004332N02072,2004,NI,AS,UNNAMED,2004-11-29 03:00:00,TS,2.3,65.4,63.0,USA,978.0,USA
2004332N02072,2004,NI,AS,UNNAMED,2004-11-29 06:00:00,TS,2.7,65.0,65.0,USA,976.0,USA
2004332N02072,2004,NI,AS,UNNAMED,2004-11-29 09:00:00,TS,3.1,64.6,65.0,USA,976.0,USA
2004332N02072,2004,NI,AS,UNNAMED,2004-11-29 12:00:00,TS,3.5,64.3,65.0,USA,976.0,USA
2004332N02072,2004,NI,AS,UNNAMED,2004-11-29 15:00:00,TS,3.8,64.0,60.0,USA,980.0,USA
2004332N02072,2004,NI,AS,UNNAMED,2004-11-29 18:00:00,TS,4.0,63.7,55.0,USA,984.0,USA
2004332N02072,2004,NI,AS,UNNAMED,2004-11-29 21:00:00,TS,4.2,63.4,58.0,USA,982.0,USA
2004332N02072,2004,NI,AS,UNNAMED,2004-11-30 00:00:00,TS,4.8,63.0,60.0,USA,980.0,USA
2004332N02072,2004,NI,AS,UNNAMED,2004-11-30 03:00:00,TS,5.2,62.4,63.0,USA,978.0,USA
2004332N02072,2004,NI,AS,UNNAMED,2004-11-30 06:00:00,TS,5.6,61.7,65.0,USA,976.0,USA
2004332N02072,2004,NI,AS,UNNAMED,2004-11-30 09:00:00,TS,6.0,61.1,65.0,USA,976.0,USA
2004332N02072,2004,NI,AS,UNNAMED,2004-11-30 12:00:00,TS,6.1,60.7,65.0,USA,976.0,USA
2004332N02072,2004,NI,AS,UNNAMED,2004-11-30 15:00:00,TS,6.1,60.4,65.0,USA,976.0,USA
2004332N02072,2004,NI,AS,UNNAMED,2004-11-30 18:00:00,TS,6.3,60.0,65.0,USA,976.0,USA
2004332N02072,2004,NI,AS,UNNAMED,2004-11-30 21:00:00,TS,6.6,59.8,63.0,USA,978.0,USA
2004332N02072,2004,NI,AS,UNNAMED,2004-12-01 00:00:00,TS,7.0,59.5,60.0,USA,980.0,USA
2004332N02072,2004,NI,AS,UNNAMED,2004-12-01 03:00:00,TS,7.1,59.3,58.0,USA,982.0,USA
2004332N02072,2004,NI,AS,UNNAMED,2004-12-01 06:00:00,TS,7.3,59.2,55.0,USA,984.0,USA
2004332N02072,2004,NI,AS,UNNAMED,2004-12-01 09:00:00,TS,7.6,58.5,53.0,USA,986.0,USA
2004332N02072,2004,NI,AS,UNNAMED,2004-12-01 12:00:00,TS,7.7,58.4,50.0,USA,987.0,USA
2004332N02072,2004,NI,AS,UNNAMED,2004-12-01 15:00:00,TS,7.7,58.1,48.0,USA,989.0,USA
2004332N02072,2004,NI,AS,UNNAMED,2004-12-01 18:00:00,TS,7.7,57.7,45.0,USA,991.0,USA
2004332N02072,2004,NI,AS,UNNAMED,2004-12-01 21:00:00,TS,7.8,57.3,45.0,USA,991.0,USA
2004332N02072,2004,NI,AS,UNNAMED,2004-12-02 00:00:00,TS,7.9,56.8,45.0,USA,991.0,USA
2004332N02072,2004,NI,AS,UNNAMED,2004-12-02 03:00:00,TS,8.0,56.3,45.0,USA,991.0,USA
2004332N02072,2004,NI,AS,UNNAMED,2004-12-02 06:00:00,TS,8.1,55.8,45.0,USA,991.0,USA
2004332N02072,2004,NI,AS,UNNAMED,2004-12-02 09:00:00,TS,8.2,55.3,43.0,USA,993.0,USA
2004332N02072,2004,NI,AS,UNNAMED,2004-12-02 12:00:00,TS,8.2,55.0,40.0,USA,994.0,USA
2004332N02072,2004,NI,AS,UNNAMED,2004-12-02 15:00:00,TS,8.2,54.7,40.0,USA,994.0,USA
2004332N02072,2004,NI,AS,UNNAMED,2004-12-02 18:00:00,TS,8.2,54.4,40.0,USA,994.0,USA
2004332N02072,2004,NI,AS,UNNAMED,2004-12-02 21:00:00,TS,8.2,54.1,40.0,USA,994.0,USA
2004332N02072,2004,NI,AS,UNNAMED,2004-12-03 00:00:00,TS,8.3,53.9,40.0,USA,994.0,USA
2004332N02072,2004,NI,AS,UNNAMED,2004-12-03 03:00:00,TS,8.3,53.7,40.0,USA,994.0,USA
2004332N02072,2004,NI,AS,UNNAMED,2004-12-03 06:00:00,TS,8.3,53.4,40.0,USA,994.0,USA
2004332N02072,2004,NI,AS,UNNAMED,2004-12-03 09:00:00,TS,8.3,53.2,38.0,USA,996.0,USA
2004332N02072,2004,NI,AS,UNNAMED,2004-12-03 12:00:00,TS,8.2,52.9,35.0,USA,997.0,USA
2004332N02072,2004,NI,AS,UNNAMED,2004-12-03 15:00:00,TS,8.1,52.5,33.0,USA,999.0,USA
2004332N02072,2004,NI,AS,UNNAMED,2004-12-03 18:00:00,TS,7.9,52.1,30.0,USA,1000.0,USA
2004332N02072,2004,NI,AS,UNNAMED,2004-12-03 21:00:00,TS,7.7,51.7,30.0,USA,1000.0,USA
2004332N02072,2004,NI,AS,UNNAMED,2004-12-04 00:00:00,TS,7.5,51.3,30.0,USA,1000.0,USA
2004332N02072,2004,NI,AS,UNNAMED,2004-12-04 03:00:00,TS,7.2,50.8,30.0,USA,1000.0,USA
2004332N02072,2004,NI,AS,UNNAMED,2004-12-04 06:00:00,TS,6.9,50.3,30.0,USA,1000.0,USA
2004332N02072,2004,NI,AS,UNNAMED,2004-12-04 09:00:00,TS,6.6,49.8,28.0,USA,1001.0,USA
2004332N02072,2004,NI,AS,UNNAMED,2004-12-04 12:00:00,DS,6.1,49.2,25.0,USA,1002.0,USA
2004332N02072,2004,NI,AS,UNNAMED,2004-12-04 15:00:00,DS,5.4,48.6,25.0,USA,1002.0,USA
2004332N02072,2004,NI,AS,UNNAMED,2004-12-04 18:00:00,DS,4.6,47.9,25.0,USA,1002.0,USA
2004332N02072,2004,NI,AS,UNNAMED,2004-12-04 21:00:00,DS,4.0,47.0,25.0,USA,1002.0,USA
2004332N02072,2004,NI,AS,UNNAMED,2004-12-05 00:00:00,DS,3.4,46.4,25.0,USA,1002.0,USA
2004332N02072,2004,NI,AS,UNNAMED,2004-12-05 03:00:00,DS,2.7,46.3,23.0,USA,1003.0,USA
2004332N02072,2004,NI,AS,UNNAMED,2004-12-05 06:00:00,DS,1.9,46.5,20.0,USA,1004.0,USA
2005007N04085,2005,NI,BB,UNNAMED,2005-01-07 00:00:00,TS,3.5,85.1,15.0,USA,1006.0,USA
2005007N04085,2005,NI,BB,UNNAMED,2005-01-07 03:00:00,TS,3.5,85.0,15.0,USA,1006.0,USA
2005007N04085,2005,NI,BB,UNNAMED,2005-01-07 06:00:00,TS,3.5,84.8,15.0,USA,1006.0,USA
2005007N04085,2005,NI,BB,UNNAMED,2005-01-07 09:00:00,TS,3.6,84.7,15.0,USA,1006.0,USA
2005007N04085,2005,NI,BB,UNNAMED,2005-01-07 12:00:00,TS,3.6,84.6,15.0,USA,1006.0,USA
2005007N04085,2005,NI,BB,UNNAMED,2005-01-07 15:00:00,TS,3.6,84.5,18.0,USA,1005.0,USA
2005007N04085,2005,NI,BB,UNNAMED,2005-01-07 18:00:00,TS,3.7,84.4,20.0,USA,1004.0,USA
2005007N04085,2005,NI,BB,UNNAMED,2005-01-07 21:00:00,TS,3.7,84.3,20.0,USA,1004.0,USA
2005007N04085,2005,NI,BB,UNNAMED,2005-01-08 00:00:00,TS,3.8,84.2,20.0,USA,1004.0,USA
2005007N04085,2005,NI,BB,UNNAMED,2005-01-08 03:00:00,TS,3.8,84.0,23.0,USA,1003.0,USA
2005007N04085,2005,NI,BB,UNNAMED,2005-01-08 06:00:00,TS,3.9,83.9,25.0,USA,1002.0,USA
2005007N04085,2005,NI,BB,UNNAMED,2005-01-08 09:00:00,TS,4.0,83.8,28.0,USA,1001.0,USA
2005007N04085,2005,NI,BB,UNNAMED,2005-01-08 12:00:00,TS,4.2,83.7,30.0,USA,1000.0,USA
2005007N04085,2005,NI,BB,UNNAMED,2005-01-08 15:00:00,TS,4.4,83.6,30.0,USA,1000.0,USA
2005007N04085,2005,NI,BB,UNNAMED,2005-01-08 18:00:00,TS,4.7,83.5,30.0,USA,1000.0,USA
2005007N04085,2005,NI,BB,UNNAMED,2005-01-08 21:00:00,TS,5.0,83.4,28.0,USA,1001.0,USA
2005007N04085,2005,NI,BB,UNNAMED,2005-01-09 00:00:00,TS,5.2,83.4,25.0,USA,1002.0,USA
2005007N04085,2005,NI,BB,UNNAMED,2005-01-09 03:00:00,TS,5.4,83.4,25.0,USA,1002.0,USA
2005007N04085,2005,NI,BB,UNNAMED,2005-01-09 06:00:00,TS,5.5,83.3,25.0,USA,1002.0,USA
2005007N04085,2005,NI,BB,UNNAMED,2005-01-09 09:00:00,TS,5.7,83.2,25.0,USA,1002.0,USA
2005007N04085,2005,NI,BB,UNNAMED,2005-01-09 12:00:00,TS,5.8,83.2,25.0,USA,1002.0,USA
2005007N04085,2005,NI,BB,UNNAMED,2005-01-09 15:00:00,TS,5.9,83.2,25.0,USA,1002.0,USA
2005007N04085,2005,NI,BB,UNNAMED,2005-01-09 18:00:00,TS,6.1,83.2,25.0,USA,1002.0,USA
2005007N04085,2005,NI,BB,UNNAMED,2005-01-09 21:00:00,TS,6.2,83.2,25.0,USA,1002.0,USA
2005007N04085,2005,NI,BB,UNNAMED,2005-01-10 00:00:00,TS,6.4,83.2,25.0,USA,1002.0,USA
2005007N04085,2005,NI,BB,UNNAMED,2005-01-10 03:00:00,TS,6.6,83.2,23.0,USA,1003.0,USA
2005007N04085,2005,NI,BB,UNNAMED,2005-01-10 06:00:00,TS,6.7,83.1,20.0,USA,1004.0,USA
2005007N04085,2005,NI,BB,UNNAMED,2005-01-10 09:00:00,TS,6.9,83.0,20.0,USA,1004.0,USA
2005007N04085,2005,NI,BB,UNNAMED,2005-01-10 12:00:00,TS,7.0,83.0,20.0,USA,1004.0,USA
2005012N04090,2005,NI,BB,UNNAMED,2005-01-11 18:00:00,DS,4.0,89.8,20.0,USA,1004.0,USA
2005012N04090,2005,NI,BB,UNNAMED,2005-01-11 21:00:00,DS,4.2,89.9,20.0,USA,1004.0,USA
2005012N04090,2005,NI,BB,UNNAMED,2005-01-12 00:00:00,DS,4.4,89.9,20.0,USA,1004.0,USA
2005012N04090,2005,NI,BB,UNNAMED,2005-01-12 03:00:00,DS,4.6,89.8,20.0,USA,1004.0,USA
2005012N04090,2005,NI,BB,UNNAMED,2005-01-12 06:00:00,DS,4.7,89.7,20.0,USA,1004.0,USA
2005012N04090,2005,NI,BB,UNNAMED,2005-01-12 09:00:00,DS,4.8,89.6,20.0,USA,1004.0,USA
2005012N04090,2005,NI,BB,UNNAMED,2005-01-12 12:00:00,DS,5.0,89.4,20.0,USA,1004.0,USA
2005012N04090,2005,NI,BB,UNNAMED,2005-01-12 15:00:00,DS,5.2,89.2,20.0,USA,1004.0,USA
2005012N04090,2005,NI,BB,UNNAMED,2005-01-12 18:00:00,DS,5.3,88.9,20.0,USA,1004.0,USA
2005012N04090,2005,NI,BB,UNNAMED,2005-01-12 21:00:00,DS,5.3,88.5,23.0,USA,1003.0,USA
2005012N04090,2005,NI,BB,UNNAMED,2005-01-13 00:00:00,TS,5.2,88.1,25.0,USA,1002.0,USA
2005012N04090,2005,NI,BB,UNNAMED,2005-01-13 03:00:00,TS,5.3,87.8,28.0,USA,1001.0,USA
2005012N04090,2005,NI,BB,UNNAMED,2005-01-13 06:00:00,TS,5.4,87.5,30.0,USA,1000.0,USA
2005012N04090,2005,NI,BB,UNNAMED,2005-01-13 09:00:00,TS,5.5,87.3,30.0,USA,1000.0,USA
2005012N04090,2005,NI,BB,UNNAMED,2005-01-13 12:00:00,TS,5.6,87.2,30.0,USA,1000.0,USA
2005012N04090,2005,NI,BB,UNNAMED,2005-01-13 15:00:00,TS,5.7,87.1,30.0,USA,1001.0,USA
2005012N04090,2005,NI,BB,UNNAMED,2005-01-13 18:00:00,TS,5.7,87.2,30.0,USA,1002.0,USA
2005012N04090,2005,NI,BB,UNNAMED,2005-01-13 21:00:00,TS,5.7,87.2,30.0,USA,1001.0,USA
2005012N04090,2005,NI,BB,UNNAMED,2005-01-14 00:00:00,TS,5.7,87.3,30.0,USA,1000.0,USA
2005012N04090,2005,NI,BB,UNNAMED,2005-01-14 03:00:00,TS,5.6,87.3,30.0,USA,1000.0,USA
2005012N04090,2005,NI,BB,UNNAMED,2005-01-14 06:00:00,TS,5.5,87.3,30.0,USA,1000.0,USA
2005012N04090,2005,NI,BB,UNNAMED,2005-01-14 09:00:00,TS,5.4,87.3,33.0,USA,999.0,USA
2005012N04090,2005,NI,BB,UNNAMED,2005-01-14 12:00:00,TS,5.3,87.2,35.0,USA,997.0,USA
2005012N04090,2005,NI,BB,UNNAMED,2005-01-14 15:00:00,TS,5.3,87.1,35.0,USA,997.0,USA
2005012N04090,2005,NI,BB,UNNAMED,2005-01-14 18:00:00,TS,5.3,87.1,35.0,USA,997.0,USA
2005012N04090,2005,NI,BB,UNNAMED,2005-01-14 21:00:00,TS,5.3,87.0,35.0,USA,997.0,USA
2005012N04090,2005,NI,BB,UNNAMED,2005-01-15 00:00:00,TS,5.3,87.0,35.0,USA,997.0,USA
2005012N04090,2005,NI,BB,UNNAMED,2005-01-15 03:00:00,TS,5.3,86.9,35.0,USA,997.0,USA
2005012N04090,2005,NI,BB,UNNAMED,2005-01-15 06:00:00,TS,5.3,86.8,35.0,USA,997.0,USA
2005012N04090,2005,NI,BB,UNNAMED,2005-01-15 09:00:00,TS,5.2,86.7,35.0,USA,997.0,USA
2005012N04090,2005,NI,BB,UNNAMED,2005-01-15 12:00:00,TS,5.2,86.7,35.0,USA,997.0,USA
2005012N04090,2005,NI,BB,UNNAMED,2005-01-15 15:00:00,TS,5.1,86.7,35.0,USA,997.0,USA
2005012N04090,2005,NI,BB,UNNAMED,2005-01-15 18:00:00,TS,5.0,86.7,35.0,USA,997.0,USA
2005012N04090,2005,NI,BB,UNNAMED,2005-01-15 21:00:00,TS,4.9,86.7,35.0,USA,997.0,USA
2005012N04090,2005,NI,BB,UNNAMED,2005-01-16 00:00:00,TS,4.9,86.7,35.0,USA,997.0,USA
2005012N04090,2005,NI,BB,UNNAMED,2005-01-16 03:00:00,TS,4.9,86.4,35.0,USA,997.0,USA
2005012N04090,2005,NI,BB,UNNAMED,2005-01-16 06:00:00,TS,5.0,86.4,35.0,USA,997.0,USA
2005012N04090,2005,NI,BB,UNNAMED,2005-01-16 09:00:00,TS,5.0,86.3,35.0,USA,997.0,USA
2005012N04090,2005,NI,BB,UNNAMED,2005-01-16 12:00:00,TS,5.1,86.2,35.0,USA,997.0,USA
2005012N04090,2005,NI,BB,UNNAMED,2005-01-16 15:00:00,TS,5.1,86.1,33.0,USA,999.0,USA
2005012N04090,2005,NI,BB,UNNAMED,2005-01-16 18:00:00,TS,5.2,86.1,30.0,USA,1000.0,USA
2005012N04090,2005,NI,BB,UNNAMED,2005-01-16 21:00:00,TS,5.2,85.9,28.0,USA,1001.0,USA
2005012N04090,2005,NI,BB,UNNAMED,2005-01-17 00:00:00,TS,5.2,85.7,25.0,USA,1002.0,USA
2005012N04090,2005,NI,BB,UNNAMED,2005-01-17 03:00:00,TS,4.8,85.7,23.0,USA,1003.0,USA
2005012N04090,2005,NI,BB,UNNAMED,2005-01-17 06:00:00,TS,4.8,85.8,20.0,USA,1004.0,USA
2005012N04090,2005,NI,BB,UNNAMED,2005-01-17 09:00:00,TS,5.0,86.0,25.0,NEWDELHI,1004.0,NEWDELHI
2005012N04090,2005,NI,BB,UNNAMED,2005-01-17 12:00:00,TS,5.0,86.0,25.0,NEWDELHI,1006.0,NEWDELHI
2005172N22069,2005,NI,AS,UNNAMED,2005-06-21 03:00:00,TS,21.5,68.5,25.0,NEWDELHI,992.0,NEWDELHI
2005172N22069,2005,NI,AS,UNNAMED,2005-06-21 06:00:00,TS,21.7,68.3,25.0,NEWDELHI,993.0,NEWDELHI
2005172N22069,2005,NI,AS,UNNAMED,2005-06-21 09:00:00,TS,21.9,68.1,25.0,NEWDELHI,993.0,NEWDELHI
2005172N22069,2005,NI,AS,UNNAMED,2005-06-21 12:00:00,TS,22.0,68.0,25.0,NEWDELHI,994.0,NEWDELHI
2005172N22069,2005,NI,AS,UNNAMED,2005-06-21 15:00:00,TS,22.1,68.0,,MISSING,,MISSING
2005172N22069,2005,NI,AS,UNNAMED,2005-06-21 18:00:00,TS,22.1,68.0,,MISSING,,MISSING
2005172N22069,2005,NI,AS,UNNAMED,2005-06-21 21:00:00,TS,22.1,68.1,,MISSING,,MISSING
2005172N22069,2005,NI,AS,UNNAMED,2005-06-22 00:00:00,TS,22.0,68.1,,MISSING,,MISSING
2005172N22069,2005,NI,AS,UNNAMED,2005-06-22 03:00:00,TS,22.0,68.0,25.0,NEWDELHI,994.0,NEWDELHI
2005172N22069,2005,NI,AS,UNNAMED,2005-06-22 06:00:00,TS,22.0,67.8,25.0,NEWDELHI,993.0,NEWDELHI
2005172N22069,2005,NI,AS,UNNAMED,2005-06-22 09:00:00,TS,22.0,67.4,25.0,NEWDELHI,993.0,NEWDELHI
2005172N22069,2005,NI,AS,UNNAMED,2005-06-22 12:00:00,TS,22.0,67.0,25.0,NEWDELHI,992.0,NEWDELHI
2005179N22088,2005,NI,BB,UNNAMED,2005-06-27 12:00:00,TS,21.5,88.0,25.0,NEWDELHI,990.0,NEWDELHI
2005179N22088,2005,NI,BB,UNNAMED,2005-06-27 15:00:00,TS,21.9,87.5,,MISSING,,MISSING
2005179N22088,2005,NI,BB,UNNAMED,2005-06-27 18:00:00,TS,22.3,87.0,,MISSING,,MISSING
2005179N22088,2005,NI,BB,UNNAMED,2005-06-27 21:00:00,TS,22.6,86.6,,MISSING,,MISSING
2005179N22088,2005,NI,BB,UNNAMED,2005-06-28 00:00:00,TS,22.8,86.2,,MISSING,,MISSING
2005179N22088,2005,NI,BB,UNNAMED,2005-06-28 03:00:00,TS,23.0,86.0,25.0,NEWDELHI,990.0,NEWDELHI
2005179N22088,2005,NI,BB,UNNAMED,2005-06-28 06:00:00,TS,23.1,85.9,25.0,NEWDELHI,990.0,NEWDELHI
2005179N22088,2005,NI,BB,UNNAMED,2005-06-28 09:00:00,TS,23.0,85.9,25.0,NEWDELHI,990.0,NEWDELHI
2005179N22088,2005,NI,BB,UNNAMED,2005-06-28 12:00:00,TS,23.0,86.0,25.0,NEWDELHI,990.0,NEWDELHI
2005179N22088,2005,NI,BB,UNNAMED,2005-06-28 15:00:00,TS,23.0,86.0,,MISSING,,MISSING
2005179N22088,2005,NI,BB,UNNAMED,2005-06-28 18:00:00,TS,22.9,86.1,,MISSING,,MISSING
2005179N22088,2005,NI,BB,UNNAMED,2005-06-28 21:00:00,TS,22.9,86.1,,MISSING,,MISSING
2005179N22088,2005,NI,BB,UNNAMED,2005-06-29 00:00:00,TS,22.9,86.1,,MISSING,,MISSING
2005179N22088,2005,NI,BB,UNNAMED,2005-06-29 03:00:00,TS,23.0,86.0,25.0,NEWDELHI,990.0,NEWDELHI
2005179N22088,2005,NI,BB,UNNAMED,2005-06-29 06:00:00,TS,23.1,85.9,25.0,NEWDELHI,990.0,NEWDELHI
2005179N22088,2005,NI,BB,UNNAMED,2005-06-29 09:00:00,TS,23.3,85.7,25.0,NEWDELHI,990.0,NEWDELHI
2005179N22088,2005,NI,BB,UNNAMED,2005-06-29 12:00:00,TS,23.5,85.5,25.0,NEWDELHI,990.0,NEWDELHI
2005179N22088,2005,NI,BB,UNNAMED,2005-06-29 15:00:00,TS,23.6,85.3,,MISSING,,MISSING
2005179N22088,2005,NI,BB,UNNAMED,2005-06-29 18:00:00,TS,23.8,85.1,,MISSING,,MISSING
2005179N22088,2005,NI,BB,UNNAMED,2005-06-29 21:00:00,TS,23.9,84.8,,MISSING,,MISSING
2005179N22088,2005,NI,BB,UNNAMED,2005-06-30 00:00:00,TS,23.9,84.5,,MISSING,,MISSING
2005179N22088,2005,NI,BB,UNNAMED,2005-06-30 03:00:00,TS,24.0,84.0,25.0,NEWDELHI,990.0,NEWDELHI
2005179N22088,2005,NI,BB,UNNAMED,2005-06-30 06:00:00,TS,24.0,83.4,25.0,NEWDELHI,990.0,NEWDELHI
2005179N22088,2005,NI,BB,UNNAMED,2005-06-30 09:00:00,TS,24.0,82.6,25.0,NEWDELHI,990.0,NEWDELHI
2005179N22088,2005,NI,BB,UNNAMED,2005-06-30 12:00:00,TS,24.0,82.0,25.0,NEWDELHI,990.0,NEWDELHI
2005179N22088,2005,NI,BB,UNNAMED,2005-06-30 15:00:00,TS,24.1,81.5,,MISSING,,MISSING
2005179N22088,2005,NI,BB,UNNAMED,2005-06-30 18:00:00,TS,24.2,81.1,,MISSING,,MISSING
2005179N22088,2005,NI,BB,UNNAMED,2005-06-30 21:00:00,TS,24.3,80.8,,MISSING,,MISSING
2005179N22088,2005,NI,BB,UNNAMED,2005-07-01 00:00:00,TS,24.4,80.6,,MISSING,,MISSING
2005179N22088,2005,NI,BB,UNNAMED,2005-07-01 03:00:00,TS,24.5,80.5,25.0,NEWDELHI,990.0,NEWDELHI
2005179N22088,2005,NI,BB,UNNAMED,2005-07-01 06:00:00,TS,24.5,80.4,25.0,NEWDELHI,990.0,NEWDELHI
2005179N22088,2005,NI,BB,UNNAMED,2005-07-01 09:00:00,TS,24.5,80.5,25.0,NEWDELHI,990.0,NEWDELHI
2005179N22088,2005,NI,BB,UNNAMED,2005-07-01 12:00:00,TS,24.5,80.5,25.0,NEWDELHI,990.0,NEWDELHI
2005179N22088,2005,NI,BB,UNNAMED,2005-07-01 15:00:00,TS,24.5,80.5,,MISSING,,MISSING
2005179N22088,2005,NI,BB,UNNAMED,2005-07-01 18:00:00,TS,24.5,80.5,,MISSING,,MISSING
2005179N22088,2005,NI,BB,UNNAMED,2005-07-01 21:00:00,TS,24.5,80.5,,MISSING,,MISSING
2005179N22088,2005,NI,BB,UNNAMED,2005-07-02 00:00:00,TS,24.5,80.5,,MISSING,,MISSING
2005179N22088,2005,NI,BB,UNNAMED,2005-07-02 03:00:00,TS,24.5,80.5,25.0,NEWDELHI,990.0,NEWDELHI
2005179N22088,2005,NI,BB,UNNAMED,2005-07-02 06:00:00,TS,24.5,80.5,25.0,NEWDELHI,990.0,NEWDELHI
2005179N22088,2005,NI,BB,UNNAMED,2005-07-02 09:00:00,TS,24.5,80.5,25.0,NEWDELHI,990.0,NEWDELHI
2005179N22088,2005,NI,BB,UNNAMED,2005-07-02 12:00:00,TS,24.5,80.5,25.0,NEWDELHI,990.0,NEWDELHI
2005179N22088,2005,NI,BB,UNNAMED,2005-07-02 15:00:00,TS,24.5,80.5,,MISSING,,MISSING
2005179N22088,2005,NI,BB,UNNAMED,2005-07-02 18:00:00,TS,24.5,80.5,,MISSING,,MISSING
2005179N22088,2005,NI,BB,UNNAMED,2005-07-02 21:00:00,TS,24.5,80.5,,MISSING,,MISSING
2005179N22088,2005,NI,BB,UNNAMED,2005-07-03 00:00:00,TS,24.5,80.5,,MISSING,,MISSING
2005179N22088,2005,NI,BB,UNNAMED,2005-07-03 03:00:00,TS,24.5,80.5,25.0,NEWDELHI,990.0,NEWDELHI
2005179N22088,2005,NI,BB,UNNAMED,2005-07-03 06:00:00,TS,24.5,80.5,25.0,NEWDELHI,990.0,NEWDELHI
2005179N22088,2005,NI,BB,UNNAMED,2005-07-03 09:00:00,TS,24.5,80.5,25.0,NEWDELHI,990.0,NEWDELHI
2005179N22088,2005,NI,BB,UNNAMED,2005-07-03 12:00:00,TS,24.5,80.5,25.0,NEWDELHI,990.0,NEWDELHI
2005179N22088,2005,NI,BB,UNNAMED,2005-07-03 15:00:00,TS,24.6,80.3,,MISSING,,MISSING
2005179N22088,2005,NI,BB,UNNAMED,2005-07-03 18:00:00,TS,24.7,80.1,,MISSING,,MISSING
2005179N22088,2005,NI,BB,UNNAMED,2005-07-03 21:00:00,TS,24.8,79.9,,MISSING,,MISSING
2005179N22088,2005,NI,BB,UNNAMED,2005-07-04 00:00:00,TS,24.9,79.7,,MISSING,,MISSING
2005179N22088,2005,NI,BB,UNNAMED,2005-07-04 03:00:00,TS,25.0,79.5,25.0,NEWDELHI,990.0,NEWDELHI
2005179N22088,2005,NI,BB,UNNAMED,2005-07-04 06:00:00,TS,25.0,79.5,25.0,NEWDELHI,990.0,NEWDELHI
2005179N22088,2005,NI,BB,UNNAMED,2005-07-04 09:00:00,TS,25.0,79.5,25.0,NEWDELHI,990.0,NEWDELHI
2005179N22088,2005,NI,BB,UNNAMED,2005-07-04 12:00:00,TS,25.0,79.5,25.0,NEWDELHI,990.0,NEWDELHI
2005179N22088,2005,NI,BB,UNNAMED,2005-07-04 15:00:00,TS,25.2,79.6,,MISSING,,MISSING
2005179N22088,2005,NI,BB,UNNAMED,2005-07-04 18:00:00,TS,25.4,79.7,,MISSING,,MISSING
2005179N22088,2005,NI,BB,UNNAMED,2005-07-04 21:00:00,TS,25.6,79.8,,MISSING,,MISSING
2005179N22088,2005,NI,BB,UNNAMED,2005-07-05 00:00:00,TS,25.8,79.9,,MISSING,,MISSING
2005179N22088,2005,NI,BB,UNNAMED,2005-07-05 03:00:00,TS,26.0,80.0,25.0,NEWDELHI,990.0,NEWDELHI
2005179N22088,2005,NI,BB,UNNAMED,2005-07-05 06:00:00,TS,26.1,80.0,25.0,NEWDELHI,990.0,NEWDELHI
2005179N22088,2005,NI,BB,UNNAMED,2005-07-05 09:00:00,TS,26.0,80.0,25.0,NEWDELHI,990.0,NEWDELHI
2005179N22088,2005,NI,BB,UNNAMED,2005-07-05 12:00:00,TS,26.0,80.0,25.0,NEWDELHI,990.0,NEWDELHI
2005210N21088,2005,NI,BB,UNNAMED,2005-07-29 03:00:00,TS,21.5,87.5,25.0,NEWDELHI,992.0,NEWDELHI
2005210N21088,2005,NI,BB,UNNAMED,2005-07-29 06:00:00,TS,21.5,87.5,25.0,NEWDELHI,991.0,NEWDELHI
2005210N21088,2005,NI,BB,UNNAMED,2005-07-29 09:00:00,TS,21.5,87.5,25.0,NEWDELHI,991.0,NEWDELHI
2005210N21088,2005,NI,BB,UNNAMED,2005-07-29 12:00:00,TS,21.5,87.5,25.0,NEWDELHI,990.0,NEWDELHI
2005210N21088,2005,NI,BB,UNNAMED,2005-07-29 15:00:00,TS,21.5,87.6,,MISSING,,MISSING
2005210N21088,2005,NI,BB,UNNAMED,2005-07-29 18:00:00,TS,21.5,87.7,,MISSING,,MISSING
2005210N21088,2005,NI,BB,UNNAMED,2005-07-29 21:00:00,TS,21.5,87.8,,MISSING,,MISSING
2005210N21088,2005,NI,BB,UNNAMED,2005-07-30 00:00:00,TS,21.5,87.8,,MISSING,,MISSING
2005210N21088,2005,NI,BB,UNNAMED,2005-07-30 03:00:00,TS,21.5,87.5,30.0,NEWDELHI,990.0,NEWDELHI
2005210N21088,2005,NI,BB,UNNAMED,2005-07-30 06:00:00,TS,21.5,86.9,30.0,NEWDELHI,989.0,NEWDELHI
2005210N21088,2005,NI,BB,UNNAMED,2005-07-30 09:00:00,TS,21.5,86.1,30.0,NEWDELHI,989.0,NEWDELHI
2005210N21088,2005,NI,BB,UNNAMED,2005-07-30 12:00:00,TS,21.5,85.5,30.0,NEWDELHI,988.0,NEWDELHI
2005210N21088,2005,NI,BB,UNNAMED,2005-07-30 15:00:00,TS,21.5,85.4,,MISSING,,MISSING
2005210N21088,2005,NI,BB,UNNAMED,2005-07-30 18:00:00,TS,21.4,85.6,,MISSING,,MISSING
2005210N21088,2005,NI,BB,UNNAMED,2005-07-30 21:00:00,TS,21.4,85.7,,MISSING,,MISSING
2005210N21088,2005,NI,BB,UNNAMED,2005-07-31 00:00:00,TS,21.4,85.8,,MISSING,,MISSING
2005210N21088,2005,NI,BB,UNNAMED,2005-07-31 03:00:00,TS,21.5,85.5,30.0,NEWDELHI,990.0,NEWDELHI
2005210N21088,2005,NI,BB,UNNAMED,2005-07-31 06:00:00,TS,21.6,84.8,30.0,NEWDELHI,990.0,NEWDELHI
2005210N21088,2005,NI,BB,UNNAMED,2005-07-31 09:00:00,TS,21.8,83.7,30.0,NEWDELHI,990.0,NEWDELHI
2005210N21088,2005,NI,BB,UNNAMED,2005-07-31 12:00:00,TS,22.0,82.5,30.0,NEWDELHI,990.0,NEWDELHI
2005255N20088,2005,NI,BB,UNNAMED,2005-09-12 03:00:00,TS,20.0,88.0,25.0,NEWDELHI,992.0,NEWDELHI
2005255N20088,2005,NI,BB,UNNAMED,2005-09-12 06:00:00,TS,20.4,86.8,25.0,NEWDELHI,992.0,NEWDELHI
2005255N20088,2005,NI,BB,UNNAMED,2005-09-12 09:00:00,TS,20.7,85.8,25.0,NEWDELHI,992.0,NEWDELHI
2005255N20088,2005,NI,BB,UNNAMED,2005-09-12 12:00:00,TS,21.0,85.0,25.0,NEWDELHI,992.0,NEWDELHI
2005255N20088,2005,NI,BB,UNNAMED,2005-09-12 15:00:00,TS,21.2,84.5,,MISSING,,MISSING
2005255N20088,2005,NI,BB,UNNAMED,2005-09-12 18:00:00,TS,21.3,84.3,,MISSING,,MISSING
2005255N20088,2005,NI,BB,UNNAMED,2005-09-12 21:00:00,TS,21.3,84.2,,MISSING,,MISSING
2005255N20088,2005,NI,BB,UNNAMED,2005-09-13 00:00:00,TS,21.4,84.2,,MISSING,,MISSING
2005255N20088,2005,NI,BB,UNNAMED,2005-09-13 03:00:00,TS,21.5,84.0,25.0,NEWDELHI,992.0,NEWDELHI
2005255N20088,2005,NI,BB,UNNAMED,2005-09-13 06:00:00,TS,21.7,83.6,25.0,NEWDELHI,992.0,NEWDELHI
2005255N20088,2005,NI,BB,UNNAMED,2005-09-13 09:00:00,TS,21.8,83.0,25.0,NEWDELHI,992.0,NEWDELHI
2005255N20088,2005,NI,BB,UNNAMED,2005-09-13 12:00:00,TS,22.0,82.5,25.0,NEWDELHI,992.0,NEWDELHI
2005255N20088,2005,NI,BB,UNNAMED,2005-09-13 15:00:00,TS,22.2,81.9,,MISSING,,MISSING
2005255N20088,2005,NI,BB,UNNAMED,2005-09-13 18:00:00,TS,22.5,81.3,,MISSING,,MISSING
2005255N20088,2005,NI,BB,UNNAMED,2005-09-13 21:00:00,TS,22.7,80.8,,MISSING,,MISSING
2005255N20088,2005,NI,BB,UNNAMED,2005-09-14 00:00:00,TS,22.9,80.3,,MISSING,,MISSING
2005255N20088,2005,NI,BB,UNNAMED,2005-09-14 03:00:00,TS,23.0,80.0,25.0,NEWDELHI,996.0,NEWDELHI
2005255N20088,2005,NI,BB,UNNAMED,2005-09-14 06:00:00,TS,23.0,79.9,25.0,NEWDELHI,997.0,NEWDELHI
2005255N20088,2005,NI,BB,UNNAMED,2005-09-14 09:00:00,TS,23.0,80.0,25.0,NEWDELHI,997.0,NEWDELHI
2005255N20088,2005,NI,BB,UNNAMED,2005-09-14 12:00:00,TS,23.0,80.0,25.0,NEWDELHI,998.0,NEWDELHI
2005255N20088,2005,NI,BB,UNNAMED,2005-09-14 15:00:00,TS,23.2,79.8,,MISSING,,MISSING
2005255N20088,2005,NI,BB,UNNAMED,2005-09-14 18:00:00,TS,23.4,79.5,,MISSING,,MISSING
2005255N20088,2005,NI,BB,UNNAMED,2005-09-14 21:00:00,TS,23.8,79.1,,MISSING,,MISSING
2005255N20088,2005,NI,BB,UNNAMED,2005-09-15 00:00:00,TS,24.1,78.8,,MISSING,,MISSING
2005255N20088,2005,NI,BB,UNNAMED,2005-09-15 03:00:00,TS,24.5,78.5,25.0,NEWDELHI,1000.0,NEWDELHI
2005255N20088,2005,NI,BB,UNNAMED,2005-09-15 06:00:00,TS,24.8,78.3,25.0,NEWDELHI,999.0,NEWDELHI
2005255N20088,2005,NI,BB,UNNAMED,2005-09-15 09:00:00,TS,25.2,78.1,25.0,NEWDELHI,997.0,NEWDELHI
2005255N20088,2005,NI,AS,UNNAMED,2005-09-15 12:00:00,TS,25.5,78.0,25.0,NEWDELHI,996.0,NEWDELHI
2005255N20088,2005,NI,AS,UNNAMED,2005-09-15 15:00:00,TS,25.8,77.9,,MISSING,,MISSING
2005255N20088,2005,NI,AS,UNNAMED,2005-09-15 18:00:00,TS,26.1,77.9,,MISSING,,MISSING
2005255N20088,2005,NI,AS,UNNAMED,2005-09-15 21:00:00,TS,26.4,77.9,,MISSING,,MISSING
2005255N20088,2005,NI,AS,UNNAMED,2005-09-16 00:00:00,TS,26.7,78.0,,MISSING,,MISSING
2005255N20088,2005,NI,AS,UNNAMED,2005-09-16 03:00:00,TS,27.0,78.0,25.0,NEWDELHI,996.0,NEWDELHI
2005255N20088,2005,NI,BB,UNNAMED,2005-09-16 06:00:00,TS,27.3,78.0,25.0,NEWDELHI,996.0,NEWDELHI
2005255N20088,2005,NI,BB,UNNAMED,2005-09-16 09:00:00,TS,27.7,78.0,25.0,NEWDELHI,996.0,NEWDELHI
2005255N20088,2005,NI,AS,UNNAMED,2005-09-16 12:00:00,TS,28.0,78.0,25.0,NEWDELHI,996.0,NEWDELHI
2005257N15120,2005,WP,MM,VICENTE,2005-09-14 06:00:00,DS,14.7,119.6,15.0,USA,1006.0,USA
2005257N15120,2005,WP,MM,VICENTE,2005-09-14 09:00:00,DS,14.9,119.0,15.0,USA,1006.0,USA
2005257N15120,2005,WP,MM,VICENTE,2005-09-14 12:00:00,DS,15.0,118.5,15.0,USA,1006.0,USA
2005257N15120,2005,WP,MM,VICENTE,2005-09-14 15:00:00,DS,15.0,118.0,15.0,USA,1006.0,USA
2005257N15120,2005,WP,MM,VICENTE,2005-09-14 18:00:00,DS,14.9,117.4,15.0,USA,1006.0,USA
2005257N15120,2005,WP,MM,VICENTE,2005-09-14 21:00:00,DS,14.8,116.7,15.0,USA,1006.0,USA
2005257N15120,2005,WP,MM,VICENTE,2005-09-15 00:00:00,DS,14.7,116.1,15.0,USA,1006.0,USA
2005257N15120,2005,WP,MM,VICENTE,2005-09-15 03:00:00,DS,14.4,115.6,18.0,USA,1005.0,USA
2005257N15120,2005,WP,MM,VICENTE,2005-09-15 06:00:00,MX,14.1,115.3,20.0,USA,1004.0,USA
2005257N15120,2005,WP,MM,VICENTE,2005-09-15 09:00:00,MX,13.9,114.9,20.0,USA,1004.0,USA
2005257N15120,2005,WP,MM,VICENTE,2005-09-15 12:00:00,MX,13.6,114.4,20.0,USA,1004.0,USA
2005257N15120,2005,WP,MM,VICENTE,2005-09-15 15:00:00,MX,13.3,113.9,20.0,USA,1004.0,USA
2005257N15120,2005,WP,MM,VICENTE,2005-09-15 18:00:00,MX,12.9,113.5,20.0,USA,1004.0,USA
2005257N15120,2005,WP,MM,VICENTE,2005-09-15 21:00:00,MX,12.4,113.1,25.0,USA,1002.0,USA
2005257N15120,2005,WP,MM,VICENTE,2005-09-16 00:00:00,MX,11.9,112.9,30.0,USA,1000.0,USA
2005257N15120,2005,WP,MM,VICENTE,2005-09-16 03:00:00,MX,11.3,113.1,33.0,USA,999.0,USA
2005257N15120,2005,WP,MM,VICENTE,2005-09-16 06:00:00,TS,10.9,113.5,35.0,USA,997.0,USA
2005257N15120,2005,WP,MM,VICENTE,2005-09-16 09:00:00,TS,11.0,113.9,33.0,USA,999.0,USA
2005257N15120,2005,WP,MM,VICENTE,2005-09-16 12:00:00,TS,11.4,114.3,30.0,USA,1000.0,USA
2005257N15120,2005,WP,MM,VICENTE,2005-09-16 15:00:00,TS,11.8,114.4,33.0,USA,999.0,USA
2005257N15120,2005,WP,MM,VICENTE,2005-09-16 18:00:00,TS,12.3,114.4,35.0,USA,997.0,USA
2005257N15120,2005,WP,MM,VICENTE,2005-09-16 21:00:00,TS,12.9,114.5,35.0,USA,997.0,USA
2005257N15120,2005,WP,MM,VICENTE,2005-09-17 00:00:00,TS,13.6,114.5,35.0,USA,997.0,USA
2005257N15120,2005,WP,MM,VICENTE,2005-09-17 03:00:00,TS,14.5,114.2,35.0,USA,997.0,USA
2005257N15120,2005,WP,MM,VICENTE,2005-09-17 06:00:00,TS,15.3,113.7,35.0,USA,997.0,USA
2005257N15120,2005,WP,MM,VICENTE,2005-09-17 09:00:00,TS,16.0,112.7,35.0,USA,997.0,USA
2005257N15120,2005,WP,MM,VICENTE,2005-09-17 12:00:00,TS,16.5,111.7,35.0,USA,997.0,USA
2005257N15120,2005,WP,MM,VICENTE,2005-09-17 15:00:00,TS,16.8,110.7,40.0,USA,994.0,USA
2005257N15120,2005,WP,MM,VICENTE,2005-09-17 18:00:00,TS,17.0,109.9,45.0,USA,991.0,USA
2005257N15120,2005,WP,MM,VICENTE,2005-09-17 21:00:00,TS,17.1,109.2,48.0,USA,989.0,USA
2005257N15120,2005,WP,MM,VICENTE,2005-09-18 00:00:00,TS,17.2,108.5,50.0,USA,987.0,USA
2005257N15120,2005,WP,MM,VICENTE,2005-09-18 03:00:00,TS,17.3,107.7,50.0,USA,987.0,USA
2005257N15120,2005,WP,MM,VICENTE,2005-09-18 06:00:00,TS,17.6,106.9,50.0,USA,987.0,USA
2005257N15120,2005,WP,MM,VICENTE,2005-09-18 09:00:00,TS,18.1,106.0,48.0,USA,989.0,USA
2005257N15120,2005,WP,MM,VICENTE,2005-09-18 12:00:00,TS,18.7,104.9,45.0,USA,991.0,USA
2005257N15120,2005,WP,MM,VICENTE,2005-09-18 15:00:00,TS,19.0,103.6,,MISSING,997.0,TOKYO
2005257N15120,2005,WP,MM,VICENTE,2005-09-18 18:00:00,TS,19.2,102.3,,MISSING,1000.0,WMO
2005257N15120,2005,WP,MM,VICENTE,2005-09-18 21:00:00,TS,19.6,101.0,,MISSING,1002.0,TOKYO
2005257N15120,2005,NI,BB,VICENTE,2005-09-19 00:00:00,TS,20.0,99.8,,MISSING,1004.0,TOKYO
2005257N20069,2005,NI,AS,UNNAMED,2005-09-14 03:00:00,TS,20.0,68.5,25.0,NEWDELHI,996.0,NEWDELHI
2005257N20069,2005,NI,AS,UNNAMED,2005-09-14 06:00:00,TS,20.2,68.3,25.0,NEWDELHI,996.0,NEWDELHI
2005257N20069,2005,NI,AS,UNNAMED,2005-09-14 09:00:00,TS,20.4,68.1,25.0,NEWDELHI,996.0,NEWDELHI
2005257N20069,2005,NI,AS,UNNAMED,2005-09-14 12:00:00,TS,20.5,68.0,25.0,NEWDELHI,996.0,NEWDELHI
2005257N20069,2005,NI,AS,UNNAMED,2005-09-14 15:00:00,TS,20.6,67.9,,MISSING,,MISSING
2005257N20069,2005,NI,AS,UNNAMED,2005-09-14 18:00:00,TS,20.6,67.9,,MISSING,,MISSING
2005257N20069,2005,NI,AS,UNNAMED,2005-09-14 21:00:00,TS,20.6,67.9,,MISSING,,MISSING
2005257N20069,2005,NI,AS,UNNAMED,2005-09-15 00:00:00,TS,20.5,68.0,,MISSING,,MISSING
2005257N20069,2005,NI,AS,UNNAMED,2005-09-15 03:00:00,TS,20.5,68.0,25.0,NEWDELHI,996.0,NEWDELHI
2005257N20069,2005,NI,AS,UNNAMED,2005-09-15 06:00:00,TS,20.5,68.0,25.0,NEWDELHI,996.0,NEWDELHI
2005257N20069,2005,NI,AS,UNNAMED,2005-09-15 09:00:00,TS,20.5,68.0,25.0,NEWDELHI,996.0,NEWDELHI
2005257N20069,2005,NI,AS,UNNAMED,2005-09-15 12:00:00,TS,20.5,68.0,25.0,NEWDELHI,996.0,NEWDELHI
2005257N20069,2005,NI,AS,UNNAMED,2005-09-15 15:00:00,TS,20.7,67.8,,MISSING,,MISSING
2005257N20069,2005,NI,AS,UNNAMED,2005-09-15 18:00:00,TS,20.9,67.6,,MISSING,,MISSING
2005257N20069,2005,NI,AS,UNNAMED,2005-09-15 21:00:00,TS,21.1,67.4,,MISSING,,MISSING
2005257N20069,2005,NI,AS,UNNAMED,2005-09-16 00:00:00,TS,21.3,67.4,,MISSING,,MISSING
2005257N20069,2005,NI,AS,UNNAMED,2005-09-16 03:00:00,TS,21.5,67.5,25.0,NEWDELHI,996.0,NEWDELHI
2005257N20069,2005,NI,AS,UNNAMED,2005-09-16 06:00:00,TS,21.6,67.9,25.0,NEWDELHI,996.0,NEWDELHI
2005257N20069,2005,NI,AS,UNNAMED,2005-09-16 09:00:00,TS,21.6,68.4,25.0,NEWDELHI,996.0,NEWDELHI
2005257N20069,2005,NI,AS,UNNAMED,2005-09-16 12:00:00,TS,21.5,69.0,25.0,NEWDELHI,996.0,NEWDELHI
2005260N20091,2005,NI,BB,UNNAMED,2005-09-17 03:00:00,TS,20.0,90.5,25.0,NEWDELHI,1000.0,NEWDELHI
2005260N20091,2005,NI,BB,UNNAMED,2005-09-17 06:00:00,TS,20.2,90.4,25.0,NEWDELHI,999.0,NEWDELHI
2005260N20091,2005,NI,BB,UNNAMED,2005-09-17 09:00:00,TS,20.3,90.3,25.0,NEWDELHI,999.0,NEWDELHI
2005260N20091,2005,NI,BB,UNNAMED,2005-09-17 12:00:00,TS,20.5,90.0,25.0,NEWDELHI,998.0,NEWDELHI
2005260N20091,2005,NI,BB,UNNAMED,2005-09-17 15:00:00,TS,20.7,89.5,,MISSING,,MISSING
2005260N20091,2005,NI,BB,UNNAMED,2005-09-17 18:00:00,TS,20.8,88.9,,MISSING,,MISSING
2005260N20091,2005,NI,BB,UNNAMED,2005-09-17 21:00:00,TS,20.9,88.3,,MISSING,,MISSING
2005260N20091,2005,NI,BB,UNNAMED,2005-09-18 00:00:00,TS,20.8,87.8,,MISSING,,MISSING
2005260N20091,2005,NI,BB,UNNAMED,2005-09-18 03:00:00,TS,20.5,87.5,30.0,NEWDELHI,996.0,NEWDELHI
2005260N20091,2005,NI,BB,UNNAMED,2005-09-18 06:00:00,TS,20.0,87.5,30.0,NEWDELHI,996.0,NEWDELHI
2005260N20091,2005,NI,BB,UNNAMED,2005-09-18 09:00:00,TS,19.5,87.0,30.0,NEWDELHI,996.0,NEWDELHI
2005260N20091,2005,NI,BB,UNNAMED,2005-09-18 12:00:00,TS,19.5,86.5,35.0,NEWDELHI,994.0,NEWDELHI
2005260N20091,2005,NI,BB,UNNAMED,2005-09-18 15:00:00,TS,19.5,86.5,35.0,NEWDELHI,992.0,NEWDELHI
2005260N20091,2005,NI,BB,UNNAMED,2005-09-18 18:00:00,TS,19.0,85.5,35.0,NEWDELHI,990.0,NEWDELHI
2005260N20091,2005,NI,BB,UNNAMED,2005-09-18 21:00:00,TS,18.5,84.5,35.0,NEWDELHI,988.0,NEWDELHI
2005260N20091,2005,NI,BB,UNNAMED,2005-09-19 00:00:00,TS,18.5,84.5,35.0,NEWDELHI,988.0,NEWDELHI
2005260N20091,2005,NI,BB,UNNAMED,2005-09-19 03:00:00,TS,18.5,84.0,35.0,NEWDELHI,988.0,NEWDELHI
2005260N20091,2005,NI,BB,UNNAMED,2005-09-19 06:00:00,TS,18.5,83.5,35.0,NEWDELHI,988.0,NEWDELHI
2005260N20091,2005,NI,BB,UNNAMED,2005-09-19 09:00:00,TS,18.5,83.5,35.0,NEWDELHI,988.0,NEWDELHI
2005260N20091,2005,NI,BB,UNNAMED,2005-09-19 12:00:00,TS,18.5,83.5,35.0,NEWDELHI,988.0,NEWDELHI
2005260N20091,2005,NI,BB,UNNAMED,2005-09-19 15:00:00,TS,18.5,83.5,35.0,NEWDELHI,988.0,NEWDELHI
2005260N20091,2005,NI,BB,UNNAMED,2005-09-19 18:00:00,TS,18.5,83.0,35.0,NEWDELHI,988.0,NEWDELHI
2005260N20091,2005,NI,BB,UNNAMED,2005-09-19 21:00:00,TS,18.5,83.0,30.0,NEWDELHI,1000.0,NEWDELHI
2005260N20091,2005,NI,BB,UNNAMED,2005-09-20 00:00:00,TS,19.0,82.5,30.0,NEWDELHI,1002.0,NEWDELHI
2005260N20091,2005,NI,BB,UNNAMED,2005-09-20 03:00:00,TS,19.0,82.5,30.0,NEWDELHI,1002.0,NEWDELHI
2005260N20091,2005,NI,BB,UNNAMED,2005-09-20 06:00:00,TS,19.0,82.5,30.0,NEWDELHI,1002.0,NEWDELHI
2005260N20091,2005,NI,BB,UNNAMED,2005-09-20 09:00:00,TS,19.0,81.5,30.0,NEWDELHI,1002.0,NEWDELHI
2005260N20091,2005,NI,BB,UNNAMED,2005-09-20 12:00:00,TS,19.0,80.5,25.0,NEWDELHI,1004.0,NEWDELHI
2005260N20091,2005,NI,BB,UNNAMED,2005-09-20 15:00:00,TS,19.0,80.0,,MISSING,,MISSING
2005260N20091,2005,NI,BB,UNNAMED,2005-09-20 18:00:00,TS,19.0,79.9,,MISSING,,MISSING
2005260N20091,2005,NI,BB,UNNAMED,2005-09-20 21:00:00,TS,19.1,79.9,,MISSING,,MISSING
2005260N20091,2005,NI,BB,UNNAMED,2005-09-21 00:00:00,TS,19.2,79.9,,MISSING,,MISSING
2005260N20091,2005,NI,BB,UNNAMED,2005-09-21 03:00:00,TS,19.5,79.5,25.0,NEWDELHI,1004.0,NEWDELHI
2005260N20091,2005,NI,BB,UNNAMED,2005-09-21 06:00:00,TS,19.9,78.7,25.0,NEWDELHI,1004.0,NEWDELHI
2005260N20091,2005,NI,AS,UNNAMED,2005-09-21 09:00:00,TS,20.4,77.4,25.0,NEWDELHI,1004.0,NEWDELHI
2005260N20091,2005,NI,AS,UNNAMED,2005-09-21 12:00:00,TS,21.0,76.0,25.0,NEWDELHI,1004.0,NEWDELHI
2005262N13127,2005,WP,MM,DAMREY,2005-09-19 06:00:00,TS,13.2,127.0,,MISSING,1006.0,WMO
2005262N13127,2005,WP,MM,DAMREY,2005-09-19 09:00:00,TS,13.5,126.6,,MISSING,1006.0,TOKYO
2005262N13127,2005,WP,MM,DAMREY,2005-09-19 12:00:00,TS,13.8,126.1,,MISSING,1006.0,WMO
2005262N13127,2005,WP,MM,DAMREY,2005-09-19 15:00:00,TS,14.1,125.6,,MISSING,1005.0,TOKYO
2005262N13127,2005,WP,MM,DAMREY,2005-09-19 18:00:00,TS,14.3,125.2,,MISSING,1004.0,WMO
2005262N13127,2005,WP,MM,DAMREY,2005-09-19 21:00:00,TS,14.6,124.9,,MISSING,1002.0,TOKYO
2005262N13127,2005,WP,MM,DAMREY,2005-09-20 00:00:00,TS,14.9,124.6,,MISSING,1000.0,WMO
2005262N13127,2005,WP,MM,DAMREY,2005-09-20 03:00:00,TS,15.3,124.3,,MISSING,1000.0,TOKYO
2005262N13127,2005,WP,MM,DAMREY,2005-09-20 06:00:00,TS,15.7,124.2,25.0,USA,1002.0,USA
2005262N13127,2005,WP,MM,DAMREY,2005-09-20 09:00:00,TS,16.1,124.1,28.0,USA,1001.0,USA
2005262N13127,2005,WP,MM,DAMREY,2005-09-20 12:00:00,TS,16.4,123.9,30.0,USA,1000.0,USA
2005262N13127,2005,WP,MM,DAMREY,2005-09-20 15:00:00,TS,16.8,123.7,33.0,USA,999.0,USA
2005262N13127,2005,WP,MM,DAMREY,2005-09-20 18:00:00,TS,17.2,123.5,35.0,USA,997.0,USA
2005262N13127,2005,WP,MM,DAMREY,2005-09-20 21:00:00,TS,17.7,123.2,35.0,USA,997.0,USA
2005262N13127,2005,WP,MM,DAMREY,2005-09-21 00:00:00,TS,18.1,122.9,35.0,USA,997.0,USA
2005262N13127,2005,WP,MM,DAMREY,2005-09-21 03:00:00,TS,18.4,122.6,38.0,USA,996.0,USA
2005262N13127,2005,WP,MM,DAMREY,2005-09-21 06:00:00,TS,18.7,122.2,40.0,USA,994.0,USA
2005262N13127,2005,WP,MM,DAMREY,2005-09-21 09:00:00,TS,18.8,121.9,45.0,USA,991.0,USA
2005262N13127,2005,WP,MM,DAMREY,2005-09-21 12:00:00,TS,18.9,121.6,50.0,USA,987.0,USA
2005262N13127,2005,WP,MM,DAMREY,2005-09-21 15:00:00,TS,19.1,121.3,50.0,USA,987.0,USA
2005262N13127,2005,WP,MM,DAMREY,2005-09-21 18:00:00,TS,19.2,121.1,50.0,USA,987.0,USA
2005262N13127,2005,WP,MM,DAMREY,2005-09-21 21:00:00,TS,19.5,120.9,53.0,USA,986.0,USA
2005262N13127,2005,WP,MM,DAMREY,2005-09-22 00:00:00,TS,19.7,120.8,55.0,USA,984.0,USA
2005262N13127,2005,WP,MM,DAMREY,2005-09-22 03:00:00,TS,19.9,120.5,55.0,USA,984.0,USA
2005262N13127,2005,WP,MM,DAMREY,2005-09-22 06:00:00,TS,20.1,120.3,55.0,USA,984.0,USA
2005262N13127,2005,WP,MM,DAMREY,2005-09-22 09:00:00,TS,20.1,120.0,55.0,USA,984.0,USA
2005262N13127,2005,WP,MM,DAMREY,2005-09-22 12:00:00,TS,20.1,119.7,55.0,USA,984.0,USA
2005262N13127,2005,WP,MM,DAMREY,2005-09-22 15:00:00,TS,20.0,119.3,55.0,USA,984.0,USA
2005262N13127,2005,WP,MM,DAMREY,2005-09-22 18:00:00,TS,20.0,118.9,55.0,USA,984.0,USA
2005262N13127,2005,WP,MM,DAMREY,2005-09-22 21:00:00,TS,20.0,118.5,53.0,USA,986.0,USA
2005262N13127,2005,WP,MM,DAMREY,2005-09-23 00:00:00,TS,20.1,118.1,50.0,USA,987.0,USA
2005262N13127,2005,WP,MM,DAMREY,2005-09-23 03:00:00,TS,20.2,117.6,50.0,USA,987.0,USA
2005262N13127,2005,WP,MM,DAMREY,2005-09-23 06:00:00,TS,20.3,117.1,50.0,USA,987.0,USA
2005262N13127,2005,WP,MM,DAMREY,2005-09-23 09:00:00,TS,20.3,116.9,50.0,USA,987.0,USA
2005262N13127,2005,WP,MM,DAMREY,2005-09-23 12:00:00,TS,20.3,116.7,50.0,USA,987.0,USA
2005262N13127,2005,WP,MM,DAMREY,2005-09-23 15:00:00,TS,20.2,116.4,48.0,USA,989.0,USA
2005262N13127,2005,WP,MM,DAMREY,2005-09-23 18:00:00,TS,20.2,116.1,45.0,USA,991.0,USA
2005262N13127,2005,WP,MM,DAMREY,2005-09-23 21:00:00,TS,20.0,115.8,48.0,USA,989.0,USA
2005262N13127,2005,WP,MM,DAMREY,2005-09-24 00:00:00,TS,19.9,115.4,50.0,USA,987.0,USA
2005262N13127,2005,WP,MM,DAMREY,2005-09-24 03:00:00,TS,19.8,115.1,53.0,USA,986.0,USA
2005262N13127,2005,WP,MM,DAMREY,2005-09-24 06:00:00,TS,19.7,114.8,55.0,USA,984.0,USA
2005262N13127,2005,WP,MM,DAMREY,2005-09-24 09:00:00,TS,19.5,114.4,58.0,USA,982.0,USA
2005262N13127,2005,WP,MM,DAMREY,2005-09-24 12:00:00,TS,19.4,114.0,60.0,USA,980.0,USA
2005262N13127,2005,WP,MM,DAMREY,2005-09-24 15:00:00,TS,19.1,113.7,63.0,USA,978.0,USA
2005262N13127,2005,WP,MM,DAMREY,2005-09-24 18:00:00,TS,19.0,113.4,65.0,USA,976.0,USA
2005262N13127,2005,WP,MM,DAMREY,2005-09-24 21:00:00,TS,18.9,113.2,73.0,USA,970.0,USA
2005262N13127,2005,WP,MM,DAMREY,2005-09-25 00:00:00,TS,18.9,113.0,80.0,USA,963.0,USA
2005262N13127,2005,WP,MM,DAMREY,2005-09-25 03:00:00,TS,19.0,112.7,85.0,USA,959.0,USA
2005262N13127,2005,WP,MM,DAMREY,2005-09-25 06:00:00,TS,19.0,112.4,90.0,USA,954.0,USA
2005262N13127,2005,WP,MM,DAMREY,2005-09-25 09:00:00,TS,19.1,112.1,88.0,USA,956.0,USA
2005262N13127,2005,WP,MM,DAMREY,2005-09-25 12:00:00,TS,19.1,111.7,85.0,USA,958.0,USA
2005262N13127,2005,WP,MM,DAMREY,2005-09-25 15:00:00,TS,19.1,111.3,83.0,USA,961.0,USA
2005262N13127,2005,WP,MM,DAMREY,2005-09-25 18:00:00,TS,19.1,110.8,80.0,USA,963.0,USA
2005262N13127,2005,WP,MM,DAMREY,2005-09-25 21:00:00,TS,18.9,110.3,75.0,USA,968.0,USA
2005262N13127,2005,WP,MM,DAMREY,2005-09-26 00:00:00,TS,18.7,109.9,70.0,USA,972.0,USA
2005262N13127,2005,WP,MM,DAMREY,2005-09-26 03:00:00,TS,18.7,109.5,68.0,USA,974.0,USA
2005262N13127,2005,WP,MM,DAMREY,2005-09-26 06:00:00,TS,18.8,109.0,65.0,USA,976.0,USA
2005262N13127,2005,WP,MM,DAMREY,2005-09-26 09:00:00,TS,19.0,108.6,63.0,USA,978.0,USA
2005262N13127,2005,WP,MM,DAMREY,2005-09-26 12:00:00,TS,19.2,108.2,60.0,USA,980.0,USA
2005262N13127,2005,WP,MM,DAMREY,2005-09-26 15:00:00,TS,19.3,107.8,58.0,USA,982.0,USA
2005262N13127,2005,WP,MM,DAMREY,2005-09-26 18:00:00,TS,19.4,107.5,55.0,USA,984.0,USA
2005262N13127,2005,WP,MM,DAMREY,2005-09-26 21:00:00,TS,19.5,106.9,53.0,USA,986.0,USA
2005262N13127,2005,WP,MM,DAMREY,2005-09-27 00:00:00,TS,19.6,106.3,50.0,USA,987.0,USA
2005262N13127,2005,WP,MM,DAMREY,2005-09-27 03:00:00,TS,19.6,105.7,48.0,USA,989.0,USA
2005262N13127,2005,WP,MM,DAMREY,2005-09-27 06:00:00,TS,19.7,105.0,45.0,USA,991.0,USA
2005262N13127,2005,WP,MM,DAMREY,2005-09-27 09:00:00,TS,19.6,104.4,40.0,USA,994.0,USA
2005262N13127,2005,WP,MM,DAMREY,2005-09-27 12:00:00,TS,19.5,103.8,35.0,USA,997.0,USA
2005262N13127,2005,WP,MM,DAMREY,2005-09-27 15:00:00,TS,19.4,103.2,33.0,USA,999.0,USA
2005262N13127,2005,WP,MM,DAMREY,2005-09-27 18:00:00,TS,19.4,102.6,30.0,USA,1000.0,USA
2005262N13127,2005,WP,MM,DAMREY,2005-09-27 21:00:00,TS,19.9,102.0,,MISSING,1005.0,TOKYO
2005262N13127,2005,WP,MM,DAMREY,2005-09-28 00:00:00,TS,20.4,101.3,,MISSING,1006.0,WMO
2005262N13127,2005,WP,MM,DAMREY,2005-09-28 03:00:00,TS,20.7,100.5,,MISSING,1006.0,TOKYO
2005262N13127,2005,NI,BB,DAMREY,2005-09-28 06:00:00,TS,21.0,99.7,,MISSING,1006.0,TOKYO
2005274N17086,2005,NI,BB,UNNAMED,2005-10-01 06:00:00,DS,17.4,85.9,15.0,USA,1006.0,USA
2005274N17086,2005,NI,BB,UNNAMED,2005-10-01 09:00:00,DS,17.7,85.8,18.0,USA,1005.0,USA
2005274N17086,2005,NI,BB,UNNAMED,2005-10-01 12:00:00,DS,17.9,85.8,20.0,USA,1004.0,USA
2005274N17086,2005,NI,BB,UNNAMED,2005-10-01 15:00:00,DS,18.1,85.8,23.0,USA,1003.0,USA
2005274N17086,2005,NI,BB,UNNAMED,2005-10-01 18:00:00,DS,18.4,85.8,25.0,USA,1002.0,USA
2005274N17086,2005,NI,BB,UNNAMED,2005-10-01 21:00:00,DS,18.7,85.9,28.0,USA,1001.0,USA
2005274N17086,2005,NI,BB,UNNAMED,2005-10-02 00:00:00,DS,19.0,86.0,30.0,USA,1000.0,USA
2005274N17086,2005,NI,BB,UNNAMED,2005-10-02 03:00:00,DS,19.4,86.3,33.0,USA,999.0,USA
2005274N17086,2005,NI,BB,UNNAMED,2005-10-02 06:00:00,DS,19.7,86.6,35.0,USA,997.0,USA
2005274N17086,2005,NI,BB,UNNAMED,2005-10-02 09:00:00,DS,20.0,86.9,38.0,USA,996.0,USA
2005274N17086,2005,NI,BB,UNNAMED,2005-10-02 12:00:00,TS,20.2,87.1,40.0,USA,994.0,USA
2005274N17086,2005,NI,BB,UNNAMED,2005-10-02 15:00:00,TS,20.4,87.4,40.0,USA,994.0,USA
2005274N17086,2005,NI,BB,UNNAMED,2005-10-02 18:00:00,TS,20.7,87.6,40.0,USA,994.0,USA
2005274N17086,2005,NI,BB,UNNAMED,2005-10-02 21:00:00,TS,21.0,87.8,40.0,USA,994.0,USA
2005274N17086,2005,NI,BB,UNNAMED,2005-10-03 00:00:00,TS,21.4,87.9,40.0,USA,994.0,USA
2005274N17086,2005,NI,BB,UNNAMED,2005-10-03 03:00:00,TS,21.8,88.0,38.0,USA,996.0,USA
2005274N17086,2005,NI,BB,UNNAMED,2005-10-03 06:00:00,TS,22.2,88.1,35.0,USA,997.0,USA
2005298N12088,2005,NI,BB,UNNAMED,2005-10-25 00:00:00,DS,12.4,87.6,15.0,USA,1006.0,USA
2005298N12088,2005,NI,BB,UNNAMED,2005-10-25 03:00:00,DS,12.4,87.3,18.0,USA,1005.0,USA
2005298N12088,2005,NI,BB,UNNAMED,2005-10-25 06:00:00,DS,12.4,87.0,20.0,USA,1004.0,USA
2005298N12088,2005,NI,BB,UNNAMED,2005-10-25 09:00:00,DS,12.4,86.7,20.0,USA,1004.0,USA
2005298N12088,2005,NI,BB,UNNAMED,2005-10-25 12:00:00,DS,12.4,86.4,20.0,USA,1004.0,USA
2005298N12088,2005,NI,BB,UNNAMED,2005-10-25 15:00:00,DS,12.3,86.1,20.0,USA,1004.0,USA
2005298N12088,2005,NI,BB,UNNAMED,2005-10-25 18:00:00,DS,12.2,85.8,20.0,USA,1004.0,USA
2005298N12088,2005,NI,BB,UNNAMED,2005-10-25 21:00:00,DS,12.0,85.5,20.0,USA,1004.0,USA
2005298N12088,2005,NI,BB,UNNAMED,2005-10-26 00:00:00,DS,11.8,85.2,20.0,USA,1004.0,USA
2005298N12088,2005,NI,BB,UNNAMED,2005-10-26 03:00:00,MX,11.7,84.8,20.0,USA,1004.0,USA
2005298N12088,2005,NI,BB,UNNAMED,2005-10-26 06:00:00,MX,11.7,84.5,20.0,USA,1004.0,USA
2005298N12088,2005,NI,BB,UNNAMED,2005-10-26 09:00:00,MX,11.7,84.0,23.0,USA,1003.0,USA
2005298N12088,2005,NI,BB,UNNAMED,2005-10-26 12:00:00,MX,12.1,83.8,25.0,USA,1002.0,USA
2005298N12088,2005,NI,BB,UNNAMED,2005-10-26 15:00:00,MX,12.2,83.6,28.0,USA,1001.0,USA
2005298N12088,2005,NI,BB,UNNAMED,2005-10-26 18:00:00,MX,12.4,83.4,30.0,USA,1000.0,USA
2005298N12088,2005,NI,BB,UNNAMED,2005-10-26 21:00:00,MX,12.5,83.2,33.0,USA,999.0,USA
2005298N12088,2005,NI,BB,UNNAMED,2005-10-27 00:00:00,TS,12.6,83.0,35.0,USA,997.0,USA
2005298N12088,2005,NI,BB,UNNAMED,2005-10-27 03:00:00,TS,13.0,82.2,35.0,USA,997.0,USA
2005298N12088,2005,NI,BB,UNNAMED,2005-10-27 06:00:00,TS,13.2,81.7,35.0,USA,997.0,USA
2005298N12088,2005,NI,BB,UNNAMED,2005-10-27 09:00:00,TS,13.3,81.7,35.0,USA,997.0,USA
2005298N12088,2005,NI,BB,UNNAMED,2005-10-27 12:00:00,TS,13.7,81.8,35.0,USA,997.0,USA
2005298N12088,2005,NI,BB,UNNAMED,2005-10-27 15:00:00,TS,14.1,81.7,35.0,USA,997.0,USA
2005298N12088,2005,NI,BB,UNNAMED,2005-10-27 18:00:00,TS,14.2,81.7,35.0,USA,997.0,USA
2005298N12088,2005,NI,BB,UNNAMED,2005-10-27 21:00:00,TS,14.8,81.3,33.0,USA,999.0,USA
2005298N12088,2005,NI,BB,UNNAMED,2005-10-28 00:00:00,TS,14.9,81.2,30.0,USA,1000.0,USA
2005298N12088,2005,NI,BB,UNNAMED,2005-10-28 03:00:00,TS,15.3,80.6,30.0,USA,1000.0,USA
2005298N12088,2005,NI,BB,UNNAMED,2005-10-28 06:00:00,TS,15.4,80.4,30.0,USA,1000.0,USA
2005298N12088,2005,NI,BB,UNNAMED,2005-10-28 09:00:00,TS,15.4,80.2,30.0,USA,1000.0,USA
2005298N12088,2005,NI,BB,UNNAMED,2005-10-28 12:00:00,TS,15.5,80.0,30.0,USA,1000.0,USA
2005298N12088,2005,NI,BB,UNNAMED,2005-10-28 15:00:00,TS,15.6,79.7,30.0,USA,1000.0,USA
2005298N12088,2005,NI,BB,UNNAMED,2005-10-28 18:00:00,TS,15.6,79.5,30.0,USA,1000.0,USA
2005298N12088,2005,NI,BB,UNNAMED,2005-10-28 21:00:00,TS,15.7,79.4,23.0,USA,1003.0,USA
2005298N12088,2005,NI,BB,UNNAMED,2005-10-29 00:00:00,MX,15.7,79.4,15.0,USA,1006.0,USA
2005298N12088,2005,NI,BB,UNNAMED,2005-10-29 03:00:00,TS,15.5,79.5,25.0,NEWDELHI,1002.0,NEWDELHI
2005324N08085,2005,NI,BB,UNNAMED,2005-11-20 03:00:00,TS,8.0,84.5,25.0,NEWDELHI,1002.0,NEWDELHI
2005324N08085,2005,NI,BB,UNNAMED,2005-11-20 06:00:00,TS,8.0,84.5,25.0,NEWDELHI,1002.0,NEWDELHI
2005324N08085,2005,NI,BB,UNNAMED,2005-11-20 09:00:00,TS,8.0,84.5,25.0,NEWDELHI,1002.0,NEWDELHI
2005324N08085,2005,NI,BB,UNNAMED,2005-11-20 12:00:00,TS,8.0,84.0,25.0,NEWDELHI,1002.0,NEWDELHI
2005324N08085,2005,NI,BB,UNNAMED,2005-11-20 15:00:00,TS,8.0,84.0,25.0,NEWDELHI,1002.0,NEWDELHI
2005324N08085,2005,NI,BB,UNNAMED,2005-11-20 18:00:00,TS,8.0,84.0,25.0,NEWDELHI,1002.0,NEWDELHI
2005324N08085,2005,NI,BB,UNNAMED,2005-11-20 21:00:00,TS,8.0,84.0,25.0,NEWDELHI,1002.0,NEWDELHI
2005324N08085,2005,NI,BB,UNNAMED,2005-11-21 00:00:00,TS,8.0,84.0,25.0,NEWDELHI,1002.0,NEWDELHI
2005324N08085,2005,NI,BB,UNNAMED,2005-11-21 03:00:00,TS,8.5,83.0,25.0,NEWDELHI,1002.0,NEWDELHI
2005324N08085,2005,NI,BB,UNNAMED,2005-11-21 06:00:00,TS,8.5,83.0,25.0,NEWDELHI,1002.0,NEWDELHI
2005324N08085,2005,NI,BB,UNNAMED,2005-11-21 09:00:00,TS,9.0,82.0,25.0,NEWDELHI,1002.0,NEWDELHI
2005324N08085,2005,NI,BB,UNNAMED,2005-11-21 12:00:00,TS,9.0,81.5,25.0,NEWDELHI,1002.0,NEWDELHI
2005324N08085,2005,NI,BB,UNNAMED,2005-11-21 15:00:00,TS,9.0,81.5,25.0,NEWDELHI,1002.0,NEWDELHI
2005324N08085,2005,NI,BB,UNNAMED,2005-11-21 18:00:00,TS,9.0,81.0,25.0,NEWDELHI,1002.0,NEWDELHI
2005324N08085,2005,NI,BB,UNNAMED,2005-11-21 21:00:00,TS,9.0,81.0,25.0,NEWDELHI,1002.0,NEWDELHI
2005324N08085,2005,NI,BB,UNNAMED,2005-11-22 00:00:00,TS,9.0,80.5,25.0,NEWDELHI,1002.0,NEWDELHI
2005324N08085,2005,NI,BB,UNNAMED,2005-11-22 03:00:00,TS,9.0,80.0,25.0,NEWDELHI,1002.0,NEWDELHI
2005324N08085,2005,NI,BB,UNNAMED,2005-11-22 06:00:00,TS,9.0,79.5,25.0,NEWDELHI,1002.0,NEWDELHI
2005324N08085,2005,NI,BB,UNNAMED,2005-11-22 09:00:00,TS,9.5,79.5,25.0,NEWDELHI,1002.0,NEWDELHI
2005330N09096,2005,NI,BB,BAAZ,2005-11-26 06:00:00,DS,9.4,96.1,15.0,USA,1006.0,USA
2005330N09096,2005,NI,BB,BAAZ,2005-11-26 09:00:00,DS,9.6,95.8,15.0,USA,1006.0,USA
2005330N09096,2005,NI,BB,BAAZ,2005-11-26 12:00:00,DS,9.7,95.5,15.0,USA,1006.0,USA
2005330N09096,2005,NI,BB,BAAZ,2005-11-26 15:00:00,DS,9.8,95.2,18.0,USA,1005.0,USA
2005330N09096,2005,NI,BB,BAAZ,2005-11-26 18:00:00,DS,10.0,94.9,20.0,USA,1004.0,USA
2005330N09096,2005,NI,BB,BAAZ,2005-11-26 21:00:00,DS,10.4,94.8,23.0,USA,1003.0,USA
2005330N09096,2005,NI,BB,BAAZ,2005-11-27 00:00:00,DS,10.7,94.6,25.0,USA,1002.0,USA
2005330N09096,2005,NI,BB,BAAZ,2005-11-27 03:00:00,DS,10.8,94.2,25.0,USA,1002.0,USA
2005330N09096,2005,NI,BB,BAAZ,2005-11-27 06:00:00,DS,10.9,93.7,25.0,USA,1002.0,USA
2005330N09096,2005,NI,BB,BAAZ,2005-11-27 09:00:00,DS,11.0,93.2,28.0,USA,1001.0,USA
2005330N09096,2005,NI,BB,BAAZ,2005-11-27 12:00:00,DS,11.0,92.6,30.0,USA,1000.0,USA
2005330N09096,2005,NI,BB,BAAZ,2005-11-27 15:00:00,DS,10.9,91.9,30.0,USA,1000.0,USA
2005330N09096,2005,NI,BB,BAAZ,2005-11-27 18:00:00,DS,10.8,91.2,30.0,USA,1000.0,USA
2005330N09096,2005,NI,BB,BAAZ,2005-11-27 21:00:00,DS,10.5,90.5,33.0,USA,999.0,USA
2005330N09096,2005,NI,BB,BAAZ,2005-11-28 00:00:00,TS,10.3,89.9,35.0,USA,997.0,USA
2005330N09096,2005,NI,BB,BAAZ,2005-11-28 03:00:00,TS,10.4,89.6,35.0,USA,997.0,USA
2005330N09096,2005,NI,BB,BAAZ,2005-11-28 06:00:00,TS,10.5,89.3,35.0,USA,997.0,USA
2005330N09096,2005,NI,BB,BAAZ,2005-11-28 09:00:00,TS,10.5,88.7,35.0,USA,997.0,USA
2005330N09096,2005,NI,BB,BAAZ,2005-11-28 12:00:00,TS,10.6,88.3,35.0,USA,997.0,USA
2005330N09096,2005,NI,BB,BAAZ,2005-11-28 15:00:00,TS,10.7,87.8,40.0,USA,994.0,USA
2005330N09096,2005,NI,BB,BAAZ,2005-11-28 18:00:00,TS,10.8,87.7,45.0,USA,991.0,USA
2005330N09096,2005,NI,BB,BAAZ,2005-11-28 21:00:00,TS,10.9,87.4,45.0,USA,991.0,USA
2005330N09096,2005,NI,BB,BAAZ,2005-11-29 00:00:00,TS,11.1,87.0,45.0,USA,991.0,USA
2005330N09096,2005,NI,BB,BAAZ,2005-11-29 03:00:00,TS,11.2,86.6,45.0,USA,991.0,USA
2005330N09096,2005,NI,BB,BAAZ,2005-11-29 06:00:00,TS,11.7,86.0,45.0,USA,991.0,USA
2005330N09096,2005,NI,BB,BAAZ,2005-11-29 09:00:00,TS,12.0,85.3,45.0,USA,991.0,USA
2005330N09096,2005,NI,BB,BAAZ,2005-11-29 12:00:00,TS,12.3,84.6,45.0,USA,991.0,USA
2005330N09096,2005,NI,BB,BAAZ,2005-11-29 15:00:00,TS,12.3,84.5,45.0,USA,991.0,USA
2005330N09096,2005,NI,BB,BAAZ,2005-11-29 18:00:00,TS,12.2,84.4,45.0,USA,991.0,USA
2005330N09096,2005,NI,BB,BAAZ,2005-11-29 21:00:00,TS,12.2,84.2,43.0,USA,993.0,USA
2005330N09096,2005,NI,BB,BAAZ,2005-11-30 00:00:00,TS,12.3,84.2,40.0,USA,994.0,USA
2005330N09096,2005,NI,BB,BAAZ,2005-11-30 03:00:00,TS,12.4,84.1,40.0,USA,994.0,USA
2005330N09096,2005,NI,BB,BAAZ,2005-11-30 06:00:00,TS,12.7,84.1,40.0,USA,994.0,USA
2005330N09096,2005,NI,BB,BAAZ,2005-11-30 09:00:00,TS,12.7,84.2,40.0,USA,994.0,USA
2005330N09096,2005,NI,BB,BAAZ,2005-11-30 12:00:00,TS,12.6,84.2,40.0,USA,994.0,USA
2005330N09096,2005,NI,BB,BAAZ,2005-11-30 15:00:00,TS,12.6,84.1,43.0,USA,993.0,USA
2005330N09096,2005,NI,BB,BAAZ,2005-11-30 18:00:00,TS,12.6,84.0,45.0,USA,991.0,USA
2005330N09096,2005,NI,BB,BAAZ,2005-11-30 21:00:00,TS,12.7,84.0,45.0,USA,991.0,USA
2005330N09096,2005,NI,BB,BAAZ,2005-12-01 00:00:00,TS,12.8,84.0,45.0,USA,991.0,USA
2005330N09096,2005,NI,BB,BAAZ,2005-12-01 03:00:00,TS,12.7,83.9,45.0,USA,991.0,USA
2005330N09096,2005,NI,BB,BAAZ,2005-12-01 06:00:00,TS,12.7,83.6,45.0,USA,991.0,USA
2005330N09096,2005,NI,BB,BAAZ,2005-12-01 09:00:00,TS,12.7,83.5,40.0,USA,994.0,USA
2005330N09096,2005,NI,BB,BAAZ,2005-12-01 12:00:00,TS,12.7,83.4,35.0,USA,997.0,USA
2005330N09096,2005,NI,BB,BAAZ,2005-12-01 15:00:00,TS,12.6,83.3,35.0,USA,994.0,USA
2005330N09096,2005,NI,BB,BAAZ,2005-12-01 18:00:00,TS,12.8,83.0,35.0,USA,991.0,USA
2005330N09096,2005,NI,BB,BAAZ,2005-12-01 21:00:00,TS,12.7,82.9,35.0,USA,994.0,USA
2005330N09096,2005,NI,BB,BAAZ,2005-12-02 00:00:00,TS,12.6,82.6,35.0,USA,997.0,USA
2005330N09096,2005,NI,BB,BAAZ,2005-12-02 03:00:00,TS,12.4,82.4,33.0,USA,999.0,USA
2005330N09096,2005,NI,BB,BAAZ,2005-12-02 06:00:00,TS,12.1,82.2,30.0,USA,1000.0,USA
2005330N09096,2005,NI,BB,BAAZ,2005-12-02 09:00:00,TS,12.2,81.8,30.0,USA,1000.0,USA
2005330N09096,2005,NI,BB,BAAZ,2005-12-02 12:00:00,TS,12.3,81.4,30.0,USA,1000.0,USA
2005330N09096,2005,NI,BB,BAAZ,2005-12-02 15:00:00,TS,12.4,81.1,30.0,USA,1000.0,USA
2005330N09096,2005,NI,BB,BAAZ,2005-12-02 18:00:00,TS,12.6,80.9,30.0,USA,1000.0,USA
2005330N09096,2005,NI,BB,BAAZ,2005-12-02 21:00:00,TS,12.7,80.6,30.0,USA,1000.0,USA
2005330N09096,2005,NI,BB,BAAZ,2005-12-03 00:00:00,TS,12.8,80.4,30.0,USA,1000.0,USA
2005330N09096,2005,NI,BB,BAAZ,2005-12-03 03:00:00,TS,12.7,80.2,28.0,USA,1001.0,USA
2005330N09096,2005,NI,BB,BAAZ,2005-12-03 06:00:00,TS,12.6,80.0,25.0,USA,1002.0,USA
2005330N09096,2005,NI,BB,BAAZ,2005-12-03 09:00:00,TS,12.5,79.8,23.0,USA,1003.0,USA
2005330N09096,2005,NI,BB,BAAZ,2005-12-03 12:00:00,TS,12.5,79.7,20.0,USA,1004.0,USA
2005330N09096,2005,NI,BB,BAAZ,2005-12-03 15:00:00,TS,12.5,79.6,20.0,USA,1004.0,USA
2005330N09096,2005,NI,BB,BAAZ,2005-12-03 18:00:00,TS,12.5,79.5,20.0,USA,1004.0,USA
2005330N09096,2005,NI,BB,BAAZ,2005-12-03 21:00:00,TS,12.5,79.4,20.0,USA,1004.0,USA
2005330N09096,2005,NI,BB,BAAZ,2005-12-04 00:00:00,TS,12.5,79.3,20.0,USA,1004.0,USA
2005338N09093,2005,NI,BB,FANOOS,2005-12-04 06:00:00,DS,8.7,93.0,20.0,USA,1004.0,USA
2005338N09093,2005,NI,BB,FANOOS,2005-12-04 09:00:00,DS,8.9,92.7,20.0,USA,1004.0,USA
2005338N09093,2005,NI,BB,FANOOS,2005-12-04 12:00:00,DS,9.1,92.4,20.0,USA,1004.0,USA
2005338N09093,2005,NI,BB,FANOOS,2005-12-04 15:00:00,DS,9.4,92.2,20.0,USA,1004.0,USA
2005338N09093,2005,NI,BB,FANOOS,2005-12-04 18:00:00,DS,9.6,92.0,20.0,USA,1004.0,USA
2005338N09093,2005,NI,BB,FANOOS,2005-12-04 21:00:00,DS,9.8,91.8,20.0,USA,1004.0,USA
2005338N09093,2005,NI,BB,FANOOS,2005-12-05 00:00:00,DS,9.9,91.5,20.0,USA,1004.0,USA
2005338N09093,2005,NI,BB,FANOOS,2005-12-05 03:00:00,DS,10.1,91.3,23.0,USA,1003.0,USA
2005338N09093,2005,NI,BB,FANOOS,2005-12-05 06:00:00,DS,10.2,91.0,25.0,USA,1002.0,USA
2005338N09093,2005,NI,BB,FANOOS,2005-12-05 09:00:00,DS,10.3,90.7,28.0,USA,1001.0,USA
2005338N09093,2005,NI,BB,FANOOS,2005-12-05 12:00:00,DS,10.4,90.4,30.0,USA,1000.0,USA
2005338N09093,2005,NI,BB,FANOOS,2005-12-05 15:00:00,DS,10.6,90.2,30.0,USA,1000.0,USA
2005338N09093,2005,NI,BB,FANOOS,2005-12-05 18:00:00,DS,10.9,90.0,30.0,USA,1000.0,USA
2005338N09093,2005,NI,BB,FANOOS,2005-12-05 21:00:00,DS,11.2,89.8,33.0,USA,999.0,USA
2005338N09093,2005,NI,BB,FANOOS,2005-12-06 00:00:00,DS,11.4,89.5,35.0,USA,997.0,USA
2005338N09093,2005,NI,BB,FANOOS,2005-12-06 03:00:00,MX,11.4,89.3,35.0,USA,997.0,USA
2005338N09093,2005,NI,BB,FANOOS,2005-12-06 06:00:00,TS,11.3,89.1,35.0,USA,997.0,USA
2005338N09093,2005,NI,BB,FANOOS,2005-12-06 09:00:00,TS,11.4,88.8,40.0,USA,994.0,USA
2005338N09093,2005,NI,BB,FANOOS,2005-12-06 12:00:00,TS,11.3,88.7,45.0,USA,991.0,USA
2005338N09093,2005,NI,BB,FANOOS,2005-12-06 15:00:00,TS,11.3,88.5,48.0,USA,989.0,USA
2005338N09093,2005,NI,BB,FANOOS,2005-12-06 18:00:00,TS,11.2,88.1,50.0,USA,987.0,USA
2005338N09093,2005,NI,BB,FANOOS,2005-12-06 21:00:00,TS,11.2,87.9,53.0,USA,986.0,USA
2005338N09093,2005,NI,BB,FANOOS,2005-12-07 00:00:00,TS,11.1,87.8,55.0,USA,984.0,USA
2005338N09093,2005,NI,BB,FANOOS,2005-12-07 03:00:00,TS,11.0,87.2,55.0,USA,984.0,USA
2005338N09093,2005,NI,BB,FANOOS,2005-12-07 06:00:00,TS,10.9,86.9,55.0,USA,984.0,USA
2005338N09093,2005,NI,BB,FANOOS,2005-12-07 09:00:00,TS,10.8,86.6,55.0,USA,984.0,USA
2005338N09093,2005,NI,BB,FANOOS,2005-12-07 12:00:00,TS,10.8,86.6,55.0,USA,984.0,USA
2005338N09093,2005,NI,BB,FANOOS,2005-12-07 15:00:00,TS,10.7,86.5,55.0,USA,984.0,USA
2005338N09093,2005,NI,BB,FANOOS,2005-12-07 18:00:00,TS,10.7,86.2,55.0,USA,984.0,USA
2005338N09093,2005,NI,BB,FANOOS,2005-12-07 21:00:00,TS,10.7,86.1,55.0,USA,984.0,USA
2005338N09093,2005,NI,BB,FANOOS,2005-12-08 00:00:00,TS,10.7,86.0,55.0,USA,984.0,USA
2005338N09093,2005,NI,BB,FANOOS,2005-12-08 03:00:00,TS,10.5,85.8,55.0,USA,984.0,USA
2005338N09093,2005,NI,BB,FANOOS,2005-12-08 06:00:00,TS,10.6,85.5,55.0,USA,984.0,USA
2005338N09093,2005,NI,BB,FANOOS,2005-12-08 09:00:00,TS,10.6,85.0,55.0,USA,984.0,USA
2005338N09093,2005,NI,BB,FANOOS,2005-12-08 12:00:00,TS,10.6,84.6,55.0,USA,984.0,USA
2005338N09093,2005,NI,BB,FANOOS,2005-12-08 15:00:00,TS,10.5,84.5,55.0,USA,984.0,USA
2005338N09093,2005,NI,BB,FANOOS,2005-12-08 18:00:00,TS,10.4,84.1,55.0,USA,984.0,USA
2005338N09093,2005,NI,BB,FANOOS,2005-12-08 21:00:00,TS,10.4,83.9,58.0,USA,982.0,USA
2005338N09093,2005,NI,BB,FANOOS,2005-12-09 00:00:00,TS,10.4,83.4,60.0,USA,980.0,USA
2005338N09093,2005,NI,BB,FANOOS,2005-12-09 03:00:00,TS,10.4,83.0,60.0,USA,980.0,USA
2005338N09093,2005,NI,BB,FANOOS,2005-12-09 06:00:00,TS,10.4,82.8,60.0,USA,980.0,USA
2005338N09093,2005,NI,BB,FANOOS,2005-12-09 09:00:00,TS,10.4,82.3,60.0,USA,980.0,USA
2005338N09093,2005,NI,BB,FANOOS,2005-12-09 12:00:00,TS,10.4,81.9,60.0,USA,980.0,USA
2005338N09093,2005,NI,BB,FANOOS,2005-12-09 15:00:00,TS,10.4,81.4,60.0,USA,980.0,USA
2005338N09093,2005,NI,BB,FANOOS,2005-12-09 18:00:00,TS,10.4,81.2,60.0,USA,980.0,USA
2005338N09093,2005,NI,BB,FANOOS,2005-12-09 21:00:00,TS,10.5,80.8,58.0,USA,982.0,USA
2005338N09093,2005,NI,BB,FANOOS,2005-12-10 00:00:00,TS,10.5,80.5,55.0,USA,984.0,USA
2005338N09093,2005,NI,BB,FANOOS,2005-12-10 03:00:00,TS,10.5,80.2,50.0,USA,988.0,USA
2005338N09093,2005,NI,BB,FANOOS,2005-12-10 06:00:00,TS,10.4,79.9,45.0,USA,991.0,USA
2005338N09093,2005,NI,BB,FANOOS,2005-12-10 09:00:00,TS,10.3,79.7,45.0,USA,991.0,USA
2005338N09093,2005,NI,BB,FANOOS,2005-12-10 12:00:00,TS,10.2,79.5,45.0,USA,991.0,USA
2005338N09093,2005,NI,BB,FANOOS,2005-12-10 15:00:00,TS,10.1,79.1,38.0,USA,996.0,USA
2005338N09093,2005,NI,BB,FANOOS,2005-12-10 18:00:00,TS,10.2,78.7,30.0,USA,1000.0,USA
2005338N09093,2005,NI,BB,FANOOS,2005-12-10 21:00:00,TS,10.2,78.2,30.0,USA,1000.0,USA
2005338N09093,2005,NI,AS,FANOOS,2005-12-11 00:00:00,TS,10.0,77.8,30.0,USA,1000.0,USA
2005338N09093,2005,NI,AS,FANOOS,2005-12-11 03:00:00,TS,9.7,77.5,28.0,USA,1001.0,USA
2005338N09093,2005,NI,AS,FANOOS,2005-12-11 06:00:00,TS,9.4,77.2,25.0,USA,1002.0,USA
2005338N09093,2005,NI,AS,FANOOS,2005-12-11 09:00:00,TS,9.1,76.9,25.0,USA,1002.0,USA
2005338N09093,2005,NI,AS,FANOOS,2005-12-11 12:00:00,TS,8.7,76.6,25.0,USA,1002.0,USA
2005338N09093,2005,NI,AS,FANOOS,2005-12-11 15:00:00,TS,8.3,76.4,25.0,USA,1002.0,USA
2005338N09093,2005,NI,AS,FANOOS,2005-12-11 18:00:00,TS,8.0,76.2,25.0,USA,1002.0,USA
2005338N09093,2005,NI,AS,FANOOS,2005-12-11 21:00:00,TS,7.9,76.0,25.0,USA,1002.0,USA
2005338N09093,2005,NI,AS,FANOOS,2005-12-12 00:00:00,TS,7.8,75.7,25.0,USA,1002.0,USA
2005338N09093,2005,NI,AS,FANOOS,2005-12-12 03:00:00,TS,7.6,75.4,25.0,USA,1002.0,USA
2005338N09093,2005,NI,AS,FANOOS,2005-12-12 06:00:00,TS,7.4,75.1,25.0,USA,1002.0,USA
2005338N09093,2005,NI,AS,FANOOS,2005-12-12 09:00:00,TS,7.2,74.8,25.0,USA,1002.0,USA
2005338N09093,2005,NI,AS,FANOOS,2005-12-12 12:00:00,TS,7.1,74.5,25.0,USA,1002.0,USA
2005338N09093,2005,NI,AS,FANOOS,2005-12-12 15:00:00,TS,7.0,74.3,20.0,USA,1004.0,USA
2005338N09093,2005,NI,AS,FANOOS,2005-12-12 18:00:00,DS,6.8,74.2,15.0,USA,1006.0,USA
2005349N06090,2005,NI,BB,UNNAMED,2005-12-14 18:00:00,DS,6.4,89.9,15.0,USA,1005.0,USA
2005349N06090,2005,NI,BB,UNNAMED,2005-12-14 21:00:00,DS,6.9,89.4,15.0,USA,1006.0,USA
2005349N06090,2005,NI,BB,UNNAMED,2005-12-15 00:00:00,DS,7.3,88.9,15.0,USA,1006.0,USA
2005349N06090,2005,NI,BB,UNNAMED,2005-12-15 03:00:00,DS,7.7,88.4,20.0,USA,1004.0,USA
2005349N06090,2005,NI,BB,UNNAMED,2005-12-15 06:00:00,TS,8.0,87.8,25.0,USA,1002.0,USA
2005349N06090,2005,NI,BB,UNNAMED,2005-12-15 09:00:00,TS,8.3,87.2,25.0,USA,1002.0,USA
2005349N06090,2005,NI,BB,UNNAMED,2005-12-15 12:00:00,TS,8.3,86.8,25.0,USA,1002.0,USA
2005349N06090,2005,NI,BB,UNNAMED,2005-12-15 15:00:00,TS,8.2,86.4,25.0,USA,1002.0,USA
2005349N06090,2005,NI,BB,UNNAMED,2005-12-15 18:00:00,TS,8.1,86.3,25.0,USA,1002.0,USA
2005349N06090,2005,NI,BB,UNNAMED,2005-12-15 21:00:00,TS,7.9,86.2,25.0,USA,1002.0,USA
2005349N06090,2005,NI,BB,UNNAMED,2005-12-16 00:00:00,TS,7.9,86.2,25.0,USA,1002.0,USA
2005349N06090,2005,NI,BB,UNNAMED,2005-12-16 03:00:00,TS,7.8,85.1,25.0,USA,1002.0,USA
2005349N06090,2005,NI,BB,UNNAMED,2005-12-16 06:00:00,TS,7.8,85.0,25.0,USA,1002.0,USA
2005349N06090,2005,NI,BB,UNNAMED,2005-12-16 09:00:00,TS,7.8,84.6,28.0,USA,1001.0,USA
2005349N06090,2005,NI,BB,UNNAMED,2005-12-16 12:00:00,TS,7.9,84.5,30.0,USA,1000.0,USA
2005349N06090,2005,NI,BB,UNNAMED,2005-12-16 15:00:00,TS,7.9,84.4,33.0,USA,999.0,USA
2005349N06090,2005,NI,BB,UNNAMED,2005-12-16 18:00:00,TS,7.9,84.4,35.0,USA,997.0,USA
2005349N06090,2005,NI,BB,UNNAMED,2005-12-16 21:00:00,TS,7.9,84.3,35.0,USA,997.0,USA
2005349N06090,2005,NI,BB,UNNAMED,2005-12-17 00:00:00,TS,8.0,84.0,35.0,USA,997.0,USA
2005349N06090,2005,NI,BB,UNNAMED,2005-12-17 03:00:00,TS,8.1,84.0,35.0,USA,997.0,USA
2005349N06090,2005,NI,BB,UNNAMED,2005-12-17 06:00:00,TS,8.3,83.9,35.0,USA,997.0,USA
2005349N06090,2005,NI,BB,UNNAMED,2005-12-17 09:00:00,TS,8.6,83.6,35.0,USA,997.0,USA
2005349N06090,2005,NI,BB,UNNAMED,2005-12-17 12:00:00,TS,8.8,83.5,35.0,USA,997.0,USA
2005349N06090,2005,NI,BB,UNNAMED,2005-12-17 15:00:00,TS,8.9,83.4,38.0,USA,996.0,USA
2005349N06090,2005,NI,BB,UNNAMED,2005-12-17 18:00:00,TS,9.4,83.1,40.0,USA,994.0,USA
2005349N06090,2005,NI,BB,UNNAMED,2005-12-17 21:00:00,TS,9.5,83.0,43.0,USA,993.0,USA
2005349N06090,2005,NI,BB,UNNAMED,2005-12-18 00:00:00,TS,10.0,83.0,45.0,USA,991.0,USA
2005349N06090,2005,NI,BB,UNNAMED,2005-12-18 03:00:00,TS,10.3,83.0,45.0,USA,991.0,USA
2005349N06090,2005,NI,BB,UNNAMED,2005-12-18 06:00:00,TS,10.4,83.0,45.0,USA,991.0,USA
2005349N06090,2005,NI,BB,UNNAMED,2005-12-18 09:00:00,TS,10.7,82.8,45.0,USA,991.0,USA
2005349N06090,2005,NI,BB,UNNAMED,2005-12-18 12:00:00,TS,10.8,82.8,45.0,USA,991.0,USA
2005349N06090,2005,NI,BB,UNNAMED,2005-12-18 15:00:00,TS,10.8,82.8,45.0,USA,991.0,USA
2005349N06090,2005,NI,BB,UNNAMED,2005-12-18 18:00:00,TS,11.1,82.8,45.0,USA,991.0,USA
2005349N06090,2005,NI,BB,UNNAMED,2005-12-18 21:00:00,TS,11.1,82.7,45.0,USA,991.0,USA
2005349N06090,2005,NI,BB,UNNAMED,2005-12-19 00:00:00,TS,11.1,82.8,45.0,USA,991.0,USA
2005349N06090,2005,NI,BB,UNNAMED,2005-12-19 03:00:00,TS,11.1,82.8,45.0,USA,991.0,USA
2005349N06090,2005,NI,BB,UNNAMED,2005-12-19 06:00:00,TS,11.2,82.9,45.0,USA,991.0,USA
2005349N06090,2005,NI,BB,UNNAMED,2005-12-19 09:00:00,TS,11.1,82.9,45.0,USA,991.0,USA
2005349N06090,2005,NI,BB,UNNAMED,2005-12-19 12:00:00,TS,11.1,83.0,45.0,USA,991.0,USA
2005349N06090,2005,NI,BB,UNNAMED,2005-12-19 15:00:00,TS,11.3,83.0,45.0,USA,991.0,USA
2005349N06090,2005,NI,BB,UNNAMED,2005-12-19 18:00:00,TS,11.3,83.1,45.0,USA,991.0,USA
2005349N06090,2005,NI,BB,UNNAMED,2005-12-19 21:00:00,TS,11.3,83.2,43.0,USA,993.0,USA
2005349N06090,2005,NI,BB,UNNAMED,2005-12-20 00:00:00,TS,11.3,83.5,40.0,USA,994.0,USA
2005349N06090,2005,NI,BB,UNNAMED,2005-12-20 03:00:00,TS,11.4,83.8,40.0,USA,994.0,USA
2005349N06090,2005,NI,BB,UNNAMED,2005-12-20 06:00:00,TS,11.5,84.1,40.0,USA,994.0,USA
2005349N06090,2005,NI,BB,UNNAMED,2005-12-20 09:00:00,TS,11.8,84.3,38.0,USA,996.0,USA
2005349N06090,2005,NI,BB,UNNAMED,2005-12-20 12:00:00,TS,11.8,84.4,35.0,USA,997.0,USA
2005349N06090,2005,NI,BB,UNNAMED,2005-12-20 15:00:00,TS,11.9,84.5,35.0,USA,997.0,USA
2005349N06090,2005,NI,BB,UNNAMED,2005-12-20 18:00:00,TS,11.9,84.5,35.0,USA,997.0,USA
2005349N06090,2005,NI,BB,UNNAMED,2005-12-20 21:00:00,TS,11.9,84.6,35.0,USA,997.0,USA
2005349N06090,2005,NI,BB,UNNAMED,2005-12-21 00:00:00,TS,11.8,84.6,35.0,USA,997.0,USA
2005349N06090,2005,NI,BB,UNNAMED,2005-12-21 03:00:00,TS,11.7,84.5,33.0,USA,999.0,USA
2005349N06090,2005,NI,BB,UNNAMED,2005-12-21 06:00:00,TS,11.7,84.5,30.0,USA,1000.0,USA
2005349N06090,2005,NI,BB,UNNAMED,2005-12-21 09:00:00,TS,11.8,84.5,30.0,USA,1000.0,USA
2005349N06090,2005,NI,BB,UNNAMED,2005-12-21 12:00:00,TS,11.8,84.6,30.0,USA,1000.0,USA
2005349N06090,2005,NI,BB,UNNAMED,2005-12-21 15:00:00,TS,11.9,84.7,30.0,USA,1000.0,USA
2005349N06090,2005,NI,BB,UNNAMED,2005-12-21 18:00:00,TS,12.1,84.7,30.0,USA,1000.0,USA
2005349N06090,2005,NI,BB,UNNAMED,2005-12-21 21:00:00,TS,12.2,84.8,30.0,USA,1000.0,USA
2005349N06090,2005,NI,BB,UNNAMED,2005-12-22 00:00:00,TS,12.4,84.9,30.0,USA,1000.0,USA
2005349N06090,2005,NI,BB,UNNAMED,2005-12-22 03:00:00,TS,12.7,85.1,30.0,USA,1000.0,USA
2005349N06090,2005,NI,BB,UNNAMED,2005-12-22 06:00:00,TS,12.9,85.2,30.0,USA,1000.0,USA
2005349N06090,2005,NI,BB,UNNAMED,2005-12-22 09:00:00,TS,13.1,85.4,28.0,USA,1001.0,USA
2005349N06090,2005,NI,BB,UNNAMED,2005-12-22 12:00:00,TS,13.3,85.8,25.0,USA,1002.0,USA
2005349N06090,2005,NI,BB,UNNAMED,2005-12-22 15:00:00,TS,13.5,86.3,25.0,USA,1002.0,USA
2005349N06090,2005,NI,BB,UNNAMED,2005-12-22 18:00:00,TS,13.7,86.8,25.0,USA,1002.0,USA
2005349N06090,2005,NI,BB,UNNAMED,2005-12-22 21:00:00,TS,13.9,87.4,25.0,USA,1002.0,USA
2005349N06090,2005,NI,BB,UNNAMED,2005-12-23 00:00:00,TS,14.1,88.0,25.0,USA,1002.0,USA
2005349N06090,2005,NI,BB,UNNAMED,2005-12-23 03:00:00,TS,14.3,88.6,25.0,USA,1002.0,USA
2005349N06090,2005,NI,BB,UNNAMED,2005-12-23 06:00:00,TS,14.4,89.1,25.0,USA,1002.0,USA
2005349N06090,2005,NI,BB,UNNAMED,2005-12-23 09:00:00,TS,14.5,89.6,25.0,USA,1002.0,USA
2005349N06090,2005,NI,BB,UNNAMED,2005-12-23 12:00:00,TS,14.6,90.0,25.0,USA,1002.0,USA
2005349N06090,2005,NI,BB,UNNAMED,2005-12-23 15:00:00,TS,14.9,90.4,23.0,USA,1003.0,USA
2005349N06090,2005,NI,BB,UNNAMED,2005-12-23 18:00:00,DS,15.3,90.7,20.0,USA,1004.0,USA
2005349N06090,2005,NI,BB,UNNAMED,2005-12-23 21:00:00,DS,15.7,91.0,20.0,USA,1004.0,USA
2005349N06090,2005,NI,BB,UNNAMED,2005-12-24 00:00:00,DS,16.2,91.3,20.0,USA,1004.0,USA
2006012N03081,2006,NI,BB,UNNAMED,2006-01-12 00:00:00,DS,2.9,81.1,15.0,USA,1006.0,USA
2006012N03081,2006,NI,BB,UNNAMED,2006-01-12 03:00:00,DS,2.9,80.8,15.0,USA,1006.0,USA
2006012N03081,2006,NI,BB,UNNAMED,2006-01-12 06:00:00,DS,3.0,80.5,15.0,USA,1006.0,USA
2006012N03081,2006,NI,BB,UNNAMED,2006-01-12 09:00:00,DS,3.1,80.2,18.0,USA,1005.0,USA
2006012N03081,2006,NI,BB,UNNAMED,2006-01-12 12:00:00,DS,3.2,80.0,20.0,USA,1004.0,USA
2006012N03081,2006,NI,BB,UNNAMED,2006-01-12 15:00:00,DS,3.3,79.8,23.0,USA,1003.0,USA
2006012N03081,2006,NI,BB,UNNAMED,2006-01-12 18:00:00,DS,3.5,79.5,25.0,USA,1002.0,USA
2006012N03081,2006,NI,BB,UNNAMED,2006-01-12 21:00:00,DS,3.6,79.2,25.0,USA,1002.0,USA
2006012N03081,2006,NI,BB,UNNAMED,2006-01-13 00:00:00,DS,3.8,78.9,25.0,USA,1002.0,USA
2006012N03081,2006,NI,BB,UNNAMED,2006-01-13 03:00:00,DS,4.0,78.5,28.0,USA,1001.0,USA
2006012N03081,2006,NI,BB,UNNAMED,2006-01-13 06:00:00,DS,4.3,78.1,30.0,USA,1000.0,USA
2006012N03081,2006,NI,AS,UNNAMED,2006-01-13 09:00:00,DS,4.6,77.6,33.0,USA,999.0,USA
2006012N03081,2006,NI,AS,UNNAMED,2006-01-13 12:00:00,TS,4.9,77.1,35.0,USA,997.0,USA
2006012N03081,2006,NI,AS,UNNAMED,2006-01-13 15:00:00,TS,5.3,76.6,38.0,USA,996.0,USA
2006012N03081,2006,NI,AS,UNNAMED,2006-01-13 18:00:00,TS,5.6,76.3,40.0,USA,994.0,USA
2006012N03081,2006,NI,AS,UNNAMED,2006-01-13 21:00:00,TS,5.7,75.9,43.0,USA,993.0,USA
2006012N03081,2006,NI,AS,UNNAMED,2006-01-14 00:00:00,TS,5.7,75.6,45.0,USA,991.0,USA
2006012N03081,2006,NI,AS,UNNAMED,2006-01-14 03:00:00,TS,5.8,75.1,45.0,USA,991.0,USA
2006012N03081,2006,NI,AS,UNNAMED,2006-01-14 06:00:00,TS,6.9,74.2,45.0,USA,991.0,USA
2006012N03081,2006,NI,AS,UNNAMED,2006-01-14 09:00:00,TS,6.9,73.7,45.0,USA,991.0,USA
2006012N03081,2006,NI,AS,UNNAMED,2006-01-14 12:00:00,TS,6.9,73.3,45.0,USA,991.0,USA
2006012N03081,2006,NI,AS,UNNAMED,2006-01-14 15:00:00,TS,6.9,72.9,43.0,USA,993.0,USA
2006012N03081,2006,NI,AS,UNNAMED,2006-01-14 18:00:00,TS,7.0,72.7,40.0,USA,994.0,USA
2006012N03081,2006,NI,AS,UNNAMED,2006-01-14 21:00:00,TS,7.1,72.3,38.0,USA,996.0,USA
2006012N03081,2006,NI,AS,UNNAMED,2006-01-15 00:00:00,TS,7.1,71.9,35.0,USA,997.0,USA
2006012N03081,2006,NI,AS,UNNAMED,2006-01-15 03:00:00,TS,7.0,71.4,33.0,USA,999.0,USA
2006012N03081,2006,NI,AS,UNNAMED,2006-01-15 06:00:00,DS,6.9,71.0,30.0,USA,1000.0,USA
2006012N03081,2006,NI,AS,UNNAMED,2006-01-15 09:00:00,DS,6.8,70.5,30.0,USA,1000.0,USA
2006012N03081,2006,NI,AS,UNNAMED,2006-01-15 12:00:00,DS,6.8,70.1,30.0,USA,1000.0,USA
2006012N03081,2006,NI,AS,UNNAMED,2006-01-15 15:00:00,DS,6.8,69.7,30.0,USA,1000.0,USA
2006012N03081,2006,NI,AS,UNNAMED,2006-01-15 18:00:00,DS,6.9,69.3,30.0,USA,1000.0,USA
2006012N03081,2006,NI,AS,UNNAMED,2006-01-15 21:00:00,DS,7.1,68.9,30.0,USA,1000.0,USA
2006012N03081,2006,NI,AS,UNNAMED,2006-01-16 00:00:00,DS,7.3,68.6,30.0,USA,1000.0,USA
2006012N03081,2006,NI,AS,UNNAMED,2006-01-16 03:00:00,DS,7.6,68.3,30.0,USA,1000.0,USA
2006012N03081,2006,NI,AS,UNNAMED,2006-01-16 06:00:00,DS,7.9,68.0,30.0,USA,1000.0,USA
2006012N03081,2006,NI,AS,UNNAMED,2006-01-16 09:00:00,DS,8.2,67.7,30.0,USA,1000.0,USA
2006012N03081,2006,NI,AS,UNNAMED,2006-01-16 12:00:00,DS,8.4,67.3,30.0,USA,1000.0,USA
2006012N03081,2006,NI,AS,UNNAMED,2006-01-16 15:00:00,DS,8.4,66.7,30.0,USA,1000.0,USA
2006012N03081,2006,NI,AS,UNNAMED,2006-01-16 18:00:00,DS,8.5,66.1,30.0,USA,1000.0,USA
2006012N03081,2006,NI,AS,UNNAMED,2006-01-16 21:00:00,DS,8.8,65.5,30.0,USA,1000.0,USA
2006012N03081,2006,NI,AS,UNNAMED,2006-01-17 00:00:00,DS,9.2,64.8,30.0,USA,1000.0,USA
2006012N03081,2006,NI,AS,UNNAMED,2006-01-17 03:00:00,DS,9.5,64.1,30.0,USA,1000.0,USA
2006012N03081,2006,NI,AS,UNNAMED,2006-01-17 06:00:00,DS,9.8,63.4,30.0,USA,1000.0,USA
2006012N03081,2006,NI,AS,UNNAMED,2006-01-17 09:00:00,DS,9.9,62.7,30.0,USA,1000.0,USA
2006012N03081,2006,NI,AS,UNNAMED,2006-01-17 12:00:00,DS,9.9,62.1,30.0,USA,1000.0,USA
2006012N03081,2006,NI,AS,UNNAMED,2006-01-17 15:00:00,DS,9.8,61.5,30.0,USA,1000.0,USA
2006012N03081,2006,NI,AS,UNNAMED,2006-01-17 18:00:00,DS,9.6,61.0,30.0,USA,1000.0,USA
2006012N03081,2006,NI,AS,UNNAMED,2006-01-17 21:00:00,DS,9.4,60.4,30.0,USA,1000.0,USA
2006012N03081,2006,NI,AS,UNNAMED,2006-01-18 00:00:00,DS,9.3,59.9,30.0,USA,1000.0,USA
2006012N03081,2006,NI,AS,UNNAMED,2006-01-18 03:00:00,DS,9.3,59.4,30.0,USA,1000.0,USA
2006012N03081,2006,NI,AS,UNNAMED,2006-01-18 06:00:00,DS,9.3,58.8,30.0,USA,1000.0,USA
2006012N03081,2006,NI,AS,UNNAMED,2006-01-18 09:00:00,DS,9.4,58.2,28.0,USA,1001.0,USA
2006012N03081,2006,NI,AS,UNNAMED,2006-01-18 12:00:00,DS,9.4,57.5,25.0,USA,1002.0,USA
2006012N03081,2006,NI,AS,UNNAMED,2006-01-18 15:00:00,DS,9.4,56.8,25.0,USA,1002.0,USA
2006012N03081,2006,NI,AS,UNNAMED,2006-01-18 18:00:00,DS,9.3,56.2,25.0,USA,1002.0,USA
2006012N03081,2006,NI,AS,UNNAMED,2006-01-18 21:00:00,DS,9.3,55.6,25.0,USA,1002.0,USA
2006012N03081,2006,NI,AS,UNNAMED,2006-01-19 00:00:00,DS,9.2,54.9,25.0,USA,1002.0,USA
2006012N03081,2006,NI,AS,UNNAMED,2006-01-19 03:00:00,DS,9.1,54.2,25.0,USA,1002.0,USA
2006012N03081,2006,NI,AS,UNNAMED,2006-01-19 06:00:00,DS,8.9,53.6,25.0,USA,1002.0,USA
2006114N08090,2006,NI,BB,MALA,2006-04-24 06:00:00,DS,8.4,90.1,20.0,USA,1004.0,USA
2006114N08090,2006,NI,BB,MALA,2006-04-24 09:00:00,DS,8.5,89.9,23.0,USA,1003.0,USA
2006114N08090,2006,NI,BB,MALA,2006-04-24 12:00:00,DS,8.6,89.7,25.0,USA,1002.0,USA
2006114N08090,2006,NI,BB,MALA,2006-04-24 15:00:00,DS,8.8,89.6,28.0,USA,1001.0,USA
2006114N08090,2006,NI,BB,MALA,2006-04-24 18:00:00,TS,9.0,89.5,30.0,USA,1000.0,USA
2006114N08090,2006,NI,BB,MALA,2006-04-24 21:00:00,TS,9.2,89.6,33.0,USA,999.0,USA
2006114N08090,2006,NI,BB,MALA,2006-04-25 00:00:00,TS,9.3,89.7,35.0,USA,997.0,USA
2006114N08090,2006,NI,BB,MALA,2006-04-25 03:00:00,TS,9.5,89.8,35.0,USA,997.0,USA
2006114N08090,2006,NI,BB,MALA,2006-04-25 06:00:00,TS,9.6,89.9,35.0,USA,997.0,USA
2006114N08090,2006,NI,BB,MALA,2006-04-25 09:00:00,TS,9.7,89.8,40.0,USA,994.0,USA
2006114N08090,2006,NI,BB,MALA,2006-04-25 12:00:00,TS,10.0,89.6,45.0,USA,991.0,USA
2006114N08090,2006,NI,BB,MALA,2006-04-25 15:00:00,TS,10.1,89.6,45.0,USA,991.0,USA
2006114N08090,2006,NI,BB,MALA,2006-04-25 18:00:00,TS,10.2,89.7,45.0,USA,991.0,USA
2006114N08090,2006,NI,BB,MALA,2006-04-25 21:00:00,TS,10.1,89.8,45.0,USA,991.0,USA
2006114N08090,2006,NI,BB,MALA,2006-04-26 00:00:00,TS,10.4,89.7,45.0,USA,991.0,USA
2006114N08090,2006,NI,BB,MALA,2006-04-26 03:00:00,TS,10.6,89.7,45.0,USA,991.0,USA
2006114N08090,2006,NI,BB,MALA,2006-04-26 06:00:00,TS,11.1,89.8,45.0,USA,991.0,USA
2006114N08090,2006,NI,BB,MALA,2006-04-26 09:00:00,TS,11.3,90.1,45.0,USA,991.0,USA
2006114N08090,2006,NI,BB,MALA,2006-04-26 12:00:00,TS,11.7,90.3,45.0,USA,991.0,USA
2006114N08090,2006,NI,BB,MALA,2006-04-26 15:00:00,TS,12.1,90.5,45.0,USA,991.0,USA
2006114N08090,2006,NI,BB,MALA,2006-04-26 18:00:00,TS,12.1,90.4,45.0,USA,991.0,USA
2006114N08090,2006,NI,BB,MALA,2006-04-26 21:00:00,TS,12.1,90.3,50.0,USA,988.0,USA
2006114N08090,2006,NI,BB,MALA,2006-04-27 00:00:00,TS,12.0,90.2,55.0,USA,984.0,USA
2006114N08090,2006,NI,BB,MALA,2006-04-27 03:00:00,TS,12.4,90.1,60.0,USA,980.0,USA
2006114N08090,2006,NI,BB,MALA,2006-04-27 06:00:00,TS,12.5,90.2,65.0,USA,976.0,USA
2006114N08090,2006,NI,BB,MALA,2006-04-27 09:00:00,TS,12.6,90.3,68.0,USA,974.0,USA
2006114N08090,2006,NI,BB,MALA,2006-04-27 12:00:00,TS,13.0,90.5,70.0,USA,972.0,USA
2006114N08090,2006,NI,BB,MALA,2006-04-27 15:00:00,TS,13.1,90.6,75.0,USA,968.0,USA
2006114N08090,2006,NI,BB,MALA,2006-04-27 18:00:00,TS,13.3,90.8,80.0,USA,963.0,USA
2006114N08090,2006,NI,BB,MALA,2006-04-27 21:00:00,TS,13.7,90.9,85.0,USA,959.0,USA
2006114N08090,2006,NI,BB,MALA,2006-04-28 00:00:00,TS,14.1,91.4,90.0,USA,954.0,USA
2006114N08090,2006,NI,BB,MALA,2006-04-28 03:00:00,TS,14.5,91.7,103.0,USA,941.0,USA
2006114N08090,2006,NI,BB,MALA,2006-04-28 06:00:00,TS,15.0,92.1,115.0,USA,927.0,USA
2006114N08090,2006,NI,BB,MALA,2006-04-28 09:00:00,TS,15.3,92.4,118.0,USA,925.0,USA
2006114N08090,2006,NI,BB,MALA,2006-04-28 12:00:00,TS,15.6,92.7,120.0,USA,922.0,USA
2006114N08090,2006,NI,BB,MALA,2006-04-28 15:00:00,TS,16.0,93.1,120.0,USA,922.0,USA
2006114N08090,2006,NI,BB,MALA,2006-04-28 18:00:00,TS,16.2,93.2,120.0,USA,922.0,USA
2006114N08090,2006,NI,BB,MALA,2006-04-28 21:00:00,TS,16.5,93.6,113.0,USA,930.0,USA
2006114N08090,2006,NI,BB,MALA,2006-04-29 00:00:00,TS,16.7,93.7,105.0,USA,938.0,USA
2006114N08090,2006,NI,BB,MALA,2006-04-29 03:00:00,TS,17.1,94.1,98.0,USA,946.0,USA
2006114N08090,2006,NI,BB,MALA,2006-04-29 06:00:00,TS,17.5,94.5,90.0,USA,954.0,USA
2006114N08090,2006,NI,BB,MALA,2006-04-29 09:00:00,TS,18.0,94.9,78.0,USA,965.0,USA
2006114N08090,2006,NI,BB,MALA,2006-04-29 12:00:00,TS,18.5,95.5,65.0,USA,976.0,USA
2006114N08090,2006,NI,BB,MALA,2006-04-29 15:00:00,TS,18.5,95.5,,MISSING,,MISSING
2006114N08090,2006,NI,BB,MALA,2006-04-29 18:00:00,TS,19.0,96.0,,MISSING,,MISSING
2006182N20088,2006,NI,BB,UNNAMED,2006-06-30 18:00:00,DS,20.0,88.3,15.0,USA,1006.0,USA
2006182N20088,2006,NI,BB,UNNAMED,2006-06-30 21:00:00,DS,20.2,88.3,15.0,USA,1006.0,USA
2006182N20088,2006,NI,BB,UNNAMED,2006-07-01 00:00:00,DS,20.4,88.3,15.0,USA,1006.0,USA
2006182N20088,2006,NI,BB,UNNAMED,2006-07-01 03:00:00,DS,20.6,88.4,15.0,USA,1006.0,USA
2006182N20088,2006,NI,BB,UNNAMED,2006-07-01 06:00:00,DS,20.7,88.6,15.0,USA,1006.0,USA
2006182N20088,2006,NI,BB,UNNAMED,2006-07-01 09:00:00,DS,20.7,88.8,18.0,USA,1005.0,USA
2006182N20088,2006,NI,BB,UNNAMED,2006-07-01 12:00:00,DS,20.7,88.9,20.0,USA,1004.0,USA
2006182N20088,2006,NI,BB,UNNAMED,2006-07-01 15:00:00,DS,20.6,88.9,23.0,USA,1003.0,USA
2006182N20088,2006,NI,BB,UNNAMED,2006-07-01 18:00:00,DS,20.5,88.8,25.0,USA,1002.0,USA
2006182N20088,2006,NI,BB,UNNAMED,2006-07-01 21:00:00,DS,20.5,88.6,25.0,USA,1002.0,USA
2006182N20088,2006,NI,BB,UNNAMED,2006-07-02 00:00:00,MX,20.4,88.5,25.0,USA,1002.0,USA
2006182N20088,2006,NI,BB,UNNAMED,2006-07-02 03:00:00,MX,20.5,88.3,28.0,USA,1001.0,USA
2006182N20088,2006,NI,BB,UNNAMED,2006-07-02 06:00:00,TS,20.4,88.2,30.0,USA,1000.0,USA
2006182N20088,2006,NI,BB,UNNAMED,2006-07-02 09:00:00,TS,20.4,87.9,33.0,USA,999.0,USA
2006182N20088,2006,NI,BB,UNNAMED,2006-07-02 12:00:00,TS,20.4,87.4,35.0,USA,997.0,USA
2006182N20088,2006,NI,BB,UNNAMED,2006-07-02 15:00:00,TS,20.4,86.7,33.0,USA,999.0,USA
2006182N20088,2006,NI,BB,UNNAMED,2006-07-02 18:00:00,TS,20.4,86.0,30.0,USA,1000.0,USA
2006182N20088,2006,NI,BB,UNNAMED,2006-07-02 21:00:00,TS,20.4,85.8,28.0,USA,1001.0,USA
2006182N20088,2006,NI,BB,UNNAMED,2006-07-03 00:00:00,MX,20.4,85.4,25.0,USA,1002.0,USA
2006182N20088,2006,NI,BB,UNNAMED,2006-07-03 03:00:00,MX,20.4,85.2,25.0,USA,1002.0,USA
2006182N20088,2006,NI,BB,UNNAMED,2006-07-03 06:00:00,MX,20.4,85.1,25.0,USA,1002.0,USA
2006182N20088,2006,NI,BB,UNNAMED,2006-07-03 09:00:00,MX,20.8,84.5,25.0,USA,1002.0,USA
2006182N20088,2006,NI,BB,UNNAMED,2006-07-03 12:00:00,MX,20.9,84.1,25.0,USA,1002.0,USA
2006182N20088,2006,NI,BB,UNNAMED,2006-07-03 15:00:00,TS,21.0,83.5,30.0,NEWDELHI,982.0,NEWDELHI
2006182N20088,2006,NI,BB,UNNAMED,2006-07-03 18:00:00,TS,21.0,83.0,30.0,NEWDELHI,982.0,NEWDELHI
2006182N20088,2006,NI,BB,UNNAMED,2006-07-03 21:00:00,TS,21.0,82.5,30.0,NEWDELHI,982.0,NEWDELHI
2006182N20088,2006,NI,BB,UNNAMED,2006-07-04 00:00:00,TS,21.0,82.0,30.0,NEWDELHI,982.0,NEWDELHI
2006182N20088,2006,NI,BB,UNNAMED,2006-07-04 03:00:00,TS,21.5,81.5,30.0,NEWDELHI,984.0,NEWDELHI
2006182N20088,2006,NI,BB,UNNAMED,2006-07-04 06:00:00,TS,21.5,81.0,30.0,NEWDELHI,986.0,NEWDELHI
2006182N20088,2006,NI,BB,UNNAMED,2006-07-04 09:00:00,TS,21.5,80.0,25.0,NEWDELHI,988.0,NEWDELHI
2006182N20088,2006,NI,BB,UNNAMED,2006-07-04 12:00:00,TS,21.5,79.5,25.0,NEWDELHI,990.0,NEWDELHI
2006182N20088,2006,NI,BB,UNNAMED,2006-07-04 15:00:00,TS,21.5,79.0,25.0,NEWDELHI,990.0,NEWDELHI
2006182N20088,2006,NI,BB,UNNAMED,2006-07-04 18:00:00,TS,21.5,78.5,25.0,NEWDELHI,990.0,NEWDELHI
2006182N20088,2006,NI,AS,UNNAMED,2006-07-04 21:00:00,TS,21.5,78.0,25.0,NEWDELHI,990.0,NEWDELHI
2006182N20088,2006,NI,AS,UNNAMED,2006-07-05 00:00:00,TS,21.5,78.0,25.0,NEWDELHI,990.0,NEWDELHI
2006182N20088,2006,NI,AS,UNNAMED,2006-07-05 03:00:00,TS,22.0,77.5,25.0,NEWDELHI,990.0,NEWDELHI
2006182N20088,2006,NI,AS,UNNAMED,2006-07-05 06:00:00,NR,22.0,77.5,25.0,NEWDELHI,990.0,NEWDELHI
2006214N20088,2006,NI,BB,UNNAMED,2006-08-02 03:00:00,TS,20.5,87.5,25.0,NEWDELHI,990.0,NEWDELHI
2006214N20088,2006,NI,BB,UNNAMED,2006-08-02 06:00:00,TS,20.5,87.5,25.0,NEWDELHI,990.0,NEWDELHI
2006214N20088,2006,NI,BB,UNNAMED,2006-08-02 09:00:00,TS,20.0,87.0,30.0,NEWDELHI,988.0,NEWDELHI
2006214N20088,2006,NI,BB,UNNAMED,2006-08-02 12:00:00,TS,20.0,86.5,30.0,NEWDELHI,986.0,NEWDELHI
2006214N20088,2006,NI,BB,UNNAMED,2006-08-02 15:00:00,TS,20.0,86.5,30.0,NEWDELHI,986.0,NEWDELHI
2006214N20088,2006,NI,BB,UNNAMED,2006-08-02 18:00:00,TS,20.0,86.0,30.0,NEWDELHI,986.0,NEWDELHI
2006214N20088,2006,NI,BB,UNNAMED,2006-08-02 21:00:00,TS,20.0,85.5,30.0,NEWDELHI,986.0,NEWDELHI
2006214N20088,2006,NI,BB,UNNAMED,2006-08-03 00:00:00,TS,19.7,85.2,30.0,NEWDELHI,986.0,NEWDELHI
2006214N20088,2006,NI,BB,UNNAMED,2006-08-03 03:00:00,TS,19.5,85.0,30.0,NEWDELHI,986.0,NEWDELHI
2006214N20088,2006,NI,BB,UNNAMED,2006-08-03 06:00:00,TS,19.5,85.0,30.0,NEWDELHI,986.0,NEWDELHI
2006214N20088,2006,NI,BB,UNNAMED,2006-08-03 09:00:00,TS,19.5,84.5,30.0,NEWDELHI,986.0,NEWDELHI
2006214N20088,2006,NI,BB,UNNAMED,2006-08-03 12:00:00,TS,19.5,84.0,30.0,NEWDELHI,986.0,NEWDELHI
2006214N20088,2006,NI,BB,UNNAMED,2006-08-03 15:00:00,TS,19.5,84.0,30.0,NEWDELHI,986.0,NEWDELHI
2006214N20088,2006,NI,BB,UNNAMED,2006-08-03 18:00:00,TS,19.5,83.5,30.0,NEWDELHI,986.0,NEWDELHI
2006214N20088,2006,NI,BB,UNNAMED,2006-08-03 21:00:00,TS,19.5,83.0,30.0,NEWDELHI,986.0,NEWDELHI
2006214N20088,2006,NI,BB,UNNAMED,2006-08-04 00:00:00,TS,19.5,83.0,30.0,NEWDELHI,986.0,NEWDELHI
2006214N20088,2006,NI,BB,UNNAMED,2006-08-04 03:00:00,TS,20.0,82.5,30.0,NEWDELHI,986.0,NEWDELHI
2006214N20088,2006,NI,BB,UNNAMED,2006-08-04 06:00:00,TS,20.0,82.5,30.0,NEWDELHI,986.0,NEWDELHI
2006214N20088,2006,NI,BB,UNNAMED,2006-08-04 09:00:00,TS,20.5,82.0,25.0,NEWDELHI,990.0,NEWDELHI
2006214N20088,2006,NI,BB,UNNAMED,2006-08-04 12:00:00,TS,21.0,81.0,25.0,NEWDELHI,990.0,NEWDELHI
2006214N20088,2006,NI,BB,UNNAMED,2006-08-04 15:00:00,TS,21.0,81.0,25.0,NEWDELHI,990.0,NEWDELHI
2006214N20088,2006,NI,BB,UNNAMED,2006-08-04 18:00:00,TS,21.0,81.0,25.0,NEWDELHI,990.0,NEWDELHI
2006214N20088,2006,NI,BB,UNNAMED,2006-08-04 21:00:00,TS,21.0,81.0,25.0,NEWDELHI,990.0,NEWDELHI
2006214N20088,2006,NI,BB,UNNAMED,2006-08-05 00:00:00,TS,21.0,80.5,25.0,NEWDELHI,990.0,NEWDELHI
2006214N20088,2006,NI,BB,UNNAMED,2006-08-05 03:00:00,TS,21.0,80.0,25.0,NEWDELHI,990.0,NEWDELHI
2006214N20088,2006,NI,BB,UNNAMED,2006-08-05 06:00:00,TS,21.0,79.5,25.0,NEWDELHI,990.0,NEWDELHI
2006214N20088,2006,NI,BB,UNNAMED,2006-08-05 09:00:00,TS,21.0,79.5,25.0,NEWDELHI,990.0,NEWDELHI
2006224N21088,2006,NI,BB,UNNAMED,2006-08-12 03:00:00,TS,21.0,88.0,25.0,NEWDELHI,992.0,NEWDELHI
2006224N21088,2006,NI,BB,UNNAMED,2006-08-12 06:00:00,TS,21.0,88.0,25.0,NEWDELHI,992.0,NEWDELHI
2006224N21088,2006,NI,BB,UNNAMED,2006-08-12 09:00:00,TS,21.0,87.5,25.0,NEWDELHI,992.0,NEWDELHI
2006224N21088,2006,NI,BB,UNNAMED,2006-08-12 12:00:00,TS,21.0,87.5,25.0,NEWDELHI,992.0,NEWDELHI
2006224N21088,2006,NI,BB,UNNAMED,2006-08-12 15:00:00,TS,22.0,86.5,25.0,NEWDELHI,992.0,NEWDELHI
2006224N21088,2006,NI,BB,UNNAMED,2006-08-12 18:00:00,TS,22.0,85.0,25.0,NEWDELHI,992.0,NEWDELHI
2006224N21088,2006,NI,BB,UNNAMED,2006-08-12 21:00:00,TS,22.0,83.5,25.0,NEWDELHI,992.0,NEWDELHI
2006224N21088,2006,NI,BB,UNNAMED,2006-08-13 00:00:00,TS,22.0,82.5,25.0,NEWDELHI,992.0,NEWDELHI
2006228N21088,2006,NI,BB,UNNAMED,2006-08-16 03:00:00,TS,20.5,88.0,25.0,NEWDELHI,990.0,NEWDELHI
2006228N21088,2006,NI,BB,UNNAMED,2006-08-16 06:00:00,TS,20.5,87.5,25.0,NEWDELHI,990.0,NEWDELHI
2006228N21088,2006,NI,BB,UNNAMED,2006-08-16 09:00:00,TS,20.5,87.5,25.0,NEWDELHI,990.0,NEWDELHI
2006228N21088,2006,NI,BB,UNNAMED,2006-08-16 12:00:00,TS,20.5,87.0,25.0,NEWDELHI,990.0,NEWDELHI
2006228N21088,2006,NI,BB,UNNAMED,2006-08-16 15:00:00,TS,20.5,86.5,25.0,NEWDELHI,988.0,NEWDELHI
2006228N21088,2006,NI,BB,UNNAMED,2006-08-16 18:00:00,TS,20.5,86.0,25.0,NEWDELHI,988.0,NEWDELHI
2006228N21088,2006,NI,BB,UNNAMED,2006-08-16 21:00:00,TS,21.0,85.0,25.0,NEWDELHI,988.0,NEWDELHI
2006228N21088,2006,NI,BB,UNNAMED,2006-08-17 00:00:00,TS,21.5,84.5,25.0,NEWDELHI,988.0,NEWDELHI
2006228N21088,2006,NI,BB,UNNAMED,2006-08-17 03:00:00,TS,22.0,83.5,25.0,NEWDELHI,988.0,NEWDELHI
2006228N21088,2006,NI,BB,UNNAMED,2006-08-17 06:00:00,TS,22.0,83.5,25.0,NEWDELHI,988.0,NEWDELHI
2006228N21088,2006,NI,BB,UNNAMED,2006-08-17 09:00:00,TS,22.5,83.0,25.0,NEWDELHI,988.0,NEWDELHI
2006228N21088,2006,NI,BB,UNNAMED,2006-08-17 12:00:00,TS,22.5,81.0,25.0,NEWDELHI,988.0,NEWDELHI
2006228N21088,2006,NI,BB,UNNAMED,2006-08-17 15:00:00,TS,22.5,81.0,25.0,NEWDELHI,988.0,NEWDELHI
2006228N21088,2006,NI,BB,UNNAMED,2006-08-17 18:00:00,TS,22.5,80.5,25.0,NEWDELHI,988.0,NEWDELHI
2006228N21088,2006,NI,BB,UNNAMED,2006-08-17 21:00:00,TS,22.5,80.0,25.0,NEWDELHI,988.0,NEWDELHI
2006228N21088,2006,NI,BB,UNNAMED,2006-08-18 00:00:00,TS,22.5,79.0,25.0,NEWDELHI,990.0,NEWDELHI
2006228N21088,2006,NI,AS,UNNAMED,2006-08-18 03:00:00,TS,23.0,78.0,25.0,NEWDELHI,992.0,NEWDELHI
2006228N21088,2006,NI,AS,UNNAMED,2006-08-18 06:00:00,TS,23.0,77.5,25.0,NEWDELHI,994.0,NEWDELHI
2006228N21088,2006,NI,AS,UNNAMED,2006-08-18 09:00:00,TS,23.5,77.0,25.0,NEWDELHI,994.0,NEWDELHI
2006241N20088,2006,NI,BB,UNNAMED,2006-08-29 03:00:00,TS,20.5,87.5,25.0,NEWDELHI,992.0,NEWDELHI
2006241N20088,2006,NI,BB,UNNAMED,2006-08-29 06:00:00,TS,20.5,86.5,25.0,NEWDELHI,992.0,NEWDELHI
2006241N20088,2006,NI,BB,UNNAMED,2006-08-29 09:00:00,TS,21.0,85.0,25.0,NEWDELHI,990.0,NEWDELHI
2006241N20088,2006,NI,BB,UNNAMED,2006-08-29 12:00:00,TS,21.0,84.5,25.0,NEWDELHI,990.0,NEWDELHI
2006241N20088,2006,NI,BB,UNNAMED,2006-08-29 15:00:00,TS,21.0,84.5,25.0,NEWDELHI,990.0,NEWDELHI
2006241N20088,2006,NI,BB,UNNAMED,2006-08-29 18:00:00,TS,21.0,84.0,25.0,NEWDELHI,990.0,NEWDELHI
2006241N20088,2006,NI,BB,UNNAMED,2006-08-29 21:00:00,TS,21.0,83.5,25.0,NEWDELHI,990.0,NEWDELHI
2006241N20088,2006,NI,BB,UNNAMED,2006-08-30 00:00:00,TS,21.0,83.0,25.0,NEWDELHI,992.0,NEWDELHI
2006241N20088,2006,NI,BB,UNNAMED,2006-08-30 03:00:00,TS,22.0,83.0,25.0,NEWDELHI,992.0,NEWDELHI
2006241N20088,2006,NI,BB,UNNAMED,2006-08-30 06:00:00,TS,22.5,82.5,25.0,NEWDELHI,992.0,NEWDELHI
2006241N20088,2006,NI,BB,UNNAMED,2006-08-30 09:00:00,TS,22.5,81.5,25.0,NEWDELHI,992.0,NEWDELHI
2006241N20088,2006,NI,BB,UNNAMED,2006-08-30 12:00:00,TS,22.5,81.0,25.0,NEWDELHI,992.0,NEWDELHI
2006241N20088,2006,NI,BB,UNNAMED,2006-08-30 15:00:00,TS,22.5,81.0,25.0,NEWDELHI,992.0,NEWDELHI
2006241N20088,2006,NI,BB,UNNAMED,2006-08-30 18:00:00,TS,22.5,81.0,25.0,NEWDELHI,992.0,NEWDELHI
2006241N20088,2006,NI,BB,UNNAMED,2006-08-30 21:00:00,TS,22.5,80.5,25.0,NEWDELHI,992.0,NEWDELHI
2006241N20088,2006,NI,BB,UNNAMED,2006-08-31 00:00:00,TS,23.0,80.0,25.0,NEWDELHI,994.0,NEWDELHI
2006241N20088,2006,NI,BB,UNNAMED,2006-08-31 03:00:00,TS,23.5,79.0,25.0,NEWDELHI,994.0,NEWDELHI
2006241N20088,2006,NI,AS,UNNAMED,2006-08-31 06:00:00,TS,24.0,78.0,25.0,NEWDELHI,994.0,NEWDELHI
2006241N20088,2006,NI,AS,UNNAMED,2006-08-31 09:00:00,TS,24.0,78.0,25.0,NEWDELHI,994.0,NEWDELHI
2006241N20088,2006,NI,AS,UNNAMED,2006-08-31 12:00:00,TS,24.0,78.0,25.0,NEWDELHI,994.0,NEWDELHI
2006241N20088,2006,NI,AS,UNNAMED,2006-08-31 15:00:00,TS,24.0,78.0,25.0,NEWDELHI,994.0,NEWDELHI
2006241N20088,2006,NI,AS,UNNAMED,2006-08-31 18:00:00,TS,24.5,77.5,25.0,NEWDELHI,994.0,NEWDELHI
2006241N20088,2006,NI,AS,UNNAMED,2006-08-31 21:00:00,TS,25.0,77.0,25.0,NEWDELHI,994.0,NEWDELHI
2006241N20088,2006,NI,AS,UNNAMED,2006-09-01 00:00:00,TS,25.5,77.0,25.0,NEWDELHI,994.0,NEWDELHI
2006241N20088,2006,NI,AS,UNNAMED,2006-09-01 03:00:00,TS,26.0,76.5,25.0,NEWDELHI,994.0,NEWDELHI
2006241N20088,2006,NI,AS,UNNAMED,2006-09-01 06:00:00,TS,26.0,76.5,25.0,NEWDELHI,994.0,NEWDELHI
2006247N21089,2006,NI,BB,UNNAMED,2006-09-03 12:00:00,TS,20.5,88.5,25.0,NEWDELHI,992.0,NEWDELHI
2006247N21089,2006,NI,BB,UNNAMED,2006-09-03 15:00:00,TS,20.5,88.0,25.0,NEWDELHI,992.0,NEWDELHI
2006247N21089,2006,NI,BB,UNNAMED,2006-09-03 18:00:00,TS,20.5,87.5,25.0,NEWDELHI,992.0,NEWDELHI
2006247N21089,2006,NI,BB,UNNAMED,2006-09-03 21:00:00,TS,20.5,87.5,25.0,NEWDELHI,992.0,NEWDELHI
2006247N21089,2006,NI,BB,UNNAMED,2006-09-04 00:00:00,TS,21.0,87.0,25.0,NEWDELHI,992.0,NEWDELHI
2006247N21089,2006,NI,BB,UNNAMED,2006-09-04 03:00:00,TS,21.0,86.5,25.0,NEWDELHI,992.0,NEWDELHI
2006247N21089,2006,NI,BB,UNNAMED,2006-09-04 06:00:00,TS,21.5,85.5,25.0,NEWDELHI,992.0,NEWDELHI
2006247N21089,2006,NI,BB,UNNAMED,2006-09-04 09:00:00,TS,21.5,85.0,25.0,NEWDELHI,992.0,NEWDELHI
2006247N21089,2006,NI,BB,UNNAMED,2006-09-04 12:00:00,TS,22.0,84.5,25.0,NEWDELHI,992.0,NEWDELHI
2006247N21089,2006,NI,BB,UNNAMED,2006-09-04 15:00:00,TS,22.0,84.5,25.0,NEWDELHI,992.0,NEWDELHI
2006247N21089,2006,NI,BB,UNNAMED,2006-09-04 18:00:00,TS,22.0,84.5,25.0,NEWDELHI,992.0,NEWDELHI
2006247N21089,2006,NI,BB,UNNAMED,2006-09-04 21:00:00,TS,22.0,84.5,25.0,NEWDELHI,994.0,NEWDELHI
2006262N19069,2006,NI,AS,MUKDA,2006-09-19 06:00:00,DS,19.4,68.7,20.0,USA,1004.0,USA
2006262N19069,2006,NI,AS,MUKDA,2006-09-19 09:00:00,DS,19.4,68.5,20.0,USA,1002.0,USA
2006262N19069,2006,NI,AS,MUKDA,2006-09-19 12:00:00,DS,19.4,68.4,20.0,USA,999.0,USA
2006262N19069,2006,NI,AS,MUKDA,2006-09-19 15:00:00,DS,19.3,68.3,23.0,USA,1001.0,USA
2006262N19069,2006,NI,AS,MUKDA,2006-09-19 18:00:00,DS,19.3,68.2,25.0,USA,1002.0,USA
2006262N19069,2006,NI,AS,MUKDA,2006-09-19 21:00:00,DS,19.3,68.0,25.0,USA,1002.0,USA
2006262N19069,2006,NI,AS,MUKDA,2006-09-20 00:00:00,DS,19.3,67.8,25.0,USA,1002.0,USA
2006262N19069,2006,NI,AS,MUKDA,2006-09-20 03:00:00,DS,19.3,67.6,25.0,USA,1002.0,USA
2006262N19069,2006,NI,AS,MUKDA,2006-09-20 06:00:00,DS,19.4,67.4,25.0,USA,1002.0,USA
2006262N19069,2006,NI,AS,MUKDA,2006-09-20 09:00:00,DS,19.4,67.2,25.0,USA,1002.0,USA
2006262N19069,2006,NI,AS,MUKDA,2006-09-20 12:00:00,DS,19.5,67.1,25.0,USA,1002.0,USA
2006262N19069,2006,NI,AS,MUKDA,2006-09-20 15:00:00,DS,19.6,66.9,28.0,USA,1001.0,USA
2006262N19069,2006,NI,AS,MUKDA,2006-09-20 18:00:00,DS,19.6,66.8,30.0,USA,1000.0,USA
2006262N19069,2006,NI,AS,MUKDA,2006-09-20 21:00:00,DS,19.6,66.7,30.0,USA,1000.0,USA
2006262N19069,2006,NI,AS,MUKDA,2006-09-21 00:00:00,TS,19.6,66.6,30.0,USA,1000.0,USA
2006262N19069,2006,NI,AS,MUKDA,2006-09-21 03:00:00,TS,19.6,66.4,30.0,USA,1000.0,USA
2006262N19069,2006,NI,AS,MUKDA,2006-09-21 06:00:00,TS,19.6,66.3,30.0,USA,1000.0,USA
2006262N19069,2006,NI,AS,MUKDA,2006-09-21 09:00:00,TS,19.6,66.2,33.0,USA,999.0,USA
2006262N19069,2006,NI,AS,MUKDA,2006-09-21 12:00:00,TS,19.6,66.2,35.0,USA,997.0,USA
2006262N19069,2006,NI,AS,MUKDA,2006-09-21 15:00:00,TS,19.6,66.1,38.0,USA,996.0,USA
2006262N19069,2006,NI,AS,MUKDA,2006-09-21 18:00:00,TS,19.7,66.2,40.0,USA,994.0,USA
2006262N19069,2006,NI,AS,MUKDA,2006-09-21 21:00:00,TS,19.7,66.2,43.0,USA,993.0,USA
2006262N19069,2006,NI,AS,MUKDA,2006-09-22 00:00:00,TS,20.0,66.2,45.0,USA,991.0,USA
2006262N19069,2006,NI,AS,MUKDA,2006-09-22 03:00:00,TS,20.1,66.2,45.0,USA,991.0,USA
2006262N19069,2006,NI,AS,MUKDA,2006-09-22 06:00:00,TS,20.1,66.3,45.0,USA,991.0,USA
2006262N19069,2006,NI,AS,MUKDA,2006-09-22 09:00:00,TS,20.1,66.3,48.0,USA,989.0,USA
2006262N19069,2006,NI,AS,MUKDA,2006-09-22 12:00:00,TS,20.4,66.6,50.0,USA,987.0,USA
2006262N19069,2006,NI,AS,MUKDA,2006-09-22 15:00:00,TS,20.4,66.6,50.0,USA,987.0,USA
2006262N19069,2006,NI,AS,MUKDA,2006-09-22 18:00:00,TS,20.4,66.7,50.0,USA,987.0,USA
2006262N19069,2006,NI,AS,MUKDA,2006-09-22 21:00:00,TS,20.4,66.7,50.0,USA,987.0,USA
2006262N19069,2006,NI,AS,MUKDA,2006-09-23 00:00:00,TS,20.7,67.0,50.0,USA,987.0,USA
2006262N19069,2006,NI,AS,MUKDA,2006-09-23 03:00:00,TS,20.7,67.0,53.0,USA,986.0,USA
2006262N19069,2006,NI,AS,MUKDA,2006-09-23 06:00:00,TS,20.8,67.1,55.0,USA,984.0,USA
2006262N19069,2006,NI,AS,MUKDA,2006-09-23 09:00:00,TS,20.7,67.1,50.0,USA,988.0,USA
2006262N19069,2006,NI,AS,MUKDA,2006-09-23 12:00:00,TS,20.7,67.1,45.0,USA,991.0,USA
2006262N19069,2006,NI,AS,MUKDA,2006-09-23 15:00:00,TS,20.6,67.1,40.0,USA,994.0,USA
2006262N19069,2006,NI,AS,MUKDA,2006-09-23 18:00:00,TS,20.6,67.1,35.0,USA,997.0,USA
2006262N19069,2006,NI,AS,MUKDA,2006-09-23 21:00:00,TS,20.6,67.0,33.0,USA,999.0,USA
2006262N19069,2006,NI,AS,MUKDA,2006-09-24 00:00:00,TS,20.5,67.0,30.0,USA,1000.0,USA
2006262N19069,2006,NI,AS,MUKDA,2006-09-24 03:00:00,TS,20.5,67.0,30.0,USA,1000.0,USA
2006262N19069,2006,NI,AS,MUKDA,2006-09-24 06:00:00,TS,20.3,66.9,30.0,USA,1000.0,USA
2006262N19069,2006,NI,AS,MUKDA,2006-09-24 09:00:00,TS,20.1,66.9,30.0,USA,1000.0,USA
2006262N19069,2006,NI,AS,MUKDA,2006-09-24 12:00:00,TS,19.9,66.9,30.0,USA,1000.0,USA
2006262N19069,2006,NI,AS,MUKDA,2006-09-24 15:00:00,TS,19.5,66.9,30.0,USA,1000.0,USA
2006262N19069,2006,NI,AS,MUKDA,2006-09-24 18:00:00,TS,19.5,66.8,30.0,USA,1000.0,USA
2006262N19069,2006,NI,AS,MUKDA,2006-09-24 21:00:00,TS,19.5,66.7,30.0,USA,1000.0,USA
2006262N19069,2006,NI,AS,MUKDA,2006-09-25 00:00:00,TS,19.5,66.6,30.0,USA,1000.0,USA
2006262N19069,2006,NI,AS,MUKDA,2006-09-25 03:00:00,TS,19.6,66.5,30.0,USA,1000.0,USA
2006262N19069,2006,NI,AS,MUKDA,2006-09-25 06:00:00,TS,19.7,66.5,30.0,USA,1000.0,USA
2006262N19069,2006,NI,AS,MUKDA,2006-09-25 09:00:00,TS,19.8,66.4,30.0,USA,1000.0,USA
2006262N19069,2006,NI,AS,MUKDA,2006-09-25 12:00:00,TS,19.8,66.3,30.0,USA,1000.0,USA
2006262N19069,2006,NI,AS,MUKDA,2006-09-25 15:00:00,TS,19.8,66.2,28.0,USA,1001.0,USA
2006262N19069,2006,NI,AS,MUKDA,2006-09-25 18:00:00,DS,19.9,66.2,25.0,USA,1002.0,USA
2006262N19069,2006,NI,AS,MUKDA,2006-09-25 21:00:00,DS,19.9,66.2,25.0,USA,1002.0,USA
2006262N19069,2006,NI,AS,MUKDA,2006-09-26 00:00:00,DS,20.0,66.1,25.0,USA,1002.0,USA
2006262N19069,2006,NI,AS,MUKDA,2006-09-26 03:00:00,DS,20.1,66.0,25.0,USA,1002.0,USA
2006262N19069,2006,NI,AS,MUKDA,2006-09-26 06:00:00,DS,20.2,65.8,25.0,USA,1002.0,USA
2006262N19069,2006,NI,AS,MUKDA,2006-09-26 09:00:00,DS,20.3,65.6,25.0,USA,1002.0,USA
2006262N19069,2006,NI,AS,MUKDA,2006-09-26 12:00:00,DS,20.3,65.4,25.0,USA,1002.0,USA
2006264N23087,2006,NI,BB,UNNAMED,2006-09-21 03:00:00,TS,23.0,86.5,25.0,NEWDELHI,996.0,NEWDELHI
2006264N23087,2006,NI,BB,UNNAMED,2006-09-21 06:00:00,TS,23.0,86.5,25.0,NEWDELHI,996.0,NEWDELHI
2006264N23087,2006,NI,BB,UNNAMED,2006-09-21 09:00:00,TS,23.0,86.5,25.0,NEWDELHI,996.0,NEWDELHI
2006264N23087,2006,NI,BB,UNNAMED,2006-09-21 12:00:00,TS,23.0,86.5,25.0,NEWDELHI,996.0,NEWDELHI
2006264N23087,2006,NI,BB,UNNAMED,2006-09-21 15:00:00,TS,23.0,86.5,25.0,NEWDELHI,996.0,NEWDELHI
2006264N23087,2006,NI,BB,UNNAMED,2006-09-21 18:00:00,TS,23.0,86.5,25.0,NEWDELHI,996.0,NEWDELHI
2006264N23087,2006,NI,BB,UNNAMED,2006-09-21 21:00:00,TS,23.0,86.5,25.0,NEWDELHI,996.0,NEWDELHI
2006264N23087,2006,NI,BB,UNNAMED,2006-09-22 00:00:00,TS,23.5,86.0,25.0,NEWDELHI,996.0,NEWDELHI
2006264N23087,2006,NI,BB,UNNAMED,2006-09-22 03:00:00,TS,23.5,86.0,25.0,NEWDELHI,996.0,NEWDELHI
2006264N23087,2006,NI,BB,UNNAMED,2006-09-22 06:00:00,TS,23.5,86.0,25.0,NEWDELHI,996.0,NEWDELHI
2006264N23087,2006,NI,BB,UNNAMED,2006-09-22 09:00:00,TS,23.5,86.0,25.0,NEWDELHI,996.0,NEWDELHI
2006264N23087,2006,NI,BB,UNNAMED,2006-09-22 12:00:00,TS,23.5,86.0,25.0,NEWDELHI,996.0,NEWDELHI
2006264N23087,2006,NI,BB,UNNAMED,2006-09-22 15:00:00,TS,23.5,86.0,25.0,NEWDELHI,996.0,NEWDELHI
2006264N23087,2006,NI,BB,UNNAMED,2006-09-22 18:00:00,TS,23.5,86.0,25.0,NEWDELHI,996.0,NEWDELHI
2006264N23087,2006,NI,BB,UNNAMED,2006-09-22 21:00:00,TS,23.5,86.0,25.0,NEWDELHI,996.0,NEWDELHI
2006264N23087,2006,NI,BB,UNNAMED,2006-09-23 00:00:00,TS,23.5,86.0,25.0,NEWDELHI,996.0,NEWDELHI
2006264N23087,2006,NI,BB,UNNAMED,2006-09-23 03:00:00,TS,23.5,85.5,25.0,NEWDELHI,996.0,NEWDELHI
2006264N23087,2006,NI,BB,UNNAMED,2006-09-23 06:00:00,TS,23.5,85.5,25.0,NEWDELHI,996.0,NEWDELHI
2006264N23087,2006,NI,BB,UNNAMED,2006-09-23 09:00:00,TS,23.5,85.5,25.0,NEWDELHI,996.0,NEWDELHI
2006264N23087,2006,NI,BB,UNNAMED,2006-09-23 12:00:00,TS,23.5,85.5,25.0,NEWDELHI,996.0,NEWDELHI
2006264N23087,2006,NI,BB,UNNAMED,2006-09-23 15:00:00,TS,23.5,85.5,25.0,NEWDELHI,996.0,NEWDELHI
2006264N23087,2006,NI,BB,UNNAMED,2006-09-23 18:00:00,TS,23.5,85.5,25.0,NEWDELHI,996.0,NEWDELHI
2006264N23087,2006,NI,BB,UNNAMED,2006-09-23 21:00:00,TS,23.5,85.5,25.0,NEWDELHI,996.0,NEWDELHI
2006264N23087,2006,NI,BB,UNNAMED,2006-09-24 00:00:00,TS,23.5,85.5,25.0,NEWDELHI,996.0,NEWDELHI
2006271N18089,2006,NI,BB,UNNAMED,2006-09-28 00:00:00,DS,17.7,89.4,20.0,USA,1004.0,USA
2006271N18089,2006,NI,BB,UNNAMED,2006-09-28 03:00:00,DS,17.8,89.0,25.0,USA,1002.0,USA
2006271N18089,2006,NI,BB,UNNAMED,2006-09-28 06:00:00,DS,18.0,88.5,30.0,USA,1000.0,USA
2006271N18089,2006,NI,BB,UNNAMED,2006-09-28 09:00:00,MX,18.1,88.2,30.0,USA,1000.0,USA
2006271N18089,2006,NI,BB,UNNAMED,2006-09-28 12:00:00,TS,18.4,87.9,30.0,USA,1000.0,USA
2006271N18089,2006,NI,BB,UNNAMED,2006-09-28 15:00:00,TS,18.4,87.5,33.0,USA,999.0,USA
2006271N18089,2006,NI,BB,UNNAMED,2006-09-28 18:00:00,TS,18.5,87.2,35.0,USA,997.0,USA
2006271N18089,2006,NI,BB,UNNAMED,2006-09-28 21:00:00,TS,18.8,86.7,35.0,USA,997.0,USA
2006271N18089,2006,NI,BB,UNNAMED,2006-09-29 00:00:00,TS,18.9,86.3,35.0,USA,997.0,USA
2006271N18089,2006,NI,BB,UNNAMED,2006-09-29 03:00:00,TS,18.9,85.9,33.0,USA,999.0,USA
2006271N18089,2006,NI,BB,UNNAMED,2006-09-29 06:00:00,TS,19.0,85.5,30.0,USA,1000.0,USA
2006271N18089,2006,NI,BB,UNNAMED,2006-09-29 09:00:00,TS,19.0,85.0,30.0,USA,1000.0,USA
2006271N18089,2006,NI,BB,UNNAMED,2006-09-29 12:00:00,TS,19.1,84.5,30.0,USA,1000.0,USA
2006271N18089,2006,NI,BB,UNNAMED,2006-09-29 15:00:00,TS,19.2,84.2,28.0,USA,1001.0,USA
2006271N18089,2006,NI,BB,UNNAMED,2006-09-29 18:00:00,MX,19.2,84.0,25.0,USA,1002.0,USA
2006271N18089,2006,NI,BB,UNNAMED,2006-09-29 21:00:00,MX,19.2,83.4,25.0,USA,1002.0,USA
2006271N18089,2006,NI,BB,UNNAMED,2006-09-30 00:00:00,MX,19.4,82.8,25.0,USA,1002.0,USA
2006300N07078,2006,NI,BB,UNNAMED,2006-10-27 06:00:00,DS,7.4,78.1,15.0,USA,1006.0,USA
2006300N07078,2006,NI,BB,UNNAMED,2006-10-27 09:00:00,DS,8.0,78.2,15.0,USA,1006.0,USA
2006300N07078,2006,NI,BB,UNNAMED,2006-10-27 12:00:00,DS,8.6,78.4,15.0,USA,1006.0,USA
2006300N07078,2006,NI,BB,UNNAMED,2006-10-27 15:00:00,DS,9.1,78.7,15.0,USA,1006.0,USA
2006300N07078,2006,NI,BB,UNNAMED,2006-10-27 18:00:00,DS,9.5,79.1,15.0,USA,1006.0,USA
2006300N07078,2006,NI,BB,UNNAMED,2006-10-27 21:00:00,DS,9.9,79.4,15.0,USA,1006.0,USA
2006300N07078,2006,NI,BB,UNNAMED,2006-10-28 00:00:00,DS,10.3,79.7,15.0,USA,1006.0,USA
2006300N07078,2006,NI,BB,UNNAMED,2006-10-28 03:00:00,DS,10.7,79.8,18.0,USA,1005.0,USA
2006300N07078,2006,NI,BB,UNNAMED,2006-10-28 06:00:00,DS,11.2,79.9,20.0,USA,1004.0,USA
2006300N07078,2006,NI,BB,UNNAMED,2006-10-28 09:00:00,DS,11.7,80.0,20.0,USA,1004.0,USA
2006300N07078,2006,NI,BB,UNNAMED,2006-10-28 12:00:00,DS,12.2,80.2,20.0,USA,1004.0,USA
2006300N07078,2006,NI,BB,UNNAMED,2006-10-28 15:00:00,DS,12.6,80.3,23.0,USA,1003.0,USA
2006300N07078,2006,NI,BB,UNNAMED,2006-10-28 18:00:00,DS,13.1,80.4,25.0,USA,1002.0,USA
2006300N07078,2006,NI,BB,UNNAMED,2006-10-28 21:00:00,DS,13.7,80.5,28.0,USA,1001.0,USA
2006300N07078,2006,NI,BB,UNNAMED,2006-10-29 00:00:00,MX,14.2,80.5,30.0,USA,1000.0,USA
2006300N07078,2006,NI,BB,UNNAMED,2006-10-29 03:00:00,MX,14.5,80.5,35.0,USA,997.0,USA
2006300N07078,2006,NI,BB,UNNAMED,2006-10-29 06:00:00,TS,14.7,80.5,40.0,USA,994.0,USA
2006300N07078,2006,NI,BB,UNNAMED,2006-10-29 09:00:00,TS,15.0,80.5,45.0,USA,991.0,USA
2006300N07078,2006,NI,BB,UNNAMED,2006-10-29 12:00:00,TS,15.1,80.5,50.0,USA,987.0,USA
2006300N07078,2006,NI,BB,UNNAMED,2006-10-29 15:00:00,TS,15.2,80.5,53.0,USA,986.0,USA
2006300N07078,2006,NI,BB,UNNAMED,2006-10-29 18:00:00,TS,15.5,80.5,55.0,USA,984.0,USA
2006300N07078,2006,NI,BB,UNNAMED,2006-10-29 21:00:00,TS,15.6,80.4,53.0,USA,986.0,USA
2006300N07078,2006,NI,BB,UNNAMED,2006-10-30 00:00:00,TS,15.6,80.4,50.0,USA,987.0,USA
2006300N07078,2006,NI,BB,UNNAMED,2006-10-30 03:00:00,TS,15.7,80.2,45.0,USA,991.0,USA
2006300N07078,2006,NI,BB,UNNAMED,2006-10-30 06:00:00,TS,15.8,80.2,40.0,USA,994.0,USA
2006300N07078,2006,NI,BB,UNNAMED,2006-10-30 09:00:00,TS,15.9,80.1,35.0,USA,997.0,USA
2006300N07078,2006,NI,BB,UNNAMED,2006-10-30 12:00:00,DS,16.0,79.9,30.0,USA,1000.0,USA
2006329N06150,2006,WP,MM,DURIAN,2006-11-24 12:00:00,DS,6.1,149.8,15.0,USA,1006.0,USA
2006329N06150,2006,WP,MM,DURIAN,2006-11-24 15:00:00,DS,6.2,149.3,15.0,USA,1006.0,USA
2006329N06150,2006,WP,MM,DURIAN,2006-11-24 18:00:00,DS,6.4,148.8,15.0,USA,1006.0,USA
2006329N06150,2006,WP,MM,DURIAN,2006-11-24 21:00:00,DS,6.7,148.3,18.0,USA,1005.0,USA
2006329N06150,2006,WP,MM,DURIAN,2006-11-25 00:00:00,DS,7.1,147.9,20.0,USA,1004.0,USA
2006329N06150,2006,WP,MM,DURIAN,2006-11-25 03:00:00,DS,7.5,147.5,20.0,USA,1004.0,USA
2006329N06150,2006,WP,MM,DURIAN,2006-11-25 06:00:00,MX,8.4,147.1,20.0,USA,1004.0,USA
2006329N06150,2006,WP,MM,DURIAN,2006-11-25 09:00:00,MX,8.8,146.6,23.0,USA,1003.0,USA
2006329N06150,2006,WP,MM,DURIAN,2006-11-25 12:00:00,TS,9.0,146.1,25.0,USA,1002.0,USA
2006329N06150,2006,WP,MM,DURIAN,2006-11-25 15:00:00,TS,9.2,145.7,28.0,USA,1001.0,USA
2006329N06150,2006,WP,MM,DURIAN,2006-11-25 18:00:00,TS,9.4,145.3,30.0,USA,1000.0,USA
2006329N06150,2006,WP,MM,DURIAN,2006-11-25 21:00:00,TS,9.6,144.7,30.0,USA,1000.0,USA
2006329N06150,2006,WP,MM,DURIAN,2006-11-26 00:00:00,TS,9.8,144.1,30.0,USA,1000.0,USA
2006329N06150,2006,WP,MM,DURIAN,2006-11-26 03:00:00,TS,9.9,143.5,33.0,USA,999.0,USA
2006329N06150,2006,WP,MM,DURIAN,2006-11-26 06:00:00,TS,10.0,142.8,35.0,USA,997.0,USA
2006329N06150,2006,WP,MM,DURIAN,2006-11-26 09:00:00,TS,10.1,142.2,35.0,USA,997.0,USA
2006329N06150,2006,WP,MM,DURIAN,2006-11-26 12:00:00,TS,10.2,141.7,35.0,USA,997.0,USA
2006329N06150,2006,WP,MM,DURIAN,2006-11-26 15:00:00,TS,10.2,141.1,35.0,USA,997.0,USA
2006329N06150,2006,WP,MM,DURIAN,2006-11-26 18:00:00,TS,10.3,140.6,35.0,USA,997.0,USA
2006329N06150,2006,WP,MM,DURIAN,2006-11-26 21:00:00,TS,10.3,140.1,35.0,USA,997.0,USA
2006329N06150,2006,WP,MM,DURIAN,2006-11-27 00:00:00,TS,10.3,139.7,35.0,USA,997.0,USA
2006329N06150,2006,WP,MM,DURIAN,2006-11-27 03:00:00,TS,10.4,139.2,38.0,USA,996.0,USA
2006329N06150,2006,WP,MM,DURIAN,2006-11-27 06:00:00,TS,10.5,138.7,40.0,USA,994.0,USA
2006329N06150,2006,WP,MM,DURIAN,2006-11-27 09:00:00,TS,10.6,138.2,43.0,USA,993.0,USA
2006329N06150,2006,WP,MM,DURIAN,2006-11-27 12:00:00,TS,10.7,137.7,45.0,USA,991.0,USA
2006329N06150,2006,WP,MM,DURIAN,2006-11-27 15:00:00,TS,10.7,137.0,48.0,USA,989.0,USA
2006329N06150,2006,WP,MM,DURIAN,2006-11-27 18:00:00,TS,10.8,136.3,50.0,USA,987.0,USA
2006329N06150,2006,WP,MM,DURIAN,2006-11-27 21:00:00,TS,11.0,135.4,53.0,USA,986.0,USA
2006329N06150,2006,WP,MM,DURIAN,2006-11-28 00:00:00,TS,11.3,134.6,55.0,USA,984.0,USA
2006329N06150,2006,WP,MM,DURIAN,2006-11-28 03:00:00,TS,11.6,133.8,58.0,USA,982.0,USA
2006329N06150,2006,WP,MM,DURIAN,2006-11-28 06:00:00,TS,11.8,133.1,60.0,USA,980.0,USA
2006329N06150,2006,WP,MM,DURIAN,2006-11-28 09:00:00,TS,12.0,132.3,63.0,USA,978.0,USA
2006329N06150,2006,WP,MM,DURIAN,2006-11-28 12:00:00,TS,12.2,131.6,65.0,USA,976.0,USA
2006329N06150,2006,WP,MM,DURIAN,2006-11-28 15:00:00,TS,12.4,130.8,70.0,USA,972.0,USA
2006329N06150,2006,WP,MM,DURIAN,2006-11-28 18:00:00,TS,12.6,130.1,75.0,USA,967.0,USA
2006329N06150,2006,WP,MM,DURIAN,2006-11-28 21:00:00,TS,12.8,129.3,83.0,USA,961.0,USA
2006329N06150,2006,WP,MM,DURIAN,2006-11-29 00:00:00,TS,12.9,128.6,90.0,USA,954.0,USA
2006329N06150,2006,WP,MM,DURIAN,2006-11-29 03:00:00,TS,13.1,127.9,108.0,USA,935.0,USA
2006329N06150,2006,WP,MM,DURIAN,2006-11-29 06:00:00,TS,13.2,127.3,125.0,USA,916.0,USA
2006329N06150,2006,WP,MM,DURIAN,2006-11-29 09:00:00,TS,13.2,126.8,130.0,USA,910.0,USA
2006329N06150,2006,WP,MM,DURIAN,2006-11-29 12:00:00,TS,13.3,126.4,135.0,USA,904.0,USA
2006329N06150,2006,WP,MM,DURIAN,2006-11-29 15:00:00,TS,13.3,125.9,133.0,USA,907.0,USA
2006329N06150,2006,WP,MM,DURIAN,2006-11-29 18:00:00,TS,13.4,125.4,130.0,USA,910.0,USA
2006329N06150,2006,WP,MM,DURIAN,2006-11-29 21:00:00,TS,13.4,125.0,133.0,USA,907.0,USA
2006329N06150,2006,WP,MM,DURIAN,2006-11-30 00:00:00,TS,13.4,124.6,135.0,USA,904.0,USA
2006329N06150,2006,WP,MM,DURIAN,2006-11-30 03:00:00,TS,13.4,124.1,130.0,USA,910.0,USA
2006329N06150,2006,WP,MM,DURIAN,2006-11-30 06:00:00,TS,13.4,123.6,125.0,USA,916.0,USA
2006329N06150,2006,WP,MM,DURIAN,2006-11-30 09:00:00,TS,13.5,123.0,120.0,USA,922.0,USA
2006329N06150,2006,WP,MM,DURIAN,2006-11-30 12:00:00,TS,13.5,122.4,115.0,USA,927.0,USA
2006329N06150,2006,WP,MM,DURIAN,2006-11-30 15:00:00,TS,13.5,121.8,108.0,USA,936.0,USA
2006329N06150,2006,WP,MM,DURIAN,2006-11-30 18:00:00,TS,13.5,121.2,100.0,USA,944.0,USA
2006329N06150,2006,WP,MM,DURIAN,2006-11-30 21:00:00,TS,13.5,120.6,98.0,USA,947.0,USA
2006329N06150,2006,WP,MM,DURIAN,2006-12-01 00:00:00,TS,13.6,120.1,95.0,USA,949.0,USA
2006329N06150,2006,WP,MM,DURIAN,2006-12-01 03:00:00,TS,13.6,119.7,93.0,USA,952.0,USA
2006329N06150,2006,WP,MM,DURIAN,2006-12-01 06:00:00,TS,13.6,119.3,90.0,USA,954.0,USA
2006329N06150,2006,WP,MM,DURIAN,2006-12-01 09:00:00,TS,13.6,119.0,85.0,USA,959.0,USA
2006329N06150,2006,WP,MM,DURIAN,2006-12-01 12:00:00,TS,13.6,118.6,80.0,USA,963.0,USA
2006329N06150,2006,WP,MM,DURIAN,2006-12-01 15:00:00,TS,13.5,118.2,80.0,USA,963.0,USA
2006329N06150,2006,WP,MM,DURIAN,2006-12-01 18:00:00,TS,13.5,117.8,80.0,USA,963.0,USA
2006329N06150,2006,WP,MM,DURIAN,2006-12-01 21:00:00,TS,13.6,117.3,78.0,USA,965.0,USA
2006329N06150,2006,WP,MM,DURIAN,2006-12-02 00:00:00,TS,13.6,117.0,75.0,USA,967.0,USA
2006329N06150,2006,WP,MM,DURIAN,2006-12-02 03:00:00,TS,13.7,116.7,75.0,USA,967.0,USA
2006329N06150,2006,WP,MM,DURIAN,2006-12-02 06:00:00,TS,13.7,116.4,75.0,USA,967.0,USA
2006329N06150,2006,WP,MM,DURIAN,2006-12-02 09:00:00,TS,13.8,116.0,75.0,USA,967.0,USA
2006329N06150,2006,WP,MM,DURIAN,2006-12-02 12:00:00,TS,13.9,115.6,75.0,USA,967.0,USA
2006329N06150,2006,WP,MM,DURIAN,2006-12-02 15:00:00,TS,13.9,115.1,83.0,USA,961.0,USA
2006329N06150,2006,WP,MM,DURIAN,2006-12-02 18:00:00,TS,13.9,114.7,90.0,USA,954.0,USA
2006329N06150,2006,WP,MM,DURIAN,2006-12-02 21:00:00,TS,13.9,114.3,90.0,USA,954.0,USA
2006329N06150,2006,WP,MM,DURIAN,2006-12-03 00:00:00,TS,13.8,114.0,90.0,USA,954.0,USA
2006329N06150,2006,WP,MM,DURIAN,2006-12-03 03:00:00,TS,13.8,113.6,90.0,USA,954.0,USA
2006329N06150,2006,WP,MM,DURIAN,2006-12-03 06:00:00,TS,13.7,113.3,90.0,USA,954.0,USA
2006329N06150,2006,WP,MM,DURIAN,2006-12-03 09:00:00,TS,13.6,113.0,90.0,USA,954.0,USA
2006329N06150,2006,WP,MM,DURIAN,2006-12-03 12:00:00,TS,13.5,112.8,90.0,USA,954.0,USA
2006329N06150,2006,WP,MM,DURIAN,2006-12-03 15:00:00,TS,13.3,112.4,85.0,USA,959.0,USA
2006329N06150,2006,WP,MM,DURIAN,2006-12-03 18:00:00,TS,13.1,112.1,80.0,USA,963.0,USA
2006329N06150,2006,WP,MM,DURIAN,2006-12-03 21:00:00,TS,12.9,111.7,73.0,USA,970.0,USA
2006329N06150,2006,WP,MM,DURIAN,2006-12-04 00:00:00,TS,12.6,111.3,65.0,USA,976.0,USA
2006329N06150,2006,WP,MM,DURIAN,2006-12-04 03:00:00,TS,12.1,110.9,58.0,USA,982.0,USA
2006329N06150,2006,WP,MM,DURIAN,2006-12-04 06:00:00,TS,11.7,110.4,50.0,USA,987.0,USA
2006329N06150,2006,WP,MM,DURIAN,2006-12-04 09:00:00,TS,11.3,110.0,53.0,USA,986.0,USA
2006329N06150,2006,WP,MM,DURIAN,2006-12-04 12:00:00,TS,11.0,109.6,55.0,USA,984.0,USA
2006329N06150,2006,WP,MM,DURIAN,2006-12-04 15:00:00,TS,10.7,109.0,60.0,USA,980.0,USA
2006329N06150,2006,WP,MM,DURIAN,2006-12-04 18:00:00,TS,10.4,108.4,65.0,USA,976.0,USA
2006329N06150,2006,WP,MM,DURIAN,2006-12-04 21:00:00,TS,10.2,107.7,60.0,USA,980.0,USA
2006329N06150,2006,WP,MM,DURIAN,2006-12-05 00:00:00,TS,10.0,107.0,55.0,USA,984.0,USA
2006329N06150,2006,WP,MM,DURIAN,2006-12-05 03:00:00,TS,9.6,106.4,50.0,USA,988.0,USA
2006329N06150,2006,WP,MM,DURIAN,2006-12-05 06:00:00,TS,9.2,105.6,45.0,USA,991.0,USA
2006329N06150,2006,WP,MM,DURIAN,2006-12-05 09:00:00,TS,8.8,104.6,40.0,USA,994.0,USA
2006329N06150,2006,WP,MM,DURIAN,2006-12-05 12:00:00,TS,8.7,103.6,35.0,USA,997.0,USA
2006329N06150,2006,WP,MM,DURIAN,2006-12-05 15:00:00,TS,8.7,102.8,30.0,USA,1000.0,USA
2006329N06150,2006,WP,MM,DURIAN,2006-12-05 18:00:00,TS,8.9,102.1,25.0,USA,1002.0,USA
2006329N06150,2006,WP,MM,DURIAN,2006-12-05 21:00:00,TS,9.0,101.4,25.0,USA,1002.0,USA
2006329N06150,2006,WP,MM,DURIAN,2006-12-06 00:00:00,TS,9.1,100.7,25.0,USA,1002.0,USA
2006329N06150,2006,WP,MM,DURIAN,2006-12-06 03:00:00,TS,9.2,100.2,23.0,USA,1003.0,USA
2006329N06150,2006,NI,BB,DURIAN,2006-12-06 06:00:00,TS,9.5,99.5,20.0,USA,1004.0,USA
2006329N06150,2006,NI,BB,DURIAN,2006-12-06 09:00:00,TS,9.7,98.8,20.0,USA,1004.0,USA
2006329N06150,2006,NI,BB,DURIAN,2006-12-06 12:00:00,TS,9.9,98.2,20.0,USA,1004.0,USA
2006329N06150,2006,NI,BB,DURIAN,2006-12-06 15:00:00,TS,10.1,97.7,20.0,USA,1004.0,USA
2006329N06150,2006,NI,BB,DURIAN,2006-12-06 18:00:00,TS,10.2,97.1,20.0,USA,1004.0,USA
2006329N06150,2006,NI,BB,DURIAN,2006-12-06 21:00:00,TS,10.3,96.4,20.0,USA,1004.0,USA
2006329N06150,2006,NI,BB,DURIAN,2006-12-07 00:00:00,TS,10.4,95.7,20.0,USA,1004.0,USA
2006329N06150,2006,NI,BB,DURIAN,2006-12-07 03:00:00,TS,10.6,95.1,20.0,USA,1004.0,USA
2006329N06150,2006,NI,BB,DURIAN,2006-12-07 06:00:00,TS,10.7,94.5,20.0,USA,1004.0,USA
2006329N06150,2006,NI,BB,DURIAN,2006-12-07 09:00:00,TS,10.7,93.9,20.0,USA,1004.0,USA
2006329N06150,2006,NI,BB,DURIAN,2006-12-07 12:00:00,TS,10.7,93.4,20.0,USA,1004.0,USA
2006329N06150,2006,NI,BB,DURIAN,2006-12-07 15:00:00,TS,10.7,92.8,20.0,USA,1004.0,USA
2006329N06150,2006,NI,BB,DURIAN,2006-12-07 18:00:00,DS,10.7,92.2,20.0,USA,1004.0,USA
2006329N06150,2006,NI,BB,DURIAN,2006-12-07 21:00:00,DS,10.7,91.7,20.0,USA,1004.0,USA
2006329N06150,2006,NI,BB,DURIAN,2006-12-08 00:00:00,DS,10.7,91.2,20.0,USA,1004.0,USA
2006329N06150,2006,NI,BB,DURIAN,2006-12-08 03:00:00,DS,10.7,90.5,20.0,USA,1004.0,USA
2006329N06150,2006,NI,BB,DURIAN,2006-12-08 06:00:00,DS,10.8,89.8,20.0,USA,1004.0,USA
2006329N06150,2006,NI,BB,DURIAN,2006-12-08 09:00:00,DS,10.8,89.2,20.0,USA,1004.0,USA
2006329N06150,2006,NI,BB,DURIAN,2006-12-08 12:00:00,DS,10.9,88.7,20.0,USA,1004.0,USA
2006329N06150,2006,NI,BB,DURIAN,2006-12-08 15:00:00,DS,11.0,88.0,18.0,USA,1005.0,USA
2006329N06150,2006,NI,BB,DURIAN,2006-12-08 18:00:00,DS,11.1,87.3,15.0,USA,1006.0,USA
2006329N06150,2006,NI,BB,DURIAN,2006-12-08 21:00:00,DS,11.1,86.7,15.0,USA,1006.0,USA
2006329N06150,2006,NI,BB,DURIAN,2006-12-09 00:00:00,DS,11.2,86.0,15.0,USA,1006.0,USA
2006329N06150,2006,NI,BB,DURIAN,2006-12-09 03:00:00,DS,11.3,85.2,15.0,USA,1006.0,USA
2006329N06150,2006,NI,BB,DURIAN,2006-12-09 06:00:00,DS,11.4,84.5,15.0,USA,1006.0,USA
2006329N06150,2006,NI,BB,DURIAN,2006-12-09 09:00:00,DS,11.4,83.9,15.0,USA,1006.0,USA
2006329N06150,2006,NI,BB,DURIAN,2006-12-09 12:00:00,DS,11.5,83.3,15.0,USA,1006.0,USA
2006329N06150,2006,NI,BB,DURIAN,2006-12-09 15:00:00,DS,11.6,82.6,15.0,USA,1006.0,USA
2006329N06150,2006,NI,BB,DURIAN,2006-12-09 18:00:00,DS,11.7,81.8,15.0,USA,1006.0,USA
2007133N15091,2007,NI,BB,AKASH,2007-05-12 21:00:00,TS,15.0,90.5,25.0,NEWDELHI,998.0,NEWDELHI
2007133N15091,2007,NI,BB,AKASH,2007-05-13 00:00:00,MX,14.8,90.7,25.0,USA,1000.0,USA
2007133N15091,2007,NI,BB,AKASH,2007-05-13 03:00:00,MX,14.9,90.8,25.0,USA,1001.0,USA
2007133N15091,2007,NI,BB,AKASH,2007-05-13 06:00:00,MX,15.2,90.8,25.0,USA,1002.0,USA
2007133N15091,2007,NI,BB,AKASH,2007-05-13 09:00:00,MX,15.4,90.9,28.0,USA,1001.0,USA
2007133N15091,2007,NI,BB,AKASH,2007-05-13 12:00:00,MX,15.6,90.9,30.0,USA,1000.0,USA
2007133N15091,2007,NI,BB,AKASH,2007-05-13 15:00:00,MX,16.0,90.9,33.0,USA,999.0,USA
2007133N15091,2007,NI,BB,AKASH,2007-05-13 18:00:00,TS,16.2,90.9,35.0,USA,997.0,USA
2007133N15091,2007,NI,BB,AKASH,2007-05-13 21:00:00,TS,16.6,91.3,43.0,USA,991.0,USA
2007133N15091,2007,NI,BB,AKASH,2007-05-14 00:00:00,TS,17.2,91.4,50.0,USA,985.0,USA
2007133N15091,2007,NI,BB,AKASH,2007-05-14 03:00:00,TS,17.9,91.6,53.0,USA,985.0,USA
2007133N15091,2007,NI,BB,AKASH,2007-05-14 06:00:00,TS,18.8,91.6,55.0,USA,984.0,USA
2007133N15091,2007,NI,BB,AKASH,2007-05-14 09:00:00,TS,19.3,91.7,58.0,USA,981.0,USA
2007133N15091,2007,NI,BB,AKASH,2007-05-14 12:00:00,TS,19.9,91.9,60.0,USA,978.0,USA
2007133N15091,2007,NI,BB,AKASH,2007-05-14 15:00:00,TS,20.6,92.0,63.0,USA,977.0,USA
2007133N15091,2007,NI,BB,AKASH,2007-05-14 18:00:00,TS,21.2,92.1,65.0,USA,976.0,USA
2007133N15091,2007,NI,BB,AKASH,2007-05-14 21:00:00,TS,22.1,92.2,55.0,USA,983.0,USA
2007133N15091,2007,NI,BB,AKASH,2007-05-15 00:00:00,TS,23.0,92.4,45.0,USA,989.0,USA
2007151N14072,2007,NI,AS,GONU,2007-05-31 06:00:00,DS,13.7,71.6,15.0,USA,1006.0,USA
2007151N14072,2007,NI,AS,GONU,2007-05-31 09:00:00,DS,13.9,71.7,15.0,USA,1006.0,USA
2007151N14072,2007,NI,AS,GONU,2007-05-31 12:00:00,DS,14.0,71.7,15.0,USA,1006.0,USA
2007151N14072,2007,NI,AS,GONU,2007-05-31 15:00:00,DS,14.1,71.7,15.0,USA,1006.0,USA
2007151N14072,2007,NI,AS,GONU,2007-05-31 18:00:00,DS,14.2,71.5,15.0,USA,1006.0,USA
2007151N14072,2007,NI,AS,GONU,2007-05-31 21:00:00,DS,14.3,71.3,15.0,USA,1006.0,USA
2007151N14072,2007,NI,AS,GONU,2007-06-01 00:00:00,DS,14.4,70.9,15.0,USA,1006.0,USA
2007151N14072,2007,NI,AS,GONU,2007-06-01 03:00:00,DS,14.5,70.5,23.0,USA,1003.0,USA
2007151N14072,2007,NI,AS,GONU,2007-06-01 06:00:00,TS,14.7,70.0,30.0,USA,1000.0,USA
2007151N14072,2007,NI,AS,GONU,2007-06-01 09:00:00,TS,14.9,69.4,30.0,USA,1000.0,USA
2007151N14072,2007,NI,AS,GONU,2007-06-01 12:00:00,TS,15.0,68.8,30.0,USA,1000.0,USA
2007151N14072,2007,NI,AS,GONU,2007-06-01 15:00:00,TS,15.1,68.5,30.0,USA,1000.0,USA
2007151N14072,2007,NI,AS,GONU,2007-06-01 18:00:00,TS,15.1,68.2,30.0,USA,1000.0,USA
2007151N14072,2007,NI,AS,GONU,2007-06-01 21:00:00,TS,15.1,68.0,35.0,USA,997.0,USA
2007151N14072,2007,NI,AS,GONU,2007-06-02 00:00:00,TS,15.1,67.9,40.0,USA,994.0,USA
2007151N14072,2007,NI,AS,GONU,2007-06-02 03:00:00,TS,15.0,67.5,43.0,USA,992.0,USA
2007151N14072,2007,NI,AS,GONU,2007-06-02 06:00:00,TS,15.0,67.2,45.0,USA,989.0,USA
2007151N14072,2007,NI,AS,GONU,2007-06-02 09:00:00,TS,15.1,67.1,50.0,USA,986.0,USA
2007151N14072,2007,NI,AS,GONU,2007-06-02 12:00:00,TS,15.2,67.1,55.0,USA,982.0,USA
2007151N14072,2007,NI,AS,GONU,2007-06-02 15:00:00,TS,15.2,67.1,55.0,USA,982.0,USA
2007151N14072,2007,NI,AS,GONU,2007-06-02 18:00:00,TS,15.3,67.1,55.0,USA,982.0,USA
2007151N14072,2007,NI,AS,GONU,2007-06-02 21:00:00,TS,15.4,66.9,58.0,USA,980.0,USA
2007151N14072,2007,NI,AS,GONU,2007-06-03 00:00:00,TS,15.8,67.0,60.0,USA,978.0,USA
2007151N14072,2007,NI,AS,GONU,2007-06-03 03:00:00,TS,16.0,67.1,63.0,USA,976.0,USA
2007151N14072,2007,NI,AS,GONU,2007-06-03 06:00:00,TS,16.5,67.1,65.0,USA,974.0,USA
2007151N14072,2007,NI,AS,GONU,2007-06-03 09:00:00,TS,16.9,66.9,68.0,USA,972.0,USA
2007151N14072,2007,NI,AS,GONU,2007-06-03 12:00:00,TS,17.5,66.7,70.0,USA,970.0,USA
2007151N14072,2007,NI,AS,GONU,2007-06-03 15:00:00,TS,17.6,66.5,83.0,USA,961.0,USA
2007151N14072,2007,NI,AS,GONU,2007-06-03 18:00:00,TS,18.0,66.1,95.0,USA,952.0,USA
2007151N14072,2007,NI,AS,GONU,2007-06-03 21:00:00,TS,18.1,65.9,108.0,USA,943.0,USA
2007151N14072,2007,NI,AS,GONU,2007-06-04 00:00:00,TS,18.6,65.3,120.0,USA,933.0,USA
2007151N14072,2007,NI,AS,GONU,2007-06-04 03:00:00,TS,18.7,65.1,128.0,USA,919.0,USA
2007151N14072,2007,NI,AS,GONU,2007-06-04 06:00:00,TS,19.1,64.7,135.0,USA,904.0,USA
2007151N14072,2007,NI,AS,GONU,2007-06-04 09:00:00,TS,19.5,64.5,140.0,USA,909.0,USA
2007151N14072,2007,NI,AS,GONU,2007-06-04 12:00:00,TS,20.0,64.1,145.0,USA,914.0,USA
2007151N14072,2007,NI,AS,GONU,2007-06-04 15:00:00,TS,20.1,63.8,143.0,USA,906.0,USA
2007151N14072,2007,NI,AS,GONU,2007-06-04 18:00:00,TS,20.5,63.4,140.0,USA,898.0,USA
2007151N14072,2007,NI,AS,GONU,2007-06-04 21:00:00,TS,20.6,63.2,138.0,USA,901.0,USA
2007151N14072,2007,NI,AS,GONU,2007-06-05 00:00:00,TS,20.7,62.8,135.0,USA,904.0,USA
2007151N14072,2007,NI,AS,GONU,2007-06-05 03:00:00,TS,21.0,62.0,130.0,USA,910.0,USA
2007151N14072,2007,NI,AS,GONU,2007-06-05 06:00:00,TS,21.4,61.6,125.0,USA,916.0,USA
2007151N14072,2007,NI,AS,GONU,2007-06-05 09:00:00,TS,21.4,61.2,120.0,USA,927.0,USA
2007151N14072,2007,NI,AS,GONU,2007-06-05 12:00:00,TS,21.6,61.1,115.0,USA,937.0,USA
2007151N14072,2007,NI,AS,GONU,2007-06-05 15:00:00,TS,21.9,60.9,113.0,USA,939.0,USA
2007151N14072,2007,NI,AS,GONU,2007-06-05 18:00:00,TS,22.0,60.6,110.0,USA,941.0,USA
2007151N14072,2007,NI,AS,GONU,2007-06-05 21:00:00,TS,22.4,60.4,100.0,USA,949.0,USA
2007151N14072,2007,NI,AS,GONU,2007-06-06 00:00:00,TS,22.6,59.8,90.0,USA,956.0,USA
2007151N14072,2007,NI,AS,GONU,2007-06-06 03:00:00,TS,22.9,59.4,90.0,USA,956.0,USA
2007151N14072,2007,NI,AS,GONU,2007-06-06 06:00:00,TS,23.3,59.5,90.0,USA,956.0,USA
2007151N14072,2007,NI,AS,GONU,2007-06-06 09:00:00,TS,23.5,59.4,83.0,USA,962.0,USA
2007151N14072,2007,NI,AS,GONU,2007-06-06 12:00:00,TS,23.9,59.1,75.0,USA,967.0,USA
2007151N14072,2007,NI,AS,GONU,2007-06-06 15:00:00,TS,24.1,59.0,70.0,USA,971.0,USA
2007151N14072,2007,NI,AS,GONU,2007-06-06 18:00:00,TS,24.5,59.0,65.0,USA,974.0,USA
2007151N14072,2007,NI,AS,GONU,2007-06-06 21:00:00,TS,24.8,58.8,60.0,USA,978.0,USA
2007151N14072,2007,NI,AS,GONU,2007-06-07 00:00:00,TS,24.9,58.6,55.0,USA,982.0,USA
2007151N14072,2007,NI,AS,GONU,2007-06-07 03:00:00,TS,25.0,58.4,50.0,USA,986.0,USA
2007151N14072,2007,NI,AS,GONU,2007-06-07 06:00:00,TS,24.9,58.3,45.0,USA,989.0,USA
2007151N14072,2007,NI,AS,GONU,2007-06-07 09:00:00,TS,25.0,58.2,40.0,USA,993.0,USA
2007151N14072,2007,NI,AS,GONU,2007-06-07 12:00:00,TS,25.1,58.2,35.0,USA,996.0,USA
2007151N14072,2007,NI,AS,GONU,2007-06-07 15:00:00,TS,25.3,58.2,30.0,USA,999.0,USA
2007151N14072,2007,NI,AS,GONU,2007-06-07 18:00:00,TS,25.5,58.1,25.0,USA,1002.0,USA
2007151N14072,2007,NI,AS,GONU,2007-06-07 21:00:00,TS,25.7,58.0,20.0,USA,1004.0,USA
2007151N14072,2007,NI,AS,GONU,2007-06-08 00:00:00,DS,25.9,57.8,15.0,USA,1006.0,USA
2007172N15088,2007,NI,BB,UNNAMED,2007-06-20 18:00:00,DS,14.5,88.4,25.0,USA,1004.0,USA
2007172N15088,2007,NI,BB,UNNAMED,2007-06-20 21:00:00,DS,15.0,87.8,28.0,USA,1000.0,USA
2007172N15088,2007,NI,BB,UNNAMED,2007-06-21 00:00:00,TS,15.4,87.1,30.0,USA,995.0,USA
2007172N15088,2007,NI,BB,UNNAMED,2007-06-21 03:00:00,TS,15.6,86.2,30.0,USA,995.0,USA
2007172N15088,2007,NI,BB,UNNAMED,2007-06-21 06:00:00,TS,15.7,85.3,30.0,USA,994.0,USA
2007172N15088,2007,NI,BB,UNNAMED,2007-06-21 09:00:00,TS,15.8,84.7,30.0,USA,997.0,USA
2007172N15088,2007,NI,BB,UNNAMED,2007-06-21 12:00:00,TS,15.9,84.1,30.0,USA,1000.0,USA
2007172N15088,2007,NI,BB,UNNAMED,2007-06-21 15:00:00,TS,15.9,83.5,30.0,USA,1000.0,USA
2007172N15088,2007,NI,BB,UNNAMED,2007-06-21 18:00:00,TS,15.8,82.9,30.0,USA,1000.0,USA
2007172N15088,2007,NI,BB,UNNAMED,2007-06-21 21:00:00,TS,15.8,82.3,30.0,USA,1000.0,USA
2007172N15088,2007,NI,BB,UNNAMED,2007-06-22 00:00:00,TS,15.7,81.7,30.0,USA,1000.0,USA
2007172N15088,2007,NI,BB,UNNAMED,2007-06-22 03:00:00,TS,15.4,80.9,30.0,USA,1000.0,USA
2007172N15088,2007,NI,BB,UNNAMED,2007-06-22 06:00:00,TS,15.3,80.2,30.0,USA,1000.0,USA
2007172N15088,2007,NI,BB,UNNAMED,2007-06-22 09:00:00,TS,15.7,79.6,28.0,USA,1002.0,USA
2007172N15088,2007,NI,BB,UNNAMED,2007-06-22 12:00:00,TS,16.3,79.0,25.0,USA,1004.0,USA
2007172N15088,2007,NI,BB,UNNAMED,2007-06-22 15:00:00,TS,16.6,78.5,20.0,USA,1007.0,USA
2007172N15088,2007,NI,BB,UNNAMED,2007-06-22 18:00:00,DS,17.0,78.1,15.0,USA,1010.0,USA
2007172N15088,2007,NI,AS,UNNAMED,2007-06-22 21:00:00,DS,17.5,77.8,18.0,USA,1009.0,USA
2007172N15088,2007,NI,AS,UNNAMED,2007-06-23 00:00:00,DS,18.0,77.5,20.0,USA,1007.0,USA
2007172N15088,2007,NI,AS,UNNAMED,2007-06-23 03:00:00,DS,18.7,77.1,20.0,USA,1007.0,USA
2007172N15088,2007,NI,AS,UNNAMED,2007-06-23 06:00:00,DS,19.3,76.6,20.0,USA,1007.0,USA
2007172N15088,2007,NI,AS,UNNAMED,2007-06-23 09:00:00,DS,19.7,76.0,20.0,USA,1007.0,USA
2007172N15088,2007,NI,AS,UNNAMED,2007-06-23 12:00:00,DS,20.1,75.4,20.0,USA,1007.0,USA
2007172N15088,2007,NI,AS,UNNAMED,2007-06-23 15:00:00,DS,20.5,74.8,20.0,USA,1007.0,USA
2007172N15088,2007,NI,AS,UNNAMED,2007-06-23 18:00:00,DS,20.8,74.2,20.0,USA,1007.0,USA
2007172N15088,2007,NI,AS,UNNAMED,2007-06-23 21:00:00,DS,21.1,73.6,20.0,USA,1007.0,USA
2007172N15088,2007,NI,AS,UNNAMED,2007-06-24 00:00:00,DS,21.3,72.9,20.0,USA,1007.0,USA
2007172N15088,2007,NI,AS,UNNAMED,2007-06-24 03:00:00,DS,21.4,72.2,23.0,USA,1006.0,USA
2007172N15088,2007,NI,AS,UNNAMED,2007-06-24 06:00:00,TS,21.5,71.6,25.0,USA,1004.0,USA
2007172N15088,2007,NI,AS,UNNAMED,2007-06-24 09:00:00,TS,21.7,71.0,23.0,USA,1006.0,USA
2007172N15088,2007,NI,AS,UNNAMED,2007-06-24 12:00:00,DS,21.9,70.4,20.0,USA,1007.0,USA
2007172N15088,2007,NI,AS,UNNAMED,2007-06-24 15:00:00,DS,22.0,69.8,20.0,USA,1007.0,USA
2007172N15088,2007,NI,AS,UNNAMED,2007-06-24 18:00:00,TS,22.1,69.2,20.0,USA,1007.0,USA
2007172N15088,2007,NI,AS,UNNAMED,2007-06-24 21:00:00,TS,22.2,68.6,25.0,USA,1004.0,USA
2007172N15088,2007,NI,AS,UNNAMED,2007-06-25 00:00:00,TS,22.3,68.0,30.0,USA,1000.0,USA
2007172N15088,2007,NI,AS,UNNAMED,2007-06-25 03:00:00,TS,22.7,67.6,33.0,USA,996.0,USA
2007172N15088,2007,NI,AS,UNNAMED,2007-06-25 06:00:00,TS,23.1,67.4,35.0,USA,992.0,USA
2007172N15088,2007,NI,AS,UNNAMED,2007-06-25 09:00:00,TS,23.3,67.0,35.0,USA,994.0,USA
2007172N15088,2007,NI,AS,UNNAMED,2007-06-25 12:00:00,TS,23.6,66.6,35.0,USA,996.0,USA
2007172N15088,2007,NI,AS,UNNAMED,2007-06-25 15:00:00,TS,23.8,66.4,40.0,USA,993.0,USA
2007172N15088,2007,NI,AS,UNNAMED,2007-06-25 18:00:00,TS,24.0,66.0,45.0,USA,989.0,USA
2007172N15088,2007,NI,AS,UNNAMED,2007-06-25 21:00:00,TS,24.3,65.8,48.0,USA,987.0,USA
2007172N15088,2007,NI,AS,UNNAMED,2007-06-26 00:00:00,TS,24.8,65.3,50.0,USA,985.0,USA
2007172N15088,2007,NI,AS,UNNAMED,2007-06-26 03:00:00,TS,25.4,64.8,50.0,USA,985.0,USA
2007172N15088,2007,NI,AS,UNNAMED,2007-06-26 06:00:00,TS,25.7,64.2,50.0,USA,985.0,USA
2007172N15088,2007,NI,AS,UNNAMED,2007-06-26 09:00:00,TS,26.0,63.6,45.0,USA,989.0,USA
2007172N15088,2007,NI,AS,UNNAMED,2007-06-26 12:00:00,TS,26.2,63.1,40.0,USA,993.0,USA
2007172N15088,2007,NI,AS,UNNAMED,2007-06-26 15:00:00,TS,26.2,62.7,35.0,USA,997.0,USA
2007172N15088,2007,NI,AS,UNNAMED,2007-06-26 18:00:00,TS,26.3,62.6,30.0,USA,1000.0,USA
2007172N15088,2007,NI,AS,UNNAMED,2007-06-26 21:00:00,TS,26.7,62.7,28.0,USA,1003.0,USA
2007172N15088,2007,NI,AS,UNNAMED,2007-06-27 00:00:00,TS,27.2,62.9,25.0,USA,1005.0,USA
2007172N15088,2007,NI,AS,UNNAMED,2007-06-27 03:00:00,TS,27.5,63.3,23.0,USA,1006.0,USA
2007172N15088,2007,NI,AS,UNNAMED,2007-06-27 06:00:00,DS,27.8,63.6,20.0,USA,1007.0,USA
2007172N15088,2007,NI,AS,UNNAMED,2007-06-27 09:00:00,DS,28.1,63.7,20.0,USA,1007.0,USA
2007172N15088,2007,NI,AS,UNNAMED,2007-06-27 12:00:00,DS,28.5,63.6,20.0,USA,1007.0,USA
2007178N18089,2007,NI,BB,UNNAMED,2007-06-27 00:00:00,TS,18.1,89.3,25.0,USA,1004.0,USA
2007178N18089,2007,NI,BB,UNNAMED,2007-06-27 03:00:00,TS,17.8,89.0,25.0,USA,1003.0,USA
2007178N18089,2007,NI,BB,UNNAMED,2007-06-27 06:00:00,TS,17.6,88.7,25.0,USA,1002.0,USA
2007178N18089,2007,NI,BB,UNNAMED,2007-06-27 09:00:00,TS,17.4,88.3,25.0,USA,1002.0,USA
2007178N18089,2007,NI,BB,UNNAMED,2007-06-27 12:00:00,TS,17.2,88.0,25.0,USA,1002.0,USA
2007178N18089,2007,NI,BB,UNNAMED,2007-06-27 15:00:00,TS,17.1,87.7,25.0,USA,1001.0,USA
2007178N18089,2007,NI,BB,UNNAMED,2007-06-27 18:00:00,TS,17.0,87.5,25.0,USA,1000.0,USA
2007178N18089,2007,NI,BB,UNNAMED,2007-06-27 21:00:00,TS,17.0,87.2,28.0,USA,1000.0,USA
2007178N18089,2007,NI,BB,UNNAMED,2007-06-28 00:00:00,TS,17.1,86.9,30.0,USA,999.0,USA
2007178N18089,2007,NI,BB,UNNAMED,2007-06-28 03:00:00,TS,17.3,86.7,30.0,USA,997.0,USA
2007178N18089,2007,NI,BB,UNNAMED,2007-06-28 06:00:00,TS,17.6,86.6,30.0,USA,995.0,USA
2007178N18089,2007,NI,BB,UNNAMED,2007-06-28 09:00:00,TS,17.9,86.5,33.0,USA,992.0,USA
2007178N18089,2007,NI,BB,UNNAMED,2007-06-28 12:00:00,TS,18.3,86.4,35.0,USA,988.0,USA
2007178N18089,2007,NI,BB,UNNAMED,2007-06-28 15:00:00,TS,18.6,86.3,40.0,USA,989.0,USA
2007178N18089,2007,NI,BB,UNNAMED,2007-06-28 18:00:00,TS,19.0,86.2,45.0,USA,989.0,USA
2007178N18089,2007,NI,BB,UNNAMED,2007-06-28 21:00:00,TS,19.3,86.0,45.0,USA,989.0,USA
2007178N18089,2007,NI,BB,UNNAMED,2007-06-29 00:00:00,TS,19.7,85.6,45.0,USA,989.0,USA
2007178N18089,2007,NI,BB,UNNAMED,2007-06-29 03:00:00,TS,20.0,85.2,43.0,USA,991.0,USA
2007178N18089,2007,NI,BB,UNNAMED,2007-06-29 06:00:00,TS,20.4,84.7,40.0,USA,993.0,USA
2007178N18089,2007,NI,BB,UNNAMED,2007-06-29 09:00:00,TS,20.8,84.2,38.0,USA,995.0,USA
2007178N18089,2007,NI,BB,UNNAMED,2007-06-29 12:00:00,TS,21.2,83.7,35.0,USA,996.0,USA
2007178N18089,2007,NI,BB,UNNAMED,2007-06-29 15:00:00,TS,21.5,83.1,33.0,USA,998.0,USA
2007178N18089,2007,NI,BB,UNNAMED,2007-06-29 18:00:00,TS,21.8,82.5,30.0,USA,1000.0,USA
2007178N18089,2007,NI,BB,UNNAMED,2007-06-29 21:00:00,TS,22.1,82.0,25.0,USA,1004.0,USA
2007178N18089,2007,NI,BB,UNNAMED,2007-06-30 00:00:00,DS,22.4,81.5,20.0,USA,1007.0,USA
2007178N18089,2007,NI,BB,UNNAMED,2007-06-30 03:00:00,DS,22.7,81.0,20.0,USA,1007.0,USA
2007178N18089,2007,NI,BB,UNNAMED,2007-06-30 06:00:00,DS,22.9,80.4,20.0,USA,1007.0,USA
2007300N11068,2007,NI,AS,UNNAMED,2007-10-27 06:00:00,TS,11.2,68.2,25.0,USA,1004.0,USA
2007300N11068,2007,NI,AS,UNNAMED,2007-10-27 09:00:00,TS,11.2,68.0,25.0,USA,1004.0,USA
2007300N11068,2007,NI,AS,UNNAMED,2007-10-27 12:00:00,TS,11.2,67.7,25.0,USA,1004.0,USA
2007300N11068,2007,NI,AS,UNNAMED,2007-10-27 15:00:00,TS,11.2,67.4,28.0,USA,1002.0,USA
2007300N11068,2007,NI,AS,UNNAMED,2007-10-27 18:00:00,TS,11.2,67.2,30.0,USA,1000.0,USA
2007300N11068,2007,NI,AS,UNNAMED,2007-10-27 21:00:00,TS,11.2,67.0,35.0,USA,997.0,USA
2007300N11068,2007,NI,AS,UNNAMED,2007-10-28 00:00:00,TS,11.3,66.8,40.0,USA,993.0,USA
2007300N11068,2007,NI,AS,UNNAMED,2007-10-28 03:00:00,TS,11.3,66.7,40.0,USA,993.0,USA
2007300N11068,2007,NI,AS,UNNAMED,2007-10-28 06:00:00,TS,11.4,66.6,40.0,USA,993.0,USA
2007300N11068,2007,NI,AS,UNNAMED,2007-10-28 09:00:00,TS,11.5,66.6,40.0,USA,993.0,USA
2007300N11068,2007,NI,AS,UNNAMED,2007-10-28 12:00:00,TS,11.5,66.5,40.0,USA,993.0,USA
2007300N11068,2007,NI,AS,UNNAMED,2007-10-28 15:00:00,TS,11.4,66.4,40.0,USA,993.0,USA
2007300N11068,2007,NI,AS,UNNAMED,2007-10-28 18:00:00,TS,11.3,66.3,40.0,USA,993.0,USA
2007300N11068,2007,NI,AS,UNNAMED,2007-10-28 21:00:00,TS,11.2,66.4,40.0,USA,993.0,USA
2007300N11068,2007,NI,AS,UNNAMED,2007-10-29 00:00:00,TS,11.1,66.5,40.0,USA,993.0,USA
2007300N11068,2007,NI,AS,UNNAMED,2007-10-29 03:00:00,TS,11.1,66.7,40.0,USA,993.0,USA
2007300N11068,2007,NI,AS,UNNAMED,2007-10-29 06:00:00,TS,11.1,66.8,40.0,USA,993.0,USA
2007300N11068,2007,NI,AS,UNNAMED,2007-10-29 09:00:00,TS,11.1,66.8,38.0,USA,995.0,USA
2007300N11068,2007,NI,AS,UNNAMED,2007-10-29 12:00:00,TS,11.2,66.7,35.0,USA,996.0,USA
2007300N11068,2007,NI,AS,UNNAMED,2007-10-29 15:00:00,TS,11.3,66.6,35.0,USA,996.0,USA
2007300N11068,2007,NI,AS,UNNAMED,2007-10-29 18:00:00,TS,11.3,66.5,35.0,USA,996.0,USA
2007300N11068,2007,NI,AS,UNNAMED,2007-10-29 21:00:00,TS,11.3,66.4,33.0,USA,998.0,USA
2007300N11068,2007,NI,AS,UNNAMED,2007-10-30 00:00:00,TS,11.2,66.2,30.0,USA,1000.0,USA
2007300N11068,2007,NI,AS,UNNAMED,2007-10-30 03:00:00,TS,11.1,66.0,28.0,USA,1002.0,USA
2007300N11068,2007,NI,AS,UNNAMED,2007-10-30 06:00:00,TS,11.1,65.7,25.0,USA,1004.0,USA
2007314N10093,2007,NI,BB,SIDR,2007-11-10 06:00:00,DS,9.6,93.2,15.0,USA,1010.0,USA
2007314N10093,2007,NI,BB,SIDR,2007-11-10 09:00:00,DS,9.7,93.1,18.0,USA,1008.0,USA
2007314N10093,2007,NI,BB,SIDR,2007-11-10 12:00:00,DS,9.7,93.0,20.0,USA,1005.0,USA
2007314N10093,2007,NI,BB,SIDR,2007-11-10 15:00:00,DS,9.7,92.9,23.0,USA,1005.0,USA
2007314N10093,2007,NI,BB,SIDR,2007-11-10 18:00:00,TS,9.8,92.7,25.0,USA,1004.0,USA
2007314N10093,2007,NI,BB,SIDR,2007-11-10 21:00:00,TS,9.9,92.6,28.0,USA,1002.0,USA
2007314N10093,2007,NI,BB,SIDR,2007-11-11 00:00:00,TS,10.0,92.5,30.0,USA,1000.0,USA
2007314N10093,2007,NI,BB,SIDR,2007-11-11 03:00:00,TS,10.1,92.4,33.0,USA,999.0,USA
2007314N10093,2007,NI,BB,SIDR,2007-11-11 06:00:00,TS,10.1,92.2,35.0,USA,998.0,USA
2007314N10093,2007,NI,BB,SIDR,2007-11-11 09:00:00,TS,10.1,92.1,40.0,USA,994.0,USA
2007314N10093,2007,NI,BB,SIDR,2007-11-11 12:00:00,TS,10.1,91.9,45.0,USA,989.0,USA
2007314N10093,2007,NI,BB,SIDR,2007-11-11 15:00:00,TS,10.1,91.8,48.0,USA,987.0,USA
2007314N10093,2007,NI,BB,SIDR,2007-11-11 18:00:00,TS,10.4,91.5,50.0,USA,985.0,USA
2007314N10093,2007,NI,BB,SIDR,2007-11-11 21:00:00,TS,10.4,91.3,55.0,USA,982.0,USA
2007314N10093,2007,NI,BB,SIDR,2007-11-12 00:00:00,TS,10.5,91.2,60.0,USA,978.0,USA
2007314N10093,2007,NI,BB,SIDR,2007-11-12 03:00:00,TS,10.5,90.8,65.0,USA,974.0,USA
2007314N10093,2007,NI,BB,SIDR,2007-11-12 06:00:00,TS,10.9,90.5,70.0,USA,970.0,USA
2007314N10093,2007,NI,BB,SIDR,2007-11-12 09:00:00,TS,10.9,90.4,75.0,USA,967.0,USA
2007314N10093,2007,NI,BB,SIDR,2007-11-12 12:00:00,TS,11.3,90.1,80.0,USA,963.0,USA
2007314N10093,2007,NI,BB,SIDR,2007-11-12 15:00:00,TS,11.4,90.0,93.0,USA,954.0,USA
2007314N10093,2007,NI,BB,SIDR,2007-11-12 18:00:00,TS,11.6,90.0,105.0,USA,944.0,USA
2007314N10093,2007,NI,BB,SIDR,2007-11-12 21:00:00,TS,11.6,90.0,108.0,USA,943.0,USA
2007314N10093,2007,NI,BB,SIDR,2007-11-13 00:00:00,TS,12.0,89.7,110.0,USA,941.0,USA
2007314N10093,2007,NI,BB,SIDR,2007-11-13 03:00:00,TS,12.1,89.7,113.0,USA,939.0,USA
2007314N10093,2007,NI,BB,SIDR,2007-11-13 06:00:00,TS,12.3,89.7,115.0,USA,937.0,USA
2007314N10093,2007,NI,BB,SIDR,2007-11-13 09:00:00,TS,12.9,89.6,115.0,USA,937.0,USA
2007314N10093,2007,NI,BB,SIDR,2007-11-13 12:00:00,TS,13.0,89.6,115.0,USA,937.0,USA
2007314N10093,2007,NI,BB,SIDR,2007-11-13 15:00:00,TS,13.2,89.5,115.0,USA,937.0,USA
2007314N10093,2007,NI,BB,SIDR,2007-11-13 18:00:00,TS,13.6,89.5,115.0,USA,937.0,USA
2007314N10093,2007,NI,BB,SIDR,2007-11-13 21:00:00,TS,14.0,89.5,115.0,USA,937.0,USA
2007314N10093,2007,NI,BB,SIDR,2007-11-14 00:00:00,TS,14.4,89.5,115.0,USA,937.0,USA
2007314N10093,2007,NI,BB,SIDR,2007-11-14 03:00:00,TS,14.6,89.4,118.0,USA,935.0,USA
2007314N10093,2007,NI,BB,SIDR,2007-11-14 06:00:00,TS,15.0,89.4,120.0,USA,933.0,USA
2007314N10093,2007,NI,BB,SIDR,2007-11-14 09:00:00,TS,15.4,89.4,125.0,USA,930.0,USA
2007314N10093,2007,NI,BB,SIDR,2007-11-14 12:00:00,TS,15.9,89.1,130.0,USA,926.0,USA
2007314N10093,2007,NI,BB,SIDR,2007-11-14 15:00:00,TS,16.1,89.1,135.0,USA,922.0,USA
2007314N10093,2007,NI,BB,SIDR,2007-11-14 18:00:00,TS,16.6,89.1,140.0,USA,918.0,USA
2007314N10093,2007,NI,BB,SIDR,2007-11-14 21:00:00,TS,17.1,89.1,140.0,USA,918.0,USA
2007314N10093,2007,NI,BB,SIDR,2007-11-15 00:00:00,TS,17.7,89.1,140.0,USA,918.0,USA
2007314N10093,2007,NI,BB,SIDR,2007-11-15 03:00:00,TS,18.3,89.1,140.0,USA,918.0,USA
2007314N10093,2007,NI,BB,SIDR,2007-11-15 06:00:00,TS,19.4,89.1,140.0,USA,918.0,USA
2007314N10093,2007,NI,BB,SIDR,2007-11-15 09:00:00,TS,20.1,89.1,135.0,USA,922.0,USA
2007314N10093,2007,NI,BB,SIDR,2007-11-15 12:00:00,TS,21.0,89.2,130.0,USA,926.0,USA
2007314N10093,2007,NI,BB,SIDR,2007-11-15 15:00:00,TS,21.6,89.6,115.0,USA,937.0,USA
2007314N10093,2007,NI,BB,SIDR,2007-11-15 18:00:00,TS,22.5,90.4,100.0,USA,948.0,USA
2007314N10093,2007,NI,BB,SIDR,2007-11-15 21:00:00,TS,23.5,90.8,80.0,USA,963.0,USA
2007314N10093,2007,NI,BB,SIDR,2007-11-16 00:00:00,TS,23.8,91.0,60.0,USA,978.0,USA
2007314N10093,2007,NI,BB,SIDR,2007-11-16 03:00:00,NR,24.5,91.5,,MISSING,,MISSING
2008117N11090,2008,NI,BB,NARGIS,2008-04-25 12:00:00,DS,10.5,90.3,20.0,USA,1007.0,USA
2008117N11090,2008,NI,BB,NARGIS,2008-04-25 15:00:00,DS,10.7,89.9,20.0,USA,1007.0,USA
2008117N11090,2008,NI,BB,NARGIS,2008-04-25 18:00:00,DS,10.8,89.5,20.0,USA,1007.0,USA
2008117N11090,2008,NI,BB,NARGIS,2008-04-25 21:00:00,DS,10.7,89.1,20.0,USA,1007.0,USA
2008117N11090,2008,NI,BB,NARGIS,2008-04-26 00:00:00,DS,10.7,88.7,20.0,USA,1007.0,USA
2008117N11090,2008,NI,BB,NARGIS,2008-04-26 03:00:00,DS,10.9,88.6,20.0,USA,1007.0,USA
2008117N11090,2008,NI,BB,NARGIS,2008-04-26 06:00:00,DS,11.2,88.5,20.0,USA,1007.0,USA
2008117N11090,2008,NI,BB,NARGIS,2008-04-26 09:00:00,DS,11.4,88.2,20.0,USA,1007.0,USA
2008117N11090,2008,NI,BB,NARGIS,2008-04-26 12:00:00,DS,11.5,87.9,20.0,USA,1007.0,USA
2008117N11090,2008,NI,BB,NARGIS,2008-04-26 15:00:00,DS,11.5,87.5,23.0,USA,1006.0,USA
2008117N11090,2008,NI,BB,NARGIS,2008-04-26 18:00:00,TS,11.5,87.2,25.0,USA,1004.0,USA
2008117N11090,2008,NI,BB,NARGIS,2008-04-26 21:00:00,TS,11.5,86.9,25.0,USA,1003.0,USA
2008117N11090,2008,NI,BB,NARGIS,2008-04-27 00:00:00,TS,11.6,86.7,25.0,USA,1002.0,USA
2008117N11090,2008,NI,BB,NARGIS,2008-04-27 03:00:00,TS,11.7,86.6,28.0,USA,1001.0,USA
2008117N11090,2008,NI,BB,NARGIS,2008-04-27 06:00:00,TS,11.8,86.5,30.0,USA,1000.0,USA
2008117N11090,2008,NI,BB,NARGIS,2008-04-27 09:00:00,TS,12.0,86.3,33.0,USA,998.0,USA
2008117N11090,2008,NI,BB,NARGIS,2008-04-27 12:00:00,TS,12.1,86.2,35.0,USA,996.0,USA
2008117N11090,2008,NI,BB,NARGIS,2008-04-27 15:00:00,TS,12.2,86.1,40.0,USA,993.0,USA
2008117N11090,2008,NI,BB,NARGIS,2008-04-27 18:00:00,TS,12.5,85.9,45.0,USA,989.0,USA
2008117N11090,2008,NI,BB,NARGIS,2008-04-27 21:00:00,TS,12.8,85.6,50.0,USA,986.0,USA
2008117N11090,2008,NI,BB,NARGIS,2008-04-28 00:00:00,TS,12.9,85.6,55.0,USA,982.0,USA
2008117N11090,2008,NI,BB,NARGIS,2008-04-28 03:00:00,TS,13.0,85.6,60.0,USA,978.0,USA
2008117N11090,2008,NI,BB,NARGIS,2008-04-28 06:00:00,TS,13.1,85.6,65.0,USA,974.0,USA
2008117N11090,2008,NI,BB,NARGIS,2008-04-28 09:00:00,TS,13.0,85.5,68.0,USA,972.0,USA
2008117N11090,2008,NI,BB,NARGIS,2008-04-28 12:00:00,TS,13.0,85.4,70.0,USA,970.0,USA
2008117N11090,2008,NI,BB,NARGIS,2008-04-28 15:00:00,TS,13.0,85.4,73.0,USA,969.0,USA
2008117N11090,2008,NI,BB,NARGIS,2008-04-28 18:00:00,TS,13.1,85.4,75.0,USA,967.0,USA
2008117N11090,2008,NI,BB,NARGIS,2008-04-28 21:00:00,TS,13.1,85.5,75.0,USA,967.0,USA
2008117N11090,2008,NI,BB,NARGIS,2008-04-29 00:00:00,TS,13.2,85.6,75.0,USA,967.0,USA
2008117N11090,2008,NI,BB,NARGIS,2008-04-29 03:00:00,TS,13.3,85.6,75.0,USA,967.0,USA
2008117N11090,2008,NI,BB,NARGIS,2008-04-29 06:00:00,TS,13.3,85.7,75.0,USA,967.0,USA
2008117N11090,2008,NI,BB,NARGIS,2008-04-29 09:00:00,TS,13.4,85.7,73.0,USA,969.0,USA
2008117N11090,2008,NI,BB,NARGIS,2008-04-29 12:00:00,TS,13.8,85.9,70.0,USA,970.0,USA
2008117N11090,2008,NI,BB,NARGIS,2008-04-29 15:00:00,TS,13.9,86.0,70.0,USA,970.0,USA
2008117N11090,2008,NI,BB,NARGIS,2008-04-29 18:00:00,TS,14.0,86.1,70.0,USA,970.0,USA
2008117N11090,2008,NI,BB,NARGIS,2008-04-29 21:00:00,TS,14.1,86.3,70.0,USA,970.0,USA
2008117N11090,2008,NI,BB,NARGIS,2008-04-30 00:00:00,TS,14.2,86.4,70.0,USA,970.0,USA
2008117N11090,2008,NI,BB,NARGIS,2008-04-30 03:00:00,TS,14.5,86.7,65.0,USA,974.0,USA
2008117N11090,2008,NI,BB,NARGIS,2008-04-30 06:00:00,TS,14.6,86.8,60.0,USA,978.0,USA
2008117N11090,2008,NI,BB,NARGIS,2008-04-30 09:00:00,TS,14.7,87.1,63.0,USA,976.0,USA
2008117N11090,2008,NI,BB,NARGIS,2008-04-30 12:00:00,TS,14.8,87.3,65.0,USA,974.0,USA
2008117N11090,2008,NI,BB,NARGIS,2008-04-30 15:00:00,TS,15.1,87.7,65.0,USA,974.0,USA
2008117N11090,2008,NI,BB,NARGIS,2008-04-30 18:00:00,TS,15.2,87.9,65.0,USA,974.0,USA
2008117N11090,2008,NI,BB,NARGIS,2008-04-30 21:00:00,TS,15.2,88.0,65.0,USA,974.0,USA
2008117N11090,2008,NI,BB,NARGIS,2008-05-01 00:00:00,TS,15.6,88.5,65.0,USA,974.0,USA
2008117N11090,2008,NI,BB,NARGIS,2008-05-01 03:00:00,TS,15.6,89.2,68.0,USA,972.0,USA
2008117N11090,2008,NI,BB,NARGIS,2008-05-01 06:00:00,TS,16.0,89.7,70.0,USA,970.0,USA
2008117N11090,2008,NI,BB,NARGIS,2008-05-01 09:00:00,TS,16.0,90.1,85.0,USA,959.0,USA
2008117N11090,2008,NI,BB,NARGIS,2008-05-01 12:00:00,TS,16.0,90.6,100.0,USA,948.0,USA
2008117N11090,2008,NI,BB,NARGIS,2008-05-01 15:00:00,TS,15.9,91.1,100.0,USA,948.0,USA
2008117N11090,2008,NI,BB,NARGIS,2008-05-01 18:00:00,TS,15.9,91.6,100.0,USA,948.0,USA
2008117N11090,2008,NI,BB,NARGIS,2008-05-01 21:00:00,TS,15.9,92.1,105.0,USA,945.0,USA
2008117N11090,2008,NI,BB,NARGIS,2008-05-02 00:00:00,TS,15.9,92.6,110.0,USA,941.0,USA
2008117N11090,2008,NI,BB,NARGIS,2008-05-02 03:00:00,TS,15.9,93.1,113.0,USA,939.0,USA
2008117N11090,2008,NI,BB,NARGIS,2008-05-02 06:00:00,TS,16.0,93.6,115.0,USA,937.0,USA
2008117N11090,2008,NI,BB,NARGIS,2008-05-02 09:00:00,TS,16.0,94.1,115.0,USA,937.0,USA
2008117N11090,2008,NI,BB,NARGIS,2008-05-02 12:00:00,TS,16.0,94.5,115.0,USA,937.0,USA
2008117N11090,2008,NI,BB,NARGIS,2008-05-02 15:00:00,TS,16.1,95.1,100.0,USA,950.0,USA
2008117N11090,2008,NI,BB,NARGIS,2008-05-02 18:00:00,TS,16.5,95.6,85.0,USA,963.0,USA
2008117N11090,2008,NI,BB,NARGIS,2008-05-02 21:00:00,TS,16.5,95.8,78.0,USA,967.0,USA
2008117N11090,2008,NI,BB,NARGIS,2008-05-03 00:00:00,TS,16.7,96.0,70.0,USA,970.0,USA
2008117N11090,2008,NI,BB,NARGIS,2008-05-03 03:00:00,TS,17.0,96.4,60.0,USA,978.0,USA
2008117N11090,2008,NI,BB,NARGIS,2008-05-03 06:00:00,TS,17.4,96.9,50.0,USA,985.0,USA
2008117N11090,2008,NI,BB,NARGIS,2008-05-03 09:00:00,TS,17.8,97.3,45.0,USA,989.0,USA
2008117N11090,2008,NI,BB,NARGIS,2008-05-03 12:00:00,TS,18.3,97.6,40.0,USA,993.0,USA
2008117N11090,2008,NI,BB,NARGIS,2008-05-03 15:00:00,TS,18.8,97.7,35.0,USA,997.0,USA
2008117N11090,2008,NI,BB,NARGIS,2008-05-03 18:00:00,TS,19.4,97.8,30.0,USA,1000.0,USA
2008117N11090,2008,NI,BB,NARGIS,2008-05-03 21:00:00,TS,20.1,98.1,28.0,USA,1002.0,USA
2008117N11090,2008,NI,BB,NARGIS,2008-05-04 00:00:00,TS,20.8,98.5,25.0,USA,1004.0,USA
2008157N16066,2008,NI,AS,UNNAMED,2008-06-05 00:00:00,TS,15.5,66.0,25.0,NEWDELHI,1000.0,NEWDELHI
2008157N16066,2008,NI,AS,UNNAMED,2008-06-05 03:00:00,TS,16.0,66.0,25.0,NEWDELHI,1000.0,NEWDELHI
2008157N16066,2008,NI,AS,UNNAMED,2008-06-05 06:00:00,TS,16.5,65.5,25.0,NEWDELHI,1000.0,NEWDELHI
2008157N16066,2008,NI,AS,UNNAMED,2008-06-05 09:00:00,TS,17.0,65.0,25.0,NEWDELHI,1000.0,NEWDELHI
2008157N16066,2008,NI,AS,UNNAMED,2008-06-05 12:00:00,TS,18.0,64.5,25.0,NEWDELHI,996.0,NEWDELHI
2008157N16066,2008,NI,AS,UNNAMED,2008-06-05 15:00:00,TS,18.5,64.5,25.0,NEWDELHI,996.0,NEWDELHI
2008157N16066,2008,NI,AS,UNNAMED,2008-06-05 18:00:00,TS,19.0,64.0,25.0,NEWDELHI,996.0,NEWDELHI
2008157N16066,2008,NI,AS,UNNAMED,2008-06-05 21:00:00,TS,19.5,63.5,25.0,NEWDELHI,996.0,NEWDELHI
2008157N16066,2008,NI,AS,UNNAMED,2008-06-06 00:00:00,TS,19.5,63.0,25.0,NEWDELHI,996.0,NEWDELHI
2008157N16066,2008,NI,AS,UNNAMED,2008-06-06 03:00:00,TS,19.5,62.0,25.0,NEWDELHI,995.0,NEWDELHI
2008157N16066,2008,NI,AS,UNNAMED,2008-06-06 06:00:00,TS,20.0,62.0,25.0,NEWDELHI,995.0,NEWDELHI
2008157N16066,2008,NI,AS,UNNAMED,2008-06-06 09:00:00,TS,20.0,61.5,25.0,NEWDELHI,995.0,NEWDELHI
2008157N16066,2008,NI,AS,UNNAMED,2008-06-06 12:00:00,TS,20.0,61.5,25.0,NEWDELHI,994.0,NEWDELHI
2008157N16066,2008,NI,AS,UNNAMED,2008-06-06 15:00:00,TS,20.0,61.5,25.0,NEWDELHI,996.0,NEWDELHI
2008157N16066,2008,NI,AS,UNNAMED,2008-06-06 18:00:00,TS,20.0,61.0,25.0,NEWDELHI,996.0,NEWDELHI
2008157N16066,2008,NI,AS,UNNAMED,2008-06-06 21:00:00,TS,20.0,61.0,25.0,NEWDELHI,996.0,NEWDELHI
2008168N22090,2008,NI,BB,UNNAMED,2008-06-16 03:00:00,TS,21.5,90.0,25.0,NEWDELHI,992.0,NEWDELHI
2008168N22090,2008,NI,BB,UNNAMED,2008-06-16 06:00:00,TS,21.4,89.7,25.0,NEWDELHI,990.0,NEWDELHI
2008168N22090,2008,NI,BB,UNNAMED,2008-06-16 09:00:00,TS,21.5,89.5,25.0,NEWDELHI,988.0,NEWDELHI
2008168N22090,2008,NI,BB,UNNAMED,2008-06-16 12:00:00,TS,22.0,89.5,25.0,NEWDELHI,988.0,NEWDELHI
2008168N22090,2008,NI,BB,UNNAMED,2008-06-16 15:00:00,TS,22.4,89.4,,MISSING,,MISSING
2008168N22090,2008,NI,BB,UNNAMED,2008-06-16 18:00:00,TS,22.7,89.2,,MISSING,,MISSING
2008168N22090,2008,NI,BB,UNNAMED,2008-06-16 21:00:00,TS,22.8,89.0,,MISSING,,MISSING
2008168N22090,2008,NI,BB,UNNAMED,2008-06-17 00:00:00,TS,23.0,88.8,,MISSING,,MISSING
2008168N22090,2008,NI,BB,UNNAMED,2008-06-17 03:00:00,TS,23.0,88.5,25.0,NEWDELHI,990.0,NEWDELHI
2008168N22090,2008,NI,BB,UNNAMED,2008-06-17 06:00:00,TS,23.0,88.2,25.0,NEWDELHI,990.0,NEWDELHI
2008168N22090,2008,NI,BB,UNNAMED,2008-06-17 09:00:00,TS,23.0,88.0,25.0,NEWDELHI,990.0,NEWDELHI
2008168N22090,2008,NI,BB,UNNAMED,2008-06-17 12:00:00,TS,23.0,88.0,25.0,NEWDELHI,990.0,NEWDELHI
2008168N22090,2008,NI,BB,UNNAMED,2008-06-17 15:00:00,TS,23.1,87.9,,MISSING,,MISSING
2008168N22090,2008,NI,BB,UNNAMED,2008-06-17 18:00:00,TS,23.2,87.8,,MISSING,,MISSING
2008168N22090,2008,NI,BB,UNNAMED,2008-06-17 21:00:00,TS,23.5,87.6,,MISSING,,MISSING
2008168N22090,2008,NI,BB,UNNAMED,2008-06-18 00:00:00,TS,23.7,87.3,,MISSING,,MISSING
2008168N22090,2008,NI,BB,UNNAMED,2008-06-18 03:00:00,TS,24.0,87.0,20.0,NEWDELHI,992.0,NEWDELHI
2008223N20086,2008,NI,BB,UNNAMED,2008-08-09 12:00:00,TS,20.0,86.0,25.0,NEWDELHI,988.0,NEWDELHI
2008223N20086,2008,NI,BB,UNNAMED,2008-08-09 15:00:00,TS,20.3,85.9,,MISSING,,MISSING
2008223N20086,2008,NI,BB,UNNAMED,2008-08-09 18:00:00,TS,20.6,85.8,,MISSING,,MISSING
2008223N20086,2008,NI,BB,UNNAMED,2008-08-09 21:00:00,TS,20.9,85.7,,MISSING,,MISSING
2008223N20086,2008,NI,BB,UNNAMED,2008-08-10 00:00:00,TS,21.2,85.6,,MISSING,,MISSING
2008223N20086,2008,NI,BB,UNNAMED,2008-08-10 03:00:00,TS,21.5,85.5,25.0,NEWDELHI,990.0,NEWDELHI
2008223N20086,2008,NI,BB,UNNAMED,2008-08-10 06:00:00,TS,22.0,85.4,25.0,NEWDELHI,990.0,NEWDELHI
2008223N20086,2008,NI,BB,UNNAMED,2008-08-10 09:00:00,TS,22.5,85.2,25.0,NEWDELHI,990.0,NEWDELHI
2008259N20089,2008,NI,BB,UNNAMED,2008-09-15 06:00:00,DS,19.7,88.8,20.0,USA,1007.0,USA
2008259N20089,2008,NI,BB,UNNAMED,2008-09-15 09:00:00,DS,19.6,88.7,23.0,USA,1006.0,USA
2008259N20089,2008,NI,BB,UNNAMED,2008-09-15 12:00:00,TS,19.6,88.5,25.0,USA,1004.0,USA
2008259N20089,2008,NI,BB,UNNAMED,2008-09-15 15:00:00,TS,19.6,88.4,28.0,USA,1002.0,USA
2008259N20089,2008,NI,BB,UNNAMED,2008-09-15 18:00:00,TS,19.7,88.1,30.0,USA,1000.0,USA
2008259N20089,2008,NI,BB,UNNAMED,2008-09-15 21:00:00,TS,19.7,88.0,30.0,USA,998.0,USA
2008259N20089,2008,NI,BB,UNNAMED,2008-09-16 00:00:00,TS,19.8,87.9,30.0,USA,996.0,USA
2008259N20089,2008,NI,BB,UNNAMED,2008-09-16 03:00:00,TS,20.1,87.6,33.0,USA,996.0,USA
2008259N20089,2008,NI,BB,UNNAMED,2008-09-16 06:00:00,TS,20.4,87.4,35.0,USA,996.0,USA
2008259N20089,2008,NI,BB,UNNAMED,2008-09-16 09:00:00,TS,20.6,87.2,38.0,USA,995.0,USA
2008259N20089,2008,NI,BB,UNNAMED,2008-09-16 12:00:00,TS,20.8,87.2,40.0,USA,993.0,USA
2008259N20089,2008,NI,BB,UNNAMED,2008-09-16 15:00:00,TS,21.1,87.0,43.0,USA,991.0,USA
2008259N20089,2008,NI,BB,UNNAMED,2008-09-16 18:00:00,TS,21.1,86.6,45.0,USA,989.0,USA
2008259N20089,2008,NI,BB,UNNAMED,2008-09-16 21:00:00,TS,21.1,86.3,45.0,USA,989.0,USA
2008259N20089,2008,NI,BB,UNNAMED,2008-09-17 00:00:00,TS,21.1,86.1,45.0,USA,989.0,USA
2008259N20089,2008,NI,BB,UNNAMED,2008-09-17 03:00:00,TS,21.5,85.6,43.0,USA,991.0,USA
2008259N20089,2008,NI,BB,UNNAMED,2008-09-17 06:00:00,TS,21.7,85.2,40.0,USA,993.0,USA
2008259N20089,2008,NI,BB,UNNAMED,2008-09-17 09:00:00,TS,21.9,84.8,35.0,USA,997.0,USA
2008259N20089,2008,NI,BB,UNNAMED,2008-09-17 12:00:00,TS,22.0,84.6,30.0,USA,1000.0,USA
2008259N20089,2008,NI,BB,UNNAMED,2008-09-17 15:00:00,TS,22.0,84.3,30.0,USA,1000.0,USA
2008259N20089,2008,NI,BB,UNNAMED,2008-09-17 18:00:00,TS,22.0,83.9,30.0,USA,1000.0,USA
2008259N20089,2008,NI,BB,UNNAMED,2008-09-17 21:00:00,TS,22.1,83.5,30.0,USA,1000.0,USA
2008259N20089,2008,NI,BB,UNNAMED,2008-09-18 00:00:00,TS,22.2,83.1,30.0,USA,1000.0,USA
2008259N20089,2008,NI,BB,UNNAMED,2008-09-18 03:00:00,TS,22.4,82.7,28.0,USA,1002.0,USA
2008259N20089,2008,NI,BB,UNNAMED,2008-09-18 06:00:00,TS,22.6,82.4,25.0,USA,1004.0,USA
2008259N20089,2008,NI,BB,UNNAMED,2008-09-18 09:00:00,TS,22.9,82.1,25.0,USA,1004.0,USA
2008259N20089,2008,NI,BB,UNNAMED,2008-09-18 12:00:00,TS,23.0,82.0,25.0,USA,1004.0,USA
2008259N20089,2008,NI,BB,UNNAMED,2008-09-18 15:00:00,TS,23.1,81.9,,MISSING,,MISSING
2008259N20089,2008,NI,BB,UNNAMED,2008-09-18 18:00:00,TS,23.2,81.6,,MISSING,,MISSING
2008259N20089,2008,NI,BB,UNNAMED,2008-09-18 21:00:00,TS,23.5,81.2,,MISSING,,MISSING
2008259N20089,2008,NI,BB,UNNAMED,2008-09-19 00:00:00,TS,23.9,80.8,,MISSING,,MISSING
2008259N20089,2008,NI,BB,UNNAMED,2008-09-19 03:00:00,TS,24.5,80.5,25.0,NEWDELHI,996.0,NEWDELHI
2008259N20089,2008,NI,BB,UNNAMED,2008-09-19 06:00:00,TS,25.2,80.2,25.0,NEWDELHI,996.0,NEWDELHI
2008259N20089,2008,NI,BB,UNNAMED,2008-09-19 09:00:00,TS,26.0,80.0,25.0,NEWDELHI,996.0,NEWDELHI
2008293N09060,2008,NI,AS,UNNAMED,2008-10-19 09:00:00,TS,9.0,60.0,25.0,NEWDELHI,1004.0,NEWDELHI
2008293N09060,2008,NI,AS,UNNAMED,2008-10-19 12:00:00,TS,9.0,59.5,25.0,NEWDELHI,1004.0,NEWDELHI
2008293N09060,2008,NI,AS,UNNAMED,2008-10-19 15:00:00,TS,9.1,59.0,,MISSING,,MISSING
2008293N09060,2008,NI,AS,UNNAMED,2008-10-19 18:00:00,TS,9.3,58.6,,MISSING,,MISSING
2008293N09060,2008,NI,AS,UNNAMED,2008-10-19 21:00:00,TS,9.6,58.2,,MISSING,,MISSING
2008293N09060,2008,NI,AS,UNNAMED,2008-10-20 00:00:00,MX,9.8,57.7,20.0,USA,1007.0,USA
2008293N09060,2008,NI,AS,UNNAMED,2008-10-20 03:00:00,MX,9.9,57.3,23.0,USA,1006.0,USA
2008293N09060,2008,NI,AS,UNNAMED,2008-10-20 06:00:00,TS,10.0,56.9,25.0,USA,1004.0,USA
2008293N09060,2008,NI,AS,UNNAMED,2008-10-20 09:00:00,TS,10.0,56.5,25.0,USA,1004.0,USA
2008293N09060,2008,NI,AS,UNNAMED,2008-10-20 12:00:00,TS,10.1,56.2,25.0,USA,1004.0,USA
2008293N09060,2008,NI,AS,UNNAMED,2008-10-20 15:00:00,TS,10.2,55.8,28.0,USA,1002.0,USA
2008293N09060,2008,NI,AS,UNNAMED,2008-10-20 18:00:00,TS,10.3,55.5,30.0,USA,1000.0,USA
2008293N09060,2008,NI,AS,UNNAMED,2008-10-20 21:00:00,TS,10.4,55.1,30.0,USA,1000.0,USA
2008293N09060,2008,NI,AS,UNNAMED,2008-10-21 00:00:00,TS,10.5,54.8,30.0,USA,1000.0,USA
2008293N09060,2008,NI,AS,UNNAMED,2008-10-21 03:00:00,TS,10.6,54.5,30.0,USA,1000.0,USA
2008293N09060,2008,NI,AS,UNNAMED,2008-10-21 06:00:00,TS,10.8,54.3,30.0,USA,1000.0,USA
2008293N09060,2008,NI,AS,UNNAMED,2008-10-21 09:00:00,TS,11.0,54.2,30.0,USA,1000.0,USA
2008293N09060,2008,NI,AS,UNNAMED,2008-10-21 12:00:00,TS,11.4,54.2,30.0,USA,1000.0,USA
2008293N09060,2008,NI,AS,UNNAMED,2008-10-21 15:00:00,TS,11.8,54.1,30.0,USA,1000.0,USA
2008293N09060,2008,NI,AS,UNNAMED,2008-10-21 18:00:00,TS,12.3,53.9,30.0,USA,1000.0,USA
2008293N09060,2008,NI,AS,UNNAMED,2008-10-21 21:00:00,TS,12.7,53.6,30.0,USA,1000.0,USA
2008293N09060,2008,NI,AS,UNNAMED,2008-10-22 00:00:00,TS,13.0,53.3,30.0,USA,1000.0,USA
2008293N09060,2008,NI,AS,UNNAMED,2008-10-22 03:00:00,TS,13.2,53.1,30.0,USA,1000.0,USA
2008293N09060,2008,NI,AS,UNNAMED,2008-10-22 06:00:00,TS,13.4,52.9,30.0,USA,1000.0,USA
2008293N09060,2008,NI,AS,UNNAMED,2008-10-22 09:00:00,TS,13.5,52.8,30.0,USA,1000.0,USA
2008293N09060,2008,NI,AS,UNNAMED,2008-10-22 12:00:00,TS,13.7,52.6,30.0,USA,1000.0,USA
2008293N09060,2008,NI,AS,UNNAMED,2008-10-22 15:00:00,TS,13.7,52.3,30.0,USA,1000.0,USA
2008293N09060,2008,NI,AS,UNNAMED,2008-10-22 18:00:00,TS,13.7,52.0,30.0,USA,1000.0,USA
2008293N09060,2008,NI,AS,UNNAMED,2008-10-22 21:00:00,TS,13.7,51.7,28.0,USA,1002.0,USA
2008293N09060,2008,NI,AS,UNNAMED,2008-10-23 00:00:00,TS,13.7,51.4,25.0,USA,1003.0,USA
2008293N09060,2008,NI,AS,UNNAMED,2008-10-23 03:00:00,TS,13.7,51.1,25.0,USA,1004.0,USA
2008293N09060,2008,NI,AS,UNNAMED,2008-10-23 06:00:00,TS,13.8,50.8,25.0,USA,1004.0,USA
2008293N09060,2008,NI,AS,UNNAMED,2008-10-23 09:00:00,TS,13.9,50.5,25.0,USA,1004.0,USA
2008293N09060,2008,NI,AS,UNNAMED,2008-10-23 12:00:00,TS,14.1,50.2,25.0,USA,1004.0,USA
2008293N09060,2008,NI,AS,UNNAMED,2008-10-23 15:00:00,TS,14.5,49.9,25.0,USA,1004.0,USA
2008293N09060,2008,NI,AS,UNNAMED,2008-10-23 18:00:00,TS,15.0,49.5,25.0,USA,1004.0,USA
2008298N16085,2008,NI,BB,RASHMI,2008-10-24 06:00:00,TS,16.0,85.0,15.0,USA,1010.0,USA
2008298N16085,2008,NI,BB,RASHMI,2008-10-24 09:00:00,TS,16.0,85.2,18.0,USA,1009.0,USA
2008298N16085,2008,NI,BB,RASHMI,2008-10-24 12:00:00,DS,16.0,85.5,20.0,USA,1007.0,USA
2008298N16085,2008,NI,BB,RASHMI,2008-10-24 15:00:00,DS,16.0,85.8,23.0,USA,1006.0,USA
2008298N16085,2008,NI,BB,RASHMI,2008-10-24 18:00:00,TS,16.1,86.0,25.0,USA,1004.0,USA
2008298N16085,2008,NI,BB,RASHMI,2008-10-24 21:00:00,TS,16.2,86.2,25.0,USA,1004.0,USA
2008298N16085,2008,NI,BB,RASHMI,2008-10-25 00:00:00,TS,16.4,86.5,25.0,USA,1004.0,USA
2008298N16085,2008,NI,BB,RASHMI,2008-10-25 03:00:00,TS,16.5,86.7,28.0,USA,1002.0,USA
2008298N16085,2008,NI,BB,RASHMI,2008-10-25 06:00:00,TS,16.7,87.0,30.0,USA,1000.0,USA
2008298N16085,2008,NI,BB,RASHMI,2008-10-25 09:00:00,TS,17.0,87.2,30.0,USA,1000.0,USA
2008298N16085,2008,NI,BB,RASHMI,2008-10-25 12:00:00,TS,17.4,87.3,30.0,USA,1000.0,USA
2008298N16085,2008,NI,BB,RASHMI,2008-10-25 15:00:00,TS,17.6,87.3,30.0,USA,1000.0,USA
2008298N16085,2008,NI,BB,RASHMI,2008-10-25 18:00:00,TS,17.9,87.4,30.0,USA,1000.0,USA
2008298N16085,2008,NI,BB,RASHMI,2008-10-25 21:00:00,TS,17.9,87.4,33.0,USA,998.0,USA
2008298N16085,2008,NI,BB,RASHMI,2008-10-26 00:00:00,TS,18.1,87.6,35.0,USA,996.0,USA
2008298N16085,2008,NI,BB,RASHMI,2008-10-26 03:00:00,TS,18.5,87.9,35.0,USA,996.0,USA
2008298N16085,2008,NI,BB,RASHMI,2008-10-26 06:00:00,TS,18.6,88.0,35.0,USA,996.0,USA
2008298N16085,2008,NI,BB,RASHMI,2008-10-26 09:00:00,TS,18.8,88.0,35.0,USA,996.0,USA
2008298N16085,2008,NI,BB,RASHMI,2008-10-26 12:00:00,TS,19.7,88.4,35.0,USA,996.0,USA
2008298N16085,2008,NI,BB,RASHMI,2008-10-26 15:00:00,TS,20.4,88.8,40.0,USA,993.0,USA
2008298N16085,2008,NI,BB,RASHMI,2008-10-26 18:00:00,TS,21.0,89.3,45.0,USA,989.0,USA
2008298N16085,2008,NI,BB,RASHMI,2008-10-26 21:00:00,TS,21.9,89.8,40.0,USA,993.0,USA
2008298N16085,2008,NI,BB,RASHMI,2008-10-27 00:00:00,TS,23.0,90.2,35.0,USA,996.0,USA
2008298N16085,2008,NI,BB,RASHMI,2008-10-27 03:00:00,TS,23.9,90.7,30.0,USA,1000.0,USA
2008298N16085,2008,NI,BB,RASHMI,2008-10-27 06:00:00,TS,25.0,90.6,25.0,USA,1004.0,USA
2008317N11089,2008,NI,BB,KHAI-MUK,2008-11-11 18:00:00,TS,10.5,89.0,15.0,USA,1010.0,USA
2008317N11089,2008,NI,BB,KHAI-MUK,2008-11-11 21:00:00,TS,10.7,89.2,18.0,USA,1009.0,USA
2008317N11089,2008,NI,BB,KHAI-MUK,2008-11-12 00:00:00,DS,10.9,89.2,20.0,USA,1007.0,USA
2008317N11089,2008,NI,BB,KHAI-MUK,2008-11-12 03:00:00,DS,11.2,89.0,20.0,USA,1007.0,USA
2008317N11089,2008,NI,BB,KHAI-MUK,2008-11-12 06:00:00,DS,11.4,88.6,20.0,USA,1007.0,USA
2008317N11089,2008,NI,BB,KHAI-MUK,2008-11-12 09:00:00,DS,11.5,88.2,20.0,USA,1007.0,USA
2008317N11089,2008,NI,BB,KHAI-MUK,2008-11-12 12:00:00,DS,11.5,87.8,20.0,USA,1007.0,USA
2008317N11089,2008,NI,BB,KHAI-MUK,2008-11-12 15:00:00,DS,11.6,87.4,20.0,USA,1007.0,USA
2008317N11089,2008,NI,BB,KHAI-MUK,2008-11-12 18:00:00,DS,11.6,86.9,20.0,USA,1007.0,USA
2008317N11089,2008,NI,BB,KHAI-MUK,2008-11-12 21:00:00,DS,11.6,86.4,20.0,USA,1006.0,USA
2008317N11089,2008,NI,BB,KHAI-MUK,2008-11-13 00:00:00,DS,11.6,86.0,20.0,USA,1004.0,USA
2008317N11089,2008,NI,BB,KHAI-MUK,2008-11-13 03:00:00,DS,11.6,85.7,20.0,USA,1006.0,USA
2008317N11089,2008,NI,BB,KHAI-MUK,2008-11-13 06:00:00,DS,11.7,85.6,20.0,USA,1007.0,USA
2008317N11089,2008,NI,BB,KHAI-MUK,2008-11-13 09:00:00,DS,11.8,85.5,23.0,USA,1006.0,USA
2008317N11089,2008,NI,BB,KHAI-MUK,2008-11-13 12:00:00,TS,11.8,85.4,25.0,USA,1004.0,USA
2008317N11089,2008,NI,BB,KHAI-MUK,2008-11-13 15:00:00,TS,12.0,85.3,28.0,USA,1002.0,USA
2008317N11089,2008,NI,BB,KHAI-MUK,2008-11-13 18:00:00,TS,12.2,85.2,30.0,USA,1000.0,USA
2008317N11089,2008,NI,BB,KHAI-MUK,2008-11-13 21:00:00,TS,12.3,85.1,33.0,USA,1000.0,USA
2008317N11089,2008,NI,BB,KHAI-MUK,2008-11-14 00:00:00,TS,12.5,85.1,35.0,USA,1000.0,USA
2008317N11089,2008,NI,BB,KHAI-MUK,2008-11-14 03:00:00,TS,12.9,85.0,38.0,USA,998.0,USA
2008317N11089,2008,NI,BB,KHAI-MUK,2008-11-14 06:00:00,TS,13.3,84.9,40.0,USA,996.0,USA
2008317N11089,2008,NI,BB,KHAI-MUK,2008-11-14 09:00:00,TS,13.7,84.5,43.0,USA,993.0,USA
2008317N11089,2008,NI,BB,KHAI-MUK,2008-11-14 12:00:00,TS,14.0,84.1,45.0,USA,989.0,USA
2008317N11089,2008,NI,BB,KHAI-MUK,2008-11-14 15:00:00,TS,14.4,83.6,45.0,USA,989.0,USA
2008317N11089,2008,NI,BB,KHAI-MUK,2008-11-14 18:00:00,TS,14.4,83.5,45.0,USA,989.0,USA
2008317N11089,2008,NI,BB,KHAI-MUK,2008-11-14 21:00:00,TS,14.4,83.1,45.0,USA,989.0,USA
2008317N11089,2008,NI,BB,KHAI-MUK,2008-11-15 00:00:00,TS,14.4,83.0,45.0,USA,989.0,USA
2008317N11089,2008,NI,BB,KHAI-MUK,2008-11-15 03:00:00,TS,14.4,82.6,43.0,USA,991.0,USA
2008317N11089,2008,NI,BB,KHAI-MUK,2008-11-15 06:00:00,TS,14.4,82.5,40.0,USA,993.0,USA
2008317N11089,2008,NI,BB,KHAI-MUK,2008-11-15 09:00:00,TS,14.4,82.0,40.0,USA,993.0,USA
2008317N11089,2008,NI,BB,KHAI-MUK,2008-11-15 12:00:00,TS,14.5,81.6,40.0,USA,993.0,USA
2008317N11089,2008,NI,BB,KHAI-MUK,2008-11-15 15:00:00,TS,14.5,81.1,40.0,USA,993.0,USA
2008317N11089,2008,NI,BB,KHAI-MUK,2008-11-15 18:00:00,TS,14.8,80.6,40.0,USA,993.0,USA
2008317N11089,2008,NI,BB,KHAI-MUK,2008-11-15 21:00:00,TS,14.9,80.2,38.0,USA,995.0,USA
2008317N11089,2008,NI,BB,KHAI-MUK,2008-11-16 00:00:00,TS,15.1,79.7,35.0,USA,996.0,USA
2008317N11089,2008,NI,BB,KHAI-MUK,2008-11-16 03:00:00,TS,15.2,79.0,30.0,USA,1000.0,USA
2008317N11089,2008,NI,BB,KHAI-MUK,2008-11-16 06:00:00,TS,15.4,78.8,25.0,USA,1004.0,USA
2008329N09082,2008,NI,BB,NISHA,2008-11-24 06:00:00,DS,8.7,81.8,15.0,USA,1010.0,USA
2008329N09082,2008,NI,BB,NISHA,2008-11-24 09:00:00,DS,8.8,81.5,15.0,USA,1010.0,USA
2008329N09082,2008,NI,BB,NISHA,2008-11-24 12:00:00,DS,8.9,81.3,15.0,USA,1010.0,USA
2008329N09082,2008,NI,BB,NISHA,2008-11-24 15:00:00,DS,9.0,81.2,18.0,USA,1009.0,USA
2008329N09082,2008,NI,BB,NISHA,2008-11-24 18:00:00,DS,9.0,81.1,20.0,USA,1007.0,USA
2008329N09082,2008,NI,BB,NISHA,2008-11-24 21:00:00,DS,9.0,81.0,23.0,USA,1006.0,USA
2008329N09082,2008,NI,BB,NISHA,2008-11-25 00:00:00,TS,9.1,80.9,25.0,USA,1004.0,USA
2008329N09082,2008,NI,BB,NISHA,2008-11-25 03:00:00,TS,9.2,80.8,28.0,USA,1002.0,USA
2008329N09082,2008,NI,BB,NISHA,2008-11-25 06:00:00,TS,9.3,80.7,30.0,USA,1000.0,USA
2008329N09082,2008,NI,BB,NISHA,2008-11-25 09:00:00,TS,9.3,80.7,30.0,USA,1000.0,USA
2008329N09082,2008,NI,BB,NISHA,2008-11-25 12:00:00,TS,9.2,80.7,30.0,USA,1000.0,USA
2008329N09082,2008,NI,BB,NISHA,2008-11-25 15:00:00,TS,9.4,80.7,33.0,USA,998.0,USA
2008329N09082,2008,NI,BB,NISHA,2008-11-25 18:00:00,TS,9.7,80.5,35.0,USA,996.0,USA
2008329N09082,2008,NI,BB,NISHA,2008-11-25 21:00:00,TS,10.0,80.3,40.0,USA,993.0,USA
2008329N09082,2008,NI,BB,NISHA,2008-11-26 00:00:00,TS,10.1,80.4,45.0,USA,989.0,USA
2008329N09082,2008,NI,BB,NISHA,2008-11-26 03:00:00,TS,10.4,80.4,48.0,USA,987.0,USA
2008329N09082,2008,NI,BB,NISHA,2008-11-26 06:00:00,TS,10.6,80.4,50.0,USA,985.0,USA
2008329N09082,2008,NI,BB,NISHA,2008-11-26 09:00:00,TS,10.6,80.3,50.0,USA,985.0,USA
2008329N09082,2008,NI,BB,NISHA,2008-11-26 12:00:00,TS,10.9,80.3,50.0,USA,985.0,USA
2008329N09082,2008,NI,BB,NISHA,2008-11-26 15:00:00,TS,11.0,80.2,50.0,USA,985.0,USA
2008329N09082,2008,NI,BB,NISHA,2008-11-26 18:00:00,TS,11.1,80.2,50.0,USA,985.0,USA
2008329N09082,2008,NI,BB,NISHA,2008-11-26 21:00:00,TS,11.1,80.1,50.0,USA,985.0,USA
2008329N09082,2008,NI,BB,NISHA,2008-11-27 00:00:00,TS,11.3,80.0,50.0,USA,985.0,USA
2008329N09082,2008,NI,BB,NISHA,2008-11-27 03:00:00,TS,11.5,79.6,50.0,USA,985.0,USA
2008329N09082,2008,NI,BB,NISHA,2008-11-27 06:00:00,TS,11.7,79.4,50.0,USA,985.0,USA
2008329N09082,2008,NI,BB,NISHA,2008-11-27 09:00:00,TS,11.8,79.1,45.0,USA,989.0,USA
2008329N09082,2008,NI,BB,NISHA,2008-11-27 12:00:00,TS,11.8,78.6,40.0,USA,993.0,USA
2008329N09082,2008,NI,BB,NISHA,2008-11-27 15:00:00,TS,11.9,78.2,35.0,USA,997.0,USA
2008329N09082,2008,NI,AS,NISHA,2008-11-27 18:00:00,TS,12.1,77.7,30.0,USA,1000.0,USA
2008329N09082,2008,NI,AS,NISHA,2008-11-27 21:00:00,TS,12.3,77.1,25.0,USA,1003.0,USA
2008329N09082,2008,NI,AS,NISHA,2008-11-28 00:00:00,DS,12.5,76.4,20.0,USA,1005.0,USA
2008338N06092,2008,NI,BB,UNNAMED,2008-12-03 00:00:00,DS,5.8,91.5,20.0,USA,1007.0,USA
2008338N06092,2008,NI,BB,UNNAMED,2008-12-03 03:00:00,DS,5.9,91.4,20.0,USA,1007.0,USA
2008338N06092,2008,NI,BB,UNNAMED,2008-12-03 06:00:00,DS,5.9,91.3,20.0,USA,1007.0,USA
2008338N06092,2008,NI,BB,UNNAMED,2008-12-03 09:00:00,DS,5.9,91.2,23.0,USA,1006.0,USA
2008338N06092,2008,NI,BB,UNNAMED,2008-12-03 12:00:00,TS,6.0,91.1,25.0,USA,1004.0,USA
2008338N06092,2008,NI,BB,UNNAMED,2008-12-03 15:00:00,TS,6.1,91.0,28.0,USA,1005.0,USA
2008338N06092,2008,NI,BB,UNNAMED,2008-12-03 18:00:00,TS,6.2,90.8,30.0,USA,1006.0,USA
2008338N06092,2008,NI,BB,UNNAMED,2008-12-03 21:00:00,TS,6.3,90.6,30.0,USA,1003.0,USA
2008338N06092,2008,NI,BB,UNNAMED,2008-12-04 00:00:00,TS,6.4,90.5,30.0,USA,1000.0,USA
2008338N06092,2008,NI,BB,UNNAMED,2008-12-04 03:00:00,TS,6.5,90.3,30.0,USA,1000.0,USA
2008338N06092,2008,NI,BB,UNNAMED,2008-12-04 06:00:00,TS,6.7,90.0,30.0,USA,1000.0,USA
2008338N06092,2008,NI,BB,UNNAMED,2008-12-04 09:00:00,TS,6.9,89.8,30.0,USA,1000.0,USA
2008338N06092,2008,NI,BB,UNNAMED,2008-12-04 12:00:00,TS,7.1,89.6,30.0,USA,1000.0,USA
2008338N06092,2008,NI,BB,UNNAMED,2008-12-04 15:00:00,TS,7.1,89.4,30.0,USA,1000.0,USA
2008338N06092,2008,NI,BB,UNNAMED,2008-12-04 18:00:00,TS,7.3,89.1,30.0,USA,1000.0,USA
2008338N06092,2008,NI,BB,UNNAMED,2008-12-04 21:00:00,TS,7.5,88.8,30.0,USA,1000.0,USA
2008338N06092,2008,NI,BB,UNNAMED,2008-12-05 00:00:00,TS,7.7,88.6,30.0,USA,1000.0,USA
2008338N06092,2008,NI,BB,UNNAMED,2008-12-05 03:00:00,TS,7.7,88.5,33.0,USA,998.0,USA
2008338N06092,2008,NI,BB,UNNAMED,2008-12-05 06:00:00,TS,7.9,88.2,35.0,USA,996.0,USA
2008338N06092,2008,NI,BB,UNNAMED,2008-12-05 09:00:00,TS,8.2,87.9,35.0,USA,996.0,USA
2008338N06092,2008,NI,BB,UNNAMED,2008-12-05 12:00:00,TS,8.6,87.5,35.0,USA,996.0,USA
2008338N06092,2008,NI,BB,UNNAMED,2008-12-05 15:00:00,TS,8.6,87.1,35.0,USA,996.0,USA
2008338N06092,2008,NI,BB,UNNAMED,2008-12-05 18:00:00,TS,8.6,86.7,35.0,USA,996.0,USA
2008338N06092,2008,NI,BB,UNNAMED,2008-12-05 21:00:00,TS,8.5,86.2,35.0,USA,996.0,USA
2008338N06092,2008,NI,BB,UNNAMED,2008-12-06 00:00:00,TS,8.4,85.6,35.0,USA,996.0,USA
2008338N06092,2008,NI,BB,UNNAMED,2008-12-06 03:00:00,TS,8.3,85.1,35.0,USA,996.0,USA
2008338N06092,2008,NI,BB,UNNAMED,2008-12-06 06:00:00,TS,8.3,84.8,35.0,USA,996.0,USA
2008338N06092,2008,NI,BB,UNNAMED,2008-12-06 09:00:00,TS,8.2,84.5,35.0,USA,996.0,USA
2008338N06092,2008,NI,BB,UNNAMED,2008-12-06 12:00:00,TS,8.2,84.1,35.0,USA,996.0,USA
2008338N06092,2008,NI,BB,UNNAMED,2008-12-06 15:00:00,TS,8.2,83.8,33.0,USA,998.0,USA
2008338N06092,2008,NI,BB,UNNAMED,2008-12-06 18:00:00,TS,8.2,83.6,30.0,USA,1000.0,USA
2008338N06092,2008,NI,BB,UNNAMED,2008-12-06 21:00:00,TS,8.1,83.3,28.0,USA,1002.0,USA
2008338N06092,2008,NI,BB,UNNAMED,2008-12-07 00:00:00,TS,8.2,83.1,25.0,USA,1004.0,USA
2008338N06092,2008,NI,BB,UNNAMED,2008-12-07 03:00:00,TS,8.1,82.8,25.0,USA,1004.0,USA
2008338N06092,2008,NI,BB,UNNAMED,2008-12-07 06:00:00,TS,8.1,82.6,25.0,USA,1004.0,USA
2008338N06092,2008,NI,BB,UNNAMED,2008-12-07 09:00:00,TS,8.0,82.3,25.0,USA,1004.0,USA
2008338N06092,2008,NI,BB,UNNAMED,2008-12-07 12:00:00,TS,7.9,81.9,25.0,USA,1004.0,USA
2008338N06092,2008,NI,BB,UNNAMED,2008-12-07 15:00:00,TS,7.7,81.5,25.0,USA,1004.0,USA
2008338N06092,2008,NI,BB,UNNAMED,2008-12-07 18:00:00,TS,7.5,81.0,25.0,USA,1004.0,USA
2008338N06092,2008,NI,BB,UNNAMED,2008-12-07 21:00:00,TS,7.3,80.4,25.0,USA,1004.0,USA
2008338N06092,2008,NI,BB,UNNAMED,2008-12-08 00:00:00,TS,7.0,79.9,25.0,USA,1004.0,USA
2008338N06092,2008,NI,BB,UNNAMED,2008-12-08 03:00:00,TS,6.8,79.4,25.0,USA,1004.0,USA
2008338N06092,2008,NI,BB,UNNAMED,2008-12-08 06:00:00,TS,6.7,79.1,25.0,USA,1004.0,USA
2008338N06092,2008,NI,BB,UNNAMED,2008-12-08 09:00:00,TS,6.5,78.9,25.0,USA,1004.0,USA
2008338N06092,2008,NI,BB,UNNAMED,2008-12-08 12:00:00,TS,6.4,78.7,25.0,USA,1004.0,USA
2008338N06092,2008,NI,BB,UNNAMED,2008-12-08 15:00:00,TS,6.5,78.4,25.0,USA,1004.0,USA
2008338N06092,2008,NI,BB,UNNAMED,2008-12-08 18:00:00,TS,6.6,78.1,25.0,USA,1004.0,USA
2008338N06092,2008,NI,AS,UNNAMED,2008-12-08 21:00:00,TS,6.7,77.7,23.0,USA,1006.0,USA
2008338N06092,2008,NI,AS,UNNAMED,2008-12-09 00:00:00,DS,6.7,77.3,20.0,USA,1007.0,USA
2008338N06092,2008,NI,AS,UNNAMED,2008-12-09 03:00:00,DS,6.7,76.9,18.0,USA,1009.0,USA
2008338N06092,2008,NI,AS,UNNAMED,2008-12-09 06:00:00,DS,6.7,76.5,15.0,USA,1010.0,USA
2008338N06092,2008,NI,AS,UNNAMED,2008-12-09 09:00:00,DS,6.7,75.9,15.0,USA,1010.0,USA
2008338N06092,2008,NI,AS,UNNAMED,2008-12-09 12:00:00,DS,6.7,75.3,15.0,USA,1010.0,USA
2008338N06092,2008,NI,AS,UNNAMED,2008-12-09 15:00:00,DS,6.9,74.6,15.0,USA,1010.0,USA
2008338N06092,2008,NI,AS,UNNAMED,2008-12-09 18:00:00,DS,7.1,73.9,15.0,USA,1010.0,USA
2009104N13088,2009,NI,BB,BIJLI,2009-04-14 00:00:00,DS,12.6,87.7,25.0,USA,1004.0,USA
2009104N13088,2009,NI,BB,BIJLI,2009-04-14 03:00:00,DS,12.7,87.9,28.0,USA,1002.0,USA
2009104N13088,2009,NI,BB,BIJLI,2009-04-14 06:00:00,TS,12.7,88.1,30.0,USA,1000.0,USA
2009104N13088,2009,NI,BB,BIJLI,2009-04-14 09:00:00,TS,12.5,88.1,30.0,USA,1000.0,USA
2009104N13088,2009,NI,BB,BIJLI,2009-04-14 12:00:00,TS,12.4,87.9,30.0,USA,1000.0,USA
2009104N13088,2009,NI,BB,BIJLI,2009-04-14 15:00:00,TS,12.4,87.8,30.0,USA,1000.0,USA
2009104N13088,2009,NI,BB,BIJLI,2009-04-14 18:00:00,TS,12.5,87.7,30.0,USA,1000.0,USA
2009104N13088,2009,NI,BB,BIJLI,2009-04-14 21:00:00,TS,12.8,87.7,30.0,USA,1000.0,USA
2009104N13088,2009,NI,BB,BIJLI,2009-04-15 00:00:00,TS,13.3,87.7,30.0,USA,1000.0,USA
2009104N13088,2009,NI,BB,BIJLI,2009-04-15 03:00:00,TS,13.9,87.3,33.0,USA,998.0,USA
2009104N13088,2009,NI,BB,BIJLI,2009-04-15 06:00:00,TS,14.5,87.1,35.0,USA,996.0,USA
2009104N13088,2009,NI,BB,BIJLI,2009-04-15 09:00:00,TS,15.0,86.7,38.0,USA,995.0,USA
2009104N13088,2009,NI,BB,BIJLI,2009-04-15 12:00:00,TS,15.4,86.3,40.0,USA,993.0,USA
2009104N13088,2009,NI,BB,BIJLI,2009-04-15 15:00:00,TS,15.8,86.2,40.0,USA,993.0,USA
2009104N13088,2009,NI,BB,BIJLI,2009-04-15 18:00:00,TS,16.2,86.2,40.0,USA,993.0,USA
2009104N13088,2009,NI,BB,BIJLI,2009-04-15 21:00:00,TS,16.3,86.2,43.0,USA,991.0,USA
2009104N13088,2009,NI,BB,BIJLI,2009-04-16 00:00:00,TS,16.7,86.0,45.0,USA,989.0,USA
2009104N13088,2009,NI,BB,BIJLI,2009-04-16 03:00:00,TS,17.1,86.0,45.0,USA,989.0,USA
2009104N13088,2009,NI,BB,BIJLI,2009-04-16 06:00:00,TS,17.6,86.1,45.0,USA,989.0,USA
2009104N13088,2009,NI,BB,BIJLI,2009-04-16 09:00:00,TS,18.0,86.2,48.0,USA,987.0,USA
2009104N13088,2009,NI,BB,BIJLI,2009-04-16 12:00:00,TS,18.5,86.6,50.0,USA,985.0,USA
2009104N13088,2009,NI,BB,BIJLI,2009-04-16 15:00:00,TS,18.6,86.7,50.0,USA,985.0,USA
2009104N13088,2009,NI,BB,BIJLI,2009-04-16 18:00:00,TS,19.3,87.1,50.0,USA,985.0,USA
2009104N13088,2009,NI,BB,BIJLI,2009-04-16 21:00:00,TS,19.8,87.6,50.0,USA,985.0,USA
2009104N13088,2009,NI,BB,BIJLI,2009-04-17 00:00:00,TS,20.3,88.1,50.0,USA,985.0,USA
2009104N13088,2009,NI,BB,BIJLI,2009-04-17 03:00:00,TS,20.5,88.6,50.0,USA,985.0,USA
2009104N13088,2009,NI,BB,BIJLI,2009-04-17 06:00:00,TS,20.9,89.2,50.0,USA,985.0,USA
2009104N13088,2009,NI,BB,BIJLI,2009-04-17 09:00:00,TS,21.3,89.8,48.0,USA,987.0,USA
2009104N13088,2009,NI,BB,BIJLI,2009-04-17 12:00:00,TS,21.4,90.4,45.0,USA,989.0,USA
2009104N13088,2009,NI,BB,BIJLI,2009-04-17 15:00:00,TS,21.7,91.3,45.0,USA,989.0,USA
2009104N13088,2009,NI,BB,BIJLI,2009-04-17 18:00:00,TS,21.9,91.8,45.0,USA,989.0,USA
2009104N13088,2009,NI,BB,BIJLI,2009-04-17 21:00:00,TS,22.1,92.4,43.0,USA,991.0,USA
2009104N13088,2009,NI,BB,BIJLI,2009-04-18 00:00:00,TS,22.4,93.1,40.0,USA,993.0,USA
2009143N17089,2009,NI,BB,AILA,2009-05-22 18:00:00,DS,16.9,88.8,25.0,USA,1004.0,USA
2009143N17089,2009,NI,BB,AILA,2009-05-22 21:00:00,DS,16.7,88.8,25.0,USA,1004.0,USA
2009143N17089,2009,NI,BB,AILA,2009-05-23 00:00:00,DS,16.7,88.8,25.0,USA,1004.0,USA
2009143N17089,2009,NI,BB,AILA,2009-05-23 03:00:00,DS,16.8,88.9,28.0,USA,1001.0,USA
2009143N17089,2009,NI,BB,AILA,2009-05-23 06:00:00,TS,16.9,88.8,30.0,USA,998.0,USA
2009143N17089,2009,NI,BB,AILA,2009-05-23 09:00:00,TS,16.9,88.6,30.0,USA,998.0,USA
2009143N17089,2009,NI,BB,AILA,2009-05-23 12:00:00,TS,16.9,88.5,30.0,USA,998.0,USA
2009143N17089,2009,NI,BB,AILA,2009-05-23 15:00:00,TS,17.1,88.5,30.0,USA,997.0,USA
2009143N17089,2009,NI,BB,AILA,2009-05-23 18:00:00,TS,17.3,88.6,30.0,USA,996.0,USA
2009143N17089,2009,NI,BB,AILA,2009-05-23 21:00:00,TS,17.2,88.6,33.0,USA,995.0,USA
2009143N17089,2009,NI,BB,AILA,2009-05-24 00:00:00,TS,17.4,88.5,35.0,USA,994.0,USA
2009143N17089,2009,NI,BB,AILA,2009-05-24 03:00:00,TS,17.9,88.4,35.0,USA,993.0,USA
2009143N17089,2009,NI,BB,AILA,2009-05-24 06:00:00,TS,18.0,88.4,35.0,USA,992.0,USA
2009143N17089,2009,NI,BB,AILA,2009-05-24 09:00:00,TS,18.1,88.3,40.0,USA,991.0,USA
2009143N17089,2009,NI,BB,AILA,2009-05-24 12:00:00,TS,18.5,88.3,45.0,USA,989.0,USA
2009143N17089,2009,NI,BB,AILA,2009-05-24 15:00:00,TS,18.9,88.3,48.0,USA,987.0,USA
2009143N17089,2009,NI,BB,AILA,2009-05-24 18:00:00,TS,19.1,88.3,50.0,USA,985.0,USA
2009143N17089,2009,NI,BB,AILA,2009-05-24 21:00:00,TS,19.7,88.0,53.0,USA,984.0,USA
2009143N17089,2009,NI,BB,AILA,2009-05-25 00:00:00,TS,20.0,88.1,55.0,USA,982.0,USA
2009143N17089,2009,NI,BB,AILA,2009-05-25 03:00:00,TS,20.6,88.1,60.0,USA,978.0,USA
2009143N17089,2009,NI,BB,AILA,2009-05-25 06:00:00,TS,21.6,88.2,65.0,USA,974.0,USA
2009143N17089,2009,NI,BB,AILA,2009-05-25 09:00:00,TS,22.1,88.2,60.0,USA,978.0,USA
2009143N17089,2009,NI,BB,AILA,2009-05-25 12:00:00,TS,22.7,88.2,55.0,USA,982.0,USA
2009143N17089,2009,NI,BB,AILA,2009-05-25 15:00:00,TS,23.3,88.2,48.0,USA,988.0,USA
2009143N17089,2009,NI,BB,AILA,2009-05-25 18:00:00,TS,23.9,88.3,40.0,USA,993.0,USA
2009143N17089,2009,NI,BB,AILA,2009-05-25 21:00:00,TS,24.5,88.3,35.0,USA,997.0,USA
2009143N17089,2009,NI,BB,AILA,2009-05-26 00:00:00,TS,25.4,88.4,30.0,USA,1000.0,USA
2009143N17089,2009,NI,BB,AILA,2009-05-26 03:00:00,TS,25.9,88.4,23.0,USA,1005.0,USA
2009143N17089,2009,NI,BB,AILA,2009-05-26 06:00:00,MX,26.9,88.8,15.0,USA,1010.0,USA
2009174N18072,2009,NI,AS,UNNAMED,2009-06-23 00:00:00,TS,18.0,71.5,25.0,NEWDELHI,998.0,NEWDELHI
2009174N18072,2009,NI,AS,UNNAMED,2009-06-23 03:00:00,TS,19.0,71.5,25.0,NEWDELHI,1000.0,NEWDELHI
2009174N18072,2009,NI,AS,UNNAMED,2009-06-23 06:00:00,TS,19.0,71.5,25.0,NEWDELHI,1000.0,NEWDELHI
2009174N18072,2009,NI,AS,UNNAMED,2009-06-23 09:00:00,TS,20.0,71.5,25.0,NEWDELHI,1000.0,NEWDELHI
2009174N18072,2009,NI,AS,UNNAMED,2009-06-23 12:00:00,TS,20.5,71.0,25.0,NEWDELHI,998.0,NEWDELHI
2009174N18072,2009,NI,AS,UNNAMED,2009-06-23 15:00:00,TS,21.0,71.0,25.0,NEWDELHI,998.0,NEWDELHI
2009174N18072,2009,NI,AS,UNNAMED,2009-06-23 18:00:00,TS,21.3,71.0,25.0,NEWDELHI,998.0,NEWDELHI
2009174N18072,2009,NI,AS,UNNAMED,2009-06-23 21:00:00,TS,21.4,70.8,25.0,NEWDELHI,998.0,NEWDELHI
2009174N18072,2009,NI,AS,UNNAMED,2009-06-24 00:00:00,TS,21.5,70.5,25.0,NEWDELHI,998.0,NEWDELHI
2009176N23069,2009,NI,AS,UNNAMED,2009-06-25 09:00:00,TS,22.5,68.5,25.0,NEWDELHI,996.0,NEWDELHI
2009176N23069,2009,NI,AS,UNNAMED,2009-06-25 12:00:00,TS,22.5,68.5,25.0,NEWDELHI,996.0,NEWDELHI
2009176N23069,2009,NI,AS,UNNAMED,2009-06-25 15:00:00,TS,22.8,68.5,25.0,NEWDELHI,996.0,NEWDELHI
2009176N23069,2009,NI,AS,UNNAMED,2009-06-25 18:00:00,TS,23.0,68.5,25.0,NEWDELHI,996.0,NEWDELHI
2009201N21089,2009,NI,BB,UNNAMED,2009-07-20 03:00:00,TS,21.0,88.5,25.0,NEWDELHI,992.0,NEWDELHI
2009201N21089,2009,NI,BB,UNNAMED,2009-07-20 06:00:00,TS,21.0,88.5,25.0,NEWDELHI,992.0,NEWDELHI
2009201N21089,2009,NI,BB,UNNAMED,2009-07-20 09:00:00,TS,21.0,88.3,28.0,NEWDELHI,990.0,NEWDELHI
2009201N21089,2009,NI,BB,UNNAMED,2009-07-20 12:00:00,TS,21.0,88.0,30.0,NEWDELHI,988.0,NEWDELHI
2009201N21089,2009,NI,BB,UNNAMED,2009-07-20 15:00:00,TS,21.2,87.6,30.0,NEWDELHI,990.0,NEWDELHI
2009201N21089,2009,NI,BB,UNNAMED,2009-07-20 18:00:00,TS,21.5,87.0,30.0,NEWDELHI,992.0,NEWDELHI
2009201N21089,2009,NI,BB,UNNAMED,2009-07-20 21:00:00,TS,21.8,86.0,30.0,NEWDELHI,992.0,NEWDELHI
2009201N21089,2009,NI,BB,UNNAMED,2009-07-21 00:00:00,TS,22.0,85.0,30.0,NEWDELHI,992.0,NEWDELHI
2009201N21089,2009,NI,BB,UNNAMED,2009-07-21 03:00:00,TS,22.0,84.5,30.0,NEWDELHI,992.0,NEWDELHI
2009201N21089,2009,NI,BB,UNNAMED,2009-07-21 06:00:00,TS,22.0,84.0,25.0,NEWDELHI,994.0,NEWDELHI
2009247N19089,2009,NI,BB,UNNAMED,2009-09-03 18:00:00,DS,19.4,88.8,15.0,USA,1010.0,USA
2009247N19089,2009,NI,BB,UNNAMED,2009-09-03 21:00:00,DS,19.5,88.6,18.0,USA,1009.0,USA
2009247N19089,2009,NI,BB,UNNAMED,2009-09-04 00:00:00,DS,19.5,88.4,20.0,USA,1007.0,USA
2009247N19089,2009,NI,BB,UNNAMED,2009-09-04 03:00:00,DS,19.5,88.2,20.0,USA,1007.0,USA
2009247N19089,2009,NI,BB,UNNAMED,2009-09-04 06:00:00,DS,19.6,88.0,20.0,USA,1007.0,USA
2009247N19089,2009,NI,BB,UNNAMED,2009-09-04 09:00:00,DS,19.7,87.9,20.0,USA,1007.0,USA
2009247N19089,2009,NI,BB,UNNAMED,2009-09-04 12:00:00,DS,19.9,87.8,20.0,USA,1007.0,USA
2009247N19089,2009,NI,BB,UNNAMED,2009-09-04 15:00:00,DS,20.1,87.8,23.0,USA,1002.0,USA
2009247N19089,2009,NI,BB,UNNAMED,2009-09-04 18:00:00,TS,20.4,87.9,25.0,USA,997.0,USA
2009247N19089,2009,NI,BB,UNNAMED,2009-09-04 21:00:00,TS,20.6,88.1,28.0,USA,997.0,USA
2009247N19089,2009,NI,BB,UNNAMED,2009-09-05 00:00:00,TS,20.8,88.2,30.0,USA,996.0,USA
2009247N19089,2009,NI,BB,UNNAMED,2009-09-05 03:00:00,TS,21.2,88.0,33.0,USA,996.0,USA
2009247N19089,2009,NI,BB,UNNAMED,2009-09-05 06:00:00,TS,21.6,88.1,35.0,USA,996.0,USA
2009247N19089,2009,NI,BB,UNNAMED,2009-09-05 09:00:00,TS,22.0,87.7,38.0,USA,995.0,USA
2009247N19089,2009,NI,BB,UNNAMED,2009-09-05 12:00:00,TS,22.4,87.6,40.0,USA,993.0,USA
2009247N19089,2009,NI,BB,UNNAMED,2009-09-05 15:00:00,TS,22.6,87.4,38.0,USA,995.0,USA
2009247N19089,2009,NI,BB,UNNAMED,2009-09-05 18:00:00,TS,22.8,87.1,35.0,USA,996.0,USA
2009247N19089,2009,NI,BB,UNNAMED,2009-09-05 21:00:00,TS,22.9,86.9,33.0,USA,998.0,USA
2009247N19089,2009,NI,BB,UNNAMED,2009-09-06 00:00:00,TS,23.1,86.6,30.0,USA,1000.0,USA
2009247N19089,2009,NI,BB,UNNAMED,2009-09-06 03:00:00,TS,23.4,86.2,30.0,USA,1000.0,USA
2009247N19089,2009,NI,BB,UNNAMED,2009-09-06 06:00:00,TS,23.4,85.9,30.0,USA,1000.0,USA
2009247N19089,2009,NI,BB,UNNAMED,2009-09-06 09:00:00,TS,23.5,85.7,28.0,USA,1002.0,USA
2009247N19089,2009,NI,BB,UNNAMED,2009-09-06 12:00:00,MX,23.8,85.3,25.0,USA,1004.0,USA
2009247N19089,2009,NI,BB,UNNAMED,2009-09-06 15:00:00,MX,24.0,84.9,25.0,USA,1004.0,USA
2009247N19089,2009,NI,BB,UNNAMED,2009-09-06 18:00:00,MX,24.1,84.7,25.0,USA,1004.0,USA
2009247N19089,2009,NI,BB,UNNAMED,2009-09-06 21:00:00,MX,24.3,84.3,20.0,USA,1007.0,USA
2009247N19089,2009,NI,BB,UNNAMED,2009-09-07 00:00:00,MX,24.4,84.1,15.0,USA,1010.0,USA
2009247N19089,2009,NI,BB,UNNAMED,2009-09-07 03:00:00,TS,24.5,84.0,30.0,NEWDELHI,990.0,NEWDELHI
2009247N19089,2009,NI,BB,UNNAMED,2009-09-07 06:00:00,TS,24.5,84.0,28.0,NEWDELHI,992.0,NEWDELHI
2009247N19089,2009,NI,BB,UNNAMED,2009-09-07 09:00:00,TS,24.5,84.0,25.0,NEWDELHI,994.0,NEWDELHI
2009313N11072,2009,NI,AS,PHYAN,2009-11-09 03:00:00,TS,11.0,72.0,25.0,NEWDELHI,1000.0,NEWDELHI
2009313N11072,2009,NI,AS,PHYAN,2009-11-09 06:00:00,MX,11.6,71.4,20.0,USA,1007.0,USA
2009313N11072,2009,NI,AS,PHYAN,2009-11-09 09:00:00,MX,11.9,71.2,25.0,USA,1004.0,USA
2009313N11072,2009,NI,AS,PHYAN,2009-11-09 12:00:00,TS,12.1,71.1,30.0,USA,1000.0,USA
2009313N11072,2009,NI,AS,PHYAN,2009-11-09 15:00:00,TS,12.4,70.9,33.0,USA,998.0,USA
2009313N11072,2009,NI,AS,PHYAN,2009-11-09 18:00:00,TS,12.7,70.8,35.0,USA,996.0,USA
2009313N11072,2009,NI,AS,PHYAN,2009-11-09 21:00:00,TS,13.0,70.8,35.0,USA,996.0,USA
2009313N11072,2009,NI,AS,PHYAN,2009-11-10 00:00:00,TS,13.4,70.8,35.0,USA,996.0,USA
2009313N11072,2009,NI,AS,PHYAN,2009-11-10 03:00:00,TS,13.9,71.0,35.0,USA,996.0,USA
2009313N11072,2009,NI,AS,PHYAN,2009-11-10 06:00:00,TS,14.4,71.2,35.0,USA,996.0,USA
2009313N11072,2009,NI,AS,PHYAN,2009-11-10 09:00:00,TS,14.6,71.2,40.0,USA,993.0,USA
2009313N11072,2009,NI,AS,PHYAN,2009-11-10 12:00:00,TS,15.0,71.3,45.0,USA,989.0,USA
2009313N11072,2009,NI,AS,PHYAN,2009-11-10 15:00:00,TS,15.4,71.6,48.0,USA,987.0,USA
2009313N11072,2009,NI,AS,PHYAN,2009-11-10 18:00:00,TS,15.8,71.8,50.0,USA,985.0,USA
2009313N11072,2009,NI,AS,PHYAN,2009-11-10 21:00:00,TS,16.5,72.2,50.0,USA,985.0,USA
2009313N11072,2009,NI,AS,PHYAN,2009-11-11 00:00:00,TS,17.0,72.6,50.0,USA,985.0,USA
2009313N11072,2009,NI,AS,PHYAN,2009-11-11 03:00:00,TS,17.9,72.7,48.0,USA,987.0,USA
2009313N11072,2009,NI,AS,PHYAN,2009-11-11 06:00:00,TS,18.8,73.3,45.0,USA,989.0,USA
2009313N11072,2009,NI,AS,PHYAN,2009-11-11 09:00:00,TS,19.4,73.7,40.0,USA,993.0,USA
2009313N11072,2009,NI,AS,PHYAN,2009-11-11 12:00:00,TS,19.7,73.9,35.0,USA,996.0,USA
2009344N06085,2009,NI,BB,WARD,2009-12-10 09:00:00,TS,6.5,85.0,25.0,NEWDELHI,1004.0,NEWDELHI
2009344N06085,2009,NI,BB,WARD,2009-12-10 12:00:00,TS,6.5,85.0,25.0,NEWDELHI,1004.0,NEWDELHI
2009344N06085,2009,NI,BB,WARD,2009-12-10 15:00:00,TS,6.5,85.0,25.0,NEWDELHI,1004.0,NEWDELHI
2009344N06085,2009,NI,BB,WARD,2009-12-10 18:00:00,MX,6.7,85.0,20.0,USA,1007.0,USA
2009344N06085,2009,NI,BB,WARD,2009-12-10 21:00:00,MX,7.1,84.8,23.0,USA,1006.0,USA
2009344N06085,2009,NI,BB,WARD,2009-12-11 00:00:00,TS,7.4,84.6,25.0,USA,1004.0,USA
2009344N06085,2009,NI,BB,WARD,2009-12-11 03:00:00,TS,7.7,84.7,28.0,USA,1002.0,USA
2009344N06085,2009,NI,BB,WARD,2009-12-11 06:00:00,TS,8.4,84.7,30.0,USA,1000.0,USA
2009344N06085,2009,NI,BB,WARD,2009-12-11 09:00:00,TS,8.7,84.8,35.0,USA,997.0,USA
2009344N06085,2009,NI,BB,WARD,2009-12-11 12:00:00,TS,8.8,84.9,40.0,USA,993.0,USA
2009344N06085,2009,NI,BB,WARD,2009-12-11 15:00:00,TS,9.2,84.9,43.0,USA,991.0,USA
2009344N06085,2009,NI,BB,WARD,2009-12-11 18:00:00,TS,9.3,84.8,45.0,USA,989.0,USA
2009344N06085,2009,NI,BB,WARD,2009-12-11 21:00:00,TS,9.6,84.7,45.0,USA,989.0,USA
2009344N06085,2009,NI,BB,WARD,2009-12-12 00:00:00,TS,9.9,84.6,45.0,USA,989.0,USA
2009344N06085,2009,NI,BB,WARD,2009-12-12 03:00:00,TS,9.9,84.5,45.0,USA,989.0,USA
2009344N06085,2009,NI,BB,WARD,2009-12-12 06:00:00,TS,10.0,84.4,45.0,USA,989.0,USA
2009344N06085,2009,NI,BB,WARD,2009-12-12 09:00:00,TS,9.9,84.0,45.0,USA,989.0,USA
2009344N06085,2009,NI,BB,WARD,2009-12-12 12:00:00,TS,9.9,83.7,45.0,USA,989.0,USA
2009344N06085,2009,NI,BB,WARD,2009-12-12 15:00:00,TS,9.7,83.6,45.0,USA,989.0,USA
2009344N06085,2009,NI,BB,WARD,2009-12-12 18:00:00,TS,9.4,83.5,45.0,USA,989.0,USA
2009344N06085,2009,NI,BB,WARD,2009-12-12 21:00:00,TS,9.3,83.3,43.0,USA,991.0,USA
2009344N06085,2009,NI,BB,WARD,2009-12-13 00:00:00,TS,9.3,83.2,40.0,USA,993.0,USA
2009344N06085,2009,NI,BB,WARD,2009-12-13 03:00:00,TS,9.3,83.1,38.0,USA,995.0,USA
2009344N06085,2009,NI,BB,WARD,2009-12-13 06:00:00,TS,9.0,83.0,35.0,USA,996.0,USA
2009344N06085,2009,NI,BB,WARD,2009-12-13 09:00:00,TS,8.9,82.9,35.0,USA,996.0,USA
2009344N06085,2009,NI,BB,WARD,2009-12-13 12:00:00,TS,9.0,82.8,35.0,USA,996.0,USA
2009344N06085,2009,NI,BB,WARD,2009-12-13 15:00:00,TS,8.9,82.6,35.0,USA,996.0,USA
2009344N06085,2009,NI,BB,WARD,2009-12-13 18:00:00,TS,9.0,82.3,35.0,USA,996.0,USA
2009344N06085,2009,NI,BB,WARD,2009-12-13 21:00:00,TS,9.0,82.1,33.0,USA,998.0,USA
2009344N06085,2009,NI,BB,WARD,2009-12-14 00:00:00,TS,9.0,81.8,30.0,USA,1000.0,USA
2009344N06085,2009,NI,BB,WARD,2009-12-14 03:00:00,TS,8.6,81.5,30.0,USA,1000.0,USA
2009344N06085,2009,NI,BB,WARD,2009-12-14 06:00:00,TS,8.5,81.5,30.0,USA,1000.0,USA
2009344N06085,2009,NI,BB,WARD,2009-12-14 09:00:00,TS,8.5,81.2,28.0,USA,1002.0,USA
2009344N06085,2009,NI,BB,WARD,2009-12-14 12:00:00,MX,8.5,81.1,25.0,USA,1004.0,USA
2009344N06085,2009,NI,BB,WARD,2009-12-14 15:00:00,MX,8.5,81.1,20.0,USA,1007.0,USA
2009344N06085,2009,NI,BB,WARD,2009-12-14 18:00:00,MX,8.5,81.0,15.0,USA,1010.0,USA
2009344N06085,2009,NI,BB,WARD,2009-12-14 21:00:00,TS,8.5,80.8,25.0,NEWDELHI,1006.0,NEWDELHI
2009344N06085,2009,NI,BB,WARD,2009-12-15 00:00:00,TS,8.5,80.5,25.0,NEWDELHI,1007.0,NEWDELHI
2010136N09057,2010,NI,AS,BANDU,2010-05-15 12:00:00,DS,9.3,56.5,15.0,USA,1010.0,USA
2010136N09057,2010,NI,AS,BANDU,2010-05-15 15:00:00,DS,9.3,56.8,15.0,USA,1010.0,USA
2010136N09057,2010,NI,AS,BANDU,2010-05-15 18:00:00,DS,9.4,57.0,15.0,USA,1010.0,USA
2010136N09057,2010,NI,AS,BANDU,2010-05-15 21:00:00,DS,9.6,57.1,15.0,USA,1010.0,USA
2010136N09057,2010,NI,AS,BANDU,2010-05-16 00:00:00,DS,9.8,57.0,15.0,USA,1010.0,USA
2010136N09057,2010,NI,AS,BANDU,2010-05-16 03:00:00,DS,9.9,57.0,15.0,USA,1010.0,USA
2010136N09057,2010,NI,AS,BANDU,2010-05-16 06:00:00,DS,10.0,56.8,15.0,USA,1010.0,USA
2010136N09057,2010,NI,AS,BANDU,2010-05-16 09:00:00,DS,10.1,56.4,15.0,USA,1010.0,USA
2010136N09057,2010,NI,AS,BANDU,2010-05-16 12:00:00,DS,10.1,56.1,15.0,USA,1010.0,USA
2010136N09057,2010,NI,AS,BANDU,2010-05-16 15:00:00,DS,10.0,56.0,15.0,USA,1010.0,USA
2010136N09057,2010,NI,AS,BANDU,2010-05-16 18:00:00,DS,9.9,56.0,15.0,USA,1010.0,USA
2010136N09057,2010,NI,AS,BANDU,2010-05-16 21:00:00,DS,9.7,56.2,15.0,USA,1010.0,USA
2010136N09057,2010,NI,AS,BANDU,2010-05-17 00:00:00,DS,9.6,56.6,15.0,USA,1010.0,USA
2010136N09057,2010,NI,AS,BANDU,2010-05-17 03:00:00,DS,9.7,57.0,15.0,USA,1010.0,USA
2010136N09057,2010,NI,AS,BANDU,2010-05-17 06:00:00,DS,9.7,57.3,15.0,USA,1010.0,USA
2010136N09057,2010,NI,AS,BANDU,2010-05-17 09:00:00,DS,9.5,57.5,15.0,USA,1010.0,USA
2010136N09057,2010,NI,AS,BANDU,2010-05-17 12:00:00,DS,9.3,57.6,15.0,USA,1010.0,USA
2010136N09057,2010,NI,AS,BANDU,2010-05-17 15:00:00,DS,9.0,57.5,15.0,USA,1010.0,USA
2010136N09057,2010,NI,AS,BANDU,2010-05-17 18:00:00,DS,8.9,57.3,15.0,USA,1010.0,USA
2010136N09057,2010,NI,AS,BANDU,2010-05-17 21:00:00,DS,9.0,57.0,15.0,USA,1010.0,USA
2010136N09057,2010,NI,AS,BANDU,2010-05-18 00:00:00,DS,9.2,56.7,15.0,USA,1010.0,USA
2010136N09057,2010,NI,AS,BANDU,2010-05-18 03:00:00,DS,9.4,56.6,15.0,USA,1010.0,USA
2010136N09057,2010,NI,AS,BANDU,2010-05-18 06:00:00,DS,9.6,56.5,15.0,USA,1010.0,USA
2010136N09057,2010,NI,AS,BANDU,2010-05-18 09:00:00,DS,9.9,56.3,15.0,USA,1010.0,USA
2010136N09057,2010,NI,AS,BANDU,2010-05-18 12:00:00,DS,10.2,56.1,15.0,USA,1010.0,USA
2010136N09057,2010,NI,AS,BANDU,2010-05-18 15:00:00,DS,10.4,55.8,18.0,USA,1009.0,USA
2010136N09057,2010,NI,AS,BANDU,2010-05-18 18:00:00,DS,10.6,55.4,20.0,USA,1007.0,USA
2010136N09057,2010,NI,AS,BANDU,2010-05-18 21:00:00,DS,10.8,54.9,23.0,USA,1006.0,USA
2010136N09057,2010,NI,AS,BANDU,2010-05-19 00:00:00,TS,10.9,54.5,25.0,USA,1004.0,USA
2010136N09057,2010,NI,AS,BANDU,2010-05-19 03:00:00,TS,11.0,54.2,28.0,USA,1002.0,USA
2010136N09057,2010,NI,AS,BANDU,2010-05-19 06:00:00,TS,11.1,54.0,30.0,USA,1000.0,USA
2010136N09057,2010,NI,AS,BANDU,2010-05-19 09:00:00,TS,11.1,53.8,33.0,USA,998.0,USA
2010136N09057,2010,NI,AS,BANDU,2010-05-19 12:00:00,TS,11.2,53.7,35.0,USA,996.0,USA
2010136N09057,2010,NI,AS,BANDU,2010-05-19 15:00:00,TS,11.4,53.4,35.0,USA,996.0,USA
2010136N09057,2010,NI,AS,BANDU,2010-05-19 18:00:00,TS,11.5,53.3,35.0,USA,996.0,USA
2010136N09057,2010,NI,AS,BANDU,2010-05-19 21:00:00,TS,11.5,53.0,38.0,USA,995.0,USA
2010136N09057,2010,NI,AS,BANDU,2010-05-20 00:00:00,TS,11.6,53.0,40.0,USA,993.0,USA
2010136N09057,2010,NI,AS,BANDU,2010-05-20 03:00:00,TS,11.7,52.9,40.0,USA,993.0,USA
2010136N09057,2010,NI,AS,BANDU,2010-05-20 06:00:00,TS,11.8,52.9,40.0,USA,993.0,USA
2010136N09057,2010,NI,AS,BANDU,2010-05-20 09:00:00,TS,12.1,52.8,43.0,USA,991.0,USA
2010136N09057,2010,NI,AS,BANDU,2010-05-20 12:00:00,TS,12.4,52.5,45.0,USA,989.0,USA
2010136N09057,2010,NI,AS,BANDU,2010-05-20 15:00:00,TS,12.5,52.2,45.0,USA,989.0,USA
2010136N09057,2010,NI,AS,BANDU,2010-05-20 18:00:00,TS,12.5,51.9,45.0,USA,989.0,USA
2010136N09057,2010,NI,AS,BANDU,2010-05-20 21:00:00,TS,12.5,51.8,45.0,USA,989.0,USA
2010136N09057,2010,NI,AS,BANDU,2010-05-21 00:00:00,TS,12.5,51.8,45.0,USA,989.0,USA
2010136N09057,2010,NI,AS,BANDU,2010-05-21 03:00:00,TS,12.6,51.7,50.0,USA,986.0,USA
2010136N09057,2010,NI,AS,BANDU,2010-05-21 06:00:00,TS,12.6,51.7,55.0,USA,982.0,USA
2010136N09057,2010,NI,AS,BANDU,2010-05-21 09:00:00,TS,12.6,51.7,55.0,USA,982.0,USA
2010136N09057,2010,NI,AS,BANDU,2010-05-21 12:00:00,TS,12.7,51.7,55.0,USA,982.0,USA
2010136N09057,2010,NI,AS,BANDU,2010-05-21 15:00:00,TS,12.6,51.7,53.0,USA,984.0,USA
2010136N09057,2010,NI,AS,BANDU,2010-05-21 18:00:00,TS,12.6,51.7,50.0,USA,985.0,USA
2010136N09057,2010,NI,AS,BANDU,2010-05-21 21:00:00,TS,12.5,51.3,48.0,USA,987.0,USA
2010136N09057,2010,NI,AS,BANDU,2010-05-22 00:00:00,TS,12.6,51.0,45.0,USA,989.0,USA
2010136N09057,2010,NI,AS,BANDU,2010-05-22 03:00:00,TS,12.5,50.9,43.0,USA,991.0,USA
2010136N09057,2010,NI,AS,BANDU,2010-05-22 06:00:00,TS,12.6,50.9,40.0,USA,993.0,USA
2010136N09057,2010,NI,AS,BANDU,2010-05-22 09:00:00,TS,12.5,50.6,38.0,USA,995.0,USA
2010136N09057,2010,NI,AS,BANDU,2010-05-22 12:00:00,TS,12.6,50.6,35.0,USA,996.0,USA
2010136N09057,2010,NI,AS,BANDU,2010-05-22 15:00:00,TS,12.6,50.5,33.0,USA,998.0,USA
2010136N09057,2010,NI,AS,BANDU,2010-05-22 18:00:00,TS,12.6,50.4,30.0,USA,1000.0,USA
2010137N10090,2010,NI,BB,LAILA,2010-05-16 18:00:00,DS,9.8,90.4,15.0,USA,1010.0,USA
2010137N10090,2010,NI,BB,LAILA,2010-05-16 21:00:00,DS,10.2,90.1,18.0,USA,1009.0,USA
2010137N10090,2010,NI,BB,LAILA,2010-05-17 00:00:00,DS,10.5,89.7,20.0,USA,1007.0,USA
2010137N10090,2010,NI,BB,LAILA,2010-05-17 03:00:00,DS,10.7,89.3,23.0,USA,1006.0,USA
2010137N10090,2010,NI,BB,LAILA,2010-05-17 06:00:00,TS,10.8,88.7,25.0,USA,1004.0,USA
2010137N10090,2010,NI,BB,LAILA,2010-05-17 09:00:00,TS,11.0,88.3,28.0,USA,1002.0,USA
2010137N10090,2010,NI,BB,LAILA,2010-05-17 12:00:00,TS,11.2,87.9,30.0,USA,1000.0,USA
2010137N10090,2010,NI,BB,LAILA,2010-05-17 15:00:00,TS,11.4,87.6,33.0,USA,998.0,USA
2010137N10090,2010,NI,BB,LAILA,2010-05-17 18:00:00,TS,11.6,87.2,35.0,USA,996.0,USA
2010137N10090,2010,NI,BB,LAILA,2010-05-17 21:00:00,TS,11.7,86.8,38.0,USA,995.0,USA
2010137N10090,2010,NI,BB,LAILA,2010-05-18 00:00:00,TS,11.8,86.3,40.0,USA,993.0,USA
2010137N10090,2010,NI,BB,LAILA,2010-05-18 03:00:00,TS,12.1,85.4,43.0,USA,991.0,USA
2010137N10090,2010,NI,BB,LAILA,2010-05-18 06:00:00,TS,12.5,84.6,45.0,USA,989.0,USA
2010137N10090,2010,NI,BB,LAILA,2010-05-18 09:00:00,TS,12.9,84.0,50.0,USA,986.0,USA
2010137N10090,2010,NI,BB,LAILA,2010-05-18 12:00:00,TS,13.1,83.5,55.0,USA,982.0,USA
2010137N10090,2010,NI,BB,LAILA,2010-05-18 15:00:00,TS,13.1,83.0,58.0,USA,980.0,USA
2010137N10090,2010,NI,BB,LAILA,2010-05-18 18:00:00,TS,13.1,82.6,60.0,USA,978.0,USA
2010137N10090,2010,NI,BB,LAILA,2010-05-18 21:00:00,TS,13.1,82.1,63.0,USA,976.0,USA
2010137N10090,2010,NI,BB,LAILA,2010-05-19 00:00:00,TS,13.5,82.0,65.0,USA,974.0,USA
2010137N10090,2010,NI,BB,LAILA,2010-05-19 03:00:00,TS,13.5,81.8,65.0,USA,974.0,USA
2010137N10090,2010,NI,BB,LAILA,2010-05-19 06:00:00,TS,13.6,81.5,65.0,USA,974.0,USA
2010137N10090,2010,NI,BB,LAILA,2010-05-19 09:00:00,TS,13.9,81.5,63.0,USA,976.0,USA
2010137N10090,2010,NI,BB,LAILA,2010-05-19 12:00:00,TS,14.0,81.5,60.0,USA,978.0,USA
2010137N10090,2010,NI,BB,LAILA,2010-05-19 15:00:00,TS,14.1,81.4,58.0,USA,980.0,USA
2010137N10090,2010,NI,BB,LAILA,2010-05-19 18:00:00,TS,14.6,81.1,55.0,USA,982.0,USA
2010137N10090,2010,NI,BB,LAILA,2010-05-19 21:00:00,TS,14.7,81.0,55.0,USA,982.0,USA
2010137N10090,2010,NI,BB,LAILA,2010-05-20 00:00:00,TS,15.1,81.0,55.0,USA,982.0,USA
2010137N10090,2010,NI,BB,LAILA,2010-05-20 03:00:00,TS,15.4,80.6,55.0,USA,982.0,USA
2010137N10090,2010,NI,BB,LAILA,2010-05-20 06:00:00,TS,15.6,80.6,55.0,USA,982.0,USA
2010137N10090,2010,NI,BB,LAILA,2010-05-20 09:00:00,TS,15.7,80.5,55.0,USA,982.0,USA
2010137N10090,2010,NI,BB,LAILA,2010-05-20 12:00:00,TS,15.9,80.5,55.0,USA,982.0,USA
2010137N10090,2010,NI,BB,LAILA,2010-05-20 15:00:00,TS,15.9,80.5,55.0,USA,982.0,USA
2010137N10090,2010,NI,BB,LAILA,2010-05-20 18:00:00,TS,16.0,80.6,55.0,USA,982.0,USA
2010137N10090,2010,NI,BB,LAILA,2010-05-20 21:00:00,TS,16.1,80.7,53.0,USA,984.0,USA
2010137N10090,2010,NI,BB,LAILA,2010-05-21 00:00:00,TS,16.3,80.8,50.0,USA,985.0,USA
2010137N10090,2010,NI,BB,LAILA,2010-05-21 03:00:00,TS,16.5,81.0,45.0,USA,989.0,USA
2010137N10090,2010,NI,BB,LAILA,2010-05-21 06:00:00,TS,16.8,81.2,40.0,USA,993.0,USA
2010137N10090,2010,NI,BB,LAILA,2010-05-21 09:00:00,TS,16.8,81.3,35.0,USA,997.0,USA
2010137N10090,2010,NI,BB,LAILA,2010-05-21 12:00:00,TS,16.9,81.5,30.0,USA,1000.0,USA
2010137N10090,2010,NI,BB,LAILA,2010-05-21 15:00:00,TS,17.0,81.7,28.0,USA,1002.0,USA
2010137N10090,2010,NI,BB,LAILA,2010-05-21 18:00:00,TS,17.1,81.9,25.0,USA,1004.0,USA
2010151N14065,2010,NI,AS,PHET,2010-05-30 12:00:00,DS,14.4,65.0,15.0,USA,1010.0,USA
2010151N14065,2010,NI,AS,PHET,2010-05-30 15:00:00,DS,14.5,64.9,18.0,USA,1008.0,USA
2010151N14065,2010,NI,AS,PHET,2010-05-30 18:00:00,DS,14.5,64.7,20.0,USA,1005.0,USA
2010151N14065,2010,NI,AS,PHET,2010-05-30 21:00:00,DS,14.5,64.5,23.0,USA,1005.0,USA
2010151N14065,2010,NI,AS,PHET,2010-05-31 00:00:00,TS,14.5,64.4,25.0,USA,1004.0,USA
2010151N14065,2010,NI,AS,PHET,2010-05-31 03:00:00,TS,14.6,64.3,28.0,USA,1003.0,USA
2010151N14065,2010,NI,AS,PHET,2010-05-31 06:00:00,TS,14.8,64.2,30.0,USA,1001.0,USA
2010151N14065,2010,NI,AS,PHET,2010-05-31 09:00:00,TS,15.0,64.0,30.0,USA,1001.0,USA
2010151N14065,2010,NI,AS,PHET,2010-05-31 12:00:00,TS,15.2,63.8,30.0,USA,1000.0,USA
2010151N14065,2010,NI,AS,PHET,2010-05-31 15:00:00,TS,15.4,63.7,33.0,USA,998.0,USA
2010151N14065,2010,NI,AS,PHET,2010-05-31 18:00:00,TS,15.5,63.6,35.0,USA,996.0,USA
2010151N14065,2010,NI,AS,PHET,2010-05-31 21:00:00,TS,15.5,63.5,40.0,USA,993.0,USA
2010151N14065,2010,NI,AS,PHET,2010-06-01 00:00:00,TS,15.7,63.4,45.0,USA,989.0,USA
2010151N14065,2010,NI,AS,PHET,2010-06-01 03:00:00,TS,15.8,63.2,50.0,USA,986.0,USA
2010151N14065,2010,NI,AS,PHET,2010-06-01 06:00:00,TS,16.2,62.9,55.0,USA,982.0,USA
2010151N14065,2010,NI,AS,PHET,2010-06-01 09:00:00,TS,16.3,62.8,58.0,USA,980.0,USA
2010151N14065,2010,NI,AS,PHET,2010-06-01 12:00:00,TS,16.7,62.4,60.0,USA,978.0,USA
2010151N14065,2010,NI,AS,PHET,2010-06-01 15:00:00,TS,16.7,62.2,68.0,USA,973.0,USA
2010151N14065,2010,NI,AS,PHET,2010-06-01 18:00:00,TS,17.1,61.8,75.0,USA,967.0,USA
2010151N14065,2010,NI,AS,PHET,2010-06-01 21:00:00,TS,17.1,61.6,83.0,USA,962.0,USA
2010151N14065,2010,NI,AS,PHET,2010-06-02 00:00:00,TS,17.5,61.3,90.0,USA,956.0,USA
2010151N14065,2010,NI,AS,PHET,2010-06-02 03:00:00,TS,17.5,60.9,103.0,USA,947.0,USA
2010151N14065,2010,NI,AS,PHET,2010-06-02 06:00:00,TS,17.7,60.8,115.0,USA,937.0,USA
2010151N14065,2010,NI,AS,PHET,2010-06-02 09:00:00,TS,18.0,60.4,120.0,USA,933.0,USA
2010151N14065,2010,NI,AS,PHET,2010-06-02 12:00:00,TS,18.1,60.3,125.0,USA,929.0,USA
2010151N14065,2010,NI,AS,PHET,2010-06-02 15:00:00,TS,18.4,59.9,123.0,USA,931.0,USA
2010151N14065,2010,NI,AS,PHET,2010-06-02 18:00:00,TS,18.5,59.9,120.0,USA,933.0,USA
2010151N14065,2010,NI,AS,PHET,2010-06-02 21:00:00,TS,18.5,59.8,120.0,USA,933.0,USA
2010151N14065,2010,NI,AS,PHET,2010-06-03 00:00:00,TS,18.5,59.6,120.0,USA,933.0,USA
2010151N14065,2010,NI,AS,PHET,2010-06-03 03:00:00,TS,18.6,59.5,118.0,USA,935.0,USA
2010151N14065,2010,NI,AS,PHET,2010-06-03 06:00:00,TS,19.1,59.6,115.0,USA,937.0,USA
2010151N14065,2010,NI,AS,PHET,2010-06-03 09:00:00,TS,19.5,59.5,113.0,USA,939.0,USA
2010151N14065,2010,NI,AS,PHET,2010-06-03 12:00:00,TS,20.0,59.5,110.0,USA,941.0,USA
2010151N14065,2010,NI,AS,PHET,2010-06-03 15:00:00,TS,20.2,59.4,108.0,USA,943.0,USA
2010151N14065,2010,NI,AS,PHET,2010-06-03 18:00:00,TS,20.7,59.4,105.0,USA,944.0,USA
2010151N14065,2010,NI,AS,PHET,2010-06-03 21:00:00,TS,21.1,59.3,98.0,USA,950.0,USA
2010151N14065,2010,NI,AS,PHET,2010-06-04 00:00:00,TS,21.5,59.3,90.0,USA,956.0,USA
2010151N14065,2010,NI,AS,PHET,2010-06-04 03:00:00,TS,21.9,59.3,83.0,USA,962.0,USA
2010151N14065,2010,NI,AS,PHET,2010-06-04 06:00:00,TS,22.2,59.4,75.0,USA,967.0,USA
2010151N14065,2010,NI,AS,PHET,2010-06-04 09:00:00,TS,22.6,59.4,70.0,USA,971.0,USA
2010151N14065,2010,NI,AS,PHET,2010-06-04 12:00:00,TS,23.0,59.5,65.0,USA,974.0,USA
2010151N14065,2010,NI,AS,PHET,2010-06-04 15:00:00,TS,23.2,59.5,60.0,USA,978.0,USA
2010151N14065,2010,NI,AS,PHET,2010-06-04 18:00:00,TS,23.3,59.6,55.0,USA,982.0,USA
2010151N14065,2010,NI,AS,PHET,2010-06-04 21:00:00,TS,23.7,60.0,50.0,USA,986.0,USA
2010151N14065,2010,NI,AS,PHET,2010-06-05 00:00:00,TS,24.0,60.4,45.0,USA,989.0,USA
2010151N14065,2010,NI,AS,PHET,2010-06-05 03:00:00,TS,24.2,60.8,43.0,USA,991.0,USA
2010151N14065,2010,NI,AS,PHET,2010-06-05 06:00:00,TS,24.2,61.0,40.0,USA,993.0,USA
2010151N14065,2010,NI,AS,PHET,2010-06-05 09:00:00,TS,24.1,61.1,40.0,USA,993.0,USA
2010151N14065,2010,NI,AS,PHET,2010-06-05 12:00:00,TS,24.0,61.6,40.0,USA,993.0,USA
2010151N14065,2010,NI,AS,PHET,2010-06-05 15:00:00,TS,23.9,62.0,38.0,USA,995.0,USA
2010151N14065,2010,NI,AS,PHET,2010-06-05 18:00:00,TS,23.9,62.5,35.0,USA,996.0,USA
2010151N14065,2010,NI,AS,PHET,2010-06-05 21:00:00,TS,23.7,63.1,35.0,USA,996.0,USA
2010151N14065,2010,NI,AS,PHET,2010-06-06 00:00:00,TS,23.7,64.1,35.0,USA,996.0,USA
2010151N14065,2010,NI,AS,PHET,2010-06-06 03:00:00,TS,23.8,65.0,35.0,USA,996.0,USA
2010151N14065,2010,NI,AS,PHET,2010-06-06 06:00:00,TS,24.0,65.9,35.0,USA,996.0,USA
2010151N14065,2010,NI,AS,PHET,2010-06-06 09:00:00,TS,24.2,66.6,33.0,USA,998.0,USA
2010151N14065,2010,NI,AS,PHET,2010-06-06 12:00:00,TS,24.6,67.2,30.0,USA,1000.0,USA
2010151N14065,2010,NI,AS,PHET,2010-06-06 15:00:00,TS,25.0,67.9,30.0,USA,1000.0,USA
2010151N14065,2010,NI,AS,PHET,2010-06-06 18:00:00,TS,25.1,68.7,30.0,USA,1000.0,USA
2010151N14065,2010,NI,AS,PHET,2010-06-06 21:00:00,TS,25.7,69.6,28.0,USA,1002.0,USA
2010151N14065,2010,NI,AS,PHET,2010-06-07 00:00:00,TS,26.4,70.5,25.0,USA,1004.0,USA
2010151N14065,2010,NI,AS,PHET,2010-06-07 03:00:00,TS,26.7,71.5,28.0,USA,1002.0,USA
2010151N14065,2010,NI,AS,PHET,2010-06-07 06:00:00,MX,27.1,72.9,30.0,USA,1000.0,USA
2010280N17085,2010,NI,BB,UNNAMED,2010-10-07 03:00:00,TS,16.5,84.5,25.0,NEWDELHI,998.0,NEWDELHI
2010280N17085,2010,NI,BB,UNNAMED,2010-10-07 06:00:00,TS,17.5,84.5,25.0,NEWDELHI,998.0,NEWDELHI
2010280N17085,2010,NI,BB,UNNAMED,2010-10-07 09:00:00,TS,18.1,84.7,25.0,NEWDELHI,997.0,NEWDELHI
2010280N17085,2010,NI,BB,UNNAMED,2010-10-07 12:00:00,TS,18.5,85.0,25.0,NEWDELHI,996.0,NEWDELHI
2010280N17085,2010,NI,BB,UNNAMED,2010-10-07 15:00:00,TS,18.7,85.2,25.0,NEWDELHI,996.0,NEWDELHI
2010280N17085,2010,NI,BB,UNNAMED,2010-10-07 18:00:00,TS,19.0,85.5,25.0,NEWDELHI,996.0,NEWDELHI
2010280N17085,2010,NI,BB,UNNAMED,2010-10-07 21:00:00,TS,19.4,85.9,25.0,NEWDELHI,997.0,NEWDELHI
2010280N17085,2010,NI,BB,UNNAMED,2010-10-08 00:00:00,TS,20.0,86.5,25.0,NEWDELHI,998.0,NEWDELHI
2010280N17085,2010,NI,BB,UNNAMED,2010-10-08 03:00:00,TS,21.0,87.5,25.0,NEWDELHI,998.0,NEWDELHI
2010280N17085,2010,NI,BB,UNNAMED,2010-10-08 06:00:00,TS,22.0,89.0,25.0,NEWDELHI,998.0,NEWDELHI
2010280N17085,2010,NI,BB,UNNAMED,2010-10-08 09:00:00,TS,22.8,90.0,25.0,NEWDELHI,999.0,NEWDELHI
2010280N17085,2010,NI,BB,UNNAMED,2010-10-08 12:00:00,TS,23.5,90.5,25.0,NEWDELHI,1000.0,NEWDELHI
2010280N17085,2010,NI,BB,UNNAMED,2010-10-08 15:00:00,TS,24.0,90.8,25.0,NEWDELHI,1001.0,NEWDELHI
2010280N17085,2010,NI,BB,UNNAMED,2010-10-08 18:00:00,TS,24.5,91.0,25.0,NEWDELHI,1002.0,NEWDELHI
2010286N18090,2010,NI,BB,UNNAMED,2010-10-13 06:00:00,TS,17.5,90.0,25.0,NEWDELHI,1002.0,NEWDELHI
2010286N18090,2010,NI,BB,UNNAMED,2010-10-13 09:00:00,TS,17.4,89.5,25.0,NEWDELHI,1000.0,NEWDELHI
2010286N18090,2010,NI,BB,UNNAMED,2010-10-13 12:00:00,TS,17.5,89.0,25.0,NEWDELHI,998.0,NEWDELHI
2010286N18090,2010,NI,BB,UNNAMED,2010-10-13 15:00:00,TS,17.7,88.7,25.0,NEWDELHI,998.0,NEWDELHI
2010286N18090,2010,NI,BB,UNNAMED,2010-10-13 18:00:00,TS,18.0,88.5,25.0,NEWDELHI,998.0,NEWDELHI
2010286N18090,2010,NI,BB,UNNAMED,2010-10-13 21:00:00,TS,18.0,88.5,25.0,NEWDELHI,998.0,NEWDELHI
2010286N18090,2010,NI,BB,UNNAMED,2010-10-14 00:00:00,TS,18.0,88.5,25.0,NEWDELHI,998.0,NEWDELHI
2010286N18090,2010,NI,BB,UNNAMED,2010-10-14 03:00:00,TS,18.0,88.5,25.0,NEWDELHI,998.0,NEWDELHI
2010286N18090,2010,NI,BB,UNNAMED,2010-10-14 06:00:00,TS,18.0,88.5,25.0,NEWDELHI,998.0,NEWDELHI
2010286N18090,2010,NI,BB,UNNAMED,2010-10-14 09:00:00,TS,18.0,88.3,25.0,NEWDELHI,997.0,NEWDELHI
2010286N18090,2010,NI,BB,UNNAMED,2010-10-14 12:00:00,TS,18.0,88.0,25.0,NEWDELHI,996.0,NEWDELHI
2010286N18090,2010,NI,BB,UNNAMED,2010-10-14 15:00:00,TS,18.0,88.0,25.0,NEWDELHI,996.0,NEWDELHI
2010286N18090,2010,NI,BB,UNNAMED,2010-10-14 18:00:00,TS,18.0,88.0,25.0,NEWDELHI,996.0,NEWDELHI
2010286N18090,2010,NI,BB,UNNAMED,2010-10-14 21:00:00,TS,18.2,87.8,25.0,NEWDELHI,996.0,NEWDELHI
2010286N18090,2010,NI,BB,UNNAMED,2010-10-15 00:00:00,TS,18.5,87.5,25.0,NEWDELHI,996.0,NEWDELHI
2010286N18090,2010,NI,BB,UNNAMED,2010-10-15 03:00:00,TS,19.0,87.0,30.0,NEWDELHI,996.0,NEWDELHI
2010286N18090,2010,NI,BB,UNNAMED,2010-10-15 06:00:00,TS,19.5,86.0,30.0,NEWDELHI,996.0,NEWDELHI
2010286N18090,2010,NI,BB,UNNAMED,2010-10-15 09:00:00,TS,19.6,85.6,30.0,NEWDELHI,996.0,NEWDELHI
2010286N18090,2010,NI,BB,UNNAMED,2010-10-15 12:00:00,TS,19.5,85.5,30.0,NEWDELHI,995.0,NEWDELHI
2010286N18090,2010,NI,BB,UNNAMED,2010-10-15 15:00:00,TS,19.3,85.0,30.0,NEWDELHI,996.0,NEWDELHI
2010286N18090,2010,NI,BB,UNNAMED,2010-10-15 18:00:00,TS,19.0,84.5,30.0,NEWDELHI,996.0,NEWDELHI
2010286N18090,2010,NI,BB,UNNAMED,2010-10-15 21:00:00,TS,18.9,84.2,28.0,NEWDELHI,997.0,NEWDELHI
2010286N18090,2010,NI,BB,UNNAMED,2010-10-16 00:00:00,TS,19.0,84.0,25.0,NEWDELHI,998.0,NEWDELHI
2010293N17093,2010,NI,BB,GIRI,2010-10-19 12:00:00,DS,16.7,92.6,15.0,USA,1010.0,USA
2010293N17093,2010,NI,BB,GIRI,2010-10-19 15:00:00,DS,16.8,92.4,18.0,USA,1009.0,USA
2010293N17093,2010,NI,BB,GIRI,2010-10-19 18:00:00,DS,16.9,92.3,20.0,USA,1007.0,USA
2010293N17093,2010,NI,BB,GIRI,2010-10-19 21:00:00,DS,17.0,92.2,23.0,USA,1006.0,USA
2010293N17093,2010,NI,BB,GIRI,2010-10-20 00:00:00,TS,17.0,92.1,25.0,USA,1004.0,USA
2010293N17093,2010,NI,BB,GIRI,2010-10-20 03:00:00,TS,17.0,92.0,28.0,USA,1002.0,USA
2010293N17093,2010,NI,BB,GIRI,2010-10-20 06:00:00,TS,17.0,91.8,30.0,USA,1000.0,USA
2010293N17093,2010,NI,BB,GIRI,2010-10-20 09:00:00,TS,16.9,91.6,30.0,USA,1000.0,USA
2010293N17093,2010,NI,BB,GIRI,2010-10-20 12:00:00,TS,16.9,91.5,30.0,USA,1000.0,USA
2010293N17093,2010,NI,BB,GIRI,2010-10-20 15:00:00,TS,17.1,91.5,33.0,USA,998.0,USA
2010293N17093,2010,NI,BB,GIRI,2010-10-20 18:00:00,TS,17.3,91.6,35.0,USA,996.0,USA
2010293N17093,2010,NI,BB,GIRI,2010-10-20 21:00:00,TS,17.4,91.5,43.0,USA,991.0,USA
2010293N17093,2010,NI,BB,GIRI,2010-10-21 00:00:00,TS,17.4,91.5,50.0,USA,985.0,USA
2010293N17093,2010,NI,BB,GIRI,2010-10-21 03:00:00,TS,17.4,91.6,53.0,USA,984.0,USA
2010293N17093,2010,NI,BB,GIRI,2010-10-21 06:00:00,TS,17.5,91.7,55.0,USA,982.0,USA
2010293N17093,2010,NI,BB,GIRI,2010-10-21 09:00:00,TS,17.6,91.8,60.0,USA,978.0,USA
2010293N17093,2010,NI,BB,GIRI,2010-10-21 12:00:00,TS,17.9,92.1,65.0,USA,974.0,USA
2010293N17093,2010,NI,BB,GIRI,2010-10-21 15:00:00,TS,18.0,92.2,68.0,USA,972.0,USA
2010293N17093,2010,NI,BB,GIRI,2010-10-21 18:00:00,TS,18.1,92.2,70.0,USA,970.0,USA
2010293N17093,2010,NI,BB,GIRI,2010-10-21 21:00:00,TS,18.4,92.5,80.0,USA,963.0,USA
2010293N17093,2010,NI,BB,GIRI,2010-10-22 00:00:00,TS,18.5,92.6,90.0,USA,956.0,USA
2010293N17093,2010,NI,BB,GIRI,2010-10-22 03:00:00,TS,18.9,92.9,108.0,USA,943.0,USA
2010293N17093,2010,NI,BB,GIRI,2010-10-22 06:00:00,TS,19.0,93.0,125.0,USA,929.0,USA
2010293N17093,2010,NI,BB,GIRI,2010-10-22 09:00:00,TS,19.4,93.3,130.0,USA,926.0,USA
2010293N17093,2010,NI,BB,GIRI,2010-10-22 12:00:00,TS,19.8,93.4,135.0,USA,922.0,USA
2010293N17093,2010,NI,BB,GIRI,2010-10-22 15:00:00,TS,20.1,93.5,108.0,USA,943.0,USA
2010293N17093,2010,NI,BB,GIRI,2010-10-22 18:00:00,TS,20.5,93.9,80.0,USA,963.0,USA
2010293N17093,2010,NI,BB,GIRI,2010-10-22 21:00:00,TS,20.7,94.2,68.0,USA,973.0,USA
2010293N17093,2010,NI,BB,GIRI,2010-10-23 00:00:00,TS,21.2,94.8,55.0,USA,982.0,USA
2010293N17093,2010,NI,BB,GIRI,2010-10-23 03:00:00,TS,21.6,95.2,48.0,USA,988.0,USA
2010293N17093,2010,NI,BB,GIRI,2010-10-23 06:00:00,TS,22.1,95.5,40.0,USA,993.0,USA
2010293N17093,2010,NI,BB,GIRI,2010-10-23 09:00:00,TS,22.4,95.8,38.0,USA,995.0,USA
2010293N17093,2010,NI,BB,GIRI,2010-10-23 12:00:00,TS,22.7,96.2,35.0,USA,996.0,USA
2010293N17093,2010,NI,BB,GIRI,2010-10-23 15:00:00,TS,22.8,96.7,35.0,USA,996.0,USA
2010293N17093,2010,NI,BB,GIRI,2010-10-23 18:00:00,TS,23.0,97.4,35.0,USA,996.0,USA
2010293N17093,2010,NI,BB,GIRI,2010-10-23 21:00:00,TS,23.3,98.5,33.0,USA,998.0,USA
2010293N17093,2010,NI,BB,GIRI,2010-10-24 00:00:00,TS,23.7,99.8,30.0,USA,1000.0,USA
2010305N06105,2010,WP,MM,JAL,2010-10-31 18:00:00,DS,6.3,104.5,15.0,USA,1005.0,USA
2010305N06105,2010,WP,MM,JAL,2010-10-31 21:00:00,DS,6.1,104.0,18.0,USA,1005.0,USA
2010305N06105,2010,WP,MM,JAL,2010-11-01 00:00:00,DS,6.0,103.5,20.0,USA,1004.0,USA
2010305N06105,2010,WP,MM,JAL,2010-11-01 03:00:00,DS,6.2,103.0,20.0,USA,1006.0,USA
2010305N06105,2010,WP,MM,JAL,2010-11-01 06:00:00,DS,6.5,102.6,20.0,USA,1007.0,USA
2010305N06105,2010,WP,MM,JAL,2010-11-01 09:00:00,DS,6.8,102.2,20.0,USA,1007.0,USA
2010305N06105,2010,WP,MM,JAL,2010-11-01 12:00:00,DS,7.1,101.7,20.0,USA,1007.0,USA
2010305N06105,2010,WP,MM,JAL,2010-11-01 15:00:00,DS,7.4,101.3,20.0,USA,1007.0,USA
2010305N06105,2010,WP,MM,JAL,2010-11-01 18:00:00,DS,7.6,100.7,20.0,USA,1007.0,USA
2010305N06105,2010,NI,BB,JAL,2010-11-01 21:00:00,DS,7.6,99.8,20.0,USA,1007.0,USA
2010305N06105,2010,NI,BB,JAL,2010-11-02 00:00:00,DS,7.7,98.9,20.0,USA,1007.0,USA
2010305N06105,2010,NI,BB,JAL,2010-11-02 03:00:00,DS,8.1,98.3,20.0,USA,1007.0,USA
2010305N06105,2010,NI,BB,JAL,2010-11-02 06:00:00,DS,8.4,97.9,20.0,USA,1007.0,USA
2010305N06105,2010,NI,BB,JAL,2010-11-02 09:00:00,DS,8.4,97.4,20.0,USA,1007.0,USA
2010305N06105,2010,NI,BB,JAL,2010-11-02 12:00:00,DS,8.3,96.9,20.0,USA,1007.0,USA
2010305N06105,2010,NI,BB,JAL,2010-11-02 15:00:00,DS,8.3,96.4,23.0,USA,1006.0,USA
2010305N06105,2010,NI,BB,JAL,2010-11-02 18:00:00,TS,8.3,95.9,25.0,USA,1004.0,USA
2010305N06105,2010,NI,BB,JAL,2010-11-02 21:00:00,TS,8.3,95.4,25.0,USA,1004.0,USA
2010305N06105,2010,NI,BB,JAL,2010-11-03 00:00:00,TS,8.3,94.9,25.0,USA,1004.0,USA
2010305N06105,2010,NI,BB,JAL,2010-11-03 03:00:00,TS,8.3,94.4,25.0,USA,1004.0,USA
2010305N06105,2010,NI,BB,JAL,2010-11-03 06:00:00,TS,8.3,94.0,25.0,USA,1004.0,USA
2010305N06105,2010,NI,BB,JAL,2010-11-03 09:00:00,TS,8.3,93.6,25.0,USA,1004.0,USA
2010305N06105,2010,NI,BB,JAL,2010-11-03 12:00:00,TS,8.3,93.2,25.0,USA,1004.0,USA
2010305N06105,2010,NI,BB,JAL,2010-11-03 15:00:00,TS,8.3,92.8,28.0,USA,1002.0,USA
2010305N06105,2010,NI,BB,JAL,2010-11-03 18:00:00,TS,8.4,92.3,30.0,USA,1000.0,USA
2010305N06105,2010,NI,BB,JAL,2010-11-03 21:00:00,TS,8.4,91.9,30.0,USA,1000.0,USA
2010305N06105,2010,NI,BB,JAL,2010-11-04 00:00:00,TS,8.4,91.6,30.0,USA,1000.0,USA
2010305N06105,2010,NI,BB,JAL,2010-11-04 03:00:00,TS,8.6,91.1,30.0,USA,1000.0,USA
2010305N06105,2010,NI,BB,JAL,2010-11-04 06:00:00,TS,8.6,90.7,30.0,USA,1000.0,USA
2010305N06105,2010,NI,BB,JAL,2010-11-04 09:00:00,TS,8.6,90.3,33.0,USA,998.0,USA
2010305N06105,2010,NI,BB,JAL,2010-11-04 12:00:00,TS,8.7,90.0,35.0,USA,996.0,USA
2010305N06105,2010,NI,BB,JAL,2010-11-04 15:00:00,TS,8.7,89.7,35.0,USA,996.0,USA
2010305N06105,2010,NI,BB,JAL,2010-11-04 18:00:00,TS,8.8,89.4,35.0,USA,996.0,USA
2010305N06105,2010,NI,BB,JAL,2010-11-04 21:00:00,TS,8.9,89.0,40.0,USA,993.0,USA
2010305N06105,2010,NI,BB,JAL,2010-11-05 00:00:00,TS,9.1,88.6,45.0,USA,989.0,USA
2010305N06105,2010,NI,BB,JAL,2010-11-05 03:00:00,TS,9.1,88.1,45.0,USA,989.0,USA
2010305N06105,2010,NI,BB,JAL,2010-11-05 06:00:00,TS,9.2,87.7,45.0,USA,989.0,USA
2010305N06105,2010,NI,BB,JAL,2010-11-05 09:00:00,TS,9.3,87.5,45.0,USA,989.0,USA
2010305N06105,2010,NI,BB,JAL,2010-11-05 12:00:00,TS,9.6,87.1,45.0,USA,989.0,USA
2010305N06105,2010,NI,BB,JAL,2010-11-05 15:00:00,TS,9.7,86.9,50.0,USA,986.0,USA
2010305N06105,2010,NI,BB,JAL,2010-11-05 18:00:00,TS,10.1,86.5,55.0,USA,982.0,USA
2010305N06105,2010,NI,BB,JAL,2010-11-05 21:00:00,TS,10.1,86.1,55.0,USA,982.0,USA
2010305N06105,2010,NI,BB,JAL,2010-11-06 00:00:00,TS,10.2,85.8,55.0,USA,982.0,USA
2010305N06105,2010,NI,BB,JAL,2010-11-06 03:00:00,TS,10.3,85.6,55.0,USA,982.0,USA
2010305N06105,2010,NI,BB,JAL,2010-11-06 06:00:00,TS,10.4,85.3,55.0,USA,982.0,USA
2010305N06105,2010,NI,BB,JAL,2010-11-06 09:00:00,TS,10.5,85.1,55.0,USA,982.0,USA
2010305N06105,2010,NI,BB,JAL,2010-11-06 12:00:00,TS,11.1,84.6,55.0,USA,982.0,USA
2010305N06105,2010,NI,BB,JAL,2010-11-06 15:00:00,TS,11.2,84.4,55.0,USA,982.0,USA
2010305N06105,2010,NI,BB,JAL,2010-11-06 18:00:00,TS,11.3,84.0,55.0,USA,982.0,USA
2010305N06105,2010,NI,BB,JAL,2010-11-06 21:00:00,TS,11.4,83.7,50.0,USA,986.0,USA
2010305N06105,2010,NI,BB,JAL,2010-11-07 00:00:00,TS,11.6,83.2,45.0,USA,989.0,USA
2010305N06105,2010,NI,BB,JAL,2010-11-07 03:00:00,TS,12.2,82.7,45.0,USA,989.0,USA
2010305N06105,2010,NI,BB,JAL,2010-11-07 06:00:00,TS,12.3,82.2,45.0,USA,989.0,USA
2010305N06105,2010,NI,BB,JAL,2010-11-07 09:00:00,TS,12.3,81.5,43.0,USA,991.0,USA
2010305N06105,2010,NI,BB,JAL,2010-11-07 12:00:00,TS,13.0,81.1,40.0,USA,993.0,USA
2010305N06105,2010,NI,BB,JAL,2010-11-07 15:00:00,TS,13.0,80.6,38.0,USA,995.0,USA
2010305N06105,2010,NI,BB,JAL,2010-11-07 18:00:00,TS,13.1,80.0,35.0,USA,996.0,USA
2010305N06105,2010,NI,BB,JAL,2010-11-07 21:00:00,TS,13.5,79.5,33.0,USA,998.0,USA
2010305N06105,2010,NI,BB,JAL,2010-11-08 00:00:00,TS,14.2,78.9,30.0,USA,1000.0,USA
2010305N06105,2010,NI,AS,JAL,2010-11-08 03:00:00,TS,15.0,78.0,25.0,NEWDELHI,1004.0,NEWDELHI
2010341N14082,2010,NI,BB,UNNAMED,2010-12-07 03:00:00,TS,14.0,82.0,25.0,NEWDELHI,1000.0,NEWDELHI
2010341N14082,2010,NI,BB,UNNAMED,2010-12-07 06:00:00,TS,14.5,82.0,25.0,NEWDELHI,1000.0,NEWDELHI
2010341N14082,2010,NI,BB,UNNAMED,2010-12-07 09:00:00,TS,14.8,81.8,25.0,NEWDELHI,1000.0,NEWDELHI
2010341N14082,2010,NI,BB,UNNAMED,2010-12-07 12:00:00,TS,15.0,81.5,25.0,NEWDELHI,1000.0,NEWDELHI
2010341N14082,2010,NI,BB,UNNAMED,2010-12-07 15:00:00,TS,15.2,81.3,25.0,NEWDELHI,1000.0,NEWDELHI
2010341N14082,2010,NI,BB,UNNAMED,2010-12-07 18:00:00,TS,15.5,81.0,25.0,NEWDELHI,1000.0,NEWDELHI
2010341N14082,2010,NI,BB,UNNAMED,2010-12-07 21:00:00,TS,15.8,80.6,23.0,NEWDELHI,1000.0,NEWDELHI
2010341N14082,2010,NI,BB,UNNAMED,2010-12-08 00:00:00,TS,16.0,80.0,20.0,NEWDELHI,1000.0,NEWDELHI
2011033N06083,2011,NI,BB,UNNAMED,2011-02-02 09:00:00,TS,6.5,82.5,25.0,NEWDELHI,1002.0,NEWDELHI
2011033N06083,2011,NI,BB,UNNAMED,2011-02-02 12:00:00,TS,6.5,82.5,25.0,NEWDELHI,1002.0,NEWDELHI
2011033N06083,2011,NI,BB,UNNAMED,2011-02-02 15:00:00,TS,6.5,82.5,25.0,NEWDELHI,1002.0,NEWDELHI
2011033N06083,2011,NI,BB,UNNAMED,2011-02-02 18:00:00,TS,6.5,82.5,25.0,NEWDELHI,1002.0,NEWDELHI
2011160N18070,2011,NI,AS,UNNAMED,2011-06-09 06:00:00,DS,18.1,69.9,20.0,USA,1007.0,USA
2011160N18070,2011,NI,AS,UNNAMED,2011-06-09 09:00:00,DS,18.2,70.1,23.0,USA,1006.0,USA
2011160N18070,2011,NI,AS,UNNAMED,2011-06-09 12:00:00,TS,18.3,70.3,25.0,USA,1004.0,USA
2011160N18070,2011,NI,AS,UNNAMED,2011-06-09 15:00:00,TS,18.4,70.5,25.0,USA,1004.0,USA
2011160N18070,2011,NI,AS,UNNAMED,2011-06-09 18:00:00,TS,18.6,70.6,25.0,USA,1004.0,USA
2011160N18070,2011,NI,AS,UNNAMED,2011-06-09 21:00:00,TS,18.8,70.6,25.0,USA,1004.0,USA
2011160N18070,2011,NI,AS,UNNAMED,2011-06-10 00:00:00,TS,19.0,70.7,25.0,USA,1004.0,USA
2011160N18070,2011,NI,AS,UNNAMED,2011-06-10 03:00:00,TS,19.1,70.9,25.0,USA,1004.0,USA
2011160N18070,2011,NI,AS,UNNAMED,2011-06-10 06:00:00,TS,19.1,71.1,25.0,USA,1004.0,USA
2011160N18070,2011,NI,AS,UNNAMED,2011-06-10 09:00:00,TS,19.1,71.4,28.0,USA,1002.0,USA
2011160N18070,2011,NI,AS,UNNAMED,2011-06-10 12:00:00,TS,19.0,71.7,30.0,USA,1000.0,USA
2011160N18070,2011,NI,AS,UNNAMED,2011-06-10 15:00:00,TS,19.0,71.8,30.0,USA,1000.0,USA
2011160N18070,2011,NI,AS,UNNAMED,2011-06-10 18:00:00,TS,19.1,71.9,30.0,USA,999.0,USA
2011160N18070,2011,NI,AS,UNNAMED,2011-06-10 21:00:00,TS,19.1,72.0,30.0,USA,999.0,USA
2011160N18070,2011,NI,AS,UNNAMED,2011-06-11 00:00:00,TS,19.2,72.1,30.0,USA,998.0,USA
2011160N18070,2011,NI,AS,UNNAMED,2011-06-11 03:00:00,TS,19.3,72.1,33.0,USA,997.0,USA
2011160N18070,2011,NI,AS,UNNAMED,2011-06-11 06:00:00,TS,19.5,72.0,35.0,USA,996.0,USA
2011160N18070,2011,NI,AS,UNNAMED,2011-06-11 09:00:00,TS,19.7,71.9,35.0,USA,996.0,USA
2011160N18070,2011,NI,AS,UNNAMED,2011-06-11 12:00:00,TS,20.0,71.7,35.0,USA,996.0,USA
2011160N18070,2011,NI,AS,UNNAMED,2011-06-11 15:00:00,TS,20.1,71.6,35.0,USA,996.0,USA
2011160N18070,2011,NI,AS,UNNAMED,2011-06-11 18:00:00,TS,20.2,71.4,35.0,USA,996.0,USA
2011160N18070,2011,NI,AS,UNNAMED,2011-06-11 21:00:00,TS,20.5,71.0,33.0,USA,998.0,USA
2011160N18070,2011,NI,AS,UNNAMED,2011-06-12 00:00:00,TS,20.7,70.7,30.0,USA,1000.0,USA
2011160N18070,2011,NI,AS,UNNAMED,2011-06-12 03:00:00,TS,20.6,70.6,25.0,USA,1004.0,USA
2011160N18070,2011,NI,AS,UNNAMED,2011-06-12 06:00:00,MX,20.6,70.4,20.0,USA,1007.0,USA
2011160N18070,2011,NI,AS,UNNAMED,2011-06-12 09:00:00,DS,20.6,70.2,23.0,USA,1006.0,USA
2011160N18070,2011,NI,AS,UNNAMED,2011-06-12 12:00:00,TS,20.9,70.1,25.0,USA,1004.0,USA
2011167N22089,2011,NI,BB,UNNAMED,2011-06-16 03:00:00,TS,21.5,89.0,25.0,NEWDELHI,986.0,NEWDELHI
2011167N22089,2011,NI,BB,UNNAMED,2011-06-16 06:00:00,TS,21.5,89.0,25.0,NEWDELHI,986.0,NEWDELHI
2011167N22089,2011,NI,BB,UNNAMED,2011-06-16 09:00:00,TS,21.7,89.0,28.0,NEWDELHI,985.0,NEWDELHI
2011167N22089,2011,NI,BB,UNNAMED,2011-06-16 12:00:00,TS,22.0,89.0,30.0,NEWDELHI,984.0,NEWDELHI
2011167N22089,2011,NI,BB,UNNAMED,2011-06-16 15:00:00,TS,22.3,89.0,30.0,NEWDELHI,984.0,NEWDELHI
2011167N22089,2011,NI,BB,UNNAMED,2011-06-16 18:00:00,TS,22.5,89.0,30.0,NEWDELHI,984.0,NEWDELHI
2011167N22089,2011,NI,BB,UNNAMED,2011-06-16 21:00:00,TS,22.5,89.0,30.0,NEWDELHI,984.0,NEWDELHI
2011167N22089,2011,NI,BB,UNNAMED,2011-06-17 00:00:00,TS,22.5,89.0,30.0,NEWDELHI,984.0,NEWDELHI
2011167N22089,2011,NI,BB,UNNAMED,2011-06-17 03:00:00,TS,22.5,89.0,30.0,NEWDELHI,984.0,NEWDELHI
2011167N22089,2011,NI,BB,UNNAMED,2011-06-17 06:00:00,TS,22.8,88.5,35.0,NEWDELHI,978.0,NEWDELHI
2011167N22089,2011,NI,BB,UNNAMED,2011-06-17 09:00:00,TS,23.0,88.2,30.0,NEWDELHI,980.0,NEWDELHI
2011167N22089,2011,NI,BB,UNNAMED,2011-06-17 12:00:00,TS,23.0,88.0,25.0,NEWDELHI,982.0,NEWDELHI
2011167N22089,2011,NI,BB,UNNAMED,2011-06-17 15:00:00,TS,23.0,88.0,25.0,NEWDELHI,983.0,NEWDELHI
2011167N22089,2011,NI,BB,UNNAMED,2011-06-17 18:00:00,TS,23.0,88.0,25.0,NEWDELHI,984.0,NEWDELHI
2011167N22089,2011,NI,BB,UNNAMED,2011-06-17 21:00:00,TS,23.0,87.8,25.0,NEWDELHI,984.0,NEWDELHI
2011167N22089,2011,NI,BB,UNNAMED,2011-06-18 00:00:00,TS,23.0,87.5,25.0,NEWDELHI,984.0,NEWDELHI
2011167N22089,2011,NI,BB,UNNAMED,2011-06-18 03:00:00,TS,23.0,87.0,25.0,NEWDELHI,984.0,NEWDELHI
2011167N22089,2011,NI,BB,UNNAMED,2011-06-18 06:00:00,TS,23.0,87.0,25.0,NEWDELHI,984.0,NEWDELHI
2011167N22089,2011,NI,BB,UNNAMED,2011-06-18 09:00:00,TS,23.0,87.0,25.0,NEWDELHI,984.0,NEWDELHI
2011167N22089,2011,NI,BB,UNNAMED,2011-06-18 12:00:00,TS,23.0,87.0,25.0,NEWDELHI,984.0,NEWDELHI
2011167N22089,2011,NI,BB,UNNAMED,2011-06-18 15:00:00,TS,23.0,86.8,25.0,NEWDELHI,985.0,NEWDELHI
2011167N22089,2011,NI,BB,UNNAMED,2011-06-18 18:00:00,TS,23.0,86.5,25.0,NEWDELHI,986.0,NEWDELHI
2011167N22089,2011,NI,BB,UNNAMED,2011-06-18 21:00:00,TS,22.9,86.3,25.0,NEWDELHI,986.0,NEWDELHI
2011167N22089,2011,NI,BB,UNNAMED,2011-06-19 00:00:00,TS,23.0,86.0,25.0,NEWDELHI,986.0,NEWDELHI
2011167N22089,2011,NI,BB,UNNAMED,2011-06-19 03:00:00,TS,23.5,85.5,25.0,NEWDELHI,987.0,NEWDELHI
2011167N22089,2011,NI,BB,UNNAMED,2011-06-19 06:00:00,TS,23.5,85.5,25.0,NEWDELHI,987.0,NEWDELHI
2011167N22089,2011,NI,BB,UNNAMED,2011-06-19 09:00:00,TS,23.5,85.3,25.0,NEWDELHI,987.0,NEWDELHI
2011167N22089,2011,NI,BB,UNNAMED,2011-06-19 12:00:00,TS,23.5,85.0,25.0,NEWDELHI,987.0,NEWDELHI
2011167N22089,2011,NI,BB,UNNAMED,2011-06-19 15:00:00,TS,23.5,84.8,25.0,NEWDELHI,987.0,NEWDELHI
2011167N22089,2011,NI,BB,UNNAMED,2011-06-19 18:00:00,TS,23.5,84.5,25.0,NEWDELHI,987.0,NEWDELHI
2011167N22089,2011,NI,BB,UNNAMED,2011-06-19 21:00:00,TS,23.5,84.3,25.0,NEWDELHI,987.0,NEWDELHI
2011167N22089,2011,NI,BB,UNNAMED,2011-06-20 00:00:00,TS,23.5,84.0,25.0,NEWDELHI,987.0,NEWDELHI
2011167N22089,2011,NI,BB,UNNAMED,2011-06-20 03:00:00,TS,23.7,83.5,25.0,NEWDELHI,987.0,NEWDELHI
2011167N22089,2011,NI,BB,UNNAMED,2011-06-20 06:00:00,TS,23.7,83.5,20.0,NEWDELHI,990.0,NEWDELHI
2011167N22089,2011,NI,BB,UNNAMED,2011-06-20 09:00:00,TS,23.8,83.3,20.0,NEWDELHI,990.0,NEWDELHI
2011167N22089,2011,NI,BB,UNNAMED,2011-06-20 12:00:00,TS,24.0,83.0,20.0,NEWDELHI,990.0,NEWDELHI
2011167N22089,2011,NI,BB,UNNAMED,2011-06-20 15:00:00,TS,24.0,83.0,20.0,NEWDELHI,990.0,NEWDELHI
2011167N22089,2011,NI,BB,UNNAMED,2011-06-20 18:00:00,TS,24.0,83.0,20.0,NEWDELHI,990.0,NEWDELHI
2011167N22089,2011,NI,BB,UNNAMED,2011-06-20 21:00:00,TS,24.3,82.8,20.0,NEWDELHI,990.0,NEWDELHI
2011167N22089,2011,NI,BB,UNNAMED,2011-06-21 00:00:00,TS,24.5,82.5,20.0,NEWDELHI,990.0,NEWDELHI
2011167N22089,2011,NI,BB,UNNAMED,2011-06-21 03:00:00,TS,24.5,82.0,20.0,NEWDELHI,990.0,NEWDELHI
2011167N22089,2011,NI,BB,UNNAMED,2011-06-21 06:00:00,TS,24.5,81.5,20.0,NEWDELHI,990.0,NEWDELHI
2011167N22089,2011,NI,BB,UNNAMED,2011-06-21 09:00:00,TS,24.5,81.2,20.0,NEWDELHI,990.0,NEWDELHI
2011167N22089,2011,NI,BB,UNNAMED,2011-06-21 12:00:00,TS,24.5,81.0,20.0,NEWDELHI,990.0,NEWDELHI
2011167N22089,2011,NI,BB,UNNAMED,2011-06-21 15:00:00,TS,24.5,81.0,20.0,NEWDELHI,990.0,NEWDELHI
2011167N22089,2011,NI,BB,UNNAMED,2011-06-21 18:00:00,TS,24.5,81.0,20.0,NEWDELHI,990.0,NEWDELHI
2011167N22089,2011,NI,BB,UNNAMED,2011-06-21 21:00:00,TS,24.5,80.8,20.0,NEWDELHI,991.0,NEWDELHI
2011167N22089,2011,NI,BB,UNNAMED,2011-06-22 00:00:00,TS,24.5,80.5,20.0,NEWDELHI,991.0,NEWDELHI
2011167N22089,2011,NI,BB,UNNAMED,2011-06-22 03:00:00,TS,24.5,80.0,20.0,NEWDELHI,992.0,NEWDELHI
2011167N22089,2011,NI,BB,UNNAMED,2011-06-22 06:00:00,TS,24.5,80.0,20.0,NEWDELHI,992.0,NEWDELHI
2011167N22089,2011,NI,BB,UNNAMED,2011-06-22 09:00:00,TS,24.5,79.6,20.0,NEWDELHI,993.0,NEWDELHI
2011167N22089,2011,NI,BB,UNNAMED,2011-06-22 12:00:00,TS,24.5,79.1,20.0,NEWDELHI,994.0,NEWDELHI
2011167N22089,2011,NI,BB,UNNAMED,2011-06-22 15:00:00,TS,24.5,78.7,20.0,NEWDELHI,993.0,NEWDELHI
2011167N22089,2011,NI,BB,UNNAMED,2011-06-22 18:00:00,TS,24.5,78.5,20.0,NEWDELHI,992.0,NEWDELHI
2011203N24085,2011,NI,BB,UNNAMED,2011-07-22 03:00:00,TS,23.5,84.5,20.0,NEWDELHI,990.0,NEWDELHI
2011203N24085,2011,NI,BB,UNNAMED,2011-07-22 06:00:00,TS,24.0,84.0,20.0,NEWDELHI,990.0,NEWDELHI
2011203N24085,2011,NI,BB,UNNAMED,2011-07-22 09:00:00,TS,24.0,84.0,20.0,NEWDELHI,990.0,NEWDELHI
2011203N24085,2011,NI,BB,UNNAMED,2011-07-22 12:00:00,TS,24.0,83.0,20.0,NEWDELHI,990.0,NEWDELHI
2011203N24085,2011,NI,BB,UNNAMED,2011-07-22 15:00:00,TS,24.0,82.2,20.0,NEWDELHI,991.0,NEWDELHI
2011203N24085,2011,NI,BB,UNNAMED,2011-07-22 18:00:00,TS,24.0,81.5,20.0,NEWDELHI,992.0,NEWDELHI
2011203N24085,2011,NI,BB,UNNAMED,2011-07-22 21:00:00,TS,24.2,81.0,20.0,NEWDELHI,992.0,NEWDELHI
2011203N24085,2011,NI,BB,UNNAMED,2011-07-23 00:00:00,TS,24.5,80.5,20.0,NEWDELHI,992.0,NEWDELHI
2011265N21088,2011,NI,BB,UNNAMED,2011-09-22 03:00:00,TS,21.5,87.5,4.0,NEWDELHI,998.0,NEWDELHI
2011265N21088,2011,NI,BB,UNNAMED,2011-09-22 06:00:00,TS,21.6,87.3,4.0,NEWDELHI,998.0,NEWDELHI
2011265N21088,2011,NI,BB,UNNAMED,2011-09-22 09:00:00,TS,21.7,87.2,4.0,NEWDELHI,997.0,NEWDELHI
2011265N21088,2011,NI,BB,UNNAMED,2011-09-22 12:00:00,TS,21.7,87.2,4.0,NEWDELHI,995.0,NEWDELHI
2011265N21088,2011,NI,BB,UNNAMED,2011-09-22 15:00:00,TS,21.7,87.1,4.0,NEWDELHI,997.0,NEWDELHI
2011265N21088,2011,NI,BB,UNNAMED,2011-09-22 18:00:00,TS,21.8,87.0,4.0,NEWDELHI,998.0,NEWDELHI
2011265N21088,2011,NI,BB,UNNAMED,2011-09-22 21:00:00,TS,22.2,86.7,4.0,NEWDELHI,999.0,NEWDELHI
2011265N21088,2011,NI,BB,UNNAMED,2011-09-23 00:00:00,TS,22.5,86.5,4.0,NEWDELHI,1000.0,NEWDELHI
2011265N21088,2011,NI,BB,UNNAMED,2011-09-23 03:00:00,TS,22.5,86.5,4.0,NEWDELHI,1002.0,NEWDELHI
2011265N21088,2011,NI,BB,UNNAMED,2011-09-23 06:00:00,TS,22.5,86.5,4.0,NEWDELHI,1004.0,NEWDELHI
2011290N15090,2011,NI,BB,UNNAMED,2011-10-17 00:00:00,DS,15.2,89.5,15.0,USA,1010.0,USA
2011290N15090,2011,NI,BB,UNNAMED,2011-10-17 03:00:00,DS,15.3,89.4,15.0,USA,1010.0,USA
2011290N15090,2011,NI,BB,UNNAMED,2011-10-17 06:00:00,DS,15.5,89.2,15.0,USA,1010.0,USA
2011290N15090,2011,NI,BB,UNNAMED,2011-10-17 09:00:00,DS,15.7,89.0,15.0,USA,1010.0,USA
2011290N15090,2011,NI,BB,UNNAMED,2011-10-17 12:00:00,DS,15.9,88.8,15.0,USA,1010.0,USA
2011290N15090,2011,NI,BB,UNNAMED,2011-10-17 15:00:00,DS,16.2,88.7,15.0,USA,1010.0,USA
2011290N15090,2011,NI,BB,UNNAMED,2011-10-17 18:00:00,DS,16.6,88.6,15.0,USA,1010.0,USA
2011290N15090,2011,NI,BB,UNNAMED,2011-10-17 21:00:00,DS,17.0,88.6,15.0,USA,1008.0,USA
2011290N15090,2011,NI,BB,UNNAMED,2011-10-18 00:00:00,DS,17.4,88.6,15.0,USA,1006.0,USA
2011290N15090,2011,NI,BB,UNNAMED,2011-10-18 03:00:00,DS,17.8,88.4,18.0,USA,1006.0,USA
2011290N15090,2011,NI,BB,UNNAMED,2011-10-18 06:00:00,DS,18.3,88.4,20.0,USA,1006.0,USA
2011290N15090,2011,NI,BB,UNNAMED,2011-10-18 09:00:00,DS,18.8,88.7,23.0,USA,1005.0,USA
2011290N15090,2011,NI,BB,UNNAMED,2011-10-18 12:00:00,TS,19.2,89.2,25.0,USA,1004.0,USA
2011290N15090,2011,NI,BB,UNNAMED,2011-10-18 15:00:00,TS,19.5,89.7,28.0,USA,1002.0,USA
2011290N15090,2011,NI,BB,UNNAMED,2011-10-18 18:00:00,TS,19.7,90.1,30.0,USA,1000.0,USA
2011290N15090,2011,NI,BB,UNNAMED,2011-10-18 21:00:00,TS,20.0,90.5,33.0,USA,998.0,USA
2011290N15090,2011,NI,BB,UNNAMED,2011-10-19 00:00:00,TS,20.2,90.8,35.0,USA,996.0,USA
2011290N15090,2011,NI,BB,UNNAMED,2011-10-19 03:00:00,TS,20.3,91.1,35.0,USA,996.0,USA
2011290N15090,2011,NI,BB,UNNAMED,2011-10-19 06:00:00,TS,20.6,91.5,35.0,USA,996.0,USA
2011290N15090,2011,NI,BB,UNNAMED,2011-10-19 09:00:00,TS,20.9,91.8,33.0,USA,998.0,USA
2011290N15090,2011,NI,BB,UNNAMED,2011-10-19 12:00:00,TS,21.2,92.0,30.0,USA,1000.0,USA
2011290N15090,2011,NI,BB,UNNAMED,2011-10-19 15:00:00,TS,21.4,92.3,28.0,USA,1002.0,USA
2011290N15090,2011,NI,BB,UNNAMED,2011-10-19 18:00:00,TS,21.5,92.7,25.0,USA,1004.0,USA
2011290N15090,2011,NI,BB,UNNAMED,2011-10-19 21:00:00,TS,21.6,93.0,4.0,NEWDELHI,1003.0,NEWDELHI
2011290N15090,2011,NI,BB,UNNAMED,2011-10-20 00:00:00,TS,21.5,93.5,3.0,NEWDELHI,1004.0,NEWDELHI
2011302N13062,2011,NI,AS,KEILA,2011-10-29 06:00:00,TS,13.0,62.0,25.0,NEWDELHI,1004.0,NEWDELHI
2011302N13062,2011,NI,AS,KEILA,2011-10-29 09:00:00,TS,13.0,61.4,25.0,NEWDELHI,1004.0,NEWDELHI
2011302N13062,2011,NI,AS,KEILA,2011-10-29 12:00:00,TS,13.0,61.0,25.0,NEWDELHI,1004.0,NEWDELHI
2011302N13062,2011,NI,AS,KEILA,2011-10-29 15:00:00,TS,13.0,61.0,25.0,NEWDELHI,1004.0,NEWDELHI
2011302N13062,2011,NI,AS,KEILA,2011-10-29 18:00:00,TS,13.0,61.0,25.0,NEWDELHI,1004.0,NEWDELHI
2011302N13062,2011,NI,AS,KEILA,2011-10-29 21:00:00,TS,13.0,60.8,25.0,NEWDELHI,1004.0,NEWDELHI
2011302N13062,2011,NI,AS,KEILA,2011-10-30 00:00:00,TS,13.0,60.5,25.0,NEWDELHI,1004.0,NEWDELHI
2011302N13062,2011,NI,AS,KEILA,2011-10-30 03:00:00,TS,13.0,60.0,25.0,NEWDELHI,1004.0,NEWDELHI
2011302N13062,2011,NI,AS,KEILA,2011-10-30 06:00:00,TS,13.0,60.0,25.0,NEWDELHI,1002.0,NEWDELHI
2011302N13062,2011,NI,AS,KEILA,2011-10-30 09:00:00,TS,13.2,59.8,25.0,NEWDELHI,1002.0,NEWDELHI
2011302N13062,2011,NI,AS,KEILA,2011-10-30 12:00:00,TS,13.5,59.5,25.0,NEWDELHI,1002.0,NEWDELHI
2011302N13062,2011,NI,AS,KEILA,2011-10-30 15:00:00,TS,13.8,59.2,25.0,NEWDELHI,1002.0,NEWDELHI
2011302N13062,2011,NI,AS,KEILA,2011-10-30 18:00:00,TS,14.0,59.0,25.0,NEWDELHI,1002.0,NEWDELHI
2011302N13062,2011,NI,AS,KEILA,2011-10-30 21:00:00,TS,14.2,59.1,25.0,NEWDELHI,1002.0,NEWDELHI
2011302N13062,2011,NI,AS,KEILA,2011-10-31 00:00:00,TS,14.5,59.0,25.0,NEWDELHI,1002.0,NEWDELHI
2011302N13062,2011,NI,AS,KEILA,2011-10-31 03:00:00,TS,15.0,58.5,25.0,NEWDELHI,1000.0,NEWDELHI
2011302N13062,2011,NI,AS,KEILA,2011-10-31 06:00:00,TS,16.0,57.0,25.0,NEWDELHI,1000.0,NEWDELHI
2011302N13062,2011,NI,AS,KEILA,2011-10-31 09:00:00,TS,16.2,57.0,25.0,NEWDELHI,1000.0,NEWDELHI
2011302N13062,2011,NI,AS,KEILA,2011-10-31 12:00:00,TS,16.0,57.5,25.0,NEWDELHI,1000.0,NEWDELHI
2011302N13062,2011,NI,AS,KEILA,2011-10-31 15:00:00,TS,16.0,57.3,25.0,NEWDELHI,1000.0,NEWDELHI
2011302N13062,2011,NI,AS,KEILA,2011-10-31 18:00:00,TS,16.0,57.0,25.0,NEWDELHI,1000.0,NEWDELHI
2011302N13062,2011,NI,AS,KEILA,2011-10-31 21:00:00,TS,16.0,56.8,25.0,NEWDELHI,1000.0,NEWDELHI
2011302N13062,2011,NI,AS,KEILA,2011-11-01 00:00:00,MX,15.9,56.6,15.0,USA,1010.0,USA
2011302N13062,2011,NI,AS,KEILA,2011-11-01 03:00:00,MX,15.9,56.2,18.0,USA,1009.0,USA
2011302N13062,2011,NI,AS,KEILA,2011-11-01 06:00:00,MX,15.9,56.1,20.0,USA,1007.0,USA
2011302N13062,2011,NI,AS,KEILA,2011-11-01 09:00:00,MX,15.9,55.9,25.0,USA,1004.0,USA
2011302N13062,2011,NI,AS,KEILA,2011-11-01 12:00:00,TS,16.0,55.7,30.0,USA,1000.0,USA
2011302N13062,2011,NI,AS,KEILA,2011-11-01 15:00:00,TS,16.0,55.5,30.0,USA,999.0,USA
2011302N13062,2011,NI,AS,KEILA,2011-11-01 18:00:00,TS,16.0,55.5,30.0,USA,998.0,USA
2011302N13062,2011,NI,AS,KEILA,2011-11-01 21:00:00,TS,16.0,55.4,33.0,USA,997.0,USA
2011302N13062,2011,NI,AS,KEILA,2011-11-02 00:00:00,TS,16.1,55.3,35.0,USA,996.0,USA
2011302N13062,2011,NI,AS,KEILA,2011-11-02 03:00:00,TS,16.2,55.0,38.0,USA,995.0,USA
2011302N13062,2011,NI,AS,KEILA,2011-11-02 06:00:00,TS,16.3,54.8,40.0,USA,993.0,USA
2011302N13062,2011,NI,AS,KEILA,2011-11-02 09:00:00,TS,16.4,54.7,40.0,USA,993.0,USA
2011302N13062,2011,NI,AS,KEILA,2011-11-02 12:00:00,TS,16.7,54.8,40.0,USA,993.0,USA
2011302N13062,2011,NI,AS,KEILA,2011-11-02 15:00:00,TS,16.9,54.6,43.0,USA,991.0,USA
2011302N13062,2011,NI,AS,KEILA,2011-11-02 18:00:00,TS,17.0,54.5,45.0,USA,989.0,USA
2011302N13062,2011,NI,AS,KEILA,2011-11-02 21:00:00,TS,17.0,54.5,48.0,USA,987.0,USA
2011302N13062,2011,NI,AS,KEILA,2011-11-03 00:00:00,TS,17.0,54.6,50.0,USA,985.0,USA
2011302N13062,2011,NI,AS,KEILA,2011-11-03 03:00:00,TS,17.0,54.6,53.0,USA,984.0,USA
2011302N13062,2011,NI,AS,KEILA,2011-11-03 06:00:00,TS,17.1,54.6,55.0,USA,982.0,USA
2011302N13062,2011,NI,AS,KEILA,2011-11-03 09:00:00,TS,17.1,54.7,53.0,USA,984.0,USA
2011302N13062,2011,NI,AS,KEILA,2011-11-03 12:00:00,TS,17.1,54.9,50.0,USA,985.0,USA
2011302N13062,2011,NI,AS,KEILA,2011-11-03 15:00:00,TS,17.1,55.1,48.0,USA,987.0,USA
2011302N13062,2011,NI,AS,KEILA,2011-11-03 18:00:00,TS,17.1,55.2,45.0,USA,989.0,USA
2011302N13062,2011,NI,AS,KEILA,2011-11-03 21:00:00,TS,17.0,55.1,43.0,USA,991.0,USA
2011302N13062,2011,NI,AS,KEILA,2011-11-04 00:00:00,TS,16.7,54.9,40.0,USA,993.0,USA
2011302N13062,2011,NI,AS,KEILA,2011-11-04 03:00:00,TS,16.4,54.7,35.0,USA,997.0,USA
2011302N13062,2011,NI,AS,KEILA,2011-11-04 06:00:00,TS,16.3,54.3,30.0,USA,1000.0,USA
2011302N13062,2011,NI,AS,KEILA,2011-11-04 09:00:00,TS,16.1,54.1,30.0,USA,1000.0,USA
2011302N13062,2011,NI,AS,KEILA,2011-11-04 12:00:00,TS,16.0,53.9,30.0,USA,1000.0,USA
2011302N13062,2011,NI,AS,KEILA,2011-11-04 15:00:00,TS,15.9,53.7,30.0,USA,1000.0,USA
2011302N13062,2011,NI,AS,KEILA,2011-11-04 18:00:00,TS,15.9,53.5,30.0,USA,1000.0,USA
2011302N13062,2011,NI,AS,KEILA,2011-11-04 21:00:00,TS,15.9,53.2,28.0,USA,1002.0,USA
2011302N13062,2011,NI,AS,KEILA,2011-11-05 00:00:00,TS,16.0,53.0,25.0,USA,1004.0,USA
2011302N13062,2011,NI,AS,KEILA,2011-11-05 03:00:00,TS,16.3,52.8,25.0,USA,1004.0,USA
2011302N13062,2011,NI,AS,KEILA,2011-11-05 06:00:00,TS,16.6,52.6,25.0,USA,1004.0,USA
2011310N11066,2011,NI,AS,UNNAMED,2011-11-06 06:00:00,TS,10.5,65.5,25.0,NEWDELHI,1004.0,NEWDELHI
2011310N11066,2011,NI,AS,UNNAMED,2011-11-06 09:00:00,TS,10.4,65.6,25.0,NEWDELHI,1004.0,NEWDELHI
2011310N11066,2011,NI,AS,UNNAMED,2011-11-06 12:00:00,TS,10.5,65.5,25.0,NEWDELHI,1004.0,NEWDELHI
2011310N11066,2011,NI,AS,UNNAMED,2011-11-06 15:00:00,TS,10.7,65.0,25.0,NEWDELHI,1004.0,NEWDELHI
2011310N11066,2011,NI,AS,UNNAMED,2011-11-06 18:00:00,TS,11.0,64.5,25.0,NEWDELHI,1004.0,NEWDELHI
2011310N11066,2011,NI,AS,UNNAMED,2011-11-06 21:00:00,TS,11.3,64.3,25.0,NEWDELHI,1003.0,NEWDELHI
2011310N11066,2011,NI,AS,UNNAMED,2011-11-07 00:00:00,TS,11.5,64.0,25.0,NEWDELHI,1002.0,NEWDELHI
2011310N11066,2011,NI,AS,UNNAMED,2011-11-07 03:00:00,TS,11.5,63.5,25.0,NEWDELHI,1002.0,NEWDELHI
2011310N11066,2011,NI,AS,UNNAMED,2011-11-07 06:00:00,TS,12.5,62.0,25.0,NEWDELHI,1002.0,NEWDELHI
2011310N11066,2011,NI,AS,UNNAMED,2011-11-07 09:00:00,TS,13.2,61.0,25.0,NEWDELHI,1002.0,NEWDELHI
2011310N11066,2011,NI,AS,UNNAMED,2011-11-07 12:00:00,MX,13.4,60.5,20.0,USA,1007.0,USA
2011310N11066,2011,NI,AS,UNNAMED,2011-11-07 15:00:00,MX,13.4,60.3,23.0,USA,1006.0,USA
2011310N11066,2011,NI,AS,UNNAMED,2011-11-07 18:00:00,TS,13.4,60.2,25.0,USA,1004.0,USA
2011310N11066,2011,NI,AS,UNNAMED,2011-11-07 21:00:00,TS,13.5,60.0,28.0,USA,1002.0,USA
2011310N11066,2011,NI,AS,UNNAMED,2011-11-08 00:00:00,TS,13.6,59.8,30.0,USA,1000.0,USA
2011310N11066,2011,NI,AS,UNNAMED,2011-11-08 03:00:00,TS,13.6,59.7,30.0,USA,1000.0,USA
2011310N11066,2011,NI,AS,UNNAMED,2011-11-08 06:00:00,TS,13.8,59.3,30.0,USA,1000.0,USA
2011310N11066,2011,NI,AS,UNNAMED,2011-11-08 09:00:00,TS,13.9,59.1,33.0,USA,998.0,USA
2011310N11066,2011,NI,AS,UNNAMED,2011-11-08 12:00:00,TS,14.2,59.0,35.0,USA,996.0,USA
2011310N11066,2011,NI,AS,UNNAMED,2011-11-08 15:00:00,TS,14.4,58.8,35.0,USA,996.0,USA
2011310N11066,2011,NI,AS,UNNAMED,2011-11-08 18:00:00,TS,14.7,58.7,35.0,USA,996.0,USA
2011310N11066,2011,NI,AS,UNNAMED,2011-11-08 21:00:00,TS,14.9,58.6,35.0,USA,996.0,USA
2011310N11066,2011,NI,AS,UNNAMED,2011-11-09 00:00:00,TS,15.1,58.6,35.0,USA,996.0,USA
2011310N11066,2011,NI,AS,UNNAMED,2011-11-09 03:00:00,TS,15.2,58.5,33.0,USA,998.0,USA
2011310N11066,2011,NI,AS,UNNAMED,2011-11-09 06:00:00,TS,15.3,58.5,30.0,USA,1000.0,USA
2011310N11066,2011,NI,AS,UNNAMED,2011-11-09 09:00:00,TS,15.4,58.5,30.0,USA,1000.0,USA
2011310N11066,2011,NI,AS,UNNAMED,2011-11-09 12:00:00,TS,15.7,58.5,30.0,USA,1000.0,USA
2011310N11066,2011,NI,AS,UNNAMED,2011-11-09 15:00:00,TS,15.7,58.5,28.0,USA,1002.0,USA
2011310N11066,2011,NI,AS,UNNAMED,2011-11-09 18:00:00,TS,15.8,58.6,25.0,USA,1004.0,USA
2011310N11066,2011,NI,AS,UNNAMED,2011-11-09 21:00:00,TS,16.0,58.5,25.0,USA,1004.0,USA
2011310N11066,2011,NI,AS,UNNAMED,2011-11-10 00:00:00,TS,16.2,58.5,25.0,USA,1004.0,USA
2011310N11066,2011,NI,AS,UNNAMED,2011-11-10 03:00:00,TS,16.2,58.4,25.0,USA,1004.0,USA
2011310N11066,2011,NI,AS,UNNAMED,2011-11-10 06:00:00,TS,15.9,58.3,25.0,USA,1004.0,USA
2011310N11066,2011,NI,AS,UNNAMED,2011-11-10 09:00:00,TS,15.4,58.6,25.0,USA,1004.0,USA
2011310N11066,2011,NI,AS,UNNAMED,2011-11-10 12:00:00,TS,14.9,58.8,25.0,USA,1004.0,USA
2011310N11066,2011,NI,AS,UNNAMED,2011-11-10 15:00:00,TS,14.7,58.8,25.0,USA,1004.0,USA
2011310N11066,2011,NI,AS,UNNAMED,2011-11-10 18:00:00,TS,14.5,58.6,25.0,USA,1004.0,USA
2011310N11066,2011,NI,AS,UNNAMED,2011-11-10 21:00:00,TS,14.3,58.1,25.0,USA,1004.0,USA
2011310N11066,2011,NI,AS,UNNAMED,2011-11-11 00:00:00,TS,14.1,57.5,25.0,USA,1004.0,USA
2011310N11066,2011,NI,AS,UNNAMED,2011-11-11 03:00:00,TS,13.9,57.1,20.0,USA,1007.0,USA
2011310N11066,2011,NI,AS,UNNAMED,2011-11-11 06:00:00,DS,13.7,56.8,15.0,USA,1010.0,USA
2011310N11066,2011,NI,AS,UNNAMED,2011-11-11 09:00:00,DS,13.6,56.5,15.0,USA,1010.0,USA
2011310N11066,2011,NI,AS,UNNAMED,2011-11-11 12:00:00,DS,13.5,56.3,15.0,USA,1010.0,USA
2011330N06078,2011,NI,BB,UNNAMED,2011-11-25 12:00:00,TS,6.0,78.1,25.0,USA,1004.0,USA
2011330N06078,2011,NI,AS,UNNAMED,2011-11-25 15:00:00,TS,6.4,77.6,28.0,USA,1002.0,USA
2011330N06078,2011,NI,AS,UNNAMED,2011-11-25 18:00:00,TS,6.8,77.2,30.0,USA,1000.0,USA
2011330N06078,2011,NI,AS,UNNAMED,2011-11-25 21:00:00,TS,7.2,76.8,30.0,USA,1000.0,USA
2011330N06078,2011,NI,AS,UNNAMED,2011-11-26 00:00:00,TS,7.6,76.4,30.0,USA,1000.0,USA
2011330N06078,2011,NI,AS,UNNAMED,2011-11-26 03:00:00,TS,7.9,76.1,30.0,USA,1000.0,USA
2011330N06078,2011,NI,AS,UNNAMED,2011-11-26 06:00:00,TS,8.2,75.6,30.0,USA,1000.0,USA
2011330N06078,2011,NI,AS,UNNAMED,2011-11-26 09:00:00,TS,8.5,75.2,30.0,USA,1000.0,USA
2011330N06078,2011,NI,AS,UNNAMED,2011-11-26 12:00:00,TS,8.7,74.9,30.0,USA,1000.0,USA
2011330N06078,2011,NI,AS,UNNAMED,2011-11-26 15:00:00,TS,8.8,74.7,30.0,USA,1000.0,USA
2011330N06078,2011,NI,AS,UNNAMED,2011-11-26 18:00:00,TS,9.1,74.5,30.0,USA,1000.0,USA
2011330N06078,2011,NI,AS,UNNAMED,2011-11-26 21:00:00,TS,9.4,74.1,30.0,USA,1000.0,USA
2011330N06078,2011,NI,AS,UNNAMED,2011-11-27 00:00:00,TS,10.0,73.6,30.0,USA,1000.0,USA
2011330N06078,2011,NI,AS,UNNAMED,2011-11-27 03:00:00,TS,10.7,72.9,30.0,USA,1000.0,USA
2011330N06078,2011,NI,AS,UNNAMED,2011-11-27 06:00:00,TS,11.2,72.4,30.0,USA,1000.0,USA
2011330N06078,2011,NI,AS,UNNAMED,2011-11-27 09:00:00,TS,11.6,71.9,30.0,USA,1000.0,USA
2011330N06078,2011,NI,AS,UNNAMED,2011-11-27 12:00:00,TS,12.1,71.5,30.0,USA,1000.0,USA
2011330N06078,2011,NI,AS,UNNAMED,2011-11-27 15:00:00,TS,12.4,71.1,30.0,USA,1000.0,USA
2011330N06078,2011,NI,AS,UNNAMED,2011-11-27 18:00:00,TS,12.8,70.7,30.0,USA,1000.0,USA
2011330N06078,2011,NI,AS,UNNAMED,2011-11-27 21:00:00,TS,13.2,70.2,30.0,USA,1000.0,USA
2011330N06078,2011,NI,AS,UNNAMED,2011-11-28 00:00:00,TS,13.7,69.8,30.0,USA,1000.0,USA
2011330N06078,2011,NI,AS,UNNAMED,2011-11-28 03:00:00,TS,14.1,69.3,33.0,USA,998.0,USA
2011330N06078,2011,NI,AS,UNNAMED,2011-11-28 06:00:00,TS,14.6,68.9,35.0,USA,996.0,USA
2011330N06078,2011,NI,AS,UNNAMED,2011-11-28 09:00:00,TS,14.8,68.4,35.0,USA,996.0,USA
2011330N06078,2011,NI,AS,UNNAMED,2011-11-28 12:00:00,TS,15.1,68.1,35.0,USA,996.0,USA
2011330N06078,2011,NI,AS,UNNAMED,2011-11-28 15:00:00,TS,15.3,67.8,35.0,USA,996.0,USA
2011330N06078,2011,NI,AS,UNNAMED,2011-11-28 18:00:00,TS,15.5,67.6,35.0,USA,996.0,USA
2011330N06078,2011,NI,AS,UNNAMED,2011-11-28 21:00:00,TS,15.5,67.3,33.0,USA,998.0,USA
2011330N06078,2011,NI,AS,UNNAMED,2011-11-29 00:00:00,TS,15.6,67.1,30.0,USA,1000.0,USA
2011330N06078,2011,NI,AS,UNNAMED,2011-11-29 03:00:00,TS,15.6,66.8,30.0,USA,1000.0,USA
2011330N06078,2011,NI,AS,UNNAMED,2011-11-29 06:00:00,TS,15.9,66.6,30.0,USA,1000.0,USA
2011330N06078,2011,NI,AS,UNNAMED,2011-11-29 09:00:00,TS,16.1,66.4,30.0,USA,1000.0,USA
2011330N06078,2011,NI,AS,UNNAMED,2011-11-29 12:00:00,TS,16.3,66.3,30.0,USA,1000.0,USA
2011330N06078,2011,NI,AS,UNNAMED,2011-11-29 15:00:00,TS,16.5,65.9,28.0,USA,1002.0,USA
2011330N06078,2011,NI,AS,UNNAMED,2011-11-29 18:00:00,TS,16.7,65.4,25.0,USA,1004.0,USA
2011330N06078,2011,NI,AS,UNNAMED,2011-11-29 21:00:00,TS,16.9,64.9,25.0,USA,1004.0,USA
2011330N06078,2011,NI,AS,UNNAMED,2011-11-30 00:00:00,TS,17.1,64.5,25.0,USA,1004.0,USA
2011330N06078,2011,NI,AS,UNNAMED,2011-11-30 03:00:00,TS,17.2,64.3,25.0,USA,1004.0,USA
2011330N06078,2011,NI,AS,UNNAMED,2011-11-30 06:00:00,TS,17.7,63.7,25.0,USA,1004.0,USA
2011330N06078,2011,NI,AS,UNNAMED,2011-11-30 09:00:00,TS,18.1,63.5,25.0,USA,1004.0,USA
2011330N06078,2011,NI,AS,UNNAMED,2011-11-30 12:00:00,TS,18.4,63.4,25.0,USA,1004.0,USA
2011330N06078,2011,NI,AS,UNNAMED,2011-11-30 15:00:00,TS,18.7,63.0,25.0,USA,1004.0,USA
2011330N06078,2011,NI,AS,UNNAMED,2011-11-30 18:00:00,TS,19.0,62.7,25.0,USA,1004.0,USA
2011330N06078,2011,NI,AS,UNNAMED,2011-11-30 21:00:00,TS,19.2,62.6,25.0,USA,1004.0,USA
2011330N06078,2011,NI,AS,UNNAMED,2011-12-01 00:00:00,TS,19.3,62.6,25.0,USA,1004.0,USA
2011330N06078,2011,NI,AS,UNNAMED,2011-12-01 03:00:00,TS,19.4,62.5,23.0,USA,1006.0,USA
2011330N06078,2011,NI,AS,UNNAMED,2011-12-01 06:00:00,DS,19.5,62.4,20.0,USA,1007.0,USA
2011360N09088,2011,NI,BB,THANE,2011-12-25 12:00:00,TS,8.9,88.4,30.0,USA,1001.0,USA
2011360N09088,2011,NI,BB,THANE,2011-12-25 15:00:00,TS,9.1,88.3,30.0,USA,1001.0,USA
2011360N09088,2011,NI,BB,THANE,2011-12-25 18:00:00,TS,9.3,88.3,30.0,USA,1000.0,USA
2011360N09088,2011,NI,BB,THANE,2011-12-25 21:00:00,TS,9.6,88.1,30.0,USA,1000.0,USA
2011360N09088,2011,NI,BB,THANE,2011-12-26 00:00:00,TS,9.8,88.0,30.0,USA,1000.0,USA
2011360N09088,2011,NI,BB,THANE,2011-12-26 03:00:00,TS,9.9,88.0,35.0,USA,997.0,USA
2011360N09088,2011,NI,BB,THANE,2011-12-26 06:00:00,TS,10.3,88.0,40.0,USA,993.0,USA
2011360N09088,2011,NI,BB,THANE,2011-12-26 09:00:00,TS,10.6,87.9,45.0,USA,989.0,USA
2011360N09088,2011,NI,BB,THANE,2011-12-26 12:00:00,TS,10.8,87.9,50.0,USA,985.0,USA
2011360N09088,2011,NI,BB,THANE,2011-12-26 15:00:00,TS,11.1,87.8,50.0,USA,985.0,USA
2011360N09088,2011,NI,BB,THANE,2011-12-26 18:00:00,TS,11.3,87.7,50.0,USA,985.0,USA
2011360N09088,2011,NI,BB,THANE,2011-12-26 21:00:00,TS,11.4,87.6,50.0,USA,985.0,USA
2011360N09088,2011,NI,BB,THANE,2011-12-27 00:00:00,TS,11.7,87.5,50.0,USA,985.0,USA
2011360N09088,2011,NI,BB,THANE,2011-12-27 03:00:00,TS,12.0,87.2,50.0,USA,985.0,USA
2011360N09088,2011,NI,BB,THANE,2011-12-27 06:00:00,TS,12.1,87.1,50.0,USA,985.0,USA
2011360N09088,2011,NI,BB,THANE,2011-12-27 09:00:00,TS,12.2,86.8,53.0,USA,984.0,USA
2011360N09088,2011,NI,BB,THANE,2011-12-27 12:00:00,TS,12.4,86.6,55.0,USA,982.0,USA
2011360N09088,2011,NI,BB,THANE,2011-12-27 15:00:00,TS,12.4,86.4,58.0,USA,980.0,USA
2011360N09088,2011,NI,BB,THANE,2011-12-27 18:00:00,TS,12.3,86.0,60.0,USA,978.0,USA
2011360N09088,2011,NI,BB,THANE,2011-12-27 21:00:00,TS,12.2,85.8,63.0,USA,976.0,USA
2011360N09088,2011,NI,BB,THANE,2011-12-28 00:00:00,TS,12.2,85.4,65.0,USA,974.0,USA
2011360N09088,2011,NI,BB,THANE,2011-12-28 03:00:00,TS,12.2,85.2,68.0,USA,972.0,USA
2011360N09088,2011,NI,BB,THANE,2011-12-28 06:00:00,TS,12.3,84.9,70.0,USA,970.0,USA
2011360N09088,2011,NI,BB,THANE,2011-12-28 09:00:00,TS,12.3,84.7,73.0,USA,969.0,USA
2011360N09088,2011,NI,BB,THANE,2011-12-28 12:00:00,TS,12.4,84.4,75.0,USA,967.0,USA
2011360N09088,2011,NI,BB,THANE,2011-12-28 15:00:00,TS,12.3,83.9,75.0,USA,967.0,USA
2011360N09088,2011,NI,BB,THANE,2011-12-28 18:00:00,TS,12.3,83.8,75.0,USA,967.0,USA
2011360N09088,2011,NI,BB,THANE,2011-12-28 21:00:00,TS,12.2,83.3,80.0,USA,963.0,USA
2011360N09088,2011,NI,BB,THANE,2011-12-29 00:00:00,TS,12.1,82.9,85.0,USA,959.0,USA
2011360N09088,2011,NI,BB,THANE,2011-12-29 03:00:00,TS,11.9,82.5,88.0,USA,958.0,USA
2011360N09088,2011,NI,BB,THANE,2011-12-29 06:00:00,TS,12.0,82.1,90.0,USA,956.0,USA
2011360N09088,2011,NI,BB,THANE,2011-12-29 09:00:00,TS,12.0,81.7,85.0,USA,960.0,USA
2011360N09088,2011,NI,BB,THANE,2011-12-29 12:00:00,TS,12.0,81.3,80.0,USA,963.0,USA
2011360N09088,2011,NI,BB,THANE,2011-12-29 15:00:00,TS,11.9,81.0,78.0,USA,965.0,USA
2011360N09088,2011,NI,BB,THANE,2011-12-29 18:00:00,TS,11.8,80.6,75.0,USA,967.0,USA
2011360N09088,2011,NI,BB,THANE,2011-12-29 21:00:00,TS,11.8,80.3,70.0,USA,971.0,USA
2011360N09088,2011,NI,BB,THANE,2011-12-30 00:00:00,TS,11.7,79.9,65.0,USA,974.0,USA
2011360N09088,2011,NI,BB,THANE,2011-12-30 03:00:00,TS,11.6,79.5,58.0,USA,980.0,USA
2011360N09088,2011,NI,BB,THANE,2011-12-30 06:00:00,TS,11.6,79.1,50.0,USA,985.0,USA
2011360N09088,2011,NI,BB,THANE,2011-12-30 09:00:00,TS,11.8,78.6,45.0,USA,989.0,USA
2011360N09088,2011,NI,BB,THANE,2011-12-30 12:00:00,TS,12.2,78.2,40.0,USA,993.0,USA
2012285N21091,2012,NI,BB,UNNAMED,2012-10-10 12:00:00,TS,21.0,91.0,25.0,NEWDELHI,1003.0,NEWDELHI
2012285N21091,2012,NI,BB,UNNAMED,2012-10-10 15:00:00,TS,21.5,91.0,25.0,NEWDELHI,1003.0,NEWDELHI
2012285N21091,2012,NI,BB,UNNAMED,2012-10-10 18:00:00,TS,22.0,91.0,30.0,NEWDELHI,1002.0,NEWDELHI
2012285N21091,2012,NI,BB,UNNAMED,2012-10-10 21:00:00,TS,22.3,91.1,30.0,NEWDELHI,1002.0,NEWDELHI
2012285N21091,2012,NI,BB,UNNAMED,2012-10-11 00:00:00,TS,22.5,91.3,30.0,NEWDELHI,1002.0,NEWDELHI
2012285N21091,2012,NI,BB,UNNAMED,2012-10-11 03:00:00,TS,23.0,91.5,20.0,NEWDELHI,1006.0,NEWDELHI
2012297N11067,2012,NI,AS,MURJAN,2012-10-22 15:00:00,TS,11.0,66.5,25.0,NEWDELHI,1004.0,NEWDELHI
2012297N11067,2012,NI,AS,MURJAN,2012-10-22 18:00:00,MX,11.1,66.0,15.0,USA,1008.0,USA
2012297N11067,2012,NI,AS,MURJAN,2012-10-22 21:00:00,MX,11.2,65.6,18.0,USA,1008.0,USA
2012297N11067,2012,NI,AS,MURJAN,2012-10-23 00:00:00,MX,11.3,65.1,20.0,USA,1007.0,USA
2012297N11067,2012,NI,AS,MURJAN,2012-10-23 03:00:00,MX,11.4,64.4,20.0,USA,1007.0,USA
2012297N11067,2012,NI,AS,MURJAN,2012-10-23 06:00:00,MX,11.5,63.8,20.0,USA,1007.0,USA
2012297N11067,2012,NI,AS,MURJAN,2012-10-23 09:00:00,MX,11.5,63.2,23.0,USA,1006.0,USA
2012297N11067,2012,NI,AS,MURJAN,2012-10-23 12:00:00,MX,11.4,62.4,25.0,USA,1004.0,USA
2012297N11067,2012,NI,AS,MURJAN,2012-10-23 15:00:00,MX,11.2,61.4,28.0,USA,1002.0,USA
2012297N11067,2012,NI,AS,MURJAN,2012-10-23 18:00:00,MX,11.0,60.4,30.0,USA,1000.0,USA
2012297N11067,2012,NI,AS,MURJAN,2012-10-23 21:00:00,MX,10.9,59.4,30.0,USA,1000.0,USA
2012297N11067,2012,NI,AS,MURJAN,2012-10-24 00:00:00,MX,10.7,58.6,30.0,USA,1000.0,USA
2012297N11067,2012,NI,AS,MURJAN,2012-10-24 03:00:00,MX,10.6,57.8,30.0,USA,1000.0,USA
2012297N11067,2012,NI,AS,MURJAN,2012-10-24 06:00:00,MX,10.5,57.1,30.0,USA,1000.0,USA
2012297N11067,2012,NI,AS,MURJAN,2012-10-24 09:00:00,MX,10.5,56.5,33.0,USA,998.0,USA
2012297N11067,2012,NI,AS,MURJAN,2012-10-24 12:00:00,TS,10.5,55.9,35.0,USA,996.0,USA
2012297N11067,2012,NI,AS,MURJAN,2012-10-24 15:00:00,TS,10.5,55.2,35.0,USA,996.0,USA
2012297N11067,2012,NI,AS,MURJAN,2012-10-24 18:00:00,TS,10.5,54.5,35.0,USA,996.0,USA
2012297N11067,2012,NI,AS,MURJAN,2012-10-24 21:00:00,TS,10.4,53.9,35.0,USA,996.0,USA
2012297N11067,2012,NI,AS,MURJAN,2012-10-25 00:00:00,TS,10.1,53.4,35.0,USA,996.0,USA
2012297N11067,2012,NI,AS,MURJAN,2012-10-25 03:00:00,TS,9.9,52.7,35.0,USA,996.0,USA
2012297N11067,2012,NI,AS,MURJAN,2012-10-25 06:00:00,TS,9.7,52.0,35.0,USA,996.0,USA
2012297N11067,2012,NI,AS,MURJAN,2012-10-25 09:00:00,TS,9.6,51.4,35.0,USA,996.0,USA
2012297N11067,2012,NI,AS,MURJAN,2012-10-25 12:00:00,TS,9.6,50.9,35.0,USA,996.0,USA
2012297N11067,2012,NI,AS,MURJAN,2012-10-25 15:00:00,TS,9.5,50.5,33.0,USA,998.0,USA
2012297N11067,2012,NI,AS,MURJAN,2012-10-25 18:00:00,TS,9.5,49.9,30.0,USA,1000.0,USA
2012297N11067,2012,NI,AS,MURJAN,2012-10-25 21:00:00,TS,9.4,48.8,28.0,USA,1002.0,USA
2012297N11067,2012,NI,AS,MURJAN,2012-10-26 00:00:00,TS,9.2,47.7,25.0,USA,1004.0,USA
2012301N11087,2012,NI,BB,NILAM,2012-10-27 06:00:00,DS,11.1,87.1,15.0,USA,1010.0,USA
2012301N11087,2012,NI,BB,NILAM,2012-10-27 09:00:00,DS,10.9,87.0,18.0,USA,1009.0,USA
2012301N11087,2012,NI,BB,NILAM,2012-10-27 12:00:00,DS,10.7,86.8,20.0,USA,1007.0,USA
2012301N11087,2012,NI,BB,NILAM,2012-10-27 15:00:00,DS,10.4,86.6,20.0,USA,1007.0,USA
2012301N11087,2012,NI,BB,NILAM,2012-10-27 18:00:00,DS,10.2,86.4,20.0,USA,1007.0,USA
2012301N11087,2012,NI,BB,NILAM,2012-10-27 21:00:00,DS,10.1,86.2,23.0,USA,1006.0,USA
2012301N11087,2012,NI,BB,NILAM,2012-10-28 00:00:00,TS,10.0,85.9,25.0,USA,1004.0,USA
2012301N11087,2012,NI,BB,NILAM,2012-10-28 03:00:00,TS,9.9,85.7,25.0,USA,1004.0,USA
2012301N11087,2012,NI,BB,NILAM,2012-10-28 06:00:00,TS,9.7,85.5,25.0,USA,1004.0,USA
2012301N11087,2012,NI,BB,NILAM,2012-10-28 09:00:00,TS,9.6,85.3,25.0,USA,1004.0,USA
2012301N11087,2012,NI,BB,NILAM,2012-10-28 12:00:00,TS,9.6,84.9,25.0,USA,1004.0,USA
2012301N11087,2012,NI,BB,NILAM,2012-10-28 15:00:00,TS,9.5,84.6,28.0,USA,1002.0,USA
2012301N11087,2012,NI,BB,NILAM,2012-10-28 18:00:00,TS,9.5,84.4,30.0,USA,1000.0,USA
2012301N11087,2012,NI,BB,NILAM,2012-10-28 21:00:00,TS,9.6,84.0,30.0,USA,1000.0,USA
2012301N11087,2012,NI,BB,NILAM,2012-10-29 00:00:00,TS,9.6,83.7,30.0,USA,1000.0,USA
2012301N11087,2012,NI,BB,NILAM,2012-10-29 03:00:00,TS,9.5,83.3,30.0,USA,1000.0,USA
2012301N11087,2012,NI,BB,NILAM,2012-10-29 06:00:00,TS,9.1,82.9,30.0,USA,1000.0,USA
2012301N11087,2012,NI,BB,NILAM,2012-10-29 09:00:00,TS,8.9,82.6,33.0,USA,998.0,USA
2012301N11087,2012,NI,BB,NILAM,2012-10-29 12:00:00,TS,8.8,82.5,35.0,USA,996.0,USA
2012301N11087,2012,NI,BB,NILAM,2012-10-29 15:00:00,TS,8.7,82.4,38.0,USA,995.0,USA
2012301N11087,2012,NI,BB,NILAM,2012-10-29 18:00:00,TS,8.7,82.5,40.0,USA,993.0,USA
2012301N11087,2012,NI,BB,NILAM,2012-10-29 21:00:00,TS,8.7,82.6,40.0,USA,993.0,USA
2012301N11087,2012,NI,BB,NILAM,2012-10-30 00:00:00,TS,8.8,82.8,40.0,USA,993.0,USA
2012301N11087,2012,NI,BB,NILAM,2012-10-30 03:00:00,TS,8.9,82.7,43.0,USA,991.0,USA
2012301N11087,2012,NI,BB,NILAM,2012-10-30 06:00:00,TS,9.1,82.7,45.0,USA,989.0,USA
2012301N11087,2012,NI,BB,NILAM,2012-10-30 09:00:00,TS,9.5,82.6,45.0,USA,989.0,USA
2012301N11087,2012,NI,BB,NILAM,2012-10-30 12:00:00,TS,9.7,82.6,45.0,USA,989.0,USA
2012301N11087,2012,NI,BB,NILAM,2012-10-30 15:00:00,TS,9.9,82.6,48.0,USA,987.0,USA
2012301N11087,2012,NI,BB,NILAM,2012-10-30 18:00:00,TS,10.4,82.5,50.0,USA,985.0,USA
2012301N11087,2012,NI,BB,NILAM,2012-10-30 21:00:00,TS,10.5,82.3,50.0,USA,985.0,USA
2012301N11087,2012,NI,BB,NILAM,2012-10-31 00:00:00,TS,10.9,81.8,50.0,USA,985.0,USA
2012301N11087,2012,NI,BB,NILAM,2012-10-31 03:00:00,TS,11.3,81.3,50.0,USA,985.0,USA
2012301N11087,2012,NI,BB,NILAM,2012-10-31 06:00:00,TS,11.7,81.0,50.0,USA,985.0,USA
2012301N11087,2012,NI,BB,NILAM,2012-10-31 09:00:00,TS,12.3,80.5,50.0,USA,985.0,USA
2012301N11087,2012,NI,BB,NILAM,2012-10-31 12:00:00,TS,12.7,79.8,50.0,USA,985.0,USA
2012301N11087,2012,NI,BB,NILAM,2012-10-31 15:00:00,TS,13.0,79.2,48.0,USA,987.0,USA
2012301N11087,2012,NI,BB,NILAM,2012-10-31 18:00:00,TS,13.2,78.3,45.0,USA,989.0,USA
2012301N11087,2012,NI,AS,NILAM,2012-10-31 21:00:00,TS,13.3,77.7,40.0,USA,993.0,USA
2012301N11087,2012,NI,AS,NILAM,2012-11-01 00:00:00,TS,13.3,77.3,35.0,USA,996.0,USA
2012301N11087,2012,NI,AS,NILAM,2012-11-01 03:00:00,TS,13.5,77.0,20.0,NEWDELHI,1002.0,NEWDELHI
2012301N11087,2012,NI,AS,NILAM,2012-11-01 06:00:00,TS,13.5,77.0,20.0,NEWDELHI,1002.0,NEWDELHI
2012301N11087,2012,NI,AS,NILAM,2012-11-01 09:00:00,TS,13.7,77.0,20.0,NEWDELHI,1002.0,NEWDELHI
2012301N11087,2012,NI,AS,NILAM,2012-11-01 12:00:00,TS,14.0,77.0,20.0,NEWDELHI,1002.0,NEWDELHI
2012301N11087,2012,NI,AS,NILAM,2012-11-01 15:00:00,TS,14.3,77.0,20.0,NEWDELHI,1003.0,NEWDELHI
2012301N11087,2012,NI,AS,NILAM,2012-11-01 18:00:00,TS,14.5,77.0,20.0,NEWDELHI,1004.0,NEWDELHI
2012321N14090,2012,NI,BB,UNNAMED,2012-11-16 00:00:00,DS,14.2,90.2,20.0,USA,1007.0,USA
2012321N14090,2012,NI,BB,UNNAMED,2012-11-16 03:00:00,DS,14.4,90.1,20.0,USA,1007.0,USA
2012321N14090,2012,NI,BB,UNNAMED,2012-11-16 06:00:00,DS,14.6,89.9,20.0,USA,1007.0,USA
2012321N14090,2012,NI,BB,UNNAMED,2012-11-16 09:00:00,DS,14.8,89.7,20.0,USA,1007.0,USA
2012321N14090,2012,NI,BB,UNNAMED,2012-11-16 12:00:00,DS,14.9,89.6,20.0,USA,1007.0,USA
2012321N14090,2012,NI,BB,UNNAMED,2012-11-16 15:00:00,DS,15.0,89.4,20.0,USA,1007.0,USA
2012321N14090,2012,NI,BB,UNNAMED,2012-11-16 18:00:00,TS,15.1,89.3,20.0,USA,1007.0,USA
2012321N14090,2012,NI,BB,UNNAMED,2012-11-16 21:00:00,TS,15.2,89.2,23.0,USA,1006.0,USA
2012321N14090,2012,NI,BB,UNNAMED,2012-11-17 00:00:00,TS,15.4,89.1,25.0,USA,1004.0,USA
2012321N14090,2012,NI,BB,UNNAMED,2012-11-17 03:00:00,TS,15.6,89.1,28.0,USA,1002.0,USA
2012321N14090,2012,NI,BB,UNNAMED,2012-11-17 06:00:00,MX,15.7,89.3,30.0,USA,1000.0,USA
2012321N14090,2012,NI,BB,UNNAMED,2012-11-17 09:00:00,MX,15.8,89.2,30.0,USA,1000.0,USA
2012321N14090,2012,NI,BB,UNNAMED,2012-11-17 12:00:00,MX,16.1,89.0,30.0,USA,1000.0,USA
2012321N14090,2012,NI,BB,UNNAMED,2012-11-17 15:00:00,MX,16.2,88.9,33.0,USA,998.0,USA
2012321N14090,2012,NI,BB,UNNAMED,2012-11-17 18:00:00,TS,16.2,88.9,35.0,USA,996.0,USA
2012321N14090,2012,NI,BB,UNNAMED,2012-11-17 21:00:00,TS,16.1,88.6,35.0,USA,996.0,USA
2012321N14090,2012,NI,BB,UNNAMED,2012-11-18 00:00:00,TS,16.1,88.5,35.0,USA,996.0,USA
2012321N14090,2012,NI,BB,UNNAMED,2012-11-18 03:00:00,TS,16.0,88.4,35.0,USA,996.0,USA
2012321N14090,2012,NI,BB,UNNAMED,2012-11-18 06:00:00,TS,16.0,88.0,35.0,USA,996.0,USA
2012321N14090,2012,NI,BB,UNNAMED,2012-11-18 09:00:00,TS,15.9,87.7,35.0,USA,996.0,USA
2012321N14090,2012,NI,BB,UNNAMED,2012-11-18 12:00:00,TS,15.9,87.6,35.0,USA,996.0,USA
2012321N14090,2012,NI,BB,UNNAMED,2012-11-18 15:00:00,TS,15.8,87.5,35.0,USA,996.0,USA
2012321N14090,2012,NI,BB,UNNAMED,2012-11-18 18:00:00,TS,15.7,87.4,35.0,USA,996.0,USA
2012321N14090,2012,NI,BB,UNNAMED,2012-11-18 21:00:00,TS,15.6,87.2,33.0,USA,998.0,USA
2012321N14090,2012,NI,BB,UNNAMED,2012-11-19 00:00:00,TS,15.4,86.9,30.0,USA,1000.0,USA
2012321N14090,2012,NI,BB,UNNAMED,2012-11-19 03:00:00,TS,15.1,86.6,30.0,USA,1000.0,USA
2012321N14090,2012,NI,BB,UNNAMED,2012-11-19 06:00:00,TS,15.1,86.4,30.0,USA,1000.0,USA
2012321N14090,2012,NI,BB,UNNAMED,2012-11-19 09:00:00,TS,15.1,86.3,28.0,USA,1002.0,USA
2012321N14090,2012,NI,BB,UNNAMED,2012-11-19 12:00:00,TS,15.1,86.0,25.0,USA,1004.0,USA
2012321N14090,2012,NI,BB,UNNAMED,2012-11-19 15:00:00,TS,15.1,85.8,25.0,USA,1004.0,USA
2012321N14090,2012,NI,BB,UNNAMED,2012-11-19 18:00:00,TS,15.1,85.5,25.0,USA,1004.0,USA
2012321N14090,2012,NI,BB,UNNAMED,2012-11-19 21:00:00,TS,15.1,85.3,25.0,USA,1004.0,USA
2012321N14090,2012,NI,BB,UNNAMED,2012-11-20 00:00:00,TS,15.2,85.0,25.0,USA,1004.0,USA
2012321N14090,2012,NI,BB,UNNAMED,2012-11-20 03:00:00,TS,15.2,84.8,25.0,USA,1004.0,USA
2012321N14090,2012,NI,BB,UNNAMED,2012-11-20 06:00:00,TS,15.2,84.5,25.0,USA,1004.0,USA
2012321N14090,2012,NI,BB,UNNAMED,2012-11-20 09:00:00,TS,15.0,84.2,25.0,USA,1004.0,USA
2012321N14090,2012,NI,BB,UNNAMED,2012-11-20 12:00:00,TS,14.8,84.0,25.0,USA,1004.0,USA
2012321N14090,2012,NI,BB,UNNAMED,2012-11-20 15:00:00,TS,14.7,83.8,25.0,USA,1004.0,USA
2012321N14090,2012,NI,BB,UNNAMED,2012-11-20 18:00:00,TS,14.5,83.6,25.0,USA,1004.0,USA
2012321N14090,2012,NI,BB,UNNAMED,2012-11-20 21:00:00,TS,14.3,83.5,25.0,USA,1004.0,USA
2012321N14090,2012,NI,BB,UNNAMED,2012-11-21 00:00:00,TS,14.0,83.3,25.0,USA,1004.0,USA
2012321N14090,2012,NI,BB,UNNAMED,2012-11-21 03:00:00,TS,13.7,83.1,25.0,USA,1004.0,USA
2012321N14090,2012,NI,BB,UNNAMED,2012-11-21 06:00:00,TS,13.5,82.9,25.0,USA,1004.0,USA
2012321N14090,2012,NI,BB,UNNAMED,2012-11-21 09:00:00,TS,13.3,82.7,25.0,USA,1004.0,USA
2012321N14090,2012,NI,BB,UNNAMED,2012-11-21 12:00:00,TS,13.1,82.5,25.0,USA,1004.0,USA
2012321N14090,2012,NI,BB,UNNAMED,2012-11-21 15:00:00,TS,13.1,82.3,25.0,USA,1004.0,USA
2012321N14090,2012,NI,BB,UNNAMED,2012-11-21 18:00:00,TS,13.1,82.1,25.0,USA,1004.0,USA
2012321N14090,2012,NI,BB,UNNAMED,2012-11-21 21:00:00,TS,13.0,81.8,25.0,USA,1004.0,USA
2012321N14090,2012,NI,BB,UNNAMED,2012-11-22 00:00:00,TS,12.9,81.6,25.0,USA,1004.0,USA
2012321N14090,2012,NI,BB,UNNAMED,2012-11-22 03:00:00,TS,12.9,81.4,25.0,USA,1004.0,USA
2012321N14090,2012,NI,BB,UNNAMED,2012-11-22 06:00:00,TS,12.9,81.2,25.0,USA,1004.0,USA
2012321N14090,2012,NI,BB,UNNAMED,2012-11-22 09:00:00,TS,12.9,81.0,25.0,USA,1004.0,USA
2012321N14090,2012,NI,BB,UNNAMED,2012-11-22 12:00:00,TS,12.9,80.7,25.0,USA,1004.0,USA
2012321N14090,2012,NI,BB,UNNAMED,2012-11-22 15:00:00,TS,12.9,80.5,25.0,USA,1004.0,USA
2012321N14090,2012,NI,BB,UNNAMED,2012-11-22 18:00:00,TS,12.8,80.2,25.0,USA,1004.0,USA
2012321N14090,2012,NI,BB,UNNAMED,2012-11-22 21:00:00,TS,12.8,79.9,25.0,USA,1004.0,USA
2012321N14090,2012,NI,BB,UNNAMED,2012-11-23 00:00:00,TS,12.7,79.5,25.0,USA,1004.0,USA
2012321N14090,2012,NI,BB,UNNAMED,2012-11-23 03:00:00,TS,12.7,79.2,23.0,USA,1006.0,USA
2012321N14090,2012,NI,BB,UNNAMED,2012-11-23 06:00:00,DS,12.6,78.9,20.0,USA,1007.0,USA
2012357N09064,2012,NI,AS,UNNAMED,2012-12-22 06:00:00,MX,9.1,63.8,25.0,USA,1004.0,USA
2012357N09064,2012,NI,AS,UNNAMED,2012-12-22 09:00:00,MX,9.0,63.1,25.0,USA,1004.0,USA
2012357N09064,2012,NI,AS,UNNAMED,2012-12-22 12:00:00,MX,8.9,62.6,25.0,USA,1004.0,USA
2012357N09064,2012,NI,AS,UNNAMED,2012-12-22 15:00:00,MX,8.8,62.0,28.0,USA,1002.0,USA
2012357N09064,2012,NI,AS,UNNAMED,2012-12-22 18:00:00,TS,8.7,61.4,30.0,USA,1000.0,USA
2012357N09064,2012,NI,AS,UNNAMED,2012-12-22 21:00:00,TS,8.7,60.8,33.0,USA,998.0,USA
2012357N09064,2012,NI,AS,UNNAMED,2012-12-23 00:00:00,TS,8.7,60.2,35.0,USA,996.0,USA
2012357N09064,2012,NI,AS,UNNAMED,2012-12-23 03:00:00,TS,8.7,59.5,35.0,USA,996.0,USA
2012357N09064,2012,NI,AS,UNNAMED,2012-12-23 06:00:00,TS,8.6,58.8,35.0,USA,996.0,USA
2012357N09064,2012,NI,AS,UNNAMED,2012-12-23 09:00:00,TS,8.6,57.9,35.0,USA,996.0,USA
2012357N09064,2012,NI,AS,UNNAMED,2012-12-23 12:00:00,TS,8.5,57.1,35.0,USA,996.0,USA
2012357N09064,2012,NI,AS,UNNAMED,2012-12-23 15:00:00,TS,8.4,56.4,35.0,USA,996.0,USA
2012357N09064,2012,NI,AS,UNNAMED,2012-12-23 18:00:00,TS,8.4,55.8,35.0,USA,996.0,USA
2012357N09064,2012,NI,AS,UNNAMED,2012-12-23 21:00:00,TS,8.3,55.1,35.0,USA,996.0,USA
2012357N09064,2012,NI,AS,UNNAMED,2012-12-24 00:00:00,TS,8.2,54.5,35.0,USA,996.0,USA
2012357N09064,2012,NI,AS,UNNAMED,2012-12-24 03:00:00,TS,8.0,53.9,35.0,USA,996.0,USA
2012357N09064,2012,NI,AS,UNNAMED,2012-12-24 06:00:00,TS,7.7,53.2,35.0,USA,996.0,USA
2012357N09064,2012,NI,AS,UNNAMED,2012-12-24 09:00:00,TS,7.4,52.6,33.0,USA,998.0,USA
2012357N09064,2012,NI,AS,UNNAMED,2012-12-24 12:00:00,TS,7.2,51.9,30.0,USA,1000.0,USA
2012357N09064,2012,NI,AS,UNNAMED,2012-12-24 15:00:00,TS,6.9,51.3,28.0,USA,1002.0,USA
2012357N09064,2012,NI,AS,UNNAMED,2012-12-24 18:00:00,TS,6.7,50.7,25.0,USA,1004.0,USA
2012357N09064,2012,NI,AS,UNNAMED,2012-12-24 21:00:00,TS,6.5,50.1,23.0,USA,1006.0,USA
2012357N09064,2012,NI,AS,UNNAMED,2012-12-25 00:00:00,TS,6.2,49.6,20.0,USA,1007.0,USA
2013130N04093,2013,NI,BB,MAHASEN:VIYARU,2013-05-09 18:00:00,DS,4.4,93.0,20.0,USA,1007.0,USA
2013130N04093,2013,NI,BB,MAHASEN:VIYARU,2013-05-09 21:00:00,DS,4.4,93.3,23.0,USA,1006.0,USA
2013130N04093,2013,NI,BB,MAHASEN:VIYARU,2013-05-10 00:00:00,TS,4.5,93.5,25.0,USA,1004.0,USA
2013130N04093,2013,NI,BB,MAHASEN:VIYARU,2013-05-10 03:00:00,TS,4.7,93.3,30.0,USA,1000.0,USA
2013130N04093,2013,NI,BB,MAHASEN:VIYARU,2013-05-10 06:00:00,TS,4.9,93.0,35.0,USA,996.0,USA
2013130N04093,2013,NI,BB,MAHASEN:VIYARU,2013-05-10 09:00:00,TS,5.1,92.6,35.0,USA,996.0,USA
2013130N04093,2013,NI,BB,MAHASEN:VIYARU,2013-05-10 12:00:00,TS,5.4,92.3,35.0,USA,996.0,USA
2013130N04093,2013,NI,BB,MAHASEN:VIYARU,2013-05-10 15:00:00,TS,5.8,92.0,35.0,USA,996.0,USA
2013130N04093,2013,NI,BB,MAHASEN:VIYARU,2013-05-10 18:00:00,TS,6.1,91.7,35.0,USA,996.0,USA
2013130N04093,2013,NI,BB,MAHASEN:VIYARU,2013-05-10 21:00:00,TS,6.4,91.3,38.0,USA,995.0,USA
2013130N04093,2013,NI,BB,MAHASEN:VIYARU,2013-05-11 00:00:00,TS,6.8,91.0,40.0,USA,993.0,USA
2013130N04093,2013,NI,BB,MAHASEN:VIYARU,2013-05-11 03:00:00,TS,7.3,90.4,43.0,USA,991.0,USA
2013130N04093,2013,NI,BB,MAHASEN:VIYARU,2013-05-11 06:00:00,TS,7.8,90.2,45.0,USA,989.0,USA
2013130N04093,2013,NI,BB,MAHASEN:VIYARU,2013-05-11 09:00:00,TS,7.9,89.7,45.0,USA,989.0,USA
2013130N04093,2013,NI,BB,MAHASEN:VIYARU,2013-05-11 12:00:00,TS,8.3,89.2,45.0,USA,989.0,USA
2013130N04093,2013,NI,BB,MAHASEN:VIYARU,2013-05-11 15:00:00,TS,8.7,88.8,45.0,USA,989.0,USA
2013130N04093,2013,NI,BB,MAHASEN:VIYARU,2013-05-11 18:00:00,TS,9.1,88.7,45.0,USA,989.0,USA
2013130N04093,2013,NI,BB,MAHASEN:VIYARU,2013-05-11 21:00:00,TS,9.4,88.3,45.0,USA,989.0,USA
2013130N04093,2013,NI,BB,MAHASEN:VIYARU,2013-05-12 00:00:00,TS,9.8,87.9,45.0,USA,989.0,USA
2013130N04093,2013,NI,BB,MAHASEN:VIYARU,2013-05-12 03:00:00,TS,9.8,87.5,45.0,USA,989.0,USA
2013130N04093,2013,NI,BB,MAHASEN:VIYARU,2013-05-12 06:00:00,TS,10.0,87.5,45.0,USA,989.0,USA
2013130N04093,2013,NI,BB,MAHASEN:VIYARU,2013-05-12 09:00:00,TS,10.3,87.1,45.0,USA,989.0,USA
2013130N04093,2013,NI,BB,MAHASEN:VIYARU,2013-05-12 12:00:00,TS,10.4,87.0,45.0,USA,989.0,USA
2013130N04093,2013,NI,BB,MAHASEN:VIYARU,2013-05-12 15:00:00,TS,10.5,86.7,45.0,USA,989.0,USA
2013130N04093,2013,NI,BB,MAHASEN:VIYARU,2013-05-12 18:00:00,TS,10.9,86.6,45.0,USA,989.0,USA
2013130N04093,2013,NI,BB,MAHASEN:VIYARU,2013-05-12 21:00:00,TS,11.0,86.5,45.0,USA,989.0,USA
2013130N04093,2013,NI,BB,MAHASEN:VIYARU,2013-05-13 00:00:00,TS,11.5,86.5,45.0,USA,989.0,USA
2013130N04093,2013,NI,BB,MAHASEN:VIYARU,2013-05-13 03:00:00,TS,11.8,86.4,45.0,USA,989.0,USA
2013130N04093,2013,NI,BB,MAHASEN:VIYARU,2013-05-13 06:00:00,TS,12.0,86.4,45.0,USA,989.0,USA
2013130N04093,2013,NI,BB,MAHASEN:VIYARU,2013-05-13 09:00:00,TS,12.0,85.9,45.0,USA,989.0,USA
2013130N04093,2013,NI,BB,MAHASEN:VIYARU,2013-05-13 12:00:00,TS,12.2,85.8,45.0,USA,989.0,USA
2013130N04093,2013,NI,BB,MAHASEN:VIYARU,2013-05-13 15:00:00,TS,12.6,85.7,45.0,USA,989.0,USA
2013130N04093,2013,NI,BB,MAHASEN:VIYARU,2013-05-13 18:00:00,TS,12.8,85.5,45.0,USA,989.0,USA
2013130N04093,2013,NI,BB,MAHASEN:VIYARU,2013-05-13 21:00:00,TS,13.2,85.4,45.0,USA,989.0,USA
2013130N04093,2013,NI,BB,MAHASEN:VIYARU,2013-05-14 00:00:00,TS,13.6,85.5,45.0,USA,989.0,USA
2013130N04093,2013,NI,BB,MAHASEN:VIYARU,2013-05-14 03:00:00,TS,13.7,85.5,45.0,USA,989.0,USA
2013130N04093,2013,NI,BB,MAHASEN:VIYARU,2013-05-14 06:00:00,TS,14.1,85.7,45.0,USA,989.0,USA
2013130N04093,2013,NI,BB,MAHASEN:VIYARU,2013-05-14 09:00:00,TS,14.2,85.7,45.0,USA,989.0,USA
2013130N04093,2013,NI,BB,MAHASEN:VIYARU,2013-05-14 12:00:00,TS,14.6,86.1,45.0,USA,989.0,USA
2013130N04093,2013,NI,BB,MAHASEN:VIYARU,2013-05-14 15:00:00,TS,14.8,86.2,45.0,USA,989.0,USA
2013130N04093,2013,NI,BB,MAHASEN:VIYARU,2013-05-14 18:00:00,TS,15.3,86.6,45.0,USA,989.0,USA
2013130N04093,2013,NI,BB,MAHASEN:VIYARU,2013-05-14 21:00:00,TS,15.8,86.7,45.0,USA,989.0,USA
2013130N04093,2013,NI,BB,MAHASEN:VIYARU,2013-05-15 00:00:00,TS,16.3,87.1,45.0,USA,989.0,USA
2013130N04093,2013,NI,BB,MAHASEN:VIYARU,2013-05-15 03:00:00,TS,16.7,87.2,45.0,USA,989.0,USA
2013130N04093,2013,NI,BB,MAHASEN:VIYARU,2013-05-15 06:00:00,TS,17.3,87.6,45.0,USA,989.0,USA
2013130N04093,2013,NI,BB,MAHASEN:VIYARU,2013-05-15 09:00:00,TS,17.7,87.7,45.0,USA,989.0,USA
2013130N04093,2013,NI,BB,MAHASEN:VIYARU,2013-05-15 12:00:00,TS,18.3,88.2,45.0,USA,989.0,USA
2013130N04093,2013,NI,BB,MAHASEN:VIYARU,2013-05-15 15:00:00,TS,18.8,88.6,45.0,USA,989.0,USA
2013130N04093,2013,NI,BB,MAHASEN:VIYARU,2013-05-15 18:00:00,TS,19.3,88.8,45.0,USA,989.0,USA
2013130N04093,2013,NI,BB,MAHASEN:VIYARU,2013-05-15 21:00:00,TS,19.8,89.2,45.0,USA,989.0,USA
2013130N04093,2013,NI,BB,MAHASEN:VIYARU,2013-05-16 00:00:00,TS,20.4,89.7,45.0,USA,989.0,USA
2013130N04093,2013,NI,BB,MAHASEN:VIYARU,2013-05-16 03:00:00,TS,21.2,90.2,43.0,USA,991.0,USA
2013130N04093,2013,NI,BB,MAHASEN:VIYARU,2013-05-16 06:00:00,TS,22.5,91.0,40.0,USA,993.0,USA
2013130N04093,2013,NI,BB,MAHASEN:VIYARU,2013-05-16 09:00:00,TS,23.4,91.9,38.0,USA,995.0,USA
2013130N04093,2013,NI,BB,MAHASEN:VIYARU,2013-05-16 12:00:00,TS,24.1,92.5,35.0,USA,996.0,USA
2013130N04093,2013,NI,BB,MAHASEN:VIYARU,2013-05-16 15:00:00,TS,24.5,93.0,28.0,NEWDELHI,997.0,NEWDELHI
2013130N04093,2013,NI,BB,MAHASEN:VIYARU,2013-05-16 18:00:00,TS,25.0,93.5,25.0,NEWDELHI,998.0,NEWDELHI
2013149N21090,2013,NI,BB,UNNAMED,2013-05-29 03:00:00,TS,21.0,89.5,25.0,NEWDELHI,996.0,NEWDELHI
2013149N21090,2013,NI,BB,UNNAMED,2013-05-29 06:00:00,TS,21.3,89.3,25.0,NEWDELHI,996.0,NEWDELHI
2013149N21090,2013,NI,BB,UNNAMED,2013-05-29 09:00:00,TS,21.5,89.0,25.0,NEWDELHI,996.0,NEWDELHI
2013149N21090,2013,NI,BB,UNNAMED,2013-05-29 12:00:00,TS,21.7,88.8,25.0,NEWDELHI,994.0,NEWDELHI
2013149N21090,2013,NI,BB,UNNAMED,2013-05-29 15:00:00,TS,22.0,88.7,20.0,NEWDELHI,994.0,NEWDELHI
2013149N21090,2013,NI,BB,UNNAMED,2013-05-29 18:00:00,TS,22.1,88.4,20.0,NEWDELHI,994.0,NEWDELHI
2013149N21090,2013,NI,BB,UNNAMED,2013-05-29 21:00:00,TS,22.1,88.1,20.0,NEWDELHI,994.0,NEWDELHI
2013149N21090,2013,NI,BB,UNNAMED,2013-05-30 00:00:00,TS,22.2,87.8,20.0,NEWDELHI,994.0,NEWDELHI
2013149N21090,2013,NI,BB,UNNAMED,2013-05-30 03:00:00,TS,22.3,87.5,20.0,NEWDELHI,990.0,NEWDELHI
2013149N21090,2013,NI,BB,UNNAMED,2013-05-30 06:00:00,TS,22.3,87.5,20.0,NEWDELHI,990.0,NEWDELHI
2013149N21090,2013,NI,BB,UNNAMED,2013-05-30 09:00:00,TS,22.5,87.4,20.0,NEWDELHI,990.0,NEWDELHI
2013149N21090,2013,NI,BB,UNNAMED,2013-05-30 12:00:00,TS,22.7,87.3,20.0,NEWDELHI,990.0,NEWDELHI
2013149N21090,2013,NI,BB,UNNAMED,2013-05-30 15:00:00,TS,22.7,87.2,20.0,NEWDELHI,990.0,NEWDELHI
2013149N21090,2013,NI,BB,UNNAMED,2013-05-30 18:00:00,NR,22.8,87.2,20.0,NEWDELHI,990.0,NEWDELHI
2013149N21090,2013,NI,BB,UNNAMED,2013-05-30 21:00:00,NR,23.1,87.2,20.0,NEWDELHI,990.0,NEWDELHI
2013149N21090,2013,NI,BB,UNNAMED,2013-05-31 00:00:00,TS,23.5,87.1,20.0,NEWDELHI,990.0,NEWDELHI
2013149N21090,2013,NI,BB,UNNAMED,2013-05-31 03:00:00,TS,24.0,87.0,20.0,NEWDELHI,990.0,NEWDELHI
2013149N21090,2013,NI,BB,UNNAMED,2013-05-31 06:00:00,TS,24.5,87.0,20.0,NEWDELHI,994.0,NEWDELHI
2013149N21090,2013,NI,BB,UNNAMED,2013-05-31 09:00:00,TS,25.0,87.0,20.0,NEWDELHI,996.0,NEWDELHI
2013211N21088,2013,NI,BB,UNNAMED,2013-07-30 03:00:00,TS,21.0,88.0,25.0,NEWDELHI,990.0,NEWDELHI
2013211N21088,2013,NI,BB,UNNAMED,2013-07-30 06:00:00,TS,21.5,87.5,25.0,NEWDELHI,990.0,NEWDELHI
2013211N21088,2013,NI,BB,UNNAMED,2013-07-30 09:00:00,TS,21.7,87.3,25.0,NEWDELHI,990.0,NEWDELHI
2013211N21088,2013,NI,BB,UNNAMED,2013-07-30 12:00:00,TS,21.7,87.0,25.0,NEWDELHI,990.0,NEWDELHI
2013211N21088,2013,NI,BB,UNNAMED,2013-07-30 15:00:00,TS,21.7,86.3,23.0,NEWDELHI,991.0,NEWDELHI
2013211N21088,2013,NI,BB,UNNAMED,2013-07-30 18:00:00,TS,21.7,85.5,20.0,NEWDELHI,992.0,NEWDELHI
2013211N21088,2013,NI,BB,UNNAMED,2013-07-30 21:00:00,TS,21.8,84.8,20.0,NEWDELHI,992.0,NEWDELHI
2013211N21088,2013,NI,BB,UNNAMED,2013-07-31 00:00:00,TS,21.8,84.0,20.0,NEWDELHI,992.0,NEWDELHI
2013211N21088,2013,NI,BB,UNNAMED,2013-07-31 03:00:00,TS,21.8,83.0,20.0,NEWDELHI,992.0,NEWDELHI
2013211N21088,2013,NI,BB,UNNAMED,2013-07-31 06:00:00,TS,21.8,82.5,20.0,NEWDELHI,992.0,NEWDELHI
2013211N21088,2013,NI,BB,UNNAMED,2013-07-31 09:00:00,TS,21.9,81.5,20.0,NEWDELHI,992.0,NEWDELHI
2013211N21088,2013,NI,BB,UNNAMED,2013-07-31 12:00:00,TS,22.0,80.5,20.0,NEWDELHI,992.0,NEWDELHI
2013211N21088,2013,NI,BB,UNNAMED,2013-07-31 15:00:00,TS,22.1,79.9,20.0,NEWDELHI,992.0,NEWDELHI
2013211N21088,2013,NI,BB,UNNAMED,2013-07-31 18:00:00,TS,22.2,79.7,20.0,NEWDELHI,992.0,NEWDELHI
2013211N21088,2013,NI,BB,UNNAMED,2013-07-31 21:00:00,TS,22.4,79.8,20.0,NEWDELHI,992.0,NEWDELHI
2013211N21088,2013,NI,BB,UNNAMED,2013-08-01 00:00:00,TS,22.5,80.0,20.0,NEWDELHI,992.0,NEWDELHI
2013232N22088,2013,NI,BB,UNNAMED,2013-08-20 00:00:00,TS,22.0,87.5,25.0,NEWDELHI,990.0,NEWDELHI
2013232N22088,2013,NI,BB,UNNAMED,2013-08-20 03:00:00,TS,22.0,87.5,25.0,NEWDELHI,990.0,NEWDELHI
2013232N22088,2013,NI,BB,UNNAMED,2013-08-20 06:00:00,TS,22.0,87.5,25.0,NEWDELHI,990.0,NEWDELHI
2013232N22088,2013,NI,BB,UNNAMED,2013-08-20 09:00:00,TS,22.1,87.5,25.0,NEWDELHI,990.0,NEWDELHI
2013232N22088,2013,NI,BB,UNNAMED,2013-08-20 12:00:00,TS,22.3,87.5,25.0,NEWDELHI,990.0,NEWDELHI
2013232N22088,2013,NI,BB,UNNAMED,2013-08-20 15:00:00,TS,22.4,87.5,25.0,NEWDELHI,990.0,NEWDELHI
2013232N22088,2013,NI,BB,UNNAMED,2013-08-20 18:00:00,TS,22.5,87.5,25.0,NEWDELHI,990.0,NEWDELHI
2013232N22088,2013,NI,BB,UNNAMED,2013-08-20 21:00:00,TS,22.9,87.4,23.0,NEWDELHI,990.0,NEWDELHI
2013232N22088,2013,NI,BB,UNNAMED,2013-08-21 00:00:00,TS,23.3,87.0,20.0,NEWDELHI,990.0,NEWDELHI
2013232N22088,2013,NI,BB,UNNAMED,2013-08-21 03:00:00,TS,23.3,86.0,20.0,NEWDELHI,992.0,NEWDELHI
2013232N22088,2013,NI,BB,UNNAMED,2013-08-21 06:00:00,TS,23.2,85.7,20.0,NEWDELHI,992.0,NEWDELHI
2013232N22088,2013,NI,BB,UNNAMED,2013-08-21 09:00:00,TS,23.2,85.0,20.0,NEWDELHI,992.0,NEWDELHI
2013232N22088,2013,NI,BB,UNNAMED,2013-08-21 12:00:00,TS,23.2,84.0,20.0,NEWDELHI,991.0,NEWDELHI
2013232N22088,2013,NI,BB,UNNAMED,2013-08-21 15:00:00,TS,23.2,83.0,20.0,NEWDELHI,993.0,NEWDELHI
2013232N22088,2013,NI,BB,UNNAMED,2013-08-21 18:00:00,TS,23.2,82.2,20.0,NEWDELHI,994.0,NEWDELHI
2013232N22088,2013,NI,BB,UNNAMED,2013-08-21 21:00:00,TS,23.2,82.2,20.0,NEWDELHI,994.0,NEWDELHI
2013232N22088,2013,NI,BB,UNNAMED,2013-08-22 00:00:00,TS,23.2,82.0,20.0,NEWDELHI,994.0,NEWDELHI
2013232N22088,2013,NI,BB,UNNAMED,2013-08-22 03:00:00,TS,23.2,80.7,20.0,NEWDELHI,994.0,NEWDELHI
2013232N22088,2013,NI,BB,UNNAMED,2013-08-22 06:00:00,TS,23.2,80.3,20.0,NEWDELHI,996.0,NEWDELHI
2013232N22088,2013,NI,BB,UNNAMED,2013-08-22 09:00:00,TS,23.1,80.1,20.0,NEWDELHI,997.0,NEWDELHI
2013232N22088,2013,NI,BB,UNNAMED,2013-08-22 12:00:00,TS,23.0,80.1,20.0,NEWDELHI,998.0,NEWDELHI
2013232N22088,2013,NI,BB,UNNAMED,2013-08-22 15:00:00,TS,22.9,80.1,20.0,NEWDELHI,998.0,NEWDELHI
2013232N22088,2013,NI,BB,UNNAMED,2013-08-22 18:00:00,TS,22.9,80.0,20.0,NEWDELHI,998.0,NEWDELHI
2013232N22088,2013,NI,BB,UNNAMED,2013-08-22 21:00:00,TS,22.8,79.9,20.0,NEWDELHI,998.0,NEWDELHI
2013232N22088,2013,NI,BB,UNNAMED,2013-08-23 00:00:00,TS,22.8,79.8,20.0,NEWDELHI,998.0,NEWDELHI
2013281N12098,2013,NI,BB,PHAILIN,2013-10-07 12:00:00,DS,11.8,97.6,20.0,USA,1007.0,USA
2013281N12098,2013,NI,BB,PHAILIN,2013-10-07 15:00:00,DS,12.0,97.0,23.0,USA,1006.0,USA
2013281N12098,2013,NI,BB,PHAILIN,2013-10-07 18:00:00,TS,12.1,96.4,25.0,USA,1004.0,USA
2013281N12098,2013,NI,BB,PHAILIN,2013-10-07 21:00:00,TS,12.2,95.9,25.0,USA,1004.0,USA
2013281N12098,2013,NI,BB,PHAILIN,2013-10-08 00:00:00,TS,12.3,95.6,25.0,USA,1004.0,USA
2013281N12098,2013,NI,BB,PHAILIN,2013-10-08 03:00:00,TS,12.4,95.5,25.0,USA,1004.0,USA
2013281N12098,2013,NI,BB,PHAILIN,2013-10-08 06:00:00,TS,12.4,95.2,25.0,USA,1004.0,USA
2013281N12098,2013,NI,BB,PHAILIN,2013-10-08 09:00:00,TS,12.4,94.9,28.0,USA,1002.0,USA
2013281N12098,2013,NI,BB,PHAILIN,2013-10-08 12:00:00,TS,12.4,94.5,30.0,USA,1000.0,USA
2013281N12098,2013,NI,BB,PHAILIN,2013-10-08 15:00:00,TS,12.5,94.2,30.0,USA,1000.0,USA
2013281N12098,2013,NI,BB,PHAILIN,2013-10-08 18:00:00,TS,12.7,94.0,30.0,USA,1000.0,USA
2013281N12098,2013,NI,BB,PHAILIN,2013-10-08 21:00:00,TS,12.9,93.7,33.0,USA,998.0,USA
2013281N12098,2013,NI,BB,PHAILIN,2013-10-09 00:00:00,TS,13.1,93.5,35.0,USA,996.0,USA
2013281N12098,2013,NI,BB,PHAILIN,2013-10-09 03:00:00,TS,13.2,93.3,38.0,USA,995.0,USA
2013281N12098,2013,NI,BB,PHAILIN,2013-10-09 06:00:00,TS,13.2,92.9,40.0,USA,993.0,USA
2013281N12098,2013,NI,BB,PHAILIN,2013-10-09 09:00:00,TS,13.5,92.5,43.0,USA,991.0,USA
2013281N12098,2013,NI,BB,PHAILIN,2013-10-09 12:00:00,TS,13.6,92.4,45.0,USA,989.0,USA
2013281N12098,2013,NI,BB,PHAILIN,2013-10-09 15:00:00,TS,13.7,92.3,50.0,USA,986.0,USA
2013281N12098,2013,NI,BB,PHAILIN,2013-10-09 18:00:00,TS,14.0,91.9,55.0,USA,982.0,USA
2013281N12098,2013,NI,BB,PHAILIN,2013-10-09 21:00:00,TS,14.1,91.8,60.0,USA,978.0,USA
2013281N12098,2013,NI,BB,PHAILIN,2013-10-10 00:00:00,TS,14.5,91.4,65.0,USA,974.0,USA
2013281N12098,2013,NI,BB,PHAILIN,2013-10-10 03:00:00,TS,14.6,91.0,78.0,USA,965.0,USA
2013281N12098,2013,NI,BB,PHAILIN,2013-10-10 06:00:00,TS,15.0,90.7,90.0,USA,956.0,USA
2013281N12098,2013,NI,BB,PHAILIN,2013-10-10 09:00:00,TS,15.1,90.5,100.0,USA,949.0,USA
2013281N12098,2013,NI,BB,PHAILIN,2013-10-10 12:00:00,TS,15.4,90.1,110.0,USA,941.0,USA
2013281N12098,2013,NI,BB,PHAILIN,2013-10-10 15:00:00,TS,15.5,89.9,120.0,USA,934.0,USA
2013281N12098,2013,NI,BB,PHAILIN,2013-10-10 18:00:00,TS,15.6,89.5,130.0,USA,926.0,USA
2013281N12098,2013,NI,BB,PHAILIN,2013-10-10 21:00:00,TS,15.6,89.0,133.0,USA,924.0,USA
2013281N12098,2013,NI,BB,PHAILIN,2013-10-11 00:00:00,TS,15.9,88.6,135.0,USA,922.0,USA
2013281N12098,2013,NI,BB,PHAILIN,2013-10-11 03:00:00,TS,15.9,88.5,135.0,USA,922.0,USA
2013281N12098,2013,NI,BB,PHAILIN,2013-10-11 06:00:00,TS,16.2,88.3,135.0,USA,922.0,USA
2013281N12098,2013,NI,BB,PHAILIN,2013-10-11 09:00:00,TS,16.5,88.0,138.0,USA,920.0,USA
2013281N12098,2013,NI,BB,PHAILIN,2013-10-11 12:00:00,TS,16.8,87.7,140.0,USA,918.0,USA
2013281N12098,2013,NI,BB,PHAILIN,2013-10-11 15:00:00,TS,16.8,87.3,140.0,USA,918.0,USA
2013281N12098,2013,NI,BB,PHAILIN,2013-10-11 18:00:00,TS,16.9,87.0,140.0,USA,918.0,USA
2013281N12098,2013,NI,BB,PHAILIN,2013-10-11 21:00:00,TS,17.1,86.7,140.0,USA,918.0,USA
2013281N12098,2013,NI,BB,PHAILIN,2013-10-12 00:00:00,TS,17.5,86.5,140.0,USA,918.0,USA
2013281N12098,2013,NI,BB,PHAILIN,2013-10-12 03:00:00,TS,17.7,86.0,138.0,USA,920.0,USA
2013281N12098,2013,NI,BB,PHAILIN,2013-10-12 06:00:00,TS,18.1,85.8,135.0,USA,922.0,USA
2013281N12098,2013,NI,BB,PHAILIN,2013-10-12 09:00:00,TS,18.5,85.4,130.0,USA,926.0,USA
2013281N12098,2013,NI,BB,PHAILIN,2013-10-12 12:00:00,TS,18.7,85.2,125.0,USA,929.0,USA
2013281N12098,2013,NI,BB,PHAILIN,2013-10-12 15:00:00,TS,19.1,85.1,113.0,USA,939.0,USA
2013281N12098,2013,NI,BB,PHAILIN,2013-10-12 18:00:00,TS,19.5,84.9,100.0,USA,948.0,USA
2013281N12098,2013,NI,BB,PHAILIN,2013-10-12 21:00:00,TS,19.9,84.6,88.0,USA,958.0,USA
2013281N12098,2013,NI,BB,PHAILIN,2013-10-13 00:00:00,TS,20.4,84.5,75.0,USA,967.0,USA
2013281N12098,2013,NI,BB,PHAILIN,2013-10-13 03:00:00,TS,20.9,84.1,63.0,USA,976.0,USA
2013281N12098,2013,NI,BB,PHAILIN,2013-10-13 06:00:00,TS,21.5,84.0,50.0,USA,985.0,USA
2013281N12098,2013,NI,BB,PHAILIN,2013-10-13 09:00:00,TS,22.0,83.9,45.0,USA,989.0,USA
2013281N12098,2013,NI,BB,PHAILIN,2013-10-13 12:00:00,TS,22.6,83.9,40.0,USA,993.0,USA
2013281N12098,2013,NI,BB,PHAILIN,2013-10-13 15:00:00,TS,22.8,83.6,33.0,NEWDELHI,995.0,NEWDELHI
2013281N12098,2013,NI,BB,PHAILIN,2013-10-13 18:00:00,TS,23.0,83.5,30.0,NEWDELHI,996.0,NEWDELHI
2013281N12098,2013,NI,BB,PHAILIN,2013-10-13 21:00:00,TS,23.2,83.7,30.0,NEWDELHI,998.0,NEWDELHI
2013281N12098,2013,NI,BB,PHAILIN,2013-10-14 00:00:00,TS,23.5,84.0,30.0,NEWDELHI,1000.0,NEWDELHI
2013281N12098,2013,NI,BB,PHAILIN,2013-10-14 03:00:00,TS,23.9,84.2,28.0,NEWDELHI,1002.0,NEWDELHI
2013281N12098,2013,NI,BB,PHAILIN,2013-10-14 06:00:00,TS,24.5,84.2,25.0,NEWDELHI,1004.0,NEWDELHI
2013305N07141,2013,WP,MM,UNNAMED,2013-11-01 06:00:00,DS,7.0,141.0,15.0,USA,1010.0,USA
2013305N07141,2013,WP,MM,UNNAMED,2013-11-01 09:00:00,DS,7.1,140.3,15.0,USA,1010.0,USA
2013305N07141,2013,WP,MM,UNNAMED,2013-11-01 12:00:00,DS,7.1,139.6,15.0,USA,1010.0,USA
2013305N07141,2013,WP,MM,UNNAMED,2013-11-01 15:00:00,DS,7.0,138.9,18.0,USA,1009.0,USA
2013305N07141,2013,WP,MM,UNNAMED,2013-11-01 18:00:00,DS,7.0,138.3,20.0,USA,1007.0,USA
2013305N07141,2013,WP,MM,UNNAMED,2013-11-01 21:00:00,DS,7.0,137.6,20.0,USA,1007.0,USA
2013305N07141,2013,WP,MM,UNNAMED,2013-11-02 00:00:00,DS,7.1,137.0,20.0,USA,1007.0,USA
2013305N07141,2013,WP,MM,UNNAMED,2013-11-02 03:00:00,DS,7.1,136.4,20.0,USA,1007.0,USA
2013305N07141,2013,WP,MM,UNNAMED,2013-11-02 06:00:00,DS,7.1,135.9,20.0,USA,1007.0,USA
2013305N07141,2013,WP,MM,UNNAMED,2013-11-02 09:00:00,DS,7.2,135.5,23.0,USA,1006.0,USA
2013305N07141,2013,WP,MM,UNNAMED,2013-11-02 12:00:00,TS,7.3,135.1,25.0,USA,1004.0,USA
2013305N07141,2013,WP,MM,UNNAMED,2013-11-02 15:00:00,TS,7.4,134.7,25.0,USA,1004.0,USA
2013305N07141,2013,WP,MM,UNNAMED,2013-11-02 18:00:00,TS,7.5,134.2,25.0,USA,1004.0,USA
2013305N07141,2013,WP,MM,UNNAMED,2013-11-02 21:00:00,TS,7.8,133.7,25.0,USA,1004.0,USA
2013305N07141,2013,WP,MM,UNNAMED,2013-11-03 00:00:00,TS,8.2,133.0,25.0,USA,1004.0,USA
2013305N07141,2013,WP,MM,UNNAMED,2013-11-03 03:00:00,TS,8.4,132.0,25.0,USA,1004.0,USA
2013305N07141,2013,WP,MM,UNNAMED,2013-11-03 06:00:00,TS,8.6,131.1,25.0,USA,1004.0,USA
2013305N07141,2013,WP,MM,UNNAMED,2013-11-03 09:00:00,TS,8.7,130.2,28.0,USA,1002.0,USA
2013305N07141,2013,WP,MM,UNNAMED,2013-11-03 12:00:00,TS,8.9,129.4,30.0,USA,1000.0,USA
2013305N07141,2013,WP,MM,UNNAMED,2013-11-03 15:00:00,TS,9.0,128.5,30.0,USA,1000.0,USA
2013305N07141,2013,WP,MM,UNNAMED,2013-11-03 18:00:00,TS,9.2,127.7,30.0,USA,1000.0,USA
2013305N07141,2013,WP,MM,UNNAMED,2013-11-03 21:00:00,TS,9.3,127.0,30.0,USA,1000.0,USA
2013305N07141,2013,WP,MM,UNNAMED,2013-11-04 00:00:00,TS,9.4,126.4,30.0,USA,1000.0,USA
2013305N07141,2013,WP,MM,UNNAMED,2013-11-04 03:00:00,TS,9.6,125.7,30.0,USA,1000.0,USA
2013305N07141,2013,WP,MM,UNNAMED,2013-11-04 06:00:00,TS,9.8,125.0,30.0,USA,1000.0,USA
2013305N07141,2013,WP,MM,UNNAMED,2013-11-04 09:00:00,TS,9.8,124.1,28.0,USA,1002.0,USA
2013305N07141,2013,WP,MM,UNNAMED,2013-11-04 12:00:00,TS,9.9,123.2,25.0,USA,1004.0,USA
2013305N07141,2013,WP,MM,UNNAMED,2013-11-04 15:00:00,TS,10.1,122.3,28.0,USA,1002.0,USA
2013305N07141,2013,WP,MM,UNNAMED,2013-11-04 18:00:00,TS,10.4,121.5,30.0,USA,1000.0,USA
2013305N07141,2013,WP,MM,UNNAMED,2013-11-04 21:00:00,TS,10.6,120.5,30.0,USA,1000.0,USA
2013305N07141,2013,WP,MM,UNNAMED,2013-11-05 00:00:00,TS,10.8,119.4,30.0,USA,1000.0,USA
2013305N07141,2013,WP,MM,UNNAMED,2013-11-05 03:00:00,TS,10.8,118.2,33.0,USA,998.0,USA
2013305N07141,2013,WP,MM,UNNAMED,2013-11-05 06:00:00,TS,10.8,116.9,35.0,USA,996.0,USA
2013305N07141,2013,WP,MM,UNNAMED,2013-11-05 09:00:00,TS,10.9,116.0,35.0,USA,996.0,USA
2013305N07141,2013,WP,MM,UNNAMED,2013-11-05 12:00:00,TS,11.1,115.1,35.0,USA,996.0,USA
2013305N07141,2013,WP,MM,UNNAMED,2013-11-05 15:00:00,TS,11.4,114.3,33.0,USA,998.0,USA
2013305N07141,2013,WP,MM,UNNAMED,2013-11-05 18:00:00,TS,11.6,113.4,30.0,USA,1000.0,USA
2013305N07141,2013,WP,MM,UNNAMED,2013-11-05 21:00:00,TS,11.8,112.4,30.0,USA,1000.0,USA
2013305N07141,2013,WP,MM,UNNAMED,2013-11-06 00:00:00,TS,11.8,111.5,30.0,USA,1000.0,USA
2013305N07141,2013,WP,MM,UNNAMED,2013-11-06 03:00:00,TS,11.7,110.8,28.0,USA,1002.0,USA
2013305N07141,2013,WP,MM,UNNAMED,2013-11-06 06:00:00,TS,11.6,110.1,25.0,USA,1004.0,USA
2013305N07141,2013,WP,MM,UNNAMED,2013-11-06 09:00:00,TS,11.5,109.5,25.0,USA,1004.0,USA
2013305N07141,2013,WP,MM,UNNAMED,2013-11-06 12:00:00,TS,11.5,108.9,25.0,USA,1004.0,USA
2013305N07141,2013,WP,MM,UNNAMED,2013-11-06 15:00:00,TS,11.7,108.4,25.0,USA,1004.0,USA
2013305N07141,2013,WP,MM,UNNAMED,2013-11-06 18:00:00,TS,12.0,107.8,25.0,USA,1004.0,USA
2013305N07141,2013,WP,MM,UNNAMED,2013-11-06 21:00:00,TS,12.1,107.0,23.0,USA,1006.0,USA
2013305N07141,2013,WP,MM,UNNAMED,2013-11-07 00:00:00,MX,12.2,106.0,20.0,USA,1007.0,USA
2013305N07141,2013,WP,MM,UNNAMED,2013-11-07 03:00:00,MX,12.2,104.7,20.0,USA,1007.0,USA
2013305N07141,2013,WP,MM,UNNAMED,2013-11-07 06:00:00,MX,12.1,103.5,20.0,USA,1007.0,USA
2013305N07141,2013,WP,MM,UNNAMED,2013-11-07 09:00:00,MX,11.9,102.7,23.0,USA,1006.0,USA
2013305N07141,2013,WP,MM,UNNAMED,2013-11-07 12:00:00,TS,11.8,102.1,25.0,USA,1004.0,USA
2013305N07141,2013,WP,MM,UNNAMED,2013-11-07 15:00:00,TS,11.9,101.5,28.0,USA,1002.0,USA
2013305N07141,2013,WP,MM,UNNAMED,2013-11-07 18:00:00,TS,12.0,101.0,30.0,USA,1000.0,USA
2013305N07141,2013,WP,MM,UNNAMED,2013-11-07 21:00:00,TS,12.1,100.6,30.0,USA,1000.0,USA
2013305N07141,2013,WP,MM,UNNAMED,2013-11-08 00:00:00,TS,12.2,100.2,30.0,USA,1000.0,USA
2013305N07141,2013,NI,BB,UNNAMED,2013-11-08 03:00:00,TS,12.5,99.6,28.0,USA,1002.0,USA
2013305N07141,2013,NI,BB,UNNAMED,2013-11-08 06:00:00,TS,12.9,99.0,25.0,USA,1004.0,USA
2013305N07141,2013,NI,BB,UNNAMED,2013-11-08 09:00:00,TS,13.2,98.5,23.0,USA,1006.0,USA
2013305N07141,2013,NI,BB,UNNAMED,2013-11-08 12:00:00,DS,13.4,98.0,20.0,USA,1007.0,USA
2013305N07141,2013,NI,BB,UNNAMED,2013-11-08 15:00:00,DS,13.7,97.3,20.0,USA,1007.0,USA
2013305N07141,2013,NI,BB,UNNAMED,2013-11-08 18:00:00,DS,13.8,96.5,20.0,USA,1007.0,USA
2013305N07141,2013,NI,BB,UNNAMED,2013-11-08 21:00:00,DS,13.7,95.8,20.0,USA,1007.0,USA
2013305N07141,2013,NI,BB,UNNAMED,2013-11-09 00:00:00,DS,13.5,95.1,20.0,USA,1007.0,USA
2013305N07141,2013,NI,BB,UNNAMED,2013-11-09 03:00:00,DS,13.4,94.5,23.0,USA,1006.0,USA
2013305N07141,2013,NI,BB,UNNAMED,2013-11-09 06:00:00,TS,13.3,94.0,25.0,USA,1004.0,USA
2013305N07141,2013,NI,BB,UNNAMED,2013-11-09 09:00:00,TS,13.2,93.6,25.0,USA,1004.0,USA
2013305N07141,2013,NI,BB,UNNAMED,2013-11-09 12:00:00,TS,13.2,93.3,25.0,USA,1004.0,USA
2013305N07141,2013,NI,BB,UNNAMED,2013-11-09 15:00:00,TS,13.1,93.0,25.0,USA,1004.0,USA
2013305N07141,2013,NI,BB,UNNAMED,2013-11-09 18:00:00,TS,13.0,92.6,25.0,USA,1004.0,USA
2013305N07141,2013,NI,BB,UNNAMED,2013-11-09 21:00:00,TS,12.9,92.2,25.0,USA,1004.0,USA
2013305N07141,2013,NI,BB,UNNAMED,2013-11-10 00:00:00,TS,12.7,91.8,25.0,USA,1004.0,USA
2013305N07141,2013,NI,BB,UNNAMED,2013-11-10 03:00:00,TS,12.5,91.4,25.0,USA,1004.0,USA
2013305N07141,2013,NI,BB,UNNAMED,2013-11-10 06:00:00,TS,12.4,91.0,25.0,USA,1004.0,USA
2013305N07141,2013,NI,BB,UNNAMED,2013-11-10 09:00:00,TS,12.2,90.6,25.0,USA,1004.0,USA
2013305N07141,2013,NI,BB,UNNAMED,2013-11-10 12:00:00,TS,12.1,90.3,25.0,USA,1004.0,USA
2013305N07141,2013,NI,BB,UNNAMED,2013-11-10 15:00:00,TS,12.0,90.0,25.0,USA,1004.0,USA
2013305N07141,2013,NI,BB,UNNAMED,2013-11-10 18:00:00,TS,12.0,89.8,25.0,USA,1004.0,USA
2013305N07141,2013,NI,BB,UNNAMED,2013-11-10 21:00:00,TS,11.9,89.6,25.0,USA,1004.0,USA
2013305N07141,2013,NI,BB,UNNAMED,2013-11-11 00:00:00,TS,11.9,89.5,25.0,USA,1004.0,USA
2013305N07141,2013,NI,BB,UNNAMED,2013-11-11 03:00:00,TS,11.9,89.3,25.0,USA,1004.0,USA
2013305N07141,2013,NI,BB,UNNAMED,2013-11-11 06:00:00,TS,11.8,89.1,25.0,USA,1004.0,USA
2013305N07141,2013,NI,BB,UNNAMED,2013-11-11 09:00:00,TS,11.6,88.8,25.0,USA,1004.0,USA
2013305N07141,2013,NI,BB,UNNAMED,2013-11-11 12:00:00,TS,11.4,88.5,25.0,USA,1004.0,USA
2013305N07141,2013,NI,BB,UNNAMED,2013-11-11 15:00:00,TS,11.2,88.2,23.0,USA,1006.0,USA
2013305N07141,2013,NI,BB,UNNAMED,2013-11-11 18:00:00,DS,11.0,87.9,20.0,USA,1007.0,USA
2013305N07141,2013,NI,BB,UNNAMED,2013-11-11 21:00:00,DS,10.8,87.6,20.0,USA,1007.0,USA
2013305N07141,2013,NI,BB,UNNAMED,2013-11-12 00:00:00,DS,10.6,87.3,20.0,USA,1007.0,USA
2013305N07141,2013,NI,BB,UNNAMED,2013-11-12 03:00:00,DS,10.6,87.1,23.0,USA,1006.0,USA
2013305N07141,2013,NI,BB,UNNAMED,2013-11-12 06:00:00,TS,10.6,87.0,25.0,USA,1004.0,USA
2013305N07141,2013,NI,BB,UNNAMED,2013-11-12 09:00:00,TS,10.6,86.9,25.0,USA,1004.0,USA
2013305N07141,2013,NI,BB,UNNAMED,2013-11-12 12:00:00,TS,10.6,86.8,25.0,USA,1004.0,USA
2013305N07141,2013,NI,BB,UNNAMED,2013-11-12 15:00:00,TS,10.6,86.8,25.0,USA,1004.0,USA
2013305N07141,2013,NI,BB,UNNAMED,2013-11-12 18:00:00,TS,10.7,86.7,25.0,USA,1004.0,USA
2013305N07141,2013,NI,BB,UNNAMED,2013-11-12 21:00:00,TS,10.7,86.6,25.0,USA,1004.0,USA
2013305N07141,2013,NI,BB,UNNAMED,2013-11-13 00:00:00,TS,10.9,86.5,25.0,USA,1004.0,USA
2013305N07141,2013,NI,BB,UNNAMED,2013-11-13 03:00:00,TS,11.1,86.2,25.0,USA,1004.0,USA
2013305N07141,2013,NI,BB,UNNAMED,2013-11-13 06:00:00,TS,11.2,86.1,25.0,USA,1004.0,USA
2013305N07141,2013,NI,BB,UNNAMED,2013-11-13 09:00:00,TS,11.2,86.0,28.0,USA,1002.0,USA
2013305N07141,2013,NI,BB,UNNAMED,2013-11-13 12:00:00,TS,11.2,86.0,30.0,USA,1000.0,USA
2013305N07141,2013,NI,BB,UNNAMED,2013-11-13 15:00:00,TS,11.2,85.8,30.0,USA,1001.0,USA
2013305N07141,2013,NI,BB,UNNAMED,2013-11-13 18:00:00,TS,11.2,85.6,30.0,USA,1002.0,USA
2013305N07141,2013,NI,BB,UNNAMED,2013-11-13 21:00:00,TS,11.1,85.4,30.0,USA,1001.0,USA
2013305N07141,2013,NI,BB,UNNAMED,2013-11-14 00:00:00,TS,11.1,85.3,30.0,USA,1000.0,USA
2013305N07141,2013,NI,BB,UNNAMED,2013-11-14 03:00:00,TS,11.1,85.2,30.0,USA,1000.0,USA
2013305N07141,2013,NI,BB,UNNAMED,2013-11-14 06:00:00,TS,11.0,85.2,30.0,USA,1000.0,USA
2013305N07141,2013,NI,BB,UNNAMED,2013-11-14 09:00:00,TS,10.7,85.0,30.0,USA,1000.0,USA
2013305N07141,2013,NI,BB,UNNAMED,2013-11-14 12:00:00,TS,10.4,84.9,30.0,USA,1000.0,USA
2013305N07141,2013,NI,BB,UNNAMED,2013-11-14 15:00:00,TS,10.2,84.7,30.0,USA,1000.0,USA
2013305N07141,2013,NI,BB,UNNAMED,2013-11-14 18:00:00,TS,10.1,84.6,30.0,USA,1000.0,USA
2013305N07141,2013,NI,BB,UNNAMED,2013-11-14 21:00:00,TS,9.9,84.4,30.0,USA,1000.0,USA
2013305N07141,2013,NI,BB,UNNAMED,2013-11-15 00:00:00,TS,9.7,84.1,30.0,USA,1000.0,USA
2013305N07141,2013,NI,BB,UNNAMED,2013-11-15 03:00:00,TS,9.4,83.7,30.0,USA,1000.0,USA
2013305N07141,2013,NI,BB,UNNAMED,2013-11-15 06:00:00,TS,9.4,83.5,30.0,USA,1000.0,USA
2013305N07141,2013,NI,BB,UNNAMED,2013-11-15 09:00:00,TS,9.5,83.2,30.0,USA,1000.0,USA
2013305N07141,2013,NI,BB,UNNAMED,2013-11-15 12:00:00,TS,9.6,82.9,30.0,USA,1000.0,USA
2013305N07141,2013,NI,BB,UNNAMED,2013-11-15 15:00:00,TS,9.9,82.4,33.0,USA,998.0,USA
2013305N07141,2013,NI,BB,UNNAMED,2013-11-15 18:00:00,TS,10.2,82.0,35.0,USA,996.0,USA
2013305N07141,2013,NI,BB,UNNAMED,2013-11-15 21:00:00,TS,10.4,81.7,33.0,USA,998.0,USA
2013305N07141,2013,NI,BB,UNNAMED,2013-11-16 00:00:00,TS,10.6,81.3,30.0,USA,1000.0,USA
2013305N07141,2013,NI,BB,UNNAMED,2013-11-16 03:00:00,TS,10.9,80.5,30.0,USA,1000.0,USA
2013305N07141,2013,NI,BB,UNNAMED,2013-11-16 06:00:00,TS,11.0,80.0,30.0,USA,1000.0,USA
2013305N07141,2013,NI,BB,UNNAMED,2013-11-16 09:00:00,TS,11.1,79.5,28.0,USA,1002.0,USA
2013305N07141,2013,NI,BB,UNNAMED,2013-11-16 12:00:00,TS,11.1,78.9,25.0,USA,1004.0,USA
2013305N07141,2013,NI,BB,UNNAMED,2013-11-16 15:00:00,TS,11.2,78.3,23.0,USA,1006.0,USA
2013305N07141,2013,NI,AS,UNNAMED,2013-11-16 18:00:00,MX,11.3,77.6,20.0,USA,1007.0,USA
2013305N07141,2013,NI,AS,UNNAMED,2013-11-16 21:00:00,DS,11.3,76.9,20.0,USA,1007.0,USA
2013305N07141,2013,NI,AS,UNNAMED,2013-11-17 00:00:00,DS,11.2,76.3,20.0,USA,1007.0,USA
2013305N07141,2013,NI,AS,UNNAMED,2013-11-17 03:00:00,DS,11.1,75.7,18.0,USA,1009.0,USA
2013305N07141,2013,NI,AS,UNNAMED,2013-11-17 06:00:00,DS,11.0,75.1,15.0,USA,1010.0,USA
2013305N07141,2013,NI,AS,UNNAMED,2013-11-17 09:00:00,DS,10.9,74.4,18.0,USA,1009.0,USA
2013305N07141,2013,NI,AS,UNNAMED,2013-11-17 12:00:00,DS,10.9,73.7,20.0,USA,1007.0,USA
2013305N07141,2013,NI,AS,UNNAMED,2013-11-17 15:00:00,DS,11.0,73.2,20.0,USA,1007.0,USA
2013305N07141,2013,NI,AS,UNNAMED,2013-11-17 18:00:00,DS,11.2,72.6,20.0,USA,1007.0,USA
2013305N07141,2013,NI,AS,UNNAMED,2013-11-17 21:00:00,DS,11.4,71.9,20.0,USA,1007.0,USA
2013305N07141,2013,NI,AS,UNNAMED,2013-11-18 00:00:00,DS,11.6,71.2,20.0,USA,1007.0,USA
2013305N07141,2013,NI,AS,UNNAMED,2013-11-18 03:00:00,DS,11.8,70.7,20.0,USA,1007.0,USA
2013305N07141,2013,NI,AS,UNNAMED,2013-11-18 06:00:00,DS,12.1,70.1,20.0,USA,1007.0,USA
2013305N07141,2013,NI,AS,UNNAMED,2013-11-18 09:00:00,DS,12.3,69.4,20.0,USA,1007.0,USA
2013305N07141,2013,NI,AS,UNNAMED,2013-11-18 12:00:00,DS,12.5,68.6,20.0,USA,1007.0,USA
2013305N07141,2013,NI,AS,UNNAMED,2013-11-18 15:00:00,DS,12.5,68.0,20.0,USA,1007.0,USA
2013305N07141,2013,NI,AS,UNNAMED,2013-11-18 18:00:00,DS,12.5,67.4,20.0,USA,1007.0,USA
2013305N07141,2013,NI,AS,UNNAMED,2013-11-18 21:00:00,DS,12.5,66.8,20.0,USA,1007.0,USA
2013305N07141,2013,NI,AS,UNNAMED,2013-11-19 00:00:00,DS,12.5,66.1,20.0,USA,1007.0,USA
2013305N07141,2013,NI,AS,UNNAMED,2013-11-19 03:00:00,DS,12.3,65.3,20.0,USA,1007.0,USA
2013305N07141,2013,NI,AS,UNNAMED,2013-11-19 06:00:00,DS,12.2,64.5,20.0,USA,1007.0,USA
2013305N07141,2013,NI,AS,UNNAMED,2013-11-19 09:00:00,DS,12.2,63.6,20.0,USA,1007.0,USA
2013305N07141,2013,NI,AS,UNNAMED,2013-11-19 12:00:00,TS,12.3,62.8,20.0,USA,1007.0,USA
2013305N07141,2013,NI,AS,UNNAMED,2013-11-19 15:00:00,TS,12.5,62.1,20.0,USA,1007.0,USA
2013305N07141,2013,NI,AS,UNNAMED,2013-11-19 18:00:00,DS,12.7,61.4,20.0,USA,1007.0,USA
2013305N07141,2013,NI,AS,UNNAMED,2013-11-19 21:00:00,DS,12.8,60.6,20.0,USA,1007.0,USA
2013305N07141,2013,NI,AS,UNNAMED,2013-11-20 00:00:00,DS,12.8,59.9,20.0,USA,1007.0,USA
2013305N07141,2013,NI,AS,UNNAMED,2013-11-20 03:00:00,DS,12.8,59.6,20.0,USA,1007.0,USA
2013305N07141,2013,NI,AS,UNNAMED,2013-11-20 06:00:00,DS,12.8,59.4,20.0,USA,1007.0,USA
2013305N07141,2013,NI,AS,UNNAMED,2013-11-20 09:00:00,DS,12.9,58.9,20.0,USA,1007.0,USA
2013305N07141,2013,NI,AS,UNNAMED,2013-11-20 12:00:00,DS,13.0,58.3,20.0,USA,1007.0,USA
2013305N07141,2013,NI,AS,UNNAMED,2013-11-20 15:00:00,DS,12.9,57.7,20.0,USA,1007.0,USA
2013305N07141,2013,NI,AS,UNNAMED,2013-11-20 18:00:00,DS,12.8,57.1,20.0,USA,1007.0,USA
2013305N07141,2013,NI,AS,UNNAMED,2013-11-20 21:00:00,DS,12.7,56.5,20.0,USA,1007.0,USA
2013305N07141,2013,NI,AS,UNNAMED,2013-11-21 00:00:00,DS,12.5,56.0,20.0,USA,1007.0,USA
2013310N06066,2013,NI,AS,UNNAMED,2013-11-06 00:00:00,DS,5.6,66.4,15.0,USA,1010.0,USA
2013310N06066,2013,NI,AS,UNNAMED,2013-11-06 03:00:00,DS,5.9,66.2,18.0,USA,1009.0,USA
2013310N06066,2013,NI,AS,UNNAMED,2013-11-06 06:00:00,DS,6.2,65.9,20.0,USA,1007.0,USA
2013310N06066,2013,NI,AS,UNNAMED,2013-11-06 09:00:00,DS,6.4,65.5,23.0,USA,1006.0,USA
2013310N06066,2013,NI,AS,UNNAMED,2013-11-06 12:00:00,TS,6.7,64.9,25.0,USA,1004.0,USA
2013310N06066,2013,NI,AS,UNNAMED,2013-11-06 15:00:00,TS,7.1,64.3,23.0,USA,1006.0,USA
2013310N06066,2013,NI,AS,UNNAMED,2013-11-06 18:00:00,DS,7.5,63.6,20.0,USA,1007.0,USA
2013310N06066,2013,NI,AS,UNNAMED,2013-11-06 21:00:00,DS,7.6,62.9,20.0,USA,1007.0,USA
2013310N06066,2013,NI,AS,UNNAMED,2013-11-07 00:00:00,DS,7.7,62.1,20.0,USA,1007.0,USA
2013310N06066,2013,NI,AS,UNNAMED,2013-11-07 03:00:00,DS,7.8,61.2,20.0,USA,1007.0,USA
2013310N06066,2013,NI,AS,UNNAMED,2013-11-07 06:00:00,DS,8.0,60.4,20.0,USA,1007.0,USA
2013310N06066,2013,NI,AS,UNNAMED,2013-11-07 09:00:00,DS,8.2,59.7,20.0,USA,1007.0,USA
2013310N06066,2013,NI,AS,UNNAMED,2013-11-07 12:00:00,DS,8.3,59.0,20.0,USA,1007.0,USA
2013310N06066,2013,NI,AS,UNNAMED,2013-11-07 15:00:00,DS,8.3,58.4,23.0,USA,1006.0,USA
2013310N06066,2013,NI,AS,UNNAMED,2013-11-07 18:00:00,TS,8.2,57.9,25.0,USA,1004.0,USA
2013310N06066,2013,NI,AS,UNNAMED,2013-11-07 21:00:00,TS,8.2,57.4,23.0,USA,1006.0,USA
2013310N06066,2013,NI,AS,UNNAMED,2013-11-08 00:00:00,DS,8.1,57.0,20.0,USA,1007.0,USA
2013310N06066,2013,NI,AS,UNNAMED,2013-11-08 03:00:00,DS,8.0,56.6,23.0,USA,1006.0,USA
2013310N06066,2013,NI,AS,UNNAMED,2013-11-08 06:00:00,TS,7.9,56.2,25.0,USA,1004.0,USA
2013310N06066,2013,NI,AS,UNNAMED,2013-11-08 09:00:00,TS,8.0,55.6,30.0,USA,1000.0,USA
2013310N06066,2013,NI,AS,UNNAMED,2013-11-08 12:00:00,TS,8.1,55.0,35.0,USA,996.0,USA
2013310N06066,2013,NI,AS,UNNAMED,2013-11-08 15:00:00,TS,8.0,54.5,38.0,USA,995.0,USA
2013310N06066,2013,NI,AS,UNNAMED,2013-11-08 18:00:00,TS,8.0,54.0,40.0,USA,993.0,USA
2013310N06066,2013,NI,AS,UNNAMED,2013-11-08 21:00:00,TS,8.0,53.5,43.0,USA,991.0,USA
2013310N06066,2013,NI,AS,UNNAMED,2013-11-09 00:00:00,TS,8.0,53.1,45.0,USA,989.0,USA
2013310N06066,2013,NI,AS,UNNAMED,2013-11-09 03:00:00,TS,8.0,52.8,40.0,USA,993.0,USA
2013310N06066,2013,NI,AS,UNNAMED,2013-11-09 06:00:00,TS,8.0,52.7,35.0,USA,996.0,USA
2013310N06066,2013,NI,AS,UNNAMED,2013-11-09 09:00:00,TS,8.0,52.4,35.0,USA,996.0,USA
2013310N06066,2013,NI,AS,UNNAMED,2013-11-09 12:00:00,TS,8.0,52.1,35.0,USA,996.0,USA
2013310N06066,2013,NI,AS,UNNAMED,2013-11-09 15:00:00,TS,8.0,51.9,35.0,USA,996.0,USA
2013310N06066,2013,NI,AS,UNNAMED,2013-11-09 18:00:00,TS,8.0,51.9,35.0,USA,996.0,USA
2013310N06066,2013,NI,AS,UNNAMED,2013-11-09 21:00:00,TS,8.0,51.8,35.0,USA,996.0,USA
2013310N06066,2013,NI,AS,UNNAMED,2013-11-10 00:00:00,TS,8.0,51.8,35.0,USA,996.0,USA
2013310N06066,2013,NI,AS,UNNAMED,2013-11-10 03:00:00,TS,8.0,51.6,38.0,USA,995.0,USA
2013310N06066,2013,NI,AS,UNNAMED,2013-11-10 06:00:00,TS,8.0,51.3,40.0,USA,993.0,USA
2013310N06066,2013,NI,AS,UNNAMED,2013-11-10 09:00:00,TS,8.0,51.2,38.0,USA,995.0,USA
2013310N06066,2013,NI,AS,UNNAMED,2013-11-10 12:00:00,TS,8.1,51.2,35.0,USA,996.0,USA
2013310N06066,2013,NI,AS,UNNAMED,2013-11-10 15:00:00,TS,8.1,50.9,35.0,USA,996.0,USA
2013310N06066,2013,NI,AS,UNNAMED,2013-11-10 18:00:00,TS,8.2,50.6,35.0,USA,996.0,USA
2013310N06066,2013,NI,AS,UNNAMED,2013-11-10 21:00:00,TS,8.3,50.4,35.0,USA,996.0,USA
2013310N06066,2013,NI,AS,UNNAMED,2013-11-11 00:00:00,TS,8.4,50.1,35.0,USA,996.0,USA
2013310N06066,2013,NI,AS,UNNAMED,2013-11-11 03:00:00,TS,8.7,49.7,35.0,USA,996.0,USA
2013310N06066,2013,NI,AS,UNNAMED,2013-11-11 06:00:00,TS,8.9,49.2,35.0,USA,996.0,USA
2013310N06066,2013,NI,AS,UNNAMED,2013-11-11 09:00:00,TS,9.2,48.6,33.0,USA,998.0,USA
2013310N06066,2013,NI,AS,UNNAMED,2013-11-11 12:00:00,TS,9.4,48.0,30.0,USA,1000.0,USA
2013310N06066,2013,NI,AS,UNNAMED,2013-11-11 15:00:00,TS,9.5,47.4,28.0,USA,1002.0,USA
2013310N06066,2013,NI,AS,UNNAMED,2013-11-11 18:00:00,TS,9.5,46.9,25.0,USA,1004.0,USA
2013310N06066,2013,NI,AS,UNNAMED,2013-11-11 21:00:00,TS,9.6,46.4,25.0,USA,1004.0,USA
2013310N06066,2013,NI,AS,UNNAMED,2013-11-12 00:00:00,TS,9.8,46.0,25.0,USA,1004.0,USA
2013322N13090,2013,NI,BB,HELEN,2013-11-18 00:00:00,DS,13.3,90.0,20.0,USA,1007.0,USA
2013322N13090,2013,NI,BB,HELEN,2013-11-18 03:00:00,DS,13.6,89.5,23.0,USA,1006.0,USA
2013322N13090,2013,NI,BB,HELEN,2013-11-18 06:00:00,TS,14.0,88.9,25.0,USA,1004.0,USA
2013322N13090,2013,NI,BB,HELEN,2013-11-18 09:00:00,TS,14.4,88.3,25.0,USA,1004.0,USA
2013322N13090,2013,NI,BB,HELEN,2013-11-18 12:00:00,TS,14.7,87.8,25.0,USA,1004.0,USA
2013322N13090,2013,NI,BB,HELEN,2013-11-18 15:00:00,TS,14.8,87.3,25.0,USA,1004.0,USA
2013322N13090,2013,NI,BB,HELEN,2013-11-18 18:00:00,TS,14.8,86.9,25.0,USA,1004.0,USA
2013322N13090,2013,NI,BB,HELEN,2013-11-18 21:00:00,TS,14.8,86.5,30.0,USA,1000.0,USA
2013322N13090,2013,NI,BB,HELEN,2013-11-19 00:00:00,TS,14.7,86.2,35.0,USA,996.0,USA
2013322N13090,2013,NI,BB,HELEN,2013-11-19 03:00:00,TS,14.8,85.9,35.0,USA,996.0,USA
2013322N13090,2013,NI,BB,HELEN,2013-11-19 06:00:00,TS,14.8,85.6,35.0,USA,996.0,USA
2013322N13090,2013,NI,BB,HELEN,2013-11-19 09:00:00,TS,14.9,85.3,38.0,USA,995.0,USA
2013322N13090,2013,NI,BB,HELEN,2013-11-19 12:00:00,TS,15.0,85.1,40.0,USA,993.0,USA
2013322N13090,2013,NI,BB,HELEN,2013-11-19 15:00:00,TS,15.0,84.9,40.0,USA,993.0,USA
2013322N13090,2013,NI,BB,HELEN,2013-11-19 18:00:00,TS,15.0,84.5,40.0,USA,993.0,USA
2013322N13090,2013,NI,BB,HELEN,2013-11-19 21:00:00,TS,15.0,84.2,45.0,USA,989.0,USA
2013322N13090,2013,NI,BB,HELEN,2013-11-20 00:00:00,TS,15.1,84.1,50.0,USA,985.0,USA
2013322N13090,2013,NI,BB,HELEN,2013-11-20 03:00:00,TS,15.1,84.1,50.0,USA,985.0,USA
2013322N13090,2013,NI,BB,HELEN,2013-11-20 06:00:00,TS,15.3,84.1,50.0,USA,985.0,USA
2013322N13090,2013,NI,BB,HELEN,2013-11-20 09:00:00,TS,15.3,84.0,53.0,USA,984.0,USA
2013322N13090,2013,NI,BB,HELEN,2013-11-20 12:00:00,TS,15.4,84.0,55.0,USA,982.0,USA
2013322N13090,2013,NI,BB,HELEN,2013-11-20 15:00:00,TS,15.4,83.9,58.0,USA,980.0,USA
2013322N13090,2013,NI,BB,HELEN,2013-11-20 18:00:00,TS,15.5,83.8,60.0,USA,978.0,USA
2013322N13090,2013,NI,BB,HELEN,2013-11-20 21:00:00,TS,15.6,83.7,63.0,USA,976.0,USA
2013322N13090,2013,NI,BB,HELEN,2013-11-21 00:00:00,TS,15.7,83.6,65.0,USA,974.0,USA
2013322N13090,2013,NI,BB,HELEN,2013-11-21 03:00:00,TS,15.8,83.4,68.0,USA,972.0,USA
2013322N13090,2013,NI,BB,HELEN,2013-11-21 06:00:00,TS,15.9,83.3,70.0,USA,970.0,USA
2013322N13090,2013,NI,BB,HELEN,2013-11-21 09:00:00,TS,16.0,83.1,68.0,USA,972.0,USA
2013322N13090,2013,NI,BB,HELEN,2013-11-21 12:00:00,TS,16.1,83.0,65.0,USA,974.0,USA
2013322N13090,2013,NI,BB,HELEN,2013-11-21 15:00:00,TS,16.1,82.7,65.0,USA,974.0,USA
2013322N13090,2013,NI,BB,HELEN,2013-11-21 18:00:00,TS,16.2,82.6,65.0,USA,974.0,USA
2013322N13090,2013,NI,BB,HELEN,2013-11-21 21:00:00,TS,16.1,82.3,63.0,USA,976.0,USA
2013322N13090,2013,NI,BB,HELEN,2013-11-22 00:00:00,TS,16.2,82.0,60.0,USA,978.0,USA
2013322N13090,2013,NI,BB,HELEN,2013-11-22 03:00:00,TS,16.2,81.7,58.0,USA,980.0,USA
2013322N13090,2013,NI,BB,HELEN,2013-11-22 06:00:00,TS,16.2,81.4,55.0,USA,982.0,USA
2013322N13090,2013,NI,BB,HELEN,2013-11-22 09:00:00,TS,16.0,81.2,43.0,USA,991.0,USA
2013322N13090,2013,NI,BB,HELEN,2013-11-22 12:00:00,TS,15.8,80.8,30.0,USA,1000.0,USA
2013322N13090,2013,NI,BB,HELEN,2013-11-22 15:00:00,TS,15.9,80.5,28.0,USA,1002.0,USA
2013322N13090,2013,NI,BB,HELEN,2013-11-22 18:00:00,TS,16.1,80.2,25.0,USA,1004.0,USA
2013322N13090,2013,NI,BB,HELEN,2013-11-22 21:00:00,TS,16.3,79.7,23.0,USA,1006.0,USA
2013322N13090,2013,NI,BB,HELEN,2013-11-23 00:00:00,DS,16.5,79.4,20.0,USA,1007.0,USA
2013322N13090,2013,NI,BB,HELEN,2013-11-23 03:00:00,DS,16.8,79.1,20.0,USA,1007.0,USA
2013322N13090,2013,NI,BB,HELEN,2013-11-23 06:00:00,DS,17.2,78.8,20.0,USA,1007.0,USA
2013324N07103,2013,WP,MM,LEHAR,2013-11-19 18:00:00,DS,7.3,103.3,15.0,USA,1010.0,USA
2013324N07103,2013,WP,MM,LEHAR,2013-11-19 21:00:00,DS,7.0,103.2,15.0,USA,1010.0,USA
2013324N07103,2013,WP,MM,LEHAR,2013-11-20 00:00:00,DS,6.8,103.1,15.0,USA,1010.0,USA
2013324N07103,2013,WP,MM,LEHAR,2013-11-20 03:00:00,DS,6.8,102.9,18.0,USA,1009.0,USA
2013324N07103,2013,WP,MM,LEHAR,2013-11-20 06:00:00,DS,6.9,102.6,20.0,USA,1007.0,USA
2013324N07103,2013,WP,MM,LEHAR,2013-11-20 09:00:00,DS,6.7,102.4,20.0,USA,1007.0,USA
2013324N07103,2013,WP,MM,LEHAR,2013-11-20 12:00:00,DS,6.5,102.3,20.0,USA,1007.0,USA
2013324N07103,2013,WP,MM,LEHAR,2013-11-20 15:00:00,DS,6.4,102.2,18.0,USA,1009.0,USA
2013324N07103,2013,WP,MM,LEHAR,2013-11-20 18:00:00,DS,6.3,102.0,15.0,USA,1010.0,USA
2013324N07103,2013,WP,MM,LEHAR,2013-11-20 21:00:00,DS,6.3,101.9,15.0,USA,1010.0,USA
2013324N07103,2013,WP,MM,LEHAR,2013-11-21 00:00:00,DS,6.3,101.7,15.0,USA,1010.0,USA
2013324N07103,2013,WP,MM,LEHAR,2013-11-21 03:00:00,DS,6.3,101.5,15.0,USA,1010.0,USA
2013324N07103,2013,WP,MM,LEHAR,2013-11-21 06:00:00,DS,6.4,101.2,15.0,USA,1010.0,USA
2013324N07103,2013,WP,MM,LEHAR,2013-11-21 09:00:00,DS,6.6,100.9,15.0,USA,1010.0,USA
2013324N07103,2013,WP,MM,LEHAR,2013-11-21 12:00:00,DS,6.7,100.6,15.0,USA,1010.0,USA
2013324N07103,2013,WP,MM,LEHAR,2013-11-21 15:00:00,DS,6.7,100.2,15.0,USA,1010.0,USA
2013324N07103,2013,NI,BB,LEHAR,2013-11-21 18:00:00,DS,6.7,99.9,15.0,USA,1010.0,USA
2013324N07103,2013,NI,BB,LEHAR,2013-11-21 21:00:00,DS,6.7,99.6,18.0,USA,1007.0,USA
2013324N07103,2013,NI,BB,LEHAR,2013-11-22 00:00:00,DS,6.6,99.4,20.0,USA,1004.0,USA
2013324N07103,2013,NI,BB,LEHAR,2013-11-22 03:00:00,DS,6.4,99.2,20.0,USA,1006.0,USA
2013324N07103,2013,NI,BB,LEHAR,2013-11-22 06:00:00,DS,6.3,99.0,20.0,USA,1007.0,USA
2013324N07103,2013,NI,BB,LEHAR,2013-11-22 09:00:00,DS,6.2,98.7,20.0,USA,1007.0,USA
2013324N07103,2013,NI,BB,LEHAR,2013-11-22 12:00:00,DS,6.3,98.5,20.0,USA,1007.0,USA
2013324N07103,2013,NI,BB,LEHAR,2013-11-22 15:00:00,DS,6.5,98.4,23.0,USA,1006.0,USA
2013324N07103,2013,NI,BB,LEHAR,2013-11-22 18:00:00,TS,6.8,98.3,25.0,USA,1004.0,USA
2013324N07103,2013,NI,BB,LEHAR,2013-11-22 21:00:00,TS,7.0,98.1,25.0,USA,1004.0,USA
2013324N07103,2013,NI,BB,LEHAR,2013-11-23 00:00:00,TS,7.3,97.8,25.0,USA,1004.0,USA
2013324N07103,2013,NI,BB,LEHAR,2013-11-23 03:00:00,TS,7.6,97.5,25.0,USA,1004.0,USA
2013324N07103,2013,NI,BB,LEHAR,2013-11-23 06:00:00,TS,8.0,97.2,25.0,USA,1004.0,USA
2013324N07103,2013,NI,BB,LEHAR,2013-11-23 09:00:00,TS,8.3,96.9,30.0,USA,1000.0,USA
2013324N07103,2013,NI,BB,LEHAR,2013-11-23 12:00:00,TS,8.7,96.6,35.0,USA,996.0,USA
2013324N07103,2013,NI,BB,LEHAR,2013-11-23 15:00:00,TS,8.9,96.3,35.0,USA,996.0,USA
2013324N07103,2013,NI,BB,LEHAR,2013-11-23 18:00:00,TS,9.2,96.1,35.0,USA,996.0,USA
2013324N07103,2013,NI,BB,LEHAR,2013-11-23 21:00:00,TS,9.6,95.6,38.0,USA,995.0,USA
2013324N07103,2013,NI,BB,LEHAR,2013-11-24 00:00:00,TS,10.0,95.2,40.0,USA,993.0,USA
2013324N07103,2013,NI,BB,LEHAR,2013-11-24 03:00:00,TS,10.2,95.0,43.0,USA,991.0,USA
2013324N07103,2013,NI,BB,LEHAR,2013-11-24 06:00:00,TS,10.6,94.6,45.0,USA,989.0,USA
2013324N07103,2013,NI,BB,LEHAR,2013-11-24 09:00:00,TS,10.8,94.1,48.0,USA,987.0,USA
2013324N07103,2013,NI,BB,LEHAR,2013-11-24 12:00:00,TS,11.0,93.7,50.0,USA,985.0,USA
2013324N07103,2013,NI,BB,LEHAR,2013-11-24 15:00:00,TS,11.1,93.5,53.0,USA,984.0,USA
2013324N07103,2013,NI,BB,LEHAR,2013-11-24 18:00:00,TS,11.5,93.2,55.0,USA,982.0,USA
2013324N07103,2013,NI,BB,LEHAR,2013-11-24 21:00:00,TS,11.5,92.7,58.0,USA,980.0,USA
2013324N07103,2013,NI,BB,LEHAR,2013-11-25 00:00:00,TS,11.8,92.6,60.0,USA,978.0,USA
2013324N07103,2013,NI,BB,LEHAR,2013-11-25 03:00:00,TS,11.9,92.2,63.0,USA,976.0,USA
2013324N07103,2013,NI,BB,LEHAR,2013-11-25 06:00:00,TS,12.0,91.9,65.0,USA,974.0,USA
2013324N07103,2013,NI,BB,LEHAR,2013-11-25 09:00:00,TS,12.0,91.7,68.0,USA,972.0,USA
2013324N07103,2013,NI,BB,LEHAR,2013-11-25 12:00:00,TS,12.3,91.6,70.0,USA,970.0,USA
2013324N07103,2013,NI,BB,LEHAR,2013-11-25 15:00:00,TS,12.3,91.2,73.0,USA,969.0,USA
2013324N07103,2013,NI,BB,LEHAR,2013-11-25 18:00:00,TS,12.4,91.1,75.0,USA,967.0,USA
2013324N07103,2013,NI,BB,LEHAR,2013-11-25 21:00:00,TS,12.4,90.9,75.0,USA,967.0,USA
2013324N07103,2013,NI,BB,LEHAR,2013-11-26 00:00:00,TS,12.5,90.5,75.0,USA,967.0,USA
2013324N07103,2013,NI,BB,LEHAR,2013-11-26 03:00:00,TS,12.5,90.1,75.0,USA,967.0,USA
2013324N07103,2013,NI,BB,LEHAR,2013-11-26 06:00:00,TS,12.6,89.6,75.0,USA,967.0,USA
2013324N07103,2013,NI,BB,LEHAR,2013-11-26 09:00:00,TS,12.9,89.1,75.0,USA,967.0,USA
2013324N07103,2013,NI,BB,LEHAR,2013-11-26 12:00:00,TS,13.0,88.7,75.0,USA,967.0,USA
2013324N07103,2013,NI,BB,LEHAR,2013-11-26 15:00:00,TS,13.0,88.5,73.0,USA,971.0,USA
2013324N07103,2013,NI,BB,LEHAR,2013-11-26 18:00:00,TS,13.2,88.1,70.0,USA,975.0,USA
2013324N07103,2013,NI,BB,LEHAR,2013-11-26 21:00:00,TS,13.3,87.5,70.0,USA,973.0,USA
2013324N07103,2013,NI,BB,LEHAR,2013-11-27 00:00:00,TS,13.6,87.0,70.0,USA,970.0,USA
2013324N07103,2013,NI,BB,LEHAR,2013-11-27 03:00:00,TS,13.6,86.5,68.0,USA,972.0,USA
2013324N07103,2013,NI,BB,LEHAR,2013-11-27 06:00:00,TS,13.9,86.0,65.0,USA,974.0,USA
2013324N07103,2013,NI,BB,LEHAR,2013-11-27 09:00:00,TS,14.0,85.5,65.0,USA,974.0,USA
2013324N07103,2013,NI,BB,LEHAR,2013-11-27 12:00:00,TS,14.2,85.1,65.0,USA,974.0,USA
2013324N07103,2013,NI,BB,LEHAR,2013-11-27 15:00:00,TS,14.2,84.6,58.0,USA,980.0,USA
2013324N07103,2013,NI,BB,LEHAR,2013-11-27 18:00:00,TS,14.6,84.1,50.0,USA,985.0,USA
2013324N07103,2013,NI,BB,LEHAR,2013-11-27 21:00:00,TS,14.7,83.6,45.0,USA,989.0,USA
2013324N07103,2013,NI,BB,LEHAR,2013-11-28 00:00:00,TS,15.1,82.5,40.0,USA,993.0,USA
2013324N07103,2013,NI,BB,LEHAR,2013-11-28 03:00:00,TS,15.3,82.1,38.0,USA,995.0,USA
2013324N07103,2013,NI,BB,LEHAR,2013-11-28 06:00:00,TS,15.3,81.7,35.0,USA,996.0,USA
2013324N07103,2013,NI,BB,LEHAR,2013-11-28 09:00:00,TS,15.5,81.4,35.0,USA,996.0,USA
2013324N07103,2013,NI,BB,LEHAR,2013-11-28 12:00:00,TS,15.5,81.0,35.0,USA,996.0,USA
2013324N07103,2013,NI,BB,LEHAR,2013-11-28 15:00:00,TS,15.4,80.6,30.0,USA,1000.0,USA
2013324N07103,2013,NI,BB,LEHAR,2013-11-28 18:00:00,TS,15.4,80.0,25.0,USA,1004.0,USA
2013324N07103,2013,NI,BB,LEHAR,2013-11-28 21:00:00,TS,15.7,79.4,23.0,USA,1006.0,USA
2013324N07103,2013,NI,BB,LEHAR,2013-11-29 00:00:00,DS,16.1,78.8,20.0,USA,1007.0,USA
2013339N09084,2013,NI,BB,MADI,2013-12-05 00:00:00,DS,9.0,84.3,15.0,USA,1010.0,USA
2013339N09084,2013,NI,BB,MADI,2013-12-05 03:00:00,DS,9.1,84.2,18.0,USA,1009.0,USA
2013339N09084,2013,NI,BB,MADI,2013-12-05 06:00:00,DS,9.1,84.1,20.0,USA,1007.0,USA
2013339N09084,2013,NI,BB,MADI,2013-12-05 09:00:00,DS,9.1,84.0,23.0,USA,1006.0,USA
2013339N09084,2013,NI,BB,MADI,2013-12-05 12:00:00,TS,9.2,83.9,25.0,USA,1004.0,USA
2013339N09084,2013,NI,BB,MADI,2013-12-05 15:00:00,TS,9.3,83.8,25.0,USA,1004.0,USA
2013339N09084,2013,NI,BB,MADI,2013-12-05 18:00:00,TS,9.4,83.8,25.0,USA,1004.0,USA
2013339N09084,2013,NI,BB,MADI,2013-12-05 21:00:00,TS,9.5,83.7,28.0,USA,1002.0,USA
2013339N09084,2013,NI,BB,MADI,2013-12-06 00:00:00,TS,9.6,83.7,30.0,USA,1000.0,USA
2013339N09084,2013,NI,BB,MADI,2013-12-06 03:00:00,TS,9.7,83.7,33.0,USA,998.0,USA
2013339N09084,2013,NI,BB,MADI,2013-12-06 06:00:00,TS,9.8,83.8,35.0,USA,996.0,USA
2013339N09084,2013,NI,BB,MADI,2013-12-06 09:00:00,TS,9.9,83.9,38.0,USA,995.0,USA
2013339N09084,2013,NI,BB,MADI,2013-12-06 12:00:00,TS,10.0,83.9,40.0,USA,993.0,USA
2013339N09084,2013,NI,BB,MADI,2013-12-06 15:00:00,TS,10.1,83.9,43.0,USA,991.0,USA
2013339N09084,2013,NI,BB,MADI,2013-12-06 18:00:00,TS,10.2,84.0,45.0,USA,989.0,USA
2013339N09084,2013,NI,BB,MADI,2013-12-06 21:00:00,TS,10.3,84.0,48.0,USA,987.0,USA
2013339N09084,2013,NI,BB,MADI,2013-12-07 00:00:00,TS,10.4,84.1,50.0,USA,985.0,USA
2013339N09084,2013,NI,BB,MADI,2013-12-07 03:00:00,TS,10.4,84.2,53.0,USA,984.0,USA
2013339N09084,2013,NI,BB,MADI,2013-12-07 06:00:00,TS,10.5,84.3,55.0,USA,982.0,USA
2013339N09084,2013,NI,BB,MADI,2013-12-07 09:00:00,TS,10.7,84.3,55.0,USA,982.0,USA
2013339N09084,2013,NI,BB,MADI,2013-12-07 12:00:00,TS,10.9,84.4,55.0,USA,982.0,USA
2013339N09084,2013,NI,BB,MADI,2013-12-07 15:00:00,TS,11.0,84.5,58.0,USA,980.0,USA
2013339N09084,2013,NI,BB,MADI,2013-12-07 18:00:00,TS,11.3,84.5,60.0,USA,978.0,USA
2013339N09084,2013,NI,BB,MADI,2013-12-07 21:00:00,TS,11.5,84.5,63.0,USA,976.0,USA
2013339N09084,2013,NI,BB,MADI,2013-12-08 00:00:00,TS,11.9,84.6,65.0,USA,974.0,USA
2013339N09084,2013,NI,BB,MADI,2013-12-08 03:00:00,TS,12.1,84.6,65.0,USA,974.0,USA
2013339N09084,2013,NI,BB,MADI,2013-12-08 06:00:00,TS,12.4,84.7,65.0,USA,974.0,USA
2013339N09084,2013,NI,BB,MADI,2013-12-08 09:00:00,TS,12.6,84.7,65.0,USA,974.0,USA
2013339N09084,2013,NI,BB,MADI,2013-12-08 12:00:00,TS,13.0,84.7,65.0,USA,974.0,USA
2013339N09084,2013,NI,BB,MADI,2013-12-08 15:00:00,TS,13.2,84.7,65.0,USA,974.0,USA
2013339N09084,2013,NI,BB,MADI,2013-12-08 18:00:00,TS,13.4,84.6,65.0,USA,974.0,USA
2013339N09084,2013,NI,BB,MADI,2013-12-08 21:00:00,TS,13.6,84.6,63.0,USA,976.0,USA
2013339N09084,2013,NI,BB,MADI,2013-12-09 00:00:00,TS,13.9,84.6,60.0,USA,978.0,USA
2013339N09084,2013,NI,BB,MADI,2013-12-09 03:00:00,TS,14.1,84.7,60.0,USA,978.0,USA
2013339N09084,2013,NI,BB,MADI,2013-12-09 06:00:00,TS,14.3,84.7,60.0,USA,978.0,USA
2013339N09084,2013,NI,BB,MADI,2013-12-09 09:00:00,TS,14.4,84.7,63.0,USA,976.0,USA
2013339N09084,2013,NI,BB,MADI,2013-12-09 12:00:00,TS,14.6,84.8,65.0,USA,974.0,USA
2013339N09084,2013,NI,BB,MADI,2013-12-09 15:00:00,TS,14.7,84.8,65.0,USA,974.0,USA
2013339N09084,2013,NI,BB,MADI,2013-12-09 18:00:00,TS,14.8,84.9,65.0,USA,974.0,USA
2013339N09084,2013,NI,BB,MADI,2013-12-09 21:00:00,TS,14.8,84.9,68.0,USA,972.0,USA
2013339N09084,2013,NI,BB,MADI,2013-12-10 00:00:00,TS,15.0,85.1,70.0,USA,970.0,USA
2013339N09084,2013,NI,BB,MADI,2013-12-10 03:00:00,TS,15.3,85.3,78.0,USA,965.0,USA
2013339N09084,2013,NI,BB,MADI,2013-12-10 06:00:00,TS,15.4,85.3,85.0,USA,959.0,USA
2013339N09084,2013,NI,BB,MADI,2013-12-10 09:00:00,TS,15.5,85.2,83.0,USA,961.0,USA
2013339N09084,2013,NI,BB,MADI,2013-12-10 12:00:00,TS,15.3,85.0,80.0,USA,963.0,USA
2013339N09084,2013,NI,BB,MADI,2013-12-10 15:00:00,TS,15.1,84.7,73.0,USA,969.0,USA
2013339N09084,2013,NI,BB,MADI,2013-12-10 18:00:00,TS,14.9,84.6,65.0,USA,974.0,USA
2013339N09084,2013,NI,BB,MADI,2013-12-10 21:00:00,TS,14.7,84.4,58.0,USA,980.0,USA
2013339N09084,2013,NI,BB,MADI,2013-12-11 00:00:00,TS,14.4,84.1,50.0,USA,985.0,USA
2013339N09084,2013,NI,BB,MADI,2013-12-11 03:00:00,TS,14.1,83.8,48.0,USA,987.0,USA
2013339N09084,2013,NI,BB,MADI,2013-12-11 06:00:00,TS,13.8,83.6,45.0,USA,989.0,USA
2013339N09084,2013,NI,BB,MADI,2013-12-11 09:00:00,TS,13.6,83.4,45.0,USA,989.0,USA
2013339N09084,2013,NI,BB,MADI,2013-12-11 12:00:00,TS,13.4,83.3,45.0,USA,989.0,USA
2013339N09084,2013,NI,BB,MADI,2013-12-11 15:00:00,TS,13.1,83.0,38.0,USA,995.0,USA
2013339N09084,2013,NI,BB,MADI,2013-12-11 18:00:00,TS,12.9,82.7,30.0,USA,1000.0,USA
2013339N09084,2013,NI,BB,MADI,2013-12-11 21:00:00,TS,12.6,82.4,30.0,USA,1000.0,USA
2013339N09084,2013,NI,BB,MADI,2013-12-12 00:00:00,TS,12.3,82.0,30.0,USA,1000.0,USA
2013339N09084,2013,NI,BB,MADI,2013-12-12 03:00:00,TS,11.9,81.5,30.0,USA,1000.0,USA
2013339N09084,2013,NI,BB,MADI,2013-12-12 06:00:00,TS,11.4,81.2,30.0,USA,1000.0,USA
2013339N09084,2013,NI,BB,MADI,2013-12-12 09:00:00,TS,10.9,80.8,28.0,USA,1002.0,USA
2013339N09084,2013,NI,BB,MADI,2013-12-12 12:00:00,TS,10.4,80.3,25.0,USA,1004.0,USA
2013339N09084,2013,NI,BB,MADI,2013-12-12 15:00:00,TS,10.2,79.6,25.0,USA,1004.0,USA
2013339N09084,2013,NI,BB,MADI,2013-12-12 18:00:00,TS,10.0,78.8,25.0,USA,1004.0,USA
2014003N08086,2014,NI,BB,UNNAMED,2014-01-02 18:00:00,DS,7.6,85.5,15.0,USA,1010.0,USA
2014003N08086,2014,NI,BB,UNNAMED,2014-01-02 21:00:00,DS,7.6,85.3,18.0,USA,1009.0,USA
2014003N08086,2014,NI,BB,UNNAMED,2014-01-03 00:00:00,DS,7.7,85.1,20.0,USA,1007.0,USA
2014003N08086,2014,NI,BB,UNNAMED,2014-01-03 03:00:00,DS,7.8,84.9,23.0,USA,1006.0,USA
2014003N08086,2014,NI,BB,UNNAMED,2014-01-03 06:00:00,TS,7.9,84.8,25.0,USA,1004.0,USA
2014003N08086,2014,NI,BB,UNNAMED,2014-01-03 09:00:00,TS,8.0,84.7,25.0,USA,1004.0,USA
2014003N08086,2014,NI,BB,UNNAMED,2014-01-03 12:00:00,TS,8.2,84.6,25.0,USA,1004.0,USA
2014003N08086,2014,NI,BB,UNNAMED,2014-01-03 15:00:00,TS,8.3,84.5,25.0,USA,1004.0,USA
2014003N08086,2014,NI,BB,UNNAMED,2014-01-03 18:00:00,TS,8.5,84.3,25.0,USA,1003.0,USA
2014003N08086,2014,NI,BB,UNNAMED,2014-01-03 21:00:00,TS,8.7,84.1,28.0,USA,1001.0,USA
2014003N08086,2014,NI,BB,UNNAMED,2014-01-04 00:00:00,TS,8.8,83.8,30.0,USA,999.0,USA
2014003N08086,2014,NI,BB,UNNAMED,2014-01-04 03:00:00,TS,8.8,83.5,33.0,USA,998.0,USA
2014003N08086,2014,NI,BB,UNNAMED,2014-01-04 06:00:00,TS,9.0,83.2,35.0,USA,996.0,USA
2014003N08086,2014,NI,BB,UNNAMED,2014-01-04 09:00:00,TS,9.1,83.0,35.0,USA,996.0,USA
2014003N08086,2014,NI,BB,UNNAMED,2014-01-04 12:00:00,TS,9.1,82.9,35.0,USA,996.0,USA
2014003N08086,2014,NI,BB,UNNAMED,2014-01-04 15:00:00,TS,9.1,82.7,38.0,USA,995.0,USA
2014003N08086,2014,NI,BB,UNNAMED,2014-01-04 18:00:00,TS,9.2,82.5,40.0,USA,993.0,USA
2014003N08086,2014,NI,BB,UNNAMED,2014-01-04 21:00:00,TS,9.3,82.2,40.0,USA,993.0,USA
2014003N08086,2014,NI,BB,UNNAMED,2014-01-05 00:00:00,TS,9.3,82.1,40.0,USA,993.0,USA
2014003N08086,2014,NI,BB,UNNAMED,2014-01-05 03:00:00,TS,9.3,82.0,40.0,USA,993.0,USA
2014003N08086,2014,NI,BB,UNNAMED,2014-01-05 06:00:00,TS,9.3,81.9,40.0,USA,993.0,USA
2014003N08086,2014,NI,BB,UNNAMED,2014-01-05 09:00:00,TS,9.3,81.7,38.0,USA,995.0,USA
2014003N08086,2014,NI,BB,UNNAMED,2014-01-05 12:00:00,TS,9.3,81.6,35.0,USA,996.0,USA
2014003N08086,2014,NI,BB,UNNAMED,2014-01-05 15:00:00,TS,9.3,81.5,35.0,USA,996.0,USA
2014003N08086,2014,NI,BB,UNNAMED,2014-01-05 18:00:00,TS,9.3,81.4,35.0,USA,996.0,USA
2014003N08086,2014,NI,BB,UNNAMED,2014-01-05 21:00:00,TS,9.3,81.4,35.0,USA,996.0,USA
2014003N08086,2014,NI,BB,UNNAMED,2014-01-06 00:00:00,TS,9.3,81.3,35.0,USA,996.0,USA
2014003N08086,2014,NI,BB,UNNAMED,2014-01-06 03:00:00,TS,9.3,81.1,33.0,USA,998.0,USA
2014003N08086,2014,NI,BB,UNNAMED,2014-01-06 06:00:00,TS,9.1,80.9,30.0,USA,1000.0,USA
2014003N08086,2014,NI,BB,UNNAMED,2014-01-06 09:00:00,TS,8.9,80.7,28.0,USA,1002.0,USA
2014003N08086,2014,NI,BB,UNNAMED,2014-01-06 12:00:00,TS,8.8,80.6,25.0,USA,1004.0,USA
2014003N08086,2014,NI,BB,UNNAMED,2014-01-06 15:00:00,TS,8.7,80.5,25.0,USA,1004.0,USA
2014003N08086,2014,NI,BB,UNNAMED,2014-01-06 18:00:00,TS,8.4,80.3,25.0,USA,1004.0,USA
2014003N08086,2014,NI,BB,UNNAMED,2014-01-06 21:00:00,TS,8.2,80.1,25.0,USA,1004.0,USA
2014003N08086,2014,NI,BB,UNNAMED,2014-01-07 00:00:00,TS,7.9,79.9,25.0,USA,1004.0,USA
2014003N08086,2014,NI,BB,UNNAMED,2014-01-07 03:00:00,TS,7.7,79.8,25.0,USA,1004.0,USA
2014003N08086,2014,NI,BB,UNNAMED,2014-01-07 06:00:00,TS,7.6,79.6,25.0,USA,1004.0,USA
2014003N08086,2014,NI,BB,UNNAMED,2014-01-07 09:00:00,TS,7.5,79.4,25.0,USA,1004.0,USA
2014003N08086,2014,NI,BB,UNNAMED,2014-01-07 12:00:00,TS,7.4,79.2,25.0,USA,1004.0,USA
2014003N08086,2014,NI,BB,UNNAMED,2014-01-07 15:00:00,TS,7.4,79.1,25.0,USA,1004.0,USA
2014003N08086,2014,NI,BB,UNNAMED,2014-01-07 18:00:00,TS,7.5,78.9,25.0,USA,1004.0,USA
2014003N08086,2014,NI,BB,UNNAMED,2014-01-07 21:00:00,TS,7.6,78.7,25.0,USA,1004.0,USA
2014003N08086,2014,NI,BB,UNNAMED,2014-01-08 00:00:00,TS,7.7,78.5,25.0,USA,1004.0,USA
2014003N08086,2014,NI,BB,UNNAMED,2014-01-08 03:00:00,TS,7.7,78.3,25.0,USA,1004.0,USA
2014003N08086,2014,NI,AS,UNNAMED,2014-01-08 06:00:00,TS,7.8,78.0,25.0,USA,1004.0,USA
2014003N08086,2014,NI,AS,UNNAMED,2014-01-08 09:00:00,TS,7.9,77.6,23.0,USA,1006.0,USA
2014003N08086,2014,NI,AS,UNNAMED,2014-01-08 12:00:00,DS,8.0,77.1,20.0,USA,1007.0,USA
2014141N16091,2014,NI,BB,UNNAMED,2014-05-21 03:00:00,TS,15.5,90.5,25.0,NEWDELHI,1004.0,NEWDELHI
2014141N16091,2014,NI,BB,UNNAMED,2014-05-21 06:00:00,TS,16.0,90.5,25.0,NEWDELHI,1004.0,NEWDELHI
2014141N16091,2014,NI,BB,UNNAMED,2014-05-21 09:00:00,TS,16.3,90.7,25.0,NEWDELHI,1003.0,NEWDELHI
2014141N16091,2014,NI,BB,UNNAMED,2014-05-21 12:00:00,TS,16.5,91.0,25.0,NEWDELHI,1002.0,NEWDELHI
2014141N16091,2014,NI,BB,UNNAMED,2014-05-21 15:00:00,TS,16.5,91.0,25.0,NEWDELHI,1002.0,NEWDELHI
2014141N16091,2014,NI,BB,UNNAMED,2014-05-21 18:00:00,TS,16.5,91.0,25.0,NEWDELHI,1002.0,NEWDELHI
2014141N16091,2014,NI,BB,UNNAMED,2014-05-21 21:00:00,TS,16.5,91.5,25.0,NEWDELHI,1001.0,NEWDELHI
2014141N16091,2014,NI,BB,UNNAMED,2014-05-22 00:00:00,TS,16.5,92.0,25.0,NEWDELHI,1000.0,NEWDELHI
2014141N16091,2014,NI,BB,UNNAMED,2014-05-22 03:00:00,TS,16.5,92.0,25.0,NEWDELHI,1000.0,NEWDELHI
2014141N16091,2014,NI,BB,UNNAMED,2014-05-22 06:00:00,TS,17.0,92.5,25.0,NEWDELHI,1000.0,NEWDELHI
2014141N16091,2014,NI,BB,UNNAMED,2014-05-22 09:00:00,TS,17.3,92.4,25.0,NEWDELHI,1000.0,NEWDELHI
2014141N16091,2014,NI,BB,UNNAMED,2014-05-22 12:00:00,TS,17.5,92.0,25.0,NEWDELHI,1000.0,NEWDELHI
2014141N16091,2014,NI,BB,UNNAMED,2014-05-22 15:00:00,TS,17.6,92.0,25.0,NEWDELHI,1000.0,NEWDELHI
2014141N16091,2014,NI,BB,UNNAMED,2014-05-22 18:00:00,TS,17.5,92.0,25.0,NEWDELHI,1000.0,NEWDELHI
2014141N16091,2014,NI,BB,UNNAMED,2014-05-22 21:00:00,TS,17.3,91.6,25.0,NEWDELHI,1000.0,NEWDELHI
2014141N16091,2014,NI,BB,UNNAMED,2014-05-23 00:00:00,TS,17.0,91.0,25.0,NEWDELHI,1000.0,NEWDELHI
2014159N12068,2014,NI,AS,NANAUK,2014-06-08 06:00:00,DS,12.4,68.3,20.0,USA,1007.0,USA
2014159N12068,2014,NI,AS,NANAUK,2014-06-08 09:00:00,DS,12.6,68.1,20.0,USA,1007.0,USA
2014159N12068,2014,NI,AS,NANAUK,2014-06-08 12:00:00,DS,12.8,68.0,20.0,USA,1007.0,USA
2014159N12068,2014,NI,AS,NANAUK,2014-06-08 15:00:00,DS,12.9,67.9,23.0,USA,1006.0,USA
2014159N12068,2014,NI,AS,NANAUK,2014-06-08 18:00:00,TS,13.0,67.8,25.0,USA,1004.0,USA
2014159N12068,2014,NI,AS,NANAUK,2014-06-08 21:00:00,TS,13.1,67.7,25.0,USA,1003.0,USA
2014159N12068,2014,NI,AS,NANAUK,2014-06-09 00:00:00,TS,13.2,67.6,25.0,USA,1002.0,USA
2014159N12068,2014,NI,AS,NANAUK,2014-06-09 03:00:00,TS,13.3,67.6,28.0,USA,1001.0,USA
2014159N12068,2014,NI,AS,NANAUK,2014-06-09 06:00:00,TS,13.4,67.7,30.0,USA,1000.0,USA
2014159N12068,2014,NI,AS,NANAUK,2014-06-09 09:00:00,TS,13.6,68.1,30.0,USA,1000.0,USA
2014159N12068,2014,NI,AS,NANAUK,2014-06-09 12:00:00,TS,13.8,68.5,30.0,USA,1000.0,USA
2014159N12068,2014,NI,AS,NANAUK,2014-06-09 15:00:00,TS,14.1,68.9,30.0,USA,1000.0,USA
2014159N12068,2014,NI,AS,NANAUK,2014-06-09 18:00:00,TS,14.5,69.2,30.0,USA,1000.0,USA
2014159N12068,2014,NI,AS,NANAUK,2014-06-09 21:00:00,TS,14.8,69.2,33.0,USA,998.0,USA
2014159N12068,2014,NI,AS,NANAUK,2014-06-10 00:00:00,TS,15.1,69.0,35.0,USA,996.0,USA
2014159N12068,2014,NI,AS,NANAUK,2014-06-10 03:00:00,TS,15.4,68.8,38.0,USA,995.0,USA
2014159N12068,2014,NI,AS,NANAUK,2014-06-10 06:00:00,TS,15.7,68.6,40.0,USA,993.0,USA
2014159N12068,2014,NI,AS,NANAUK,2014-06-10 09:00:00,TS,15.8,68.4,43.0,USA,991.0,USA
2014159N12068,2014,NI,AS,NANAUK,2014-06-10 12:00:00,TS,16.1,68.1,45.0,USA,989.0,USA
2014159N12068,2014,NI,AS,NANAUK,2014-06-10 15:00:00,TS,16.3,67.8,48.0,USA,987.0,USA
2014159N12068,2014,NI,AS,NANAUK,2014-06-10 18:00:00,TS,16.5,67.6,50.0,USA,985.0,USA
2014159N12068,2014,NI,AS,NANAUK,2014-06-10 21:00:00,TS,16.5,67.4,53.0,USA,984.0,USA
2014159N12068,2014,NI,AS,NANAUK,2014-06-11 00:00:00,TS,16.6,67.2,55.0,USA,982.0,USA
2014159N12068,2014,NI,AS,NANAUK,2014-06-11 03:00:00,TS,16.7,67.0,55.0,USA,982.0,USA
2014159N12068,2014,NI,AS,NANAUK,2014-06-11 06:00:00,TS,17.0,66.7,55.0,USA,982.0,USA
2014159N12068,2014,NI,AS,NANAUK,2014-06-11 09:00:00,TS,17.1,66.5,55.0,USA,982.0,USA
2014159N12068,2014,NI,AS,NANAUK,2014-06-11 12:00:00,TS,17.4,66.2,55.0,USA,982.0,USA
2014159N12068,2014,NI,AS,NANAUK,2014-06-11 15:00:00,TS,17.6,66.0,55.0,USA,982.0,USA
2014159N12068,2014,NI,AS,NANAUK,2014-06-11 18:00:00,TS,17.6,65.8,55.0,USA,982.0,USA
2014159N12068,2014,NI,AS,NANAUK,2014-06-11 21:00:00,TS,17.7,65.6,55.0,USA,982.0,USA
2014159N12068,2014,NI,AS,NANAUK,2014-06-12 00:00:00,TS,17.9,65.3,55.0,USA,982.0,USA
2014159N12068,2014,NI,AS,NANAUK,2014-06-12 03:00:00,TS,18.0,64.9,50.0,USA,986.0,USA
2014159N12068,2014,NI,AS,NANAUK,2014-06-12 06:00:00,TS,18.2,64.6,45.0,USA,989.0,USA
2014159N12068,2014,NI,AS,NANAUK,2014-06-12 09:00:00,TS,18.3,64.3,43.0,USA,991.0,USA
2014159N12068,2014,NI,AS,NANAUK,2014-06-12 12:00:00,TS,18.5,64.1,40.0,USA,993.0,USA
2014159N12068,2014,NI,AS,NANAUK,2014-06-12 15:00:00,TS,18.8,64.0,38.0,USA,995.0,USA
2014159N12068,2014,NI,AS,NANAUK,2014-06-12 18:00:00,TS,19.3,64.1,35.0,USA,996.0,USA
2014159N12068,2014,NI,AS,NANAUK,2014-06-12 21:00:00,TS,19.9,64.4,30.0,USA,1000.0,USA
2014159N12068,2014,NI,AS,NANAUK,2014-06-13 00:00:00,TS,20.4,64.6,25.0,USA,1004.0,USA
2014159N12068,2014,NI,AS,NANAUK,2014-06-13 03:00:00,TS,20.7,64.4,25.0,USA,1004.0,USA
2014159N12068,2014,NI,AS,NANAUK,2014-06-13 06:00:00,MX,21.2,64.0,20.0,USA,1007.0,USA
2014159N12068,2014,NI,AS,NANAUK,2014-06-13 09:00:00,MX,21.4,63.9,20.0,USA,1007.0,USA
2014159N12068,2014,NI,AS,NANAUK,2014-06-13 12:00:00,MX,21.4,64.0,20.0,USA,1007.0,USA
2014159N12068,2014,NI,AS,NANAUK,2014-06-13 15:00:00,MX,21.5,64.1,20.0,USA,1007.0,USA
2014159N12068,2014,NI,AS,NANAUK,2014-06-13 18:00:00,MX,21.5,64.2,20.0,USA,1007.0,USA
2014159N12068,2014,NI,AS,NANAUK,2014-06-13 21:00:00,MX,21.6,64.3,20.0,USA,1007.0,USA
2014159N12068,2014,NI,AS,NANAUK,2014-06-14 00:00:00,MX,21.6,64.5,20.0,USA,1007.0,USA
2014159N12068,2014,NI,AS,NANAUK,2014-06-14 03:00:00,DS,21.7,64.6,18.0,USA,1009.0,USA
2014159N12068,2014,NI,AS,NANAUK,2014-06-14 06:00:00,DS,21.7,64.8,15.0,USA,1010.0,USA
2014159N12068,2014,NI,AS,NANAUK,2014-06-14 09:00:00,DS,21.7,65.0,15.0,USA,1010.0,USA
2014159N12068,2014,NI,AS,NANAUK,2014-06-14 12:00:00,DS,21.7,65.2,15.0,USA,1010.0,USA
2014202N22087,2014,NI,BB,UNNAMED,2014-07-21 03:00:00,TS,22.0,87.0,25.0,NEWDELHI,988.0,NEWDELHI
2014202N22087,2014,NI,BB,UNNAMED,2014-07-21 06:00:00,TS,22.2,86.4,20.0,NEWDELHI,988.0,NEWDELHI
2014202N22087,2014,NI,BB,UNNAMED,2014-07-21 09:00:00,TS,22.4,85.7,20.0,NEWDELHI,988.0,NEWDELHI
2014202N22087,2014,NI,BB,UNNAMED,2014-07-21 12:00:00,TS,22.5,85.0,20.0,NEWDELHI,988.0,NEWDELHI
2014202N22087,2014,NI,BB,UNNAMED,2014-07-21 15:00:00,TS,22.5,84.5,20.0,NEWDELHI,989.0,NEWDELHI
2014202N22087,2014,NI,BB,UNNAMED,2014-07-21 18:00:00,TS,22.5,84.0,20.0,NEWDELHI,990.0,NEWDELHI
2014202N22087,2014,NI,BB,UNNAMED,2014-07-21 21:00:00,TS,22.5,83.5,20.0,NEWDELHI,990.0,NEWDELHI
2014202N22087,2014,NI,BB,UNNAMED,2014-07-22 00:00:00,TS,22.5,83.0,20.0,NEWDELHI,990.0,NEWDELHI
2014202N22087,2014,NI,BB,UNNAMED,2014-07-22 03:00:00,TS,22.5,82.5,20.0,NEWDELHI,990.0,NEWDELHI
2014202N22087,2014,NI,BB,UNNAMED,2014-07-22 06:00:00,TS,22.5,82.0,20.0,NEWDELHI,990.0,NEWDELHI
2014202N22087,2014,NI,BB,UNNAMED,2014-07-22 09:00:00,TS,22.5,81.5,20.0,NEWDELHI,990.0,NEWDELHI
2014202N22087,2014,NI,BB,UNNAMED,2014-07-22 12:00:00,TS,22.5,81.0,20.0,NEWDELHI,990.0,NEWDELHI
2014202N22087,2014,NI,BB,UNNAMED,2014-07-22 15:00:00,TS,22.5,80.3,20.0,NEWDELHI,991.0,NEWDELHI
2014202N22087,2014,NI,BB,UNNAMED,2014-07-22 18:00:00,TS,22.5,79.6,20.0,NEWDELHI,992.0,NEWDELHI
2014202N22087,2014,NI,BB,UNNAMED,2014-07-22 21:00:00,TS,22.5,78.9,20.0,NEWDELHI,992.0,NEWDELHI
2014202N22087,2014,NI,BB,UNNAMED,2014-07-23 00:00:00,TS,22.5,78.2,20.0,NEWDELHI,992.0,NEWDELHI
2014202N22087,2014,NI,AS,UNNAMED,2014-07-23 03:00:00,TS,22.5,77.5,20.0,NEWDELHI,992.0,NEWDELHI
2014202N22087,2014,NI,AS,UNNAMED,2014-07-23 06:00:00,TS,22.5,77.0,20.0,NEWDELHI,992.0,NEWDELHI
2014216N21089,2014,NI,BB,UNNAMED,2014-08-03 12:00:00,TS,21.5,88.5,25.0,NEWDELHI,990.0,NEWDELHI
2014216N21089,2014,NI,BB,UNNAMED,2014-08-03 15:00:00,TS,21.7,88.4,28.0,NEWDELHI,990.0,NEWDELHI
2014216N21089,2014,NI,BB,UNNAMED,2014-08-03 18:00:00,TS,21.9,88.3,30.0,NEWDELHI,990.0,NEWDELHI
2014216N21089,2014,NI,BB,UNNAMED,2014-08-03 21:00:00,TS,22.1,88.0,30.0,NEWDELHI,990.0,NEWDELHI
2014216N21089,2014,NI,BB,UNNAMED,2014-08-04 00:00:00,TS,22.3,87.6,30.0,NEWDELHI,990.0,NEWDELHI
2014216N21089,2014,NI,BB,UNNAMED,2014-08-04 03:00:00,TS,22.5,87.2,30.0,NEWDELHI,990.0,NEWDELHI
2014216N21089,2014,NI,BB,UNNAMED,2014-08-04 06:00:00,TS,22.5,86.5,30.0,NEWDELHI,990.0,NEWDELHI
2014216N21089,2014,NI,BB,UNNAMED,2014-08-04 09:00:00,TS,22.4,86.2,30.0,NEWDELHI,990.0,NEWDELHI
2014216N21089,2014,NI,BB,UNNAMED,2014-08-04 12:00:00,TS,22.2,86.1,30.0,NEWDELHI,990.0,NEWDELHI
2014216N21089,2014,NI,BB,UNNAMED,2014-08-04 15:00:00,TS,22.2,85.6,30.0,NEWDELHI,990.0,NEWDELHI
2014216N21089,2014,NI,BB,UNNAMED,2014-08-04 18:00:00,TS,22.2,85.1,30.0,NEWDELHI,990.0,NEWDELHI
2014216N21089,2014,NI,BB,UNNAMED,2014-08-04 21:00:00,TS,22.2,84.6,30.0,NEWDELHI,990.0,NEWDELHI
2014216N21089,2014,NI,BB,UNNAMED,2014-08-05 00:00:00,TS,22.2,84.1,30.0,NEWDELHI,990.0,NEWDELHI
2014216N21089,2014,NI,BB,UNNAMED,2014-08-05 03:00:00,TS,22.2,83.5,30.0,NEWDELHI,994.0,NEWDELHI
2014216N21089,2014,NI,BB,UNNAMED,2014-08-05 06:00:00,TS,22.9,83.0,30.0,NEWDELHI,992.0,NEWDELHI
2014216N21089,2014,NI,BB,UNNAMED,2014-08-05 09:00:00,TS,23.5,82.5,25.0,NEWDELHI,992.0,NEWDELHI
2014216N21089,2014,NI,BB,UNNAMED,2014-08-05 12:00:00,TS,24.0,82.0,25.0,NEWDELHI,992.0,NEWDELHI
2014216N21089,2014,NI,BB,UNNAMED,2014-08-05 15:00:00,TS,24.2,81.6,25.0,NEWDELHI,992.0,NEWDELHI
2014216N21089,2014,NI,BB,UNNAMED,2014-08-05 18:00:00,TS,24.2,81.3,25.0,NEWDELHI,992.0,NEWDELHI
2014216N21089,2014,NI,BB,UNNAMED,2014-08-05 21:00:00,TS,24.3,81.0,25.0,NEWDELHI,992.0,NEWDELHI
2014216N21089,2014,NI,BB,UNNAMED,2014-08-06 00:00:00,TS,24.4,80.6,25.0,NEWDELHI,992.0,NEWDELHI
2014216N21089,2014,NI,BB,UNNAMED,2014-08-06 03:00:00,TS,24.5,80.2,25.0,NEWDELHI,996.0,NEWDELHI
2014216N21089,2014,NI,BB,UNNAMED,2014-08-06 06:00:00,TS,24.6,80.0,25.0,NEWDELHI,994.0,NEWDELHI
2014216N21089,2014,NI,BB,UNNAMED,2014-08-06 09:00:00,TS,24.8,79.8,25.0,NEWDELHI,994.0,NEWDELHI
2014216N21089,2014,NI,BB,UNNAMED,2014-08-06 12:00:00,TS,25.0,79.5,25.0,NEWDELHI,994.0,NEWDELHI
2014216N21089,2014,NI,BB,UNNAMED,2014-08-06 15:00:00,TS,25.2,79.2,25.0,NEWDELHI,994.0,NEWDELHI
2014216N21089,2014,NI,BB,UNNAMED,2014-08-06 18:00:00,TS,25.3,79.0,25.0,NEWDELHI,994.0,NEWDELHI
2014216N21089,2014,NI,BB,UNNAMED,2014-08-06 21:00:00,TS,25.4,78.8,25.0,NEWDELHI,994.0,NEWDELHI
2014216N21089,2014,NI,BB,UNNAMED,2014-08-07 00:00:00,TS,25.5,78.5,25.0,NEWDELHI,994.0,NEWDELHI
2014279N11096,2014,NI,BB,HUDHUD,2014-10-06 06:00:00,DS,10.7,96.1,15.0,USA,1010.0,USA
2014279N11096,2014,NI,BB,HUDHUD,2014-10-06 09:00:00,DS,10.7,96.0,18.0,USA,1009.0,USA
2014279N11096,2014,NI,BB,HUDHUD,2014-10-06 12:00:00,DS,10.7,95.9,20.0,USA,1007.0,USA
2014279N11096,2014,NI,BB,HUDHUD,2014-10-06 15:00:00,DS,10.7,95.8,23.0,USA,1006.0,USA
2014279N11096,2014,NI,BB,HUDHUD,2014-10-06 18:00:00,TS,10.8,95.6,25.0,USA,1004.0,USA
2014279N11096,2014,NI,BB,HUDHUD,2014-10-06 21:00:00,TS,10.9,95.4,25.0,USA,1004.0,USA
2014279N11096,2014,NI,BB,HUDHUD,2014-10-07 00:00:00,TS,11.0,95.2,25.0,USA,1004.0,USA
2014279N11096,2014,NI,BB,HUDHUD,2014-10-07 03:00:00,TS,11.2,95.0,25.0,USA,1004.0,USA
2014279N11096,2014,NI,BB,HUDHUD,2014-10-07 06:00:00,TS,11.4,94.7,25.0,USA,1004.0,USA
2014279N11096,2014,NI,BB,HUDHUD,2014-10-07 09:00:00,TS,11.5,94.4,28.0,USA,1002.0,USA
2014279N11096,2014,NI,BB,HUDHUD,2014-10-07 12:00:00,TS,11.7,94.1,30.0,USA,1000.0,USA
2014279N11096,2014,NI,BB,HUDHUD,2014-10-07 15:00:00,TS,11.8,93.8,30.0,USA,1000.0,USA
2014279N11096,2014,NI,BB,HUDHUD,2014-10-07 18:00:00,TS,11.9,93.5,30.0,USA,1000.0,USA
2014279N11096,2014,NI,BB,HUDHUD,2014-10-07 21:00:00,TS,12.0,93.2,33.0,USA,998.0,USA
2014279N11096,2014,NI,BB,HUDHUD,2014-10-08 00:00:00,TS,12.2,92.9,35.0,USA,996.0,USA
2014279N11096,2014,NI,BB,HUDHUD,2014-10-08 03:00:00,TS,12.3,92.6,38.0,USA,995.0,USA
2014279N11096,2014,NI,BB,HUDHUD,2014-10-08 06:00:00,TS,12.6,92.1,40.0,USA,993.0,USA
2014279N11096,2014,NI,BB,HUDHUD,2014-10-08 09:00:00,TS,12.8,91.4,43.0,USA,991.0,USA
2014279N11096,2014,NI,BB,HUDHUD,2014-10-08 12:00:00,TS,12.9,90.9,45.0,USA,989.0,USA
2014279N11096,2014,NI,BB,HUDHUD,2014-10-08 15:00:00,TS,13.1,90.4,48.0,USA,987.0,USA
2014279N11096,2014,NI,BB,HUDHUD,2014-10-08 18:00:00,TS,13.3,90.1,50.0,USA,985.0,USA
2014279N11096,2014,NI,BB,HUDHUD,2014-10-08 21:00:00,TS,13.5,89.6,53.0,USA,984.0,USA
2014279N11096,2014,NI,BB,HUDHUD,2014-10-09 00:00:00,TS,13.6,89.3,55.0,USA,982.0,USA
2014279N11096,2014,NI,BB,HUDHUD,2014-10-09 03:00:00,TS,13.7,89.1,58.0,USA,980.0,USA
2014279N11096,2014,NI,BB,HUDHUD,2014-10-09 06:00:00,TS,13.8,88.9,60.0,USA,978.0,USA
2014279N11096,2014,NI,BB,HUDHUD,2014-10-09 09:00:00,TS,13.9,88.6,60.0,USA,978.0,USA
2014279N11096,2014,NI,BB,HUDHUD,2014-10-09 12:00:00,TS,14.1,88.5,60.0,USA,978.0,USA
2014279N11096,2014,NI,BB,HUDHUD,2014-10-09 15:00:00,TS,14.1,88.2,60.0,USA,978.0,USA
2014279N11096,2014,NI,BB,HUDHUD,2014-10-09 18:00:00,TS,14.2,88.0,60.0,USA,978.0,USA
2014279N11096,2014,NI,BB,HUDHUD,2014-10-09 21:00:00,TS,14.4,87.8,63.0,USA,976.0,USA
2014279N11096,2014,NI,BB,HUDHUD,2014-10-10 00:00:00,TS,14.6,87.6,65.0,USA,974.0,USA
2014279N11096,2014,NI,BB,HUDHUD,2014-10-10 03:00:00,TS,14.8,87.3,65.0,USA,974.0,USA
2014279N11096,2014,NI,BB,HUDHUD,2014-10-10 06:00:00,TS,14.9,87.2,65.0,USA,974.0,USA
2014279N11096,2014,NI,BB,HUDHUD,2014-10-10 09:00:00,TS,15.1,87.0,70.0,USA,971.0,USA
2014279N11096,2014,NI,BB,HUDHUD,2014-10-10 12:00:00,TS,15.3,86.8,75.0,USA,967.0,USA
2014279N11096,2014,NI,BB,HUDHUD,2014-10-10 15:00:00,TS,15.5,86.5,80.0,USA,963.0,USA
2014279N11096,2014,NI,BB,HUDHUD,2014-10-10 18:00:00,TS,15.6,86.3,85.0,USA,959.0,USA
2014279N11096,2014,NI,BB,HUDHUD,2014-10-10 21:00:00,TS,15.7,86.0,90.0,USA,956.0,USA
2014279N11096,2014,NI,BB,HUDHUD,2014-10-11 00:00:00,TS,15.9,85.7,95.0,USA,952.0,USA
2014279N11096,2014,NI,BB,HUDHUD,2014-10-11 03:00:00,TS,16.0,85.4,100.0,USA,948.0,USA
2014279N11096,2014,NI,BB,HUDHUD,2014-10-11 06:00:00,TS,16.1,85.1,105.0,USA,944.0,USA
2014279N11096,2014,NI,BB,HUDHUD,2014-10-11 09:00:00,TS,16.1,85.0,110.0,USA,941.0,USA
2014279N11096,2014,NI,BB,HUDHUD,2014-10-11 12:00:00,TS,16.2,84.9,115.0,USA,937.0,USA
2014279N11096,2014,NI,BB,HUDHUD,2014-10-11 15:00:00,TS,16.3,84.8,115.0,USA,937.0,USA
2014279N11096,2014,NI,BB,HUDHUD,2014-10-11 18:00:00,TS,16.6,84.6,115.0,USA,937.0,USA
2014279N11096,2014,NI,BB,HUDHUD,2014-10-11 21:00:00,TS,16.8,84.4,115.0,USA,937.0,USA
2014279N11096,2014,NI,BB,HUDHUD,2014-10-12 00:00:00,TS,17.2,84.1,115.0,USA,937.0,USA
2014279N11096,2014,NI,BB,HUDHUD,2014-10-12 03:00:00,TS,17.4,83.8,115.0,USA,937.0,USA
2014279N11096,2014,NI,BB,HUDHUD,2014-10-12 06:00:00,TS,17.6,83.4,115.0,USA,937.0,USA
2014279N11096,2014,NI,BB,HUDHUD,2014-10-12 09:00:00,TS,17.8,83.1,110.0,USA,941.0,USA
2014279N11096,2014,NI,BB,HUDHUD,2014-10-12 12:00:00,TS,18.0,82.8,105.0,USA,944.0,USA
2014279N11096,2014,NI,BB,HUDHUD,2014-10-12 15:00:00,TS,18.3,82.5,93.0,USA,954.0,USA
2014279N11096,2014,NI,BB,HUDHUD,2014-10-12 18:00:00,TS,18.8,82.3,80.0,USA,963.0,USA
2014279N11096,2014,NI,BB,HUDHUD,2014-10-12 21:00:00,TS,19.0,82.1,68.0,USA,973.0,USA
2014279N11096,2014,NI,BB,HUDHUD,2014-10-13 00:00:00,TS,19.7,81.6,55.0,USA,982.0,USA
2014279N11096,2014,NI,BB,HUDHUD,2014-10-13 03:00:00,TS,20.5,81.5,48.0,USA,988.0,USA
2014279N11096,2014,NI,BB,HUDHUD,2014-10-13 06:00:00,TS,20.8,81.4,40.0,USA,993.0,USA
2014279N11096,2014,NI,BB,HUDHUD,2014-10-13 09:00:00,TS,21.1,81.4,35.0,USA,997.0,USA
2014279N11096,2014,NI,BB,HUDHUD,2014-10-13 12:00:00,TS,21.4,81.4,30.0,USA,1000.0,USA
2014279N11096,2014,NI,BB,HUDHUD,2014-10-13 15:00:00,TS,21.7,81.5,25.0,NEWDELHI,999.0,NEWDELHI
2014279N11096,2014,NI,BB,HUDHUD,2014-10-13 18:00:00,TS,22.3,81.5,25.0,NEWDELHI,1000.0,NEWDELHI
2014279N11096,2014,NI,BB,HUDHUD,2014-10-13 21:00:00,TS,23.6,81.5,25.0,NEWDELHI,1000.0,NEWDELHI
2014279N11096,2014,NI,BB,HUDHUD,2014-10-14 00:00:00,TS,24.8,81.5,25.0,NEWDELHI,1000.0,NEWDELHI
2014279N11096,2014,NI,BB,HUDHUD,2014-10-14 03:00:00,TS,25.1,81.6,20.0,NEWDELHI,1000.0,NEWDELHI
2014279N11096,2014,NI,BB,HUDHUD,2014-10-14 06:00:00,TS,25.6,81.7,20.0,NEWDELHI,1000.0,NEWDELHI
2014279N11096,2014,NI,BB,HUDHUD,2014-10-14 09:00:00,TS,26.3,81.8,20.0,NEWDELHI,1000.0,NEWDELHI
2014297N11062,2014,NI,AS,NILOFAR,2014-10-23 12:00:00,DS,10.8,62.1,15.0,USA,1010.0,USA
2014297N11062,2014,NI,AS,NILOFAR,2014-10-23 15:00:00,DS,11.0,61.9,15.0,USA,1010.0,USA
2014297N11062,2014,NI,AS,NILOFAR,2014-10-23 18:00:00,DS,11.1,61.8,15.0,USA,1010.0,USA
2014297N11062,2014,NI,AS,NILOFAR,2014-10-23 21:00:00,DS,11.2,61.7,18.0,USA,1009.0,USA
2014297N11062,2014,NI,AS,NILOFAR,2014-10-24 00:00:00,DS,11.3,61.6,20.0,USA,1007.0,USA
2014297N11062,2014,NI,AS,NILOFAR,2014-10-24 03:00:00,DS,11.4,61.5,20.0,USA,1007.0,USA
2014297N11062,2014,NI,AS,NILOFAR,2014-10-24 06:00:00,DS,11.6,61.5,20.0,USA,1007.0,USA
2014297N11062,2014,NI,AS,NILOFAR,2014-10-24 09:00:00,DS,11.7,61.6,20.0,USA,1007.0,USA
2014297N11062,2014,NI,AS,NILOFAR,2014-10-24 12:00:00,DS,11.8,61.7,20.0,USA,1007.0,USA
2014297N11062,2014,NI,AS,NILOFAR,2014-10-24 15:00:00,DS,11.9,61.8,23.0,USA,1006.0,USA
2014297N11062,2014,NI,AS,NILOFAR,2014-10-24 18:00:00,TS,12.0,62.0,25.0,USA,1004.0,USA
2014297N11062,2014,NI,AS,NILOFAR,2014-10-24 21:00:00,TS,12.1,62.2,28.0,USA,1002.0,USA
2014297N11062,2014,NI,AS,NILOFAR,2014-10-25 00:00:00,TS,12.3,62.1,30.0,USA,1000.0,USA
2014297N11062,2014,NI,AS,NILOFAR,2014-10-25 03:00:00,TS,12.6,62.1,30.0,USA,1000.0,USA
2014297N11062,2014,NI,AS,NILOFAR,2014-10-25 06:00:00,TS,12.7,62.0,30.0,USA,1000.0,USA
2014297N11062,2014,NI,AS,NILOFAR,2014-10-25 09:00:00,TS,13.0,61.9,33.0,USA,998.0,USA
2014297N11062,2014,NI,AS,NILOFAR,2014-10-25 12:00:00,TS,13.3,61.9,35.0,USA,996.0,USA
2014297N11062,2014,NI,AS,NILOFAR,2014-10-25 15:00:00,TS,13.3,61.9,35.0,USA,996.0,USA
2014297N11062,2014,NI,AS,NILOFAR,2014-10-25 18:00:00,TS,13.5,62.0,35.0,USA,996.0,USA
2014297N11062,2014,NI,AS,NILOFAR,2014-10-25 21:00:00,TS,13.8,62.3,38.0,USA,995.0,USA
2014297N11062,2014,NI,AS,NILOFAR,2014-10-26 00:00:00,TS,14.1,62.5,40.0,USA,993.0,USA
2014297N11062,2014,NI,AS,NILOFAR,2014-10-26 03:00:00,TS,14.1,62.5,43.0,USA,991.0,USA
2014297N11062,2014,NI,AS,NILOFAR,2014-10-26 06:00:00,TS,14.2,62.5,45.0,USA,989.0,USA
2014297N11062,2014,NI,AS,NILOFAR,2014-10-26 09:00:00,TS,14.2,62.5,50.0,USA,986.0,USA
2014297N11062,2014,NI,AS,NILOFAR,2014-10-26 12:00:00,TS,14.3,62.5,55.0,USA,982.0,USA
2014297N11062,2014,NI,AS,NILOFAR,2014-10-26 15:00:00,TS,14.3,62.5,55.0,USA,982.0,USA
2014297N11062,2014,NI,AS,NILOFAR,2014-10-26 18:00:00,TS,14.5,62.5,55.0,USA,982.0,USA
2014297N11062,2014,NI,AS,NILOFAR,2014-10-26 21:00:00,TS,14.6,62.4,60.0,USA,978.0,USA
2014297N11062,2014,NI,AS,NILOFAR,2014-10-27 00:00:00,TS,14.8,62.4,65.0,USA,974.0,USA
2014297N11062,2014,NI,AS,NILOFAR,2014-10-27 03:00:00,TS,14.8,62.3,68.0,USA,972.0,USA
2014297N11062,2014,NI,AS,NILOFAR,2014-10-27 06:00:00,TS,14.9,62.3,70.0,USA,970.0,USA
2014297N11062,2014,NI,AS,NILOFAR,2014-10-27 09:00:00,TS,14.9,62.2,75.0,USA,967.0,USA
2014297N11062,2014,NI,AS,NILOFAR,2014-10-27 12:00:00,TS,15.0,62.2,80.0,USA,963.0,USA
2014297N11062,2014,NI,AS,NILOFAR,2014-10-27 15:00:00,TS,15.1,62.1,85.0,USA,960.0,USA
2014297N11062,2014,NI,AS,NILOFAR,2014-10-27 18:00:00,TS,15.2,62.1,90.0,USA,956.0,USA
2014297N11062,2014,NI,AS,NILOFAR,2014-10-27 21:00:00,TS,15.4,61.8,93.0,USA,954.0,USA
2014297N11062,2014,NI,AS,NILOFAR,2014-10-28 00:00:00,TS,15.6,61.8,95.0,USA,952.0,USA
2014297N11062,2014,NI,AS,NILOFAR,2014-10-28 03:00:00,TS,15.8,61.7,98.0,USA,950.0,USA
2014297N11062,2014,NI,AS,NILOFAR,2014-10-28 06:00:00,TS,16.0,61.7,100.0,USA,948.0,USA
2014297N11062,2014,NI,AS,NILOFAR,2014-10-28 09:00:00,TS,16.3,61.7,108.0,USA,943.0,USA
2014297N11062,2014,NI,AS,NILOFAR,2014-10-28 12:00:00,TS,16.8,61.8,115.0,USA,937.0,USA
2014297N11062,2014,NI,AS,NILOFAR,2014-10-28 15:00:00,TS,17.2,61.8,115.0,USA,937.0,USA
2014297N11062,2014,NI,AS,NILOFAR,2014-10-28 18:00:00,TS,17.7,61.7,115.0,USA,937.0,USA
2014297N11062,2014,NI,AS,NILOFAR,2014-10-28 21:00:00,TS,17.9,61.7,110.0,USA,941.0,USA
2014297N11062,2014,NI,AS,NILOFAR,2014-10-29 00:00:00,TS,18.1,61.8,105.0,USA,944.0,USA
2014297N11062,2014,NI,AS,NILOFAR,2014-10-29 03:00:00,TS,18.5,61.8,100.0,USA,948.0,USA
2014297N11062,2014,NI,AS,NILOFAR,2014-10-29 06:00:00,TS,18.7,61.9,95.0,USA,952.0,USA
2014297N11062,2014,NI,AS,NILOFAR,2014-10-29 09:00:00,TS,18.8,62.0,88.0,USA,958.0,USA
2014297N11062,2014,NI,AS,NILOFAR,2014-10-29 12:00:00,TS,19.0,62.2,80.0,USA,963.0,USA
2014297N11062,2014,NI,AS,NILOFAR,2014-10-29 15:00:00,TS,19.2,62.5,75.0,USA,967.0,USA
2014297N11062,2014,NI,AS,NILOFAR,2014-10-29 18:00:00,TS,19.3,62.9,70.0,USA,970.0,USA
2014297N11062,2014,NI,AS,NILOFAR,2014-10-29 21:00:00,TS,19.4,63.2,65.0,USA,974.0,USA
2014297N11062,2014,NI,AS,NILOFAR,2014-10-30 00:00:00,TS,19.6,63.6,60.0,USA,978.0,USA
2014297N11062,2014,NI,AS,NILOFAR,2014-10-30 03:00:00,TS,19.8,63.9,55.0,USA,982.0,USA
2014297N11062,2014,NI,AS,NILOFAR,2014-10-30 06:00:00,TS,20.1,64.2,50.0,USA,985.0,USA
2014297N11062,2014,NI,AS,NILOFAR,2014-10-30 09:00:00,TS,20.1,64.4,48.0,USA,987.0,USA
2014297N11062,2014,NI,AS,NILOFAR,2014-10-30 12:00:00,TS,20.3,64.6,45.0,USA,989.0,USA
2014297N11062,2014,NI,AS,NILOFAR,2014-10-30 15:00:00,TS,20.4,64.6,40.0,USA,993.0,USA
2014297N11062,2014,NI,AS,NILOFAR,2014-10-30 18:00:00,TS,20.5,64.8,35.0,USA,996.0,USA
2014297N11062,2014,NI,AS,NILOFAR,2014-10-30 21:00:00,TS,20.6,64.9,33.0,USA,998.0,USA
2014297N11062,2014,NI,AS,NILOFAR,2014-10-31 00:00:00,TS,20.7,65.0,30.0,USA,1000.0,USA
2014297N11062,2014,NI,AS,NILOFAR,2014-10-31 03:00:00,TS,20.8,65.1,28.0,USA,1002.0,USA
2014297N11062,2014,NI,AS,NILOFAR,2014-10-31 06:00:00,TS,21.0,65.1,25.0,USA,1004.0,USA
2014297N11062,2014,NI,AS,NILOFAR,2014-10-31 09:00:00,TS,21.2,65.1,25.0,USA,1004.0,USA
2014297N11062,2014,NI,AS,NILOFAR,2014-10-31 12:00:00,TS,21.4,65.0,25.0,USA,1004.0,USA
2014297N11062,2014,NI,AS,NILOFAR,2014-10-31 15:00:00,TS,21.6,64.9,23.0,USA,1006.0,USA
2014297N11062,2014,NI,AS,NILOFAR,2014-10-31 18:00:00,DS,21.7,64.7,20.0,USA,1007.0,USA
2014297N11062,2014,NI,AS,NILOFAR,2014-10-31 21:00:00,DS,21.7,64.5,20.0,USA,1007.0,USA
2014297N11062,2014,NI,AS,NILOFAR,2014-11-01 00:00:00,DS,21.7,64.2,20.0,USA,1007.0,USA
2014297N11062,2014,NI,AS,NILOFAR,2014-11-01 03:00:00,DS,21.7,64.0,20.0,USA,1007.0,USA
2014297N11062,2014,NI,AS,NILOFAR,2014-11-01 06:00:00,DS,21.7,63.8,20.0,USA,1007.0,USA
2014297N11062,2014,NI,AS,NILOFAR,2014-11-01 09:00:00,DS,21.7,63.6,18.0,USA,1009.0,USA
2014297N11062,2014,NI,AS,NILOFAR,2014-11-01 12:00:00,DS,21.7,63.3,15.0,USA,1010.0,USA
2014309N13088,2014,NI,BB,UNNAMED,2014-11-05 00:00:00,DS,12.8,87.8,20.0,USA,1007.0,USA
2014309N13088,2014,NI,BB,UNNAMED,2014-11-05 03:00:00,DS,12.9,87.7,20.0,USA,1007.0,USA
2014309N13088,2014,NI,BB,UNNAMED,2014-11-05 06:00:00,DS,13.0,87.6,20.0,USA,1007.0,USA
2014309N13088,2014,NI,BB,UNNAMED,2014-11-05 09:00:00,MX,13.1,87.5,23.0,USA,1006.0,USA
2014309N13088,2014,NI,BB,UNNAMED,2014-11-05 12:00:00,TS,13.2,87.4,25.0,USA,1004.0,USA
2014309N13088,2014,NI,BB,UNNAMED,2014-11-05 15:00:00,TS,13.3,87.4,28.0,USA,1002.0,USA
2014309N13088,2014,NI,BB,UNNAMED,2014-11-05 18:00:00,TS,13.5,87.4,30.0,USA,1000.0,USA
2014309N13088,2014,NI,BB,UNNAMED,2014-11-05 21:00:00,TS,13.7,87.3,33.0,USA,998.0,USA
2014309N13088,2014,NI,BB,UNNAMED,2014-11-06 00:00:00,TS,13.8,87.3,35.0,USA,996.0,USA
2014309N13088,2014,NI,BB,UNNAMED,2014-11-06 03:00:00,TS,13.8,87.4,33.0,USA,998.0,USA
2014309N13088,2014,NI,BB,UNNAMED,2014-11-06 06:00:00,TS,13.8,87.7,30.0,USA,1000.0,USA
2014309N13088,2014,NI,BB,UNNAMED,2014-11-06 09:00:00,TS,13.7,87.9,28.0,USA,1002.0,USA
2014309N13088,2014,NI,BB,UNNAMED,2014-11-06 12:00:00,TS,13.7,88.1,25.0,USA,1004.0,USA
2014309N13088,2014,NI,BB,UNNAMED,2014-11-06 15:00:00,TS,13.6,88.2,25.0,USA,1004.0,USA
2014309N13088,2014,NI,BB,UNNAMED,2014-11-06 18:00:00,TS,13.6,88.2,25.0,USA,1004.0,USA
2014309N13088,2014,NI,BB,UNNAMED,2014-11-06 21:00:00,TS,13.7,88.0,25.0,USA,1004.0,USA
2014309N13088,2014,NI,BB,UNNAMED,2014-11-07 00:00:00,TS,13.9,87.9,25.0,USA,1004.0,USA
2014309N13088,2014,NI,BB,UNNAMED,2014-11-07 03:00:00,TS,14.1,87.7,25.0,USA,1004.0,USA
2014309N13088,2014,NI,BB,UNNAMED,2014-11-07 06:00:00,TS,14.2,87.6,25.0,USA,1004.0,USA
2014309N13088,2014,NI,BB,UNNAMED,2014-11-07 09:00:00,TS,14.2,87.5,25.0,USA,1004.0,USA
2014309N13088,2014,NI,BB,UNNAMED,2014-11-07 12:00:00,TS,14.2,87.4,25.0,USA,1004.0,USA
2014309N13088,2014,NI,BB,UNNAMED,2014-11-07 15:00:00,TS,14.2,87.1,25.0,USA,1004.0,USA
2014309N13088,2014,NI,BB,UNNAMED,2014-11-07 18:00:00,TS,14.3,86.8,25.0,USA,1004.0,USA
2014309N13088,2014,NI,BB,UNNAMED,2014-11-07 21:00:00,TS,14.4,86.4,23.0,USA,1006.0,USA
2014309N13088,2014,NI,BB,UNNAMED,2014-11-08 00:00:00,MX,14.5,85.9,20.0,USA,1007.0,USA
2014309N13088,2014,NI,BB,UNNAMED,2014-11-08 03:00:00,DS,14.4,85.4,20.0,USA,1007.0,USA
2014309N13088,2014,NI,BB,UNNAMED,2014-11-08 06:00:00,DS,14.3,85.1,20.0,USA,1007.0,USA
2014309N13088,2014,NI,BB,UNNAMED,2014-11-08 09:00:00,DS,14.1,84.7,20.0,USA,1007.0,USA
2014309N13088,2014,NI,BB,UNNAMED,2014-11-08 12:00:00,DS,14.0,84.2,20.0,USA,1007.0,USA
2014309N13088,2014,NI,BB,UNNAMED,2014-11-08 15:00:00,DS,14.0,83.7,20.0,USA,1007.0,USA
2014309N13088,2014,NI,BB,UNNAMED,2014-11-08 18:00:00,DS,14.1,83.3,20.0,USA,1007.0,USA
2014309N13088,2014,NI,BB,UNNAMED,2014-11-08 21:00:00,DS,14.3,83.0,20.0,USA,1007.0,USA
2014309N13088,2014,NI,BB,UNNAMED,2014-11-09 00:00:00,DS,14.5,82.7,20.0,USA,1007.0,USA
2014309N13088,2014,NI,BB,UNNAMED,2014-11-09 03:00:00,DS,14.7,82.4,20.0,USA,1007.0,USA
2014309N13088,2014,NI,BB,UNNAMED,2014-11-09 06:00:00,DS,14.9,82.2,20.0,USA,1007.0,USA
2015157N13069,2015,NI,AS,ASHOBAA,2015-06-06 06:00:00,TS,13.1,68.5,25.0,USA,1004.0,USA
2015157N13069,2015,NI,AS,ASHOBAA,2015-06-06 09:00:00,TS,13.5,68.6,25.0,USA,1004.0,USA
2015157N13069,2015,NI,AS,ASHOBAA,2015-06-06 12:00:00,TS,13.8,68.6,25.0,USA,1004.0,USA
2015157N13069,2015,NI,AS,ASHOBAA,2015-06-06 15:00:00,TS,14.1,68.6,25.0,USA,1004.0,USA
2015157N13069,2015,NI,AS,ASHOBAA,2015-06-06 18:00:00,TS,14.5,68.6,25.0,USA,1004.0,USA
2015157N13069,2015,NI,AS,ASHOBAA,2015-06-06 21:00:00,TS,14.9,68.6,28.0,USA,1002.0,USA
2015157N13069,2015,NI,AS,ASHOBAA,2015-06-07 00:00:00,TS,15.2,68.6,30.0,USA,1000.0,USA
2015157N13069,2015,NI,AS,ASHOBAA,2015-06-07 03:00:00,TS,15.3,68.5,35.0,USA,997.0,USA
2015157N13069,2015,NI,AS,ASHOBAA,2015-06-07 06:00:00,TS,15.5,68.4,40.0,USA,993.0,USA
2015157N13069,2015,NI,AS,ASHOBAA,2015-06-07 09:00:00,TS,15.8,68.3,40.0,USA,993.0,USA
2015157N13069,2015,NI,AS,ASHOBAA,2015-06-07 12:00:00,TS,16.2,68.3,40.0,USA,993.0,USA
2015157N13069,2015,NI,AS,ASHOBAA,2015-06-07 15:00:00,TS,16.5,68.3,40.0,USA,993.0,USA
2015157N13069,2015,NI,AS,ASHOBAA,2015-06-07 18:00:00,TS,16.9,68.3,40.0,USA,993.0,USA
2015157N13069,2015,NI,AS,ASHOBAA,2015-06-07 21:00:00,TS,17.2,68.0,40.0,USA,993.0,USA
2015157N13069,2015,NI,AS,ASHOBAA,2015-06-08 00:00:00,TS,17.7,67.6,40.0,USA,993.0,USA
2015157N13069,2015,NI,AS,ASHOBAA,2015-06-08 03:00:00,TS,18.0,67.2,43.0,USA,991.0,USA
2015157N13069,2015,NI,AS,ASHOBAA,2015-06-08 06:00:00,TS,18.0,67.0,45.0,USA,989.0,USA
2015157N13069,2015,NI,AS,ASHOBAA,2015-06-08 09:00:00,TS,18.5,66.6,45.0,USA,989.0,USA
2015157N13069,2015,NI,AS,ASHOBAA,2015-06-08 12:00:00,TS,18.7,66.4,45.0,USA,989.0,USA
2015157N13069,2015,NI,AS,ASHOBAA,2015-06-08 15:00:00,TS,18.9,66.1,48.0,USA,987.0,USA
2015157N13069,2015,NI,AS,ASHOBAA,2015-06-08 18:00:00,TS,19.3,65.7,50.0,USA,985.0,USA
2015157N13069,2015,NI,AS,ASHOBAA,2015-06-08 21:00:00,TS,19.7,65.4,50.0,USA,985.0,USA
2015157N13069,2015,NI,AS,ASHOBAA,2015-06-09 00:00:00,TS,20.1,65.1,50.0,USA,985.0,USA
2015157N13069,2015,NI,AS,ASHOBAA,2015-06-09 03:00:00,TS,20.2,64.8,50.0,USA,985.0,USA
2015157N13069,2015,NI,AS,ASHOBAA,2015-06-09 06:00:00,TS,20.5,64.4,50.0,USA,985.0,USA
2015157N13069,2015,NI,AS,ASHOBAA,2015-06-09 09:00:00,TS,20.6,63.8,50.0,USA,985.0,USA
2015157N13069,2015,NI,AS,ASHOBAA,2015-06-09 12:00:00,TS,21.0,63.3,50.0,USA,985.0,USA
2015157N13069,2015,NI,AS,ASHOBAA,2015-06-09 15:00:00,TS,21.1,62.8,53.0,USA,984.0,USA
2015157N13069,2015,NI,AS,ASHOBAA,2015-06-09 18:00:00,TS,21.1,62.6,55.0,USA,982.0,USA
2015157N13069,2015,NI,AS,ASHOBAA,2015-06-09 21:00:00,TS,21.2,62.3,55.0,USA,982.0,USA
2015157N13069,2015,NI,AS,ASHOBAA,2015-06-10 00:00:00,TS,21.2,62.0,55.0,USA,982.0,USA
2015157N13069,2015,NI,AS,ASHOBAA,2015-06-10 03:00:00,TS,21.1,61.8,55.0,USA,982.0,USA
2015157N13069,2015,NI,AS,ASHOBAA,2015-06-10 06:00:00,TS,21.1,61.6,55.0,USA,982.0,USA
2015157N13069,2015,NI,AS,ASHOBAA,2015-06-10 09:00:00,TS,21.0,61.3,53.0,USA,984.0,USA
2015157N13069,2015,NI,AS,ASHOBAA,2015-06-10 12:00:00,TS,21.0,61.3,50.0,USA,985.0,USA
2015157N13069,2015,NI,AS,ASHOBAA,2015-06-10 15:00:00,TS,20.8,61.1,48.0,USA,987.0,USA
2015157N13069,2015,NI,AS,ASHOBAA,2015-06-10 18:00:00,TS,20.8,61.1,45.0,USA,989.0,USA
2015157N13069,2015,NI,AS,ASHOBAA,2015-06-10 21:00:00,TS,20.8,61.2,45.0,USA,989.0,USA
2015157N13069,2015,NI,AS,ASHOBAA,2015-06-11 00:00:00,TS,20.8,60.9,45.0,USA,989.0,USA
2015157N13069,2015,NI,AS,ASHOBAA,2015-06-11 03:00:00,TS,20.8,60.8,45.0,USA,989.0,USA
2015157N13069,2015,NI,AS,ASHOBAA,2015-06-11 06:00:00,TS,20.8,60.6,45.0,USA,989.0,USA
2015157N13069,2015,NI,AS,ASHOBAA,2015-06-11 09:00:00,TS,20.8,60.4,43.0,USA,991.0,USA
2015157N13069,2015,NI,AS,ASHOBAA,2015-06-11 12:00:00,TS,20.8,60.2,40.0,USA,993.0,USA
2015157N13069,2015,NI,AS,ASHOBAA,2015-06-11 15:00:00,TS,20.8,59.9,38.0,USA,995.0,USA
2015157N13069,2015,NI,AS,ASHOBAA,2015-06-11 18:00:00,TS,20.8,59.9,35.0,USA,996.0,USA
2015157N13069,2015,NI,AS,ASHOBAA,2015-06-11 21:00:00,TS,20.8,59.8,35.0,USA,996.0,USA
2015157N13069,2015,NI,AS,ASHOBAA,2015-06-12 00:00:00,TS,20.8,59.8,35.0,USA,996.0,USA
2015157N13069,2015,NI,AS,ASHOBAA,2015-06-12 03:00:00,TS,20.8,59.7,33.0,USA,998.0,USA
2015157N13069,2015,NI,AS,ASHOBAA,2015-06-12 06:00:00,TS,20.8,59.7,30.0,USA,1000.0,USA
2015171N18086,2015,NI,BB,UNNAMED,2015-06-20 03:00:00,TS,18.0,86.0,25.0,NEWDELHI,990.0,NEWDELHI
2015171N18086,2015,NI,BB,UNNAMED,2015-06-20 06:00:00,TS,18.5,86.0,25.0,NEWDELHI,990.0,NEWDELHI
2015171N18086,2015,NI,BB,UNNAMED,2015-06-20 09:00:00,TS,18.8,85.8,25.0,NEWDELHI,990.0,NEWDELHI
2015171N18086,2015,NI,BB,UNNAMED,2015-06-20 12:00:00,TS,19.0,85.5,25.0,NEWDELHI,990.0,NEWDELHI
2015171N18086,2015,NI,BB,UNNAMED,2015-06-20 15:00:00,TS,19.1,85.4,25.0,NEWDELHI,990.0,NEWDELHI
2015171N18086,2015,NI,BB,UNNAMED,2015-06-20 18:00:00,TS,19.2,85.4,25.0,NEWDELHI,990.0,NEWDELHI
2015171N18086,2015,NI,BB,UNNAMED,2015-06-20 21:00:00,TS,19.4,85.2,25.0,NEWDELHI,991.0,NEWDELHI
2015171N18086,2015,NI,BB,UNNAMED,2015-06-21 00:00:00,TS,19.7,85.0,25.0,NEWDELHI,992.0,NEWDELHI
2015171N18086,2015,NI,BB,UNNAMED,2015-06-21 03:00:00,TS,20.0,85.0,25.0,NEWDELHI,992.0,NEWDELHI
2015171N18086,2015,NI,BB,UNNAMED,2015-06-21 06:00:00,TS,20.0,84.5,25.0,NEWDELHI,992.0,NEWDELHI
2015171N18086,2015,NI,BB,UNNAMED,2015-06-21 09:00:00,TS,20.2,84.4,25.0,NEWDELHI,992.0,NEWDELHI
2015171N18086,2015,NI,BB,UNNAMED,2015-06-21 12:00:00,TS,20.5,84.5,25.0,NEWDELHI,992.0,NEWDELHI
2015171N18086,2015,NI,BB,UNNAMED,2015-06-21 15:00:00,TS,20.8,84.5,25.0,NEWDELHI,992.0,NEWDELHI
2015171N18086,2015,NI,BB,UNNAMED,2015-06-21 18:00:00,TS,21.0,84.5,25.0,NEWDELHI,992.0,NEWDELHI
2015173N20067,2015,NI,AS,UNNAMED,2015-06-22 03:00:00,TS,20.0,67.0,25.0,NEWDELHI,990.0,NEWDELHI
2015173N20067,2015,NI,AS,UNNAMED,2015-06-22 06:00:00,TS,20.0,67.0,25.0,NEWDELHI,990.0,NEWDELHI
2015173N20067,2015,NI,AS,UNNAMED,2015-06-22 09:00:00,TS,20.0,66.9,25.0,NEWDELHI,990.0,NEWDELHI
2015173N20067,2015,NI,AS,UNNAMED,2015-06-22 12:00:00,TS,20.0,67.0,25.0,NEWDELHI,990.0,NEWDELHI
2015173N20067,2015,NI,AS,UNNAMED,2015-06-22 15:00:00,TS,20.1,67.7,25.0,NEWDELHI,990.0,NEWDELHI
2015173N20067,2015,NI,AS,UNNAMED,2015-06-22 18:00:00,TS,20.2,68.5,25.0,NEWDELHI,990.0,NEWDELHI
2015173N20067,2015,NI,AS,UNNAMED,2015-06-22 21:00:00,TS,20.4,68.9,25.0,NEWDELHI,989.0,NEWDELHI
2015173N20067,2015,NI,AS,UNNAMED,2015-06-23 00:00:00,TS,20.5,69.5,25.0,NEWDELHI,988.0,NEWDELHI
2015173N20067,2015,NI,AS,UNNAMED,2015-06-23 03:00:00,TS,20.5,70.5,30.0,NEWDELHI,988.0,NEWDELHI
2015173N20067,2015,NI,AS,UNNAMED,2015-06-23 06:00:00,TS,21.0,71.0,30.0,NEWDELHI,988.0,NEWDELHI
2015173N20067,2015,NI,AS,UNNAMED,2015-06-23 09:00:00,TS,21.1,71.2,30.0,NEWDELHI,989.0,NEWDELHI
2015173N20067,2015,NI,AS,UNNAMED,2015-06-23 12:00:00,TS,21.0,71.3,30.0,NEWDELHI,990.0,NEWDELHI
2015173N20067,2015,NI,AS,UNNAMED,2015-06-23 15:00:00,TS,21.3,71.4,30.0,NEWDELHI,990.0,NEWDELHI
2015173N20067,2015,NI,AS,UNNAMED,2015-06-23 18:00:00,TS,21.6,71.4,30.0,NEWDELHI,990.0,NEWDELHI
2015173N20067,2015,NI,AS,UNNAMED,2015-06-23 21:00:00,TS,21.9,71.4,30.0,NEWDELHI,990.0,NEWDELHI
2015173N20067,2015,NI,AS,UNNAMED,2015-06-24 00:00:00,TS,22.2,71.5,30.0,NEWDELHI,990.0,NEWDELHI
2015173N20067,2015,NI,AS,UNNAMED,2015-06-24 03:00:00,TS,22.4,72.0,30.0,NEWDELHI,990.0,NEWDELHI
2015173N20067,2015,NI,AS,UNNAMED,2015-06-24 06:00:00,TS,22.8,72.7,30.0,NEWDELHI,990.0,NEWDELHI
2015173N20067,2015,NI,AS,UNNAMED,2015-06-24 09:00:00,TS,23.0,73.3,28.0,NEWDELHI,991.0,NEWDELHI
2015173N20067,2015,NI,AS,UNNAMED,2015-06-24 12:00:00,TS,23.5,74.0,25.0,NEWDELHI,992.0,NEWDELHI
2015173N20067,2015,NI,AS,UNNAMED,2015-06-24 15:00:00,TS,24.6,74.9,25.0,NEWDELHI,993.0,NEWDELHI
2015173N20067,2015,NI,AS,UNNAMED,2015-06-24 18:00:00,TS,26.0,76.0,25.0,NEWDELHI,994.0,NEWDELHI
2015191N23085,2015,NI,BB,UNNAMED,2015-07-10 03:00:00,TS,23.1,85.1,25.0,NEWDELHI,996.0,NEWDELHI
2015191N23085,2015,NI,BB,UNNAMED,2015-07-10 06:00:00,TS,23.1,85.0,25.0,NEWDELHI,996.0,NEWDELHI
2015191N23085,2015,NI,BB,UNNAMED,2015-07-10 09:00:00,TS,23.3,84.0,25.0,NEWDELHI,994.0,NEWDELHI
2015191N23085,2015,NI,BB,UNNAMED,2015-07-10 12:00:00,TS,23.5,83.5,25.0,NEWDELHI,994.0,NEWDELHI
2015191N23085,2015,NI,BB,UNNAMED,2015-07-10 15:00:00,TS,23.5,82.5,25.0,NEWDELHI,996.0,NEWDELHI
2015191N23085,2015,NI,BB,UNNAMED,2015-07-10 18:00:00,TS,23.6,82.3,25.0,NEWDELHI,996.0,NEWDELHI
2015191N23085,2015,NI,BB,UNNAMED,2015-07-10 21:00:00,TS,23.8,81.0,25.0,NEWDELHI,996.0,NEWDELHI
2015191N23085,2015,NI,BB,UNNAMED,2015-07-11 00:00:00,TS,24.0,80.5,25.0,NEWDELHI,995.0,NEWDELHI
2015191N23085,2015,NI,BB,UNNAMED,2015-07-11 03:00:00,TS,24.0,80.5,25.0,NEWDELHI,996.0,NEWDELHI
2015191N23085,2015,NI,BB,UNNAMED,2015-07-11 06:00:00,TS,24.5,80.5,25.0,NEWDELHI,996.0,NEWDELHI
2015191N23085,2015,NI,BB,UNNAMED,2015-07-11 09:00:00,TS,24.5,80.5,25.0,NEWDELHI,996.0,NEWDELHI
2015191N23085,2015,NI,BB,UNNAMED,2015-07-11 12:00:00,TS,25.5,80.5,25.0,NEWDELHI,996.0,NEWDELHI
2015191N23085,2015,NI,BB,UNNAMED,2015-07-11 15:00:00,TS,26.0,80.0,25.0,NEWDELHI,996.0,NEWDELHI
2015191N23085,2015,NI,BB,UNNAMED,2015-07-11 18:00:00,TS,26.5,79.5,25.0,NEWDELHI,998.0,NEWDELHI
2015191N23085,2015,NI,BB,UNNAMED,2015-07-11 21:00:00,TS,26.0,78.5,25.0,NEWDELHI,998.0,NEWDELHI
2015191N23085,2015,NI,BB,UNNAMED,2015-07-12 00:00:00,TS,27.5,78.3,25.0,NEWDELHI,998.0,NEWDELHI
2015191N23085,2015,NI,AS,UNNAMED,2015-07-12 03:00:00,TS,28.5,78.0,25.0,NEWDELHI,998.0,NEWDELHI
2015191N23085,2015,NI,AS,UNNAMED,2015-07-12 06:00:00,TS,28.5,77.5,25.0,NEWDELHI,998.0,NEWDELHI
2015191N23085,2015,NI,AS,UNNAMED,2015-07-12 09:00:00,TS,28.5,77.3,25.0,NEWDELHI,998.0,NEWDELHI
2015207N22091,2015,NI,BB,KOMEN,2015-07-26 00:00:00,TS,22.0,90.8,20.0,NEWDELHI,994.0,NEWDELHI
2015207N22091,2015,NI,BB,KOMEN,2015-07-26 03:00:00,TS,22.0,90.8,20.0,NEWDELHI,994.0,NEWDELHI
2015207N22091,2015,NI,BB,KOMEN,2015-07-26 06:00:00,TS,22.0,90.5,20.0,NEWDELHI,994.0,NEWDELHI
2015207N22091,2015,NI,BB,KOMEN,2015-07-26 09:00:00,TS,22.0,90.4,20.0,NEWDELHI,994.0,NEWDELHI
2015207N22091,2015,NI,BB,KOMEN,2015-07-26 12:00:00,TS,22.0,90.5,20.0,NEWDELHI,994.0,NEWDELHI
2015207N22091,2015,NI,BB,KOMEN,2015-07-26 15:00:00,TS,22.0,90.5,20.0,NEWDELHI,994.0,NEWDELHI
2015207N22091,2015,NI,BB,KOMEN,2015-07-26 18:00:00,TS,22.0,90.5,20.0,NEWDELHI,994.0,NEWDELHI
2015207N22091,2015,NI,BB,KOMEN,2015-07-26 21:00:00,TS,22.0,90.5,20.0,NEWDELHI,994.0,NEWDELHI
2015207N22091,2015,NI,BB,KOMEN,2015-07-27 00:00:00,TS,22.0,90.5,20.0,NEWDELHI,994.0,NEWDELHI
2015207N22091,2015,NI,BB,KOMEN,2015-07-27 03:00:00,TS,22.0,90.5,25.0,NEWDELHI,994.0,NEWDELHI
2015207N22091,2015,NI,BB,KOMEN,2015-07-27 06:00:00,TS,22.0,90.5,25.0,NEWDELHI,994.0,NEWDELHI
2015207N22091,2015,NI,BB,KOMEN,2015-07-27 09:00:00,TS,22.0,90.5,25.0,NEWDELHI,994.0,NEWDELHI
2015207N22091,2015,NI,BB,KOMEN,2015-07-27 12:00:00,TS,22.0,90.5,25.0,NEWDELHI,994.0,NEWDELHI
2015207N22091,2015,NI,BB,KOMEN,2015-07-27 15:00:00,TS,22.0,90.5,25.0,NEWDELHI,994.0,NEWDELHI
2015207N22091,2015,NI,BB,KOMEN,2015-07-27 18:00:00,TS,22.0,90.5,25.0,NEWDELHI,994.0,NEWDELHI
2015207N22091,2015,NI,BB,KOMEN,2015-07-27 21:00:00,TS,22.0,90.5,25.0,NEWDELHI,994.0,NEWDELHI
2015207N22091,2015,NI,BB,KOMEN,2015-07-28 00:00:00,TS,22.0,90.5,25.0,NEWDELHI,994.0,NEWDELHI
2015207N22091,2015,NI,BB,KOMEN,2015-07-28 03:00:00,TS,22.0,90.5,25.0,NEWDELHI,994.0,NEWDELHI
2015207N22091,2015,NI,BB,KOMEN,2015-07-28 06:00:00,MX,21.6,90.4,25.0,USA,996.0,USA
2015207N22091,2015,NI,BB,KOMEN,2015-07-28 09:00:00,MX,21.4,90.4,28.0,USA,998.0,USA
2015207N22091,2015,NI,BB,KOMEN,2015-07-28 12:00:00,MX,21.3,90.5,30.0,USA,1000.0,USA
2015207N22091,2015,NI,BB,KOMEN,2015-07-28 15:00:00,MX,21.3,90.7,30.0,USA,1000.0,USA
2015207N22091,2015,NI,BB,KOMEN,2015-07-28 18:00:00,MX,21.2,90.9,30.0,USA,995.0,USA
2015207N22091,2015,NI,BB,KOMEN,2015-07-28 21:00:00,MX,21.0,91.0,33.0,USA,996.0,USA
2015207N22091,2015,NI,BB,KOMEN,2015-07-29 00:00:00,MX,21.0,91.1,35.0,USA,996.0,USA
2015207N22091,2015,NI,BB,KOMEN,2015-07-29 03:00:00,MX,21.0,91.1,35.0,USA,996.0,USA
2015207N22091,2015,NI,BB,KOMEN,2015-07-29 06:00:00,MX,21.1,91.2,35.0,USA,996.0,USA
2015207N22091,2015,NI,BB,KOMEN,2015-07-29 09:00:00,MX,21.2,91.2,38.0,USA,995.0,USA
2015207N22091,2015,NI,BB,KOMEN,2015-07-29 12:00:00,MX,21.3,91.3,40.0,USA,993.0,USA
2015207N22091,2015,NI,BB,KOMEN,2015-07-29 15:00:00,MX,21.4,91.3,40.0,USA,993.0,USA
2015207N22091,2015,NI,BB,KOMEN,2015-07-29 18:00:00,MX,21.5,91.4,40.0,USA,993.0,USA
2015207N22091,2015,NI,BB,KOMEN,2015-07-29 21:00:00,MX,21.5,91.4,43.0,USA,991.0,USA
2015207N22091,2015,NI,BB,KOMEN,2015-07-30 00:00:00,MX,21.7,91.5,45.0,USA,989.0,USA
2015207N22091,2015,NI,BB,KOMEN,2015-07-30 03:00:00,MX,21.9,91.5,45.0,USA,989.0,USA
2015207N22091,2015,NI,BB,KOMEN,2015-07-30 06:00:00,MX,22.1,91.5,45.0,USA,989.0,USA
2015207N22091,2015,NI,BB,KOMEN,2015-07-30 09:00:00,MX,22.1,91.5,43.0,USA,991.0,USA
2015207N22091,2015,NI,BB,KOMEN,2015-07-30 12:00:00,MX,22.3,91.5,40.0,USA,993.0,USA
2015207N22091,2015,NI,BB,KOMEN,2015-07-30 15:00:00,MX,22.5,91.4,38.0,USA,995.0,USA
2015207N22091,2015,NI,BB,KOMEN,2015-07-30 18:00:00,MX,22.7,91.2,35.0,USA,996.0,USA
2015207N22091,2015,NI,BB,KOMEN,2015-07-30 21:00:00,MX,22.9,91.1,33.0,USA,998.0,USA
2015207N22091,2015,NI,BB,KOMEN,2015-07-31 00:00:00,MX,23.1,90.2,30.0,USA,1000.0,USA
2015207N22091,2015,NI,BB,KOMEN,2015-07-31 03:00:00,TS,23.1,90.0,30.0,NEWDELHI,990.0,NEWDELHI
2015207N22091,2015,NI,BB,KOMEN,2015-07-31 06:00:00,TS,23.1,89.8,30.0,NEWDELHI,992.0,NEWDELHI
2015207N22091,2015,NI,BB,KOMEN,2015-07-31 09:00:00,TS,23.1,89.6,28.0,NEWDELHI,993.0,NEWDELHI
2015207N22091,2015,NI,BB,KOMEN,2015-07-31 12:00:00,TS,23.1,89.5,25.0,NEWDELHI,994.0,NEWDELHI
2015207N22091,2015,NI,BB,KOMEN,2015-07-31 15:00:00,TS,23.1,89.4,25.0,NEWDELHI,994.0,NEWDELHI
2015207N22091,2015,NI,BB,KOMEN,2015-07-31 18:00:00,TS,23.1,89.4,25.0,NEWDELHI,994.0,NEWDELHI
2015207N22091,2015,NI,BB,KOMEN,2015-07-31 21:00:00,TS,23.2,89.3,23.0,NEWDELHI,994.0,NEWDELHI
2015207N22091,2015,NI,BB,KOMEN,2015-08-01 00:00:00,TS,23.2,89.2,20.0,NEWDELHI,994.0,NEWDELHI
2015207N22091,2015,NI,BB,KOMEN,2015-08-01 03:00:00,TS,23.2,89.2,20.0,NEWDELHI,994.0,NEWDELHI
2015207N22091,2015,NI,BB,KOMEN,2015-08-01 06:00:00,TS,23.5,88.8,20.0,NEWDELHI,994.0,NEWDELHI
2015207N22091,2015,NI,BB,KOMEN,2015-08-01 09:00:00,TS,23.7,88.6,20.0,NEWDELHI,994.0,NEWDELHI
2015207N22091,2015,NI,BB,KOMEN,2015-08-01 12:00:00,TS,23.8,88.4,20.0,NEWDELHI,994.0,NEWDELHI
2015207N22091,2015,NI,BB,KOMEN,2015-08-01 15:00:00,TS,23.8,88.0,20.0,NEWDELHI,994.0,NEWDELHI
2015207N22091,2015,NI,BB,KOMEN,2015-08-01 18:00:00,TS,23.8,87.5,20.0,NEWDELHI,994.0,NEWDELHI
2015207N22091,2015,NI,BB,KOMEN,2015-08-01 21:00:00,TS,23.9,87.2,20.0,NEWDELHI,995.0,NEWDELHI
2015207N22091,2015,NI,BB,KOMEN,2015-08-02 00:00:00,TS,23.8,86.7,20.0,NEWDELHI,996.0,NEWDELHI
2015207N22091,2015,NI,BB,KOMEN,2015-08-02 03:00:00,TS,23.5,86.0,20.0,NEWDELHI,996.0,NEWDELHI
2015207N22091,2015,NI,BB,KOMEN,2015-08-02 06:00:00,TS,23.3,85.7,20.0,NEWDELHI,996.0,NEWDELHI
2015207N22091,2015,NI,BB,KOMEN,2015-08-02 09:00:00,TS,23.1,85.5,20.0,NEWDELHI,996.0,NEWDELHI
2015209N26072,2015,NI,AS,UNNAMED,2015-07-27 12:00:00,TS,26.2,71.8,25.0,NEWDELHI,994.0,NEWDELHI
2015209N26072,2015,NI,AS,UNNAMED,2015-07-27 15:00:00,TS,26.0,71.8,25.0,NEWDELHI,994.0,NEWDELHI
2015209N26072,2015,NI,AS,UNNAMED,2015-07-27 18:00:00,TS,25.8,71.8,25.0,NEWDELHI,996.0,NEWDELHI
2015209N26072,2015,NI,AS,UNNAMED,2015-07-27 21:00:00,TS,26.1,71.8,25.0,NEWDELHI,996.0,NEWDELHI
2015209N26072,2015,NI,AS,UNNAMED,2015-07-28 00:00:00,TS,26.2,71.8,25.0,NEWDELHI,994.0,NEWDELHI
2015209N26072,2015,NI,AS,UNNAMED,2015-07-28 03:00:00,TS,24.8,71.8,30.0,NEWDELHI,994.0,NEWDELHI
2015209N26072,2015,NI,AS,UNNAMED,2015-07-28 06:00:00,TS,24.8,71.8,30.0,NEWDELHI,994.0,NEWDELHI
2015209N26072,2015,NI,AS,UNNAMED,2015-07-28 09:00:00,TS,24.8,71.8,30.0,NEWDELHI,994.0,NEWDELHI
2015209N26072,2015,NI,AS,UNNAMED,2015-07-28 12:00:00,TS,25.5,72.0,30.0,NEWDELHI,994.0,NEWDELHI
2015209N26072,2015,NI,AS,UNNAMED,2015-07-28 15:00:00,TS,25.6,72.1,30.0,NEWDELHI,996.0,NEWDELHI
2015209N26072,2015,NI,AS,UNNAMED,2015-07-28 18:00:00,TS,25.8,72.1,30.0,NEWDELHI,996.0,NEWDELHI
2015209N26072,2015,NI,AS,UNNAMED,2015-07-28 21:00:00,TS,25.9,72.3,25.0,NEWDELHI,996.0,NEWDELHI
2015209N26072,2015,NI,AS,UNNAMED,2015-07-29 00:00:00,TS,26.5,72.5,25.0,NEWDELHI,996.0,NEWDELHI
2015209N26072,2015,NI,AS,UNNAMED,2015-07-29 03:00:00,TS,27.2,73.0,25.0,NEWDELHI,996.0,NEWDELHI
2015209N26072,2015,NI,AS,UNNAMED,2015-07-29 06:00:00,TS,27.2,73.0,25.0,NEWDELHI,996.0,NEWDELHI
2015209N26072,2015,NI,AS,UNNAMED,2015-07-29 09:00:00,TS,27.2,73.0,25.0,NEWDELHI,996.0,NEWDELHI
2015209N26072,2015,NI,AS,UNNAMED,2015-07-29 12:00:00,TS,27.7,73.0,25.0,NEWDELHI,998.0,NEWDELHI
2015209N26072,2015,NI,AS,UNNAMED,2015-07-29 15:00:00,TS,27.9,73.0,25.0,NEWDELHI,998.0,NEWDELHI
2015209N26072,2015,NI,AS,UNNAMED,2015-07-29 18:00:00,TS,27.9,73.1,25.0,NEWDELHI,998.0,NEWDELHI
2015209N26072,2015,NI,AS,UNNAMED,2015-07-29 21:00:00,TS,28.0,73.1,25.0,NEWDELHI,998.0,NEWDELHI
2015209N26072,2015,NI,AS,UNNAMED,2015-07-30 00:00:00,TS,28.7,73.4,25.0,NEWDELHI,998.0,NEWDELHI
2015216N23081,2015,NI,BB,UNNAMED,2015-08-04 03:00:00,TS,22.7,80.5,25.0,NEWDELHI,998.0,NEWDELHI
2015216N23081,2015,NI,BB,UNNAMED,2015-08-04 06:00:00,TS,22.7,80.0,25.0,NEWDELHI,998.0,NEWDELHI
2015216N23081,2015,NI,BB,UNNAMED,2015-08-04 09:00:00,TS,22.7,79.5,25.0,NEWDELHI,998.0,NEWDELHI
2015216N23081,2015,NI,AS,UNNAMED,2015-08-04 12:00:00,TS,22.7,77.8,25.0,NEWDELHI,998.0,NEWDELHI
2015216N23081,2015,NI,AS,UNNAMED,2015-08-04 15:00:00,TS,22.7,77.3,25.0,NEWDELHI,998.0,NEWDELHI
2015216N23081,2015,NI,AS,UNNAMED,2015-08-04 18:00:00,TS,22.7,77.8,25.0,NEWDELHI,998.0,NEWDELHI
2015259N20084,2015,NI,BB,UNNAMED,2015-09-16 03:00:00,TS,19.6,83.5,25.0,NEWDELHI,998.0,NEWDELHI
2015259N20084,2015,NI,BB,UNNAMED,2015-09-16 06:00:00,TS,20.3,83.0,25.0,NEWDELHI,998.0,NEWDELHI
2015259N20084,2015,NI,BB,UNNAMED,2015-09-16 09:00:00,TS,20.4,82.7,25.0,NEWDELHI,998.0,NEWDELHI
2015259N20084,2015,NI,BB,UNNAMED,2015-09-16 12:00:00,TS,20.5,82.5,25.0,NEWDELHI,998.0,NEWDELHI
2015259N20084,2015,NI,BB,UNNAMED,2015-09-16 15:00:00,TS,20.6,82.0,25.0,NEWDELHI,998.0,NEWDELHI
2015259N20084,2015,NI,BB,UNNAMED,2015-09-16 18:00:00,TS,20.8,81.9,25.0,NEWDELHI,998.0,NEWDELHI
2015259N20084,2015,NI,BB,UNNAMED,2015-09-16 21:00:00,TS,21.0,81.9,25.0,NEWDELHI,998.0,NEWDELHI
2015259N20084,2015,NI,BB,UNNAMED,2015-09-17 00:00:00,TS,21.1,81.5,25.0,NEWDELHI,998.0,NEWDELHI
2015259N20084,2015,NI,BB,UNNAMED,2015-09-17 03:00:00,TS,21.0,79.5,30.0,NEWDELHI,998.0,NEWDELHI
2015259N20084,2015,NI,BB,UNNAMED,2015-09-17 06:00:00,TS,20.5,79.5,30.0,NEWDELHI,998.0,NEWDELHI
2015259N20084,2015,NI,BB,UNNAMED,2015-09-17 09:00:00,TS,20.0,79.5,30.0,NEWDELHI,998.0,NEWDELHI
2015259N20084,2015,NI,BB,UNNAMED,2015-09-17 12:00:00,TS,20.5,79.0,30.0,NEWDELHI,996.0,NEWDELHI
2015259N20084,2015,NI,AS,UNNAMED,2015-09-17 15:00:00,TS,20.0,77.5,30.0,NEWDELHI,996.0,NEWDELHI
2015259N20084,2015,NI,AS,UNNAMED,2015-09-17 18:00:00,TS,20.0,77.0,30.0,NEWDELHI,996.0,NEWDELHI
2015259N20084,2015,NI,AS,UNNAMED,2015-09-17 21:00:00,TS,20.0,76.4,30.0,NEWDELHI,996.0,NEWDELHI
2015259N20084,2015,NI,AS,UNNAMED,2015-09-18 00:00:00,TS,20.8,77.4,25.0,NEWDELHI,996.0,NEWDELHI
2015259N20084,2015,NI,AS,UNNAMED,2015-09-18 03:00:00,TS,20.7,77.0,30.0,NEWDELHI,996.0,NEWDELHI
2015259N20084,2015,NI,AS,UNNAMED,2015-09-18 06:00:00,TS,20.0,77.0,30.0,NEWDELHI,998.0,NEWDELHI
2015259N20084,2015,NI,AS,UNNAMED,2015-09-18 09:00:00,TS,20.7,76.5,25.0,NEWDELHI,998.0,NEWDELHI
2015259N20084,2015,NI,AS,UNNAMED,2015-09-18 12:00:00,TS,20.5,76.0,25.0,NEWDELHI,998.0,NEWDELHI
2015259N20084,2015,NI,AS,UNNAMED,2015-09-18 15:00:00,TS,20.5,75.8,25.0,NEWDELHI,998.0,NEWDELHI
2015259N20084,2015,NI,AS,UNNAMED,2015-09-18 18:00:00,TS,20.5,75.5,25.0,NEWDELHI,998.0,NEWDELHI
2015259N20084,2015,NI,AS,UNNAMED,2015-09-18 21:00:00,TS,20.8,75.0,25.0,NEWDELHI,998.0,NEWDELHI
2015259N20084,2015,NI,AS,UNNAMED,2015-09-19 00:00:00,TS,21.0,74.5,25.0,NEWDELHI,998.0,NEWDELHI
2015280N13071,2015,NI,AS,UNNAMED,2015-10-07 00:00:00,TS,12.7,71.3,25.0,USA,1004.0,USA
2015280N13071,2015,NI,AS,UNNAMED,2015-10-07 03:00:00,TS,12.6,71.3,28.0,USA,1002.0,USA
2015280N13071,2015,NI,AS,UNNAMED,2015-10-07 06:00:00,TS,12.5,71.4,30.0,USA,1000.0,USA
2015280N13071,2015,NI,AS,UNNAMED,2015-10-07 09:00:00,TS,12.5,71.5,30.0,USA,1000.0,USA
2015280N13071,2015,NI,AS,UNNAMED,2015-10-07 12:00:00,TS,12.6,71.6,30.0,USA,1000.0,USA
2015280N13071,2015,NI,AS,UNNAMED,2015-10-07 15:00:00,TS,12.7,71.7,30.0,USA,1000.0,USA
2015280N13071,2015,NI,AS,UNNAMED,2015-10-07 18:00:00,TS,12.8,71.7,30.0,USA,1000.0,USA
2015280N13071,2015,NI,AS,UNNAMED,2015-10-07 21:00:00,TS,12.9,71.6,30.0,USA,1000.0,USA
2015280N13071,2015,NI,AS,UNNAMED,2015-10-08 00:00:00,TS,12.9,71.5,30.0,USA,1000.0,USA
2015280N13071,2015,NI,AS,UNNAMED,2015-10-08 03:00:00,TS,12.9,71.4,30.0,USA,1000.0,USA
2015280N13071,2015,NI,AS,UNNAMED,2015-10-08 06:00:00,TS,12.9,71.3,30.0,USA,1000.0,USA
2015280N13071,2015,NI,AS,UNNAMED,2015-10-08 09:00:00,TS,13.0,71.2,30.0,USA,1000.0,USA
2015280N13071,2015,NI,AS,UNNAMED,2015-10-08 12:00:00,TS,13.2,71.1,30.0,USA,1000.0,USA
2015280N13071,2015,NI,AS,UNNAMED,2015-10-08 15:00:00,TS,13.3,71.0,30.0,USA,1000.0,USA
2015280N13071,2015,NI,AS,UNNAMED,2015-10-08 18:00:00,TS,13.4,70.9,30.0,USA,1000.0,USA
2015280N13071,2015,NI,AS,UNNAMED,2015-10-08 21:00:00,TS,13.5,70.8,30.0,USA,1000.0,USA
2015280N13071,2015,NI,AS,UNNAMED,2015-10-09 00:00:00,TS,13.7,70.6,30.0,USA,1000.0,USA
2015280N13071,2015,NI,AS,UNNAMED,2015-10-09 03:00:00,TS,13.8,70.5,33.0,USA,998.0,USA
2015280N13071,2015,NI,AS,UNNAMED,2015-10-09 06:00:00,TS,14.0,70.4,35.0,USA,996.0,USA
2015280N13071,2015,NI,AS,UNNAMED,2015-10-09 09:00:00,TS,14.1,70.3,33.0,USA,998.0,USA
2015280N13071,2015,NI,AS,UNNAMED,2015-10-09 12:00:00,TS,14.3,70.2,30.0,USA,1000.0,USA
2015280N13071,2015,NI,AS,UNNAMED,2015-10-09 15:00:00,TS,14.5,70.1,30.0,USA,1000.0,USA
2015280N13071,2015,NI,AS,UNNAMED,2015-10-09 18:00:00,TS,14.7,69.9,30.0,USA,1000.0,USA
2015280N13071,2015,NI,AS,UNNAMED,2015-10-09 21:00:00,TS,14.8,69.7,30.0,USA,1000.0,USA
2015280N13071,2015,NI,AS,UNNAMED,2015-10-10 00:00:00,TS,15.0,69.6,30.0,USA,1000.0,USA
2015280N13071,2015,NI,AS,UNNAMED,2015-10-10 03:00:00,TS,15.1,69.5,30.0,USA,1000.0,USA
2015280N13071,2015,NI,AS,UNNAMED,2015-10-10 06:00:00,TS,15.1,69.4,30.0,USA,1000.0,USA
2015280N13071,2015,NI,AS,UNNAMED,2015-10-10 09:00:00,TS,15.2,69.4,28.0,USA,1002.0,USA
2015280N13071,2015,NI,AS,UNNAMED,2015-10-10 12:00:00,TS,15.3,69.4,25.0,USA,1004.0,USA
2015280N13071,2015,NI,AS,UNNAMED,2015-10-10 15:00:00,TS,15.3,69.4,25.0,USA,1004.0,USA
2015280N13071,2015,NI,AS,UNNAMED,2015-10-10 18:00:00,TS,15.4,69.4,25.0,USA,1004.0,USA
2015280N13071,2015,NI,AS,UNNAMED,2015-10-10 21:00:00,TS,15.5,69.4,25.0,USA,1004.0,USA
2015280N13071,2015,NI,AS,UNNAMED,2015-10-11 00:00:00,TS,15.6,69.3,25.0,USA,1004.0,USA
2015280N13071,2015,NI,AS,UNNAMED,2015-10-11 03:00:00,TS,15.7,69.3,23.0,USA,1006.0,USA
2015280N13071,2015,NI,AS,UNNAMED,2015-10-11 06:00:00,MX,15.7,69.2,20.0,USA,1007.0,USA
2015280N13071,2015,NI,AS,UNNAMED,2015-10-11 09:00:00,TS,15.8,69.2,25.0,NEWDELHI,1004.0,NEWDELHI
2015280N13071,2015,NI,AS,UNNAMED,2015-10-11 12:00:00,TS,15.9,69.2,25.0,NEWDELHI,1004.0,NEWDELHI
2015280N13071,2015,NI,AS,UNNAMED,2015-10-11 15:00:00,TS,16.0,69.2,25.0,NEWDELHI,1004.0,NEWDELHI
2015280N13071,2015,NI,AS,UNNAMED,2015-10-11 18:00:00,TS,16.0,69.2,25.0,NEWDELHI,1004.0,NEWDELHI
2015280N13071,2015,NI,AS,UNNAMED,2015-10-11 21:00:00,TS,16.0,69.1,23.0,NEWDELHI,1004.0,NEWDELHI
2015280N13071,2015,NI,AS,UNNAMED,2015-10-12 00:00:00,TS,16.1,69.0,20.0,NEWDELHI,1004.0,NEWDELHI
2015301N11065,2015,NI,AS,CHAPALA,2015-10-27 12:00:00,TS,10.7,65.1,25.0,USA,1004.0,USA
2015301N11065,2015,NI,AS,CHAPALA,2015-10-27 15:00:00,TS,10.9,65.0,25.0,USA,1004.0,USA
2015301N11065,2015,NI,AS,CHAPALA,2015-10-27 18:00:00,TS,11.1,64.9,25.0,USA,1004.0,USA
2015301N11065,2015,NI,AS,CHAPALA,2015-10-27 21:00:00,TS,11.3,64.8,28.0,USA,1002.0,USA
2015301N11065,2015,NI,AS,CHAPALA,2015-10-28 00:00:00,TS,11.6,64.7,30.0,USA,1000.0,USA
2015301N11065,2015,NI,AS,CHAPALA,2015-10-28 03:00:00,TS,11.8,64.7,33.0,USA,998.0,USA
2015301N11065,2015,NI,AS,CHAPALA,2015-10-28 06:00:00,TS,12.0,64.8,35.0,USA,996.0,USA
2015301N11065,2015,NI,AS,CHAPALA,2015-10-28 09:00:00,TS,12.4,64.8,35.0,USA,996.0,USA
2015301N11065,2015,NI,AS,CHAPALA,2015-10-28 12:00:00,TS,12.7,64.8,45.0,USA,989.0,USA
2015301N11065,2015,NI,AS,CHAPALA,2015-10-28 15:00:00,TS,12.9,64.8,45.0,USA,989.0,USA
2015301N11065,2015,NI,AS,CHAPALA,2015-10-28 18:00:00,TS,13.1,64.6,45.0,USA,989.0,USA
2015301N11065,2015,NI,AS,CHAPALA,2015-10-28 21:00:00,TS,13.3,64.4,45.0,USA,989.0,USA
2015301N11065,2015,NI,AS,CHAPALA,2015-10-29 00:00:00,TS,13.6,64.3,50.0,USA,985.0,USA
2015301N11065,2015,NI,AS,CHAPALA,2015-10-29 03:00:00,TS,13.7,64.1,53.0,USA,984.0,USA
2015301N11065,2015,NI,AS,CHAPALA,2015-10-29 06:00:00,TS,13.9,63.8,55.0,USA,982.0,USA
2015301N11065,2015,NI,AS,CHAPALA,2015-10-29 09:00:00,TS,14.0,63.5,60.0,USA,978.0,USA
2015301N11065,2015,NI,AS,CHAPALA,2015-10-29 12:00:00,TS,14.2,63.2,65.0,USA,974.0,USA
2015301N11065,2015,NI,AS,CHAPALA,2015-10-29 15:00:00,TS,14.3,62.8,73.0,USA,969.0,USA
2015301N11065,2015,NI,AS,CHAPALA,2015-10-29 18:00:00,TS,14.3,62.5,80.0,USA,963.0,USA
2015301N11065,2015,NI,AS,CHAPALA,2015-10-29 21:00:00,TS,14.3,62.2,90.0,USA,956.0,USA
2015301N11065,2015,NI,AS,CHAPALA,2015-10-30 00:00:00,TS,14.3,61.8,100.0,USA,948.0,USA
2015301N11065,2015,NI,AS,CHAPALA,2015-10-30 03:00:00,TS,14.2,61.5,115.0,USA,937.0,USA
2015301N11065,2015,NI,AS,CHAPALA,2015-10-30 06:00:00,TS,14.2,61.1,130.0,USA,926.0,USA
2015301N11065,2015,NI,AS,CHAPALA,2015-10-30 09:00:00,TS,14.1,60.8,128.0,USA,928.0,USA
2015301N11065,2015,NI,AS,CHAPALA,2015-10-30 12:00:00,TS,14.1,60.6,125.0,USA,929.0,USA
2015301N11065,2015,NI,AS,CHAPALA,2015-10-30 15:00:00,TS,14.0,60.4,123.0,USA,931.0,USA
2015301N11065,2015,NI,AS,CHAPALA,2015-10-30 18:00:00,TS,13.9,60.2,120.0,USA,933.0,USA
2015301N11065,2015,NI,AS,CHAPALA,2015-10-30 21:00:00,TS,13.9,59.9,118.0,USA,935.0,USA
2015301N11065,2015,NI,AS,CHAPALA,2015-10-31 00:00:00,TS,13.8,59.6,115.0,USA,937.0,USA
2015301N11065,2015,NI,AS,CHAPALA,2015-10-31 03:00:00,TS,13.8,59.2,113.0,USA,939.0,USA
2015301N11065,2015,NI,AS,CHAPALA,2015-10-31 06:00:00,TS,13.8,58.7,110.0,USA,941.0,USA
2015301N11065,2015,NI,AS,CHAPALA,2015-10-31 09:00:00,TS,13.8,58.3,110.0,USA,941.0,USA
2015301N11065,2015,NI,AS,CHAPALA,2015-10-31 12:00:00,TS,13.8,57.9,110.0,USA,941.0,USA
2015301N11065,2015,NI,AS,CHAPALA,2015-10-31 15:00:00,TS,13.8,57.5,110.0,USA,941.0,USA
2015301N11065,2015,NI,AS,CHAPALA,2015-10-31 18:00:00,TS,13.8,57.2,110.0,USA,941.0,USA
2015301N11065,2015,NI,AS,CHAPALA,2015-10-31 21:00:00,TS,13.7,56.8,113.0,USA,939.0,USA
2015301N11065,2015,NI,AS,CHAPALA,2015-11-01 00:00:00,TS,13.7,56.4,115.0,USA,937.0,USA
2015301N11065,2015,NI,AS,CHAPALA,2015-11-01 03:00:00,TS,13.6,56.1,115.0,USA,937.0,USA
2015301N11065,2015,NI,AS,CHAPALA,2015-11-01 06:00:00,TS,13.6,55.7,115.0,USA,937.0,USA
2015301N11065,2015,NI,AS,CHAPALA,2015-11-01 09:00:00,TS,13.5,55.2,118.0,USA,935.0,USA
2015301N11065,2015,NI,AS,CHAPALA,2015-11-01 12:00:00,TS,13.6,54.7,120.0,USA,933.0,USA
2015301N11065,2015,NI,AS,CHAPALA,2015-11-01 15:00:00,TS,13.5,54.2,120.0,USA,933.0,USA
2015301N11065,2015,NI,AS,CHAPALA,2015-11-01 18:00:00,TS,13.4,53.7,120.0,USA,933.0,USA
2015301N11065,2015,NI,AS,CHAPALA,2015-11-01 21:00:00,TS,13.3,53.1,115.0,USA,937.0,USA
2015301N11065,2015,NI,AS,CHAPALA,2015-11-02 00:00:00,TS,13.2,52.6,110.0,USA,941.0,USA
2015301N11065,2015,NI,AS,CHAPALA,2015-11-02 03:00:00,TS,13.2,52.2,108.0,USA,943.0,USA
2015301N11065,2015,NI,AS,CHAPALA,2015-11-02 06:00:00,TS,13.3,51.6,105.0,USA,944.0,USA
2015301N11065,2015,NI,AS,CHAPALA,2015-11-02 09:00:00,TS,13.3,51.0,103.0,USA,946.0,USA
2015301N11065,2015,NI,AS,CHAPALA,2015-11-02 12:00:00,TS,13.4,50.6,100.0,USA,948.0,USA
2015301N11065,2015,NI,AS,CHAPALA,2015-11-02 15:00:00,TS,13.5,50.0,95.0,USA,952.0,USA
2015301N11065,2015,NI,AS,CHAPALA,2015-11-02 18:00:00,TS,13.7,49.6,90.0,USA,956.0,USA
2015301N11065,2015,NI,AS,CHAPALA,2015-11-02 21:00:00,TS,13.8,49.3,83.0,USA,962.0,USA
2015301N11065,2015,NI,AS,CHAPALA,2015-11-03 00:00:00,TS,14.0,48.9,75.0,USA,967.0,USA
2015301N11065,2015,NI,AS,CHAPALA,2015-11-03 03:00:00,TS,14.1,48.4,60.0,USA,978.0,USA
2015301N11065,2015,NI,AS,CHAPALA,2015-11-03 06:00:00,TS,14.1,47.9,50.0,USA,985.0,USA
2015301N11065,2015,NI,AS,CHAPALA,2015-11-03 09:00:00,TS,14.1,47.6,45.0,USA,989.0,USA
2015301N11065,2015,NI,AS,CHAPALA,2015-11-03 12:00:00,TS,14.1,47.4,40.0,USA,993.0,USA
2015301N11065,2015,NI,AS,CHAPALA,2015-11-03 15:00:00,TS,14.2,47.2,35.0,USA,997.0,USA
2015301N11065,2015,NI,AS,CHAPALA,2015-11-03 18:00:00,TS,14.3,47.1,30.0,USA,1000.0,USA
2015301N11065,2015,NI,AS,CHAPALA,2015-11-03 21:00:00,TS,14.5,46.8,28.0,NEWDELHI,1002.0,NEWDELHI
2015301N11065,2015,NI,AS,CHAPALA,2015-11-04 00:00:00,TS,14.8,46.5,25.0,NEWDELHI,1003.0,NEWDELHI
2015309N14067,2015,NI,AS,MEGH,2015-11-04 12:00:00,DS,14.0,66.9,20.0,USA,1007.0,USA
2015309N14067,2015,NI,AS,MEGH,2015-11-04 15:00:00,DS,14.0,66.6,23.0,USA,1006.0,USA
2015309N14067,2015,NI,AS,MEGH,2015-11-04 18:00:00,TS,14.0,66.4,25.0,USA,1004.0,USA
2015309N14067,2015,NI,AS,MEGH,2015-11-04 21:00:00,TS,14.1,66.1,28.0,USA,1002.0,USA
2015309N14067,2015,NI,AS,MEGH,2015-11-05 00:00:00,TS,14.1,65.8,30.0,USA,1000.0,USA
2015309N14067,2015,NI,AS,MEGH,2015-11-05 03:00:00,TS,14.1,65.4,33.0,USA,998.0,USA
2015309N14067,2015,NI,AS,MEGH,2015-11-05 06:00:00,TS,14.0,64.8,35.0,USA,996.0,USA
2015309N14067,2015,NI,AS,MEGH,2015-11-05 09:00:00,TS,14.0,64.3,35.0,USA,996.0,USA
2015309N14067,2015,NI,AS,MEGH,2015-11-05 12:00:00,TS,14.0,64.0,35.0,USA,996.0,USA
2015309N14067,2015,NI,AS,MEGH,2015-11-05 15:00:00,TS,13.9,63.6,38.0,USA,995.0,USA
2015309N14067,2015,NI,AS,MEGH,2015-11-05 18:00:00,TS,13.8,63.3,40.0,USA,993.0,USA
2015309N14067,2015,NI,AS,MEGH,2015-11-05 21:00:00,TS,13.7,62.9,40.0,USA,993.0,USA
2015309N14067,2015,NI,AS,MEGH,2015-11-06 00:00:00,TS,13.6,62.5,40.0,USA,993.0,USA
2015309N14067,2015,NI,AS,MEGH,2015-11-06 03:00:00,TS,13.4,62.2,43.0,USA,991.0,USA
2015309N14067,2015,NI,AS,MEGH,2015-11-06 06:00:00,TS,13.3,61.9,45.0,USA,989.0,USA
2015309N14067,2015,NI,AS,MEGH,2015-11-06 09:00:00,TS,13.1,61.6,45.0,USA,989.0,USA
2015309N14067,2015,NI,AS,MEGH,2015-11-06 12:00:00,TS,13.1,61.2,45.0,USA,989.0,USA
2015309N14067,2015,NI,AS,MEGH,2015-11-06 15:00:00,TS,12.9,60.9,45.0,USA,989.0,USA
2015309N14067,2015,NI,AS,MEGH,2015-11-06 18:00:00,TS,12.9,60.7,45.0,USA,989.0,USA
2015309N14067,2015,NI,AS,MEGH,2015-11-06 21:00:00,TS,12.8,60.4,50.0,USA,986.0,USA
2015309N14067,2015,NI,AS,MEGH,2015-11-07 00:00:00,TS,12.8,60.1,55.0,USA,982.0,USA
2015309N14067,2015,NI,AS,MEGH,2015-11-07 03:00:00,TS,12.8,59.6,60.0,USA,978.0,USA
2015309N14067,2015,NI,AS,MEGH,2015-11-07 06:00:00,TS,12.7,59.3,65.0,USA,974.0,USA
2015309N14067,2015,NI,AS,MEGH,2015-11-07 09:00:00,TS,12.7,58.8,73.0,USA,969.0,USA
2015309N14067,2015,NI,AS,MEGH,2015-11-07 12:00:00,TS,12.8,58.4,80.0,USA,963.0,USA
2015309N14067,2015,NI,AS,MEGH,2015-11-07 15:00:00,TS,12.7,57.9,85.0,USA,960.0,USA
2015309N14067,2015,NI,AS,MEGH,2015-11-07 18:00:00,TS,12.8,57.3,90.0,USA,956.0,USA
2015309N14067,2015,NI,AS,MEGH,2015-11-07 21:00:00,TS,12.7,56.7,98.0,USA,950.0,USA
2015309N14067,2015,NI,AS,MEGH,2015-11-08 00:00:00,TS,12.7,56.1,105.0,USA,944.0,USA
2015309N14067,2015,NI,AS,MEGH,2015-11-08 03:00:00,TS,12.7,55.5,108.0,USA,943.0,USA
2015309N14067,2015,NI,AS,MEGH,2015-11-08 06:00:00,TS,12.7,54.9,110.0,USA,941.0,USA
2015309N14067,2015,NI,AS,MEGH,2015-11-08 09:00:00,TS,12.7,54.2,103.0,USA,947.0,USA
2015309N14067,2015,NI,AS,MEGH,2015-11-08 12:00:00,TS,12.7,53.5,95.0,USA,952.0,USA
2015309N14067,2015,NI,AS,MEGH,2015-11-08 15:00:00,TS,12.6,52.8,88.0,USA,958.0,USA
2015309N14067,2015,NI,AS,MEGH,2015-11-08 18:00:00,TS,12.5,52.3,80.0,USA,963.0,USA
2015309N14067,2015,NI,AS,MEGH,2015-11-08 21:00:00,TS,12.4,51.6,75.0,USA,967.0,USA
2015309N14067,2015,NI,AS,MEGH,2015-11-09 00:00:00,TS,12.3,50.9,70.0,USA,970.0,USA
2015309N14067,2015,NI,AS,MEGH,2015-11-09 03:00:00,TS,12.2,50.2,65.0,USA,974.0,USA
2015309N14067,2015,NI,AS,MEGH,2015-11-09 06:00:00,TS,12.3,49.6,60.0,USA,978.0,USA
2015309N14067,2015,NI,AS,MEGH,2015-11-09 09:00:00,TS,12.3,48.9,55.0,USA,982.0,USA
2015309N14067,2015,NI,AS,MEGH,2015-11-09 12:00:00,TS,12.5,48.3,50.0,USA,985.0,USA
2015309N14067,2015,NI,AS,MEGH,2015-11-09 15:00:00,TS,12.5,48.0,45.0,USA,989.0,USA
2015309N14067,2015,NI,AS,MEGH,2015-11-09 18:00:00,TS,12.6,47.6,40.0,USA,993.0,USA
2015309N14067,2015,NI,AS,MEGH,2015-11-09 21:00:00,TS,12.7,47.3,35.0,USA,997.0,USA
2015309N14067,2015,NI,AS,MEGH,2015-11-10 00:00:00,TS,12.9,47.0,30.0,USA,1000.0,USA
2015309N14067,2015,NI,AS,MEGH,2015-11-10 03:00:00,TS,13.0,46.8,28.0,USA,1002.0,USA
2015309N14067,2015,NI,AS,MEGH,2015-11-10 06:00:00,TS,13.3,46.6,25.0,USA,1004.0,USA
2015309N14067,2015,NI,AS,MEGH,2015-11-10 09:00:00,TS,13.5,46.6,23.0,USA,1006.0,USA
2015309N14067,2015,NI,AS,MEGH,2015-11-10 12:00:00,MX,13.7,46.6,20.0,USA,1007.0,USA
2015312N11084,2015,NI,BB,UNNAMED,2015-11-08 03:00:00,TS,10.7,83.7,25.0,NEWDELHI,1003.0,NEWDELHI
2015312N11084,2015,NI,BB,UNNAMED,2015-11-08 06:00:00,TS,10.8,83.2,25.0,NEWDELHI,1003.0,NEWDELHI
2015312N11084,2015,NI,BB,UNNAMED,2015-11-08 09:00:00,TS,10.9,82.8,25.0,NEWDELHI,1003.0,NEWDELHI
2015312N11084,2015,NI,BB,UNNAMED,2015-11-08 12:00:00,TS,11.0,82.5,25.0,NEWDELHI,1002.0,NEWDELHI
2015312N11084,2015,NI,BB,UNNAMED,2015-11-08 15:00:00,TS,11.1,82.0,28.0,NEWDELHI,1001.0,NEWDELHI
2015312N11084,2015,NI,BB,UNNAMED,2015-11-08 18:00:00,TS,11.2,81.4,30.0,NEWDELHI,1000.0,NEWDELHI
2015312N11084,2015,NI,BB,UNNAMED,2015-11-08 21:00:00,TS,11.3,81.0,30.0,NEWDELHI,1000.0,NEWDELHI
2015312N11084,2015,NI,BB,UNNAMED,2015-11-09 00:00:00,TS,11.4,80.7,30.0,NEWDELHI,999.0,NEWDELHI
2015312N11084,2015,NI,BB,UNNAMED,2015-11-09 03:00:00,TS,11.6,80.3,30.0,NEWDELHI,998.0,NEWDELHI
2015312N11084,2015,NI,BB,UNNAMED,2015-11-09 06:00:00,TS,11.7,80.1,30.0,NEWDELHI,996.0,NEWDELHI
2015312N11084,2015,NI,BB,UNNAMED,2015-11-09 09:00:00,TS,11.9,80.0,30.0,NEWDELHI,996.0,NEWDELHI
2015312N11084,2015,NI,BB,UNNAMED,2015-11-09 12:00:00,TS,12.1,80.0,30.0,NEWDELHI,996.0,NEWDELHI
2015312N11084,2015,NI,BB,UNNAMED,2015-11-09 15:00:00,TS,12.3,80.0,30.0,NEWDELHI,997.0,NEWDELHI
2015312N11084,2015,NI,BB,UNNAMED,2015-11-09 18:00:00,TS,12.4,79.9,30.0,NEWDELHI,998.0,NEWDELHI
2015312N11084,2015,NI,BB,UNNAMED,2015-11-09 21:00:00,TS,12.4,79.8,30.0,NEWDELHI,999.0,NEWDELHI
2015312N11084,2015,NI,BB,UNNAMED,2015-11-10 00:00:00,TS,12.4,79.6,30.0,NEWDELHI,1000.0,NEWDELHI
2015312N11084,2015,NI,BB,UNNAMED,2015-11-10 03:00:00,TS,12.4,79.3,20.0,NEWDELHI,1002.0,NEWDELHI
2016138N10081,2016,NI,BB,ROANU,2016-05-17 00:00:00,DS,10.0,80.8,25.0,USA,1001.0,USA
2016138N10081,2016,NI,BB,ROANU,2016-05-17 03:00:00,MX,10.5,81.0,25.0,USA,1001.0,USA
2016138N10081,2016,NI,BB,ROANU,2016-05-17 06:00:00,MX,10.8,81.1,25.0,USA,1000.0,USA
2016138N10081,2016,NI,BB,ROANU,2016-05-17 09:00:00,MX,11.2,81.1,28.0,USA,1000.0,USA
2016138N10081,2016,NI,BB,ROANU,2016-05-17 12:00:00,MX,11.7,81.1,30.0,USA,1000.0,USA
2016138N10081,2016,NI,BB,ROANU,2016-05-17 15:00:00,MX,12.1,81.1,33.0,USA,998.0,USA
2016138N10081,2016,NI,BB,ROANU,2016-05-17 18:00:00,TS,12.5,81.1,35.0,USA,996.0,USA
2016138N10081,2016,NI,BB,ROANU,2016-05-17 21:00:00,TS,12.8,81.2,38.0,USA,995.0,USA
2016138N10081,2016,NI,BB,ROANU,2016-05-18 00:00:00,TS,13.1,81.2,40.0,USA,993.0,USA
2016138N10081,2016,NI,BB,ROANU,2016-05-18 03:00:00,TS,13.4,81.3,43.0,USA,991.0,USA
2016138N10081,2016,NI,BB,ROANU,2016-05-18 06:00:00,TS,13.9,81.3,45.0,USA,989.0,USA
2016138N10081,2016,NI,BB,ROANU,2016-05-18 09:00:00,TS,14.2,81.3,45.0,USA,989.0,USA
2016138N10081,2016,NI,BB,ROANU,2016-05-18 12:00:00,TS,14.4,81.3,45.0,USA,989.0,USA
2016138N10081,2016,NI,BB,ROANU,2016-05-18 15:00:00,TS,14.5,81.3,45.0,USA,989.0,USA
2016138N10081,2016,NI,BB,ROANU,2016-05-18 18:00:00,TS,14.7,81.3,45.0,USA,989.0,USA
2016138N10081,2016,NI,BB,ROANU,2016-05-18 21:00:00,TS,14.9,81.4,45.0,USA,989.0,USA
2016138N10081,2016,NI,BB,ROANU,2016-05-19 00:00:00,TS,15.1,81.6,45.0,USA,989.0,USA
2016138N10081,2016,NI,BB,ROANU,2016-05-19 03:00:00,TS,15.4,81.8,48.0,USA,987.0,USA
2016138N10081,2016,NI,BB,ROANU,2016-05-19 06:00:00,TS,15.4,82.0,50.0,USA,985.0,USA
2016138N10081,2016,NI,BB,ROANU,2016-05-19 09:00:00,TS,15.5,82.2,50.0,USA,985.0,USA
2016138N10081,2016,NI,BB,ROANU,2016-05-19 12:00:00,TS,15.8,82.5,50.0,USA,985.0,USA
2016138N10081,2016,NI,BB,ROANU,2016-05-19 15:00:00,TS,16.1,82.8,48.0,USA,987.0,USA
2016138N10081,2016,NI,BB,ROANU,2016-05-19 18:00:00,TS,16.5,83.1,45.0,USA,989.0,USA
2016138N10081,2016,NI,BB,ROANU,2016-05-19 21:00:00,TS,16.9,83.5,45.0,USA,989.0,USA
2016138N10081,2016,NI,BB,ROANU,2016-05-20 00:00:00,TS,17.4,84.0,45.0,USA,989.0,USA
2016138N10081,2016,NI,BB,ROANU,2016-05-20 03:00:00,TS,18.1,84.7,48.0,USA,987.0,USA
2016138N10081,2016,NI,BB,ROANU,2016-05-20 06:00:00,TS,18.6,85.1,50.0,USA,985.0,USA
2016138N10081,2016,NI,BB,ROANU,2016-05-20 09:00:00,TS,18.9,85.6,53.0,USA,984.0,USA
2016138N10081,2016,NI,BB,ROANU,2016-05-20 12:00:00,TS,19.4,86.7,55.0,USA,982.0,USA
2016138N10081,2016,NI,BB,ROANU,2016-05-20 15:00:00,TS,19.8,87.3,55.0,USA,982.0,USA
2016138N10081,2016,NI,BB,ROANU,2016-05-20 18:00:00,TS,20.2,88.0,55.0,USA,982.0,USA
2016138N10081,2016,NI,BB,ROANU,2016-05-20 21:00:00,TS,20.5,88.7,58.0,USA,980.0,USA
2016138N10081,2016,NI,BB,ROANU,2016-05-21 00:00:00,TS,20.9,89.4,60.0,USA,978.0,USA
2016138N10081,2016,NI,BB,ROANU,2016-05-21 03:00:00,TS,21.4,90.4,58.0,USA,980.0,USA
2016138N10081,2016,NI,BB,ROANU,2016-05-21 06:00:00,TS,21.9,91.0,55.0,USA,982.0,USA
2016138N10081,2016,NI,BB,ROANU,2016-05-21 09:00:00,TS,22.6,91.5,48.0,USA,988.0,USA
2016138N10081,2016,NI,BB,ROANU,2016-05-21 12:00:00,TS,23.0,92.0,40.0,USA,993.0,USA
2016138N10081,2016,NI,BB,ROANU,2016-05-21 15:00:00,TS,23.5,93.0,30.0,NEWDELHI,992.0,NEWDELHI
2016138N10081,2016,NI,BB,ROANU,2016-05-21 18:00:00,TS,24.0,94.0,30.0,NEWDELHI,994.0,NEWDELHI
2016138N10081,2016,NI,BB,ROANU,2016-05-21 21:00:00,TS,24.3,94.5,25.0,NEWDELHI,995.0,NEWDELHI
2016138N10081,2016,NI,BB,ROANU,2016-05-22 00:00:00,TS,24.5,94.7,20.0,NEWDELHI,996.0,NEWDELHI
2016178N22068,2016,NI,AS,UNNAMED,2016-06-26 06:00:00,TS,21.7,67.8,25.0,USA,1004.0,USA
2016178N22068,2016,NI,AS,UNNAMED,2016-06-26 09:00:00,TS,21.8,67.4,25.0,USA,1004.0,USA
2016178N22068,2016,NI,AS,UNNAMED,2016-06-26 12:00:00,TS,21.8,67.1,25.0,USA,1004.0,USA
2016178N22068,2016,NI,AS,UNNAMED,2016-06-26 15:00:00,TS,21.8,66.8,28.0,USA,1001.0,USA
2016178N22068,2016,NI,AS,UNNAMED,2016-06-26 18:00:00,TS,21.9,66.5,30.0,USA,997.0,USA
2016178N22068,2016,NI,AS,UNNAMED,2016-06-26 21:00:00,TS,22.0,66.1,33.0,USA,997.0,USA
2016178N22068,2016,NI,AS,UNNAMED,2016-06-27 00:00:00,TS,22.0,65.6,35.0,USA,996.0,USA
2016178N22068,2016,NI,AS,UNNAMED,2016-06-27 03:00:00,TS,22.0,65.1,38.0,USA,995.0,USA
2016178N22068,2016,NI,AS,UNNAMED,2016-06-27 06:00:00,TS,21.9,64.7,40.0,USA,993.0,USA
2016178N22068,2016,NI,AS,UNNAMED,2016-06-27 09:00:00,TS,21.7,64.4,40.0,USA,993.0,USA
2016178N22068,2016,NI,AS,UNNAMED,2016-06-27 12:00:00,TS,21.6,64.1,40.0,USA,993.0,USA
2016178N22068,2016,NI,AS,UNNAMED,2016-06-27 15:00:00,TS,21.5,64.0,35.0,USA,997.0,USA
2016178N22068,2016,NI,AS,UNNAMED,2016-06-27 18:00:00,TS,21.5,64.0,30.0,USA,1000.0,USA
2016178N22068,2016,NI,AS,UNNAMED,2016-06-27 21:00:00,TS,21.5,64.1,28.0,USA,1002.0,USA
2016178N22068,2016,NI,AS,UNNAMED,2016-06-28 00:00:00,TS,21.5,63.9,25.0,USA,1004.0,USA
2016178N22068,2016,NI,AS,UNNAMED,2016-06-28 03:00:00,TS,21.2,62.9,23.0,USA,1006.0,USA
2016178N22068,2016,NI,AS,UNNAMED,2016-06-28 06:00:00,MX,21.2,62.7,20.0,USA,1007.0,USA
2016178N22068,2016,NI,AS,UNNAMED,2016-06-28 09:00:00,TS,21.1,62.4,25.0,NEWDELHI,996.0,NEWDELHI
2016178N22068,2016,NI,AS,UNNAMED,2016-06-28 12:00:00,TS,20.8,62.3,25.0,NEWDELHI,996.0,NEWDELHI
2016178N22068,2016,NI,AS,UNNAMED,2016-06-28 15:00:00,TS,20.5,62.3,25.0,NEWDELHI,996.0,NEWDELHI
2016178N22068,2016,NI,AS,UNNAMED,2016-06-28 18:00:00,TS,20.3,62.4,25.0,NEWDELHI,996.0,NEWDELHI
2016178N22068,2016,NI,AS,UNNAMED,2016-06-28 21:00:00,TS,20.3,62.4,25.0,NEWDELHI,996.0,NEWDELHI
2016178N22068,2016,NI,AS,UNNAMED,2016-06-29 00:00:00,TS,20.3,62.3,25.0,NEWDELHI,996.0,NEWDELHI
2016222N22089,2016,NI,BB,UNNAMED,2016-08-09 09:00:00,TS,22.0,88.5,25.0,NEWDELHI,996.0,NEWDELHI
2016222N22089,2016,NI,BB,UNNAMED,2016-08-09 12:00:00,TS,22.0,88.5,25.0,NEWDELHI,996.0,NEWDELHI
2016222N22089,2016,NI,BB,UNNAMED,2016-08-09 15:00:00,TS,22.2,88.7,25.0,NEWDELHI,996.0,NEWDELHI
2016222N22089,2016,NI,BB,UNNAMED,2016-08-09 18:00:00,TS,22.5,89.0,25.0,NEWDELHI,995.0,NEWDELHI
2016222N22089,2016,NI,BB,UNNAMED,2016-08-09 21:00:00,TS,22.7,89.5,25.0,NEWDELHI,995.0,NEWDELHI
2016222N22089,2016,NI,BB,UNNAMED,2016-08-10 00:00:00,TS,22.8,89.7,25.0,NEWDELHI,995.0,NEWDELHI
2016222N22089,2016,NI,BB,UNNAMED,2016-08-10 03:00:00,TS,23.0,89.4,30.0,NEWDELHI,994.0,NEWDELHI
2016222N22089,2016,NI,BB,UNNAMED,2016-08-10 06:00:00,TS,23.1,89.3,30.0,NEWDELHI,994.0,NEWDELHI
2016222N22089,2016,NI,BB,UNNAMED,2016-08-10 09:00:00,TS,23.2,89.2,30.0,NEWDELHI,994.0,NEWDELHI
2016222N22089,2016,NI,BB,UNNAMED,2016-08-10 12:00:00,TS,23.4,89.1,30.0,NEWDELHI,994.0,NEWDELHI
2016222N22089,2016,NI,BB,UNNAMED,2016-08-10 15:00:00,TS,23.5,88.8,30.0,NEWDELHI,994.0,NEWDELHI
2016222N22089,2016,NI,BB,UNNAMED,2016-08-10 18:00:00,TS,23.6,88.5,30.0,NEWDELHI,994.0,NEWDELHI
2016222N22089,2016,NI,BB,UNNAMED,2016-08-10 21:00:00,TS,23.7,88.2,30.0,NEWDELHI,994.0,NEWDELHI
2016222N22089,2016,NI,BB,UNNAMED,2016-08-11 00:00:00,TS,23.8,87.8,30.0,NEWDELHI,994.0,NEWDELHI
2016222N22089,2016,NI,BB,UNNAMED,2016-08-11 03:00:00,TS,24.0,87.4,30.0,NEWDELHI,994.0,NEWDELHI
2016222N22089,2016,NI,BB,UNNAMED,2016-08-11 06:00:00,TS,24.0,87.0,25.0,NEWDELHI,996.0,NEWDELHI
2016222N22089,2016,NI,BB,UNNAMED,2016-08-11 09:00:00,TS,24.0,86.7,25.0,NEWDELHI,996.0,NEWDELHI
2016222N22089,2016,NI,BB,UNNAMED,2016-08-11 12:00:00,TS,24.0,86.5,25.0,NEWDELHI,996.0,NEWDELHI
2016222N22089,2016,NI,BB,UNNAMED,2016-08-11 15:00:00,TS,24.0,86.1,25.0,NEWDELHI,996.0,NEWDELHI
2016222N22089,2016,NI,BB,UNNAMED,2016-08-11 18:00:00,TS,24.0,85.7,25.0,NEWDELHI,996.0,NEWDELHI
2016222N22089,2016,NI,BB,UNNAMED,2016-08-11 21:00:00,TS,24.0,85.4,25.0,NEWDELHI,996.0,NEWDELHI
2016222N22089,2016,NI,BB,UNNAMED,2016-08-12 00:00:00,TS,24.0,85.0,25.0,NEWDELHI,996.0,NEWDELHI
2016222N22089,2016,NI,BB,UNNAMED,2016-08-12 03:00:00,TS,24.0,84.5,25.0,NEWDELHI,996.0,NEWDELHI
2016222N22089,2016,NI,BB,UNNAMED,2016-08-12 06:00:00,TS,24.0,84.5,25.0,NEWDELHI,996.0,NEWDELHI
2016222N22089,2016,NI,BB,UNNAMED,2016-08-12 09:00:00,TS,24.1,84.5,25.0,NEWDELHI,996.0,NEWDELHI
2016222N22089,2016,NI,BB,UNNAMED,2016-08-12 12:00:00,TS,24.2,84.5,25.0,NEWDELHI,996.0,NEWDELHI
2016222N22089,2016,NI,BB,UNNAMED,2016-08-12 15:00:00,TS,24.3,84.3,23.0,NEWDELHI,996.0,NEWDELHI
2016222N22089,2016,NI,BB,UNNAMED,2016-08-12 18:00:00,TS,24.4,84.0,20.0,NEWDELHI,996.0,NEWDELHI
2016230N21089,2016,NI,BB,UNNAMED,2016-08-16 12:00:00,TS,21.0,89.0,20.0,NEWDELHI,996.0,NEWDELHI
2016230N21089,2016,NI,BB,UNNAMED,2016-08-16 15:00:00,TS,21.1,88.9,20.0,NEWDELHI,996.0,NEWDELHI
2016230N21089,2016,NI,BB,UNNAMED,2016-08-16 18:00:00,TS,21.2,88.7,20.0,NEWDELHI,996.0,NEWDELHI
2016230N21089,2016,NI,BB,UNNAMED,2016-08-16 21:00:00,TS,21.3,88.5,20.0,NEWDELHI,996.0,NEWDELHI
2016230N21089,2016,NI,BB,UNNAMED,2016-08-17 00:00:00,TS,21.4,88.4,20.0,NEWDELHI,996.0,NEWDELHI
2016230N21089,2016,NI,BB,UNNAMED,2016-08-17 03:00:00,TS,21.5,88.5,20.0,NEWDELHI,996.0,NEWDELHI
2016230N21089,2016,NI,BB,UNNAMED,2016-08-17 06:00:00,TS,21.5,88.5,20.0,NEWDELHI,996.0,NEWDELHI
2016230N21089,2016,NI,BB,UNNAMED,2016-08-17 09:00:00,TS,21.7,88.4,23.0,NEWDELHI,995.0,NEWDELHI
2016230N21089,2016,NI,BB,UNNAMED,2016-08-17 12:00:00,TS,22.0,88.2,25.0,NEWDELHI,994.0,NEWDELHI
2016230N21089,2016,NI,BB,UNNAMED,2016-08-17 15:00:00,TS,22.4,87.6,25.0,NEWDELHI,994.0,NEWDELHI
2016230N21089,2016,NI,BB,UNNAMED,2016-08-17 18:00:00,TS,22.9,86.9,25.0,NEWDELHI,994.0,NEWDELHI
2016230N21089,2016,NI,BB,UNNAMED,2016-08-17 21:00:00,TS,23.3,86.3,25.0,NEWDELHI,994.0,NEWDELHI
2016230N21089,2016,NI,BB,UNNAMED,2016-08-18 00:00:00,TS,23.7,85.7,25.0,NEWDELHI,994.0,NEWDELHI
2016230N21089,2016,NI,BB,UNNAMED,2016-08-18 03:00:00,TS,24.0,85.0,25.0,NEWDELHI,994.0,NEWDELHI
2016230N21089,2016,NI,BB,UNNAMED,2016-08-18 06:00:00,TS,24.0,84.4,25.0,NEWDELHI,994.0,NEWDELHI
2016230N21089,2016,NI,BB,UNNAMED,2016-08-18 09:00:00,TS,24.0,83.9,25.0,NEWDELHI,994.0,NEWDELHI
2016230N21089,2016,NI,BB,UNNAMED,2016-08-18 12:00:00,TS,24.1,83.4,25.0,NEWDELHI,994.0,NEWDELHI
2016230N21089,2016,NI,BB,UNNAMED,2016-08-18 15:00:00,TS,24.2,83.0,25.0,NEWDELHI,994.0,NEWDELHI
2016230N21089,2016,NI,BB,UNNAMED,2016-08-18 18:00:00,TS,24.4,82.7,25.0,NEWDELHI,994.0,NEWDELHI
2016230N21089,2016,NI,BB,UNNAMED,2016-08-18 21:00:00,TS,24.5,82.3,25.0,NEWDELHI,994.0,NEWDELHI
2016230N21089,2016,NI,BB,UNNAMED,2016-08-19 00:00:00,TS,24.7,82.1,25.0,NEWDELHI,994.0,NEWDELHI
2016230N21089,2016,NI,BB,UNNAMED,2016-08-19 03:00:00,TS,25.0,82.3,25.0,NEWDELHI,994.0,NEWDELHI
2016230N21089,2016,NI,BB,UNNAMED,2016-08-19 06:00:00,TS,24.8,80.6,25.0,NEWDELHI,994.0,NEWDELHI
2016230N21089,2016,NI,BB,UNNAMED,2016-08-19 09:00:00,TS,24.7,79.5,25.0,NEWDELHI,994.0,NEWDELHI
2016230N21089,2016,NI,BB,UNNAMED,2016-08-19 12:00:00,TS,24.7,79.0,25.0,NEWDELHI,994.0,NEWDELHI
2016230N21089,2016,NI,BB,UNNAMED,2016-08-19 15:00:00,TS,24.7,78.6,25.0,NEWDELHI,994.0,NEWDELHI
2016230N21089,2016,NI,BB,UNNAMED,2016-08-19 18:00:00,TS,24.7,78.4,25.0,NEWDELHI,994.0,NEWDELHI
2016230N21089,2016,NI,BB,UNNAMED,2016-08-19 21:00:00,TS,24.7,78.1,25.0,NEWDELHI,994.0,NEWDELHI
2016230N21089,2016,NI,AS,UNNAMED,2016-08-20 00:00:00,TS,24.7,77.8,25.0,NEWDELHI,994.0,NEWDELHI
2016230N21089,2016,NI,AS,UNNAMED,2016-08-20 03:00:00,TS,24.8,77.5,25.0,NEWDELHI,994.0,NEWDELHI
2016230N21089,2016,NI,AS,UNNAMED,2016-08-20 06:00:00,TS,24.8,77.3,25.0,NEWDELHI,994.0,NEWDELHI
2016230N21089,2016,NI,AS,UNNAMED,2016-08-20 09:00:00,TS,24.8,77.3,23.0,NEWDELHI,994.0,NEWDELHI
2016230N21089,2016,NI,AS,UNNAMED,2016-08-20 12:00:00,TS,24.8,77.2,20.0,NEWDELHI,994.0,NEWDELHI
2016230N21089,2016,NI,AS,UNNAMED,2016-08-20 15:00:00,TS,24.9,76.9,18.0,NEWDELHI,995.0,NEWDELHI
2016230N21089,2016,NI,AS,UNNAMED,2016-08-20 18:00:00,TS,25.0,76.5,15.0,NEWDELHI,996.0,NEWDELHI
2016295N13089,2016,NI,BB,KYANT,2016-10-21 00:00:00,TS,13.5,88.5,25.0,NEWDELHI,1003.0,NEWDELHI
2016295N13089,2016,NI,BB,KYANT,2016-10-21 03:00:00,TS,13.6,88.8,25.0,NEWDELHI,1003.0,NEWDELHI
2016295N13089,2016,NI,BB,KYANT,2016-10-21 06:00:00,TS,13.7,89.3,25.0,NEWDELHI,1003.0,NEWDELHI
2016295N13089,2016,NI,BB,KYANT,2016-10-21 09:00:00,TS,13.8,89.6,25.0,NEWDELHI,1003.0,NEWDELHI
2016295N13089,2016,NI,BB,KYANT,2016-10-21 12:00:00,TS,13.9,89.8,25.0,NEWDELHI,1003.0,NEWDELHI
2016295N13089,2016,NI,BB,KYANT,2016-10-21 15:00:00,TS,13.9,89.9,25.0,NEWDELHI,1003.0,NEWDELHI
2016295N13089,2016,NI,BB,KYANT,2016-10-21 18:00:00,TS,13.9,89.9,25.0,NEWDELHI,1003.0,NEWDELHI
2016295N13089,2016,NI,BB,KYANT,2016-10-21 21:00:00,TS,13.9,89.9,25.0,NEWDELHI,1003.0,NEWDELHI
2016295N13089,2016,NI,BB,KYANT,2016-10-22 00:00:00,TS,13.9,90.1,25.0,USA,1004.0,USA
2016295N13089,2016,NI,BB,KYANT,2016-10-22 03:00:00,TS,14.1,90.7,25.0,USA,1005.0,USA
2016295N13089,2016,NI,BB,KYANT,2016-10-22 06:00:00,TS,14.5,91.4,25.0,USA,1005.0,USA
2016295N13089,2016,NI,BB,KYANT,2016-10-22 09:00:00,TS,14.8,91.8,25.0,USA,1005.0,USA
2016295N13089,2016,NI,BB,KYANT,2016-10-22 12:00:00,TS,14.9,92.1,25.0,USA,1005.0,USA
2016295N13089,2016,NI,BB,KYANT,2016-10-22 15:00:00,TS,15.1,92.3,25.0,USA,1005.0,USA
2016295N13089,2016,NI,BB,KYANT,2016-10-22 18:00:00,TS,15.3,92.5,25.0,USA,1004.0,USA
2016295N13089,2016,NI,BB,KYANT,2016-10-22 21:00:00,TS,15.4,92.6,25.0,USA,1004.0,USA
2016295N13089,2016,NI,BB,KYANT,2016-10-23 00:00:00,TS,15.5,92.8,25.0,USA,1004.0,USA
2016295N13089,2016,NI,BB,KYANT,2016-10-23 03:00:00,TS,15.6,92.8,28.0,USA,1002.0,USA
2016295N13089,2016,NI,BB,KYANT,2016-10-23 06:00:00,TS,15.6,92.8,30.0,USA,1000.0,USA
2016295N13089,2016,NI,BB,KYANT,2016-10-23 09:00:00,TS,15.7,92.9,30.0,USA,1001.0,USA
2016295N13089,2016,NI,BB,KYANT,2016-10-23 12:00:00,TS,15.8,93.0,30.0,USA,1001.0,USA
2016295N13089,2016,NI,BB,KYANT,2016-10-23 15:00:00,TS,15.9,93.0,30.0,USA,1001.0,USA
2016295N13089,2016,NI,BB,KYANT,2016-10-23 18:00:00,TS,16.0,93.1,30.0,USA,1000.0,USA
2016295N13089,2016,NI,BB,KYANT,2016-10-23 21:00:00,TS,16.1,93.1,30.0,USA,1000.0,USA
2016295N13089,2016,NI,BB,KYANT,2016-10-24 00:00:00,TS,16.3,93.1,30.0,USA,1000.0,USA
2016295N13089,2016,NI,BB,KYANT,2016-10-24 03:00:00,TS,16.3,93.1,30.0,USA,1000.0,USA
2016295N13089,2016,NI,BB,KYANT,2016-10-24 06:00:00,TS,16.5,93.1,30.0,USA,1000.0,USA
2016295N13089,2016,NI,BB,KYANT,2016-10-24 09:00:00,TS,16.7,92.8,30.0,USA,1000.0,USA
2016295N13089,2016,NI,BB,KYANT,2016-10-24 12:00:00,TS,16.7,92.5,30.0,USA,1000.0,USA
2016295N13089,2016,NI,BB,KYANT,2016-10-24 15:00:00,TS,16.7,92.3,30.0,USA,1000.0,USA
2016295N13089,2016,NI,BB,KYANT,2016-10-24 18:00:00,TS,16.7,92.2,30.0,USA,1000.0,USA
2016295N13089,2016,NI,BB,KYANT,2016-10-24 21:00:00,TS,16.7,92.0,33.0,USA,998.0,USA
2016295N13089,2016,NI,BB,KYANT,2016-10-25 00:00:00,TS,16.8,91.7,35.0,USA,996.0,USA
2016295N13089,2016,NI,BB,KYANT,2016-10-25 03:00:00,TS,16.8,91.4,38.0,USA,995.0,USA
2016295N13089,2016,NI,BB,KYANT,2016-10-25 06:00:00,TS,16.8,91.1,40.0,USA,993.0,USA
2016295N13089,2016,NI,BB,KYANT,2016-10-25 09:00:00,TS,16.7,90.8,38.0,USA,995.0,USA
2016295N13089,2016,NI,BB,KYANT,2016-10-25 12:00:00,TS,16.8,90.6,35.0,USA,996.0,USA
2016295N13089,2016,NI,BB,KYANT,2016-10-25 15:00:00,TS,16.6,90.2,35.0,USA,996.0,USA
2016295N13089,2016,NI,BB,KYANT,2016-10-25 18:00:00,TS,16.6,89.8,35.0,USA,996.0,USA
2016295N13089,2016,NI,BB,KYANT,2016-10-25 21:00:00,TS,16.4,89.5,35.0,USA,996.0,USA
2016295N13089,2016,NI,BB,KYANT,2016-10-26 00:00:00,TS,16.4,89.0,35.0,USA,996.0,USA
2016295N13089,2016,NI,BB,KYANT,2016-10-26 03:00:00,TS,16.3,88.5,33.0,USA,998.0,USA
2016295N13089,2016,NI,BB,KYANT,2016-10-26 06:00:00,TS,16.3,87.9,30.0,USA,1000.0,USA
2016295N13089,2016,NI,BB,KYANT,2016-10-26 09:00:00,TS,16.2,87.4,30.0,USA,1000.0,USA
2016295N13089,2016,NI,BB,KYANT,2016-10-26 12:00:00,TS,16.2,87.0,30.0,USA,1000.0,USA
2016295N13089,2016,NI,BB,KYANT,2016-10-26 15:00:00,TS,16.1,86.6,28.0,USA,1002.0,USA
2016295N13089,2016,NI,BB,KYANT,2016-10-26 18:00:00,TS,16.0,86.3,25.0,USA,1004.0,USA
2016295N13089,2016,NI,BB,KYANT,2016-10-26 21:00:00,TS,15.9,85.8,25.0,USA,1004.0,USA
2016295N13089,2016,NI,BB,KYANT,2016-10-27 00:00:00,TS,15.8,85.4,25.0,USA,1004.0,USA
2016295N13089,2016,NI,BB,KYANT,2016-10-27 03:00:00,TS,15.7,84.8,25.0,USA,1004.0,USA
2016295N13089,2016,NI,BB,KYANT,2016-10-27 06:00:00,TS,15.7,84.4,25.0,USA,1004.0,USA
2016295N13089,2016,NI,BB,KYANT,2016-10-27 09:00:00,TS,15.6,83.9,25.0,USA,1005.0,USA
2016295N13089,2016,NI,BB,KYANT,2016-10-27 12:00:00,TS,15.6,83.6,25.0,USA,1006.0,USA
2016295N13089,2016,NI,BB,KYANT,2016-10-27 15:00:00,TS,15.4,83.3,25.0,USA,1006.0,USA
2016295N13089,2016,NI,BB,KYANT,2016-10-27 18:00:00,TS,15.3,83.0,25.0,USA,1006.0,USA
2016295N13089,2016,NI,BB,KYANT,2016-10-27 21:00:00,TS,15.2,82.8,25.0,USA,1006.0,USA
2016295N13089,2016,NI,BB,KYANT,2016-10-28 00:00:00,TS,15.1,82.6,25.0,USA,1005.0,USA
2016295N13089,2016,NI,BB,KYANT,2016-10-28 03:00:00,TS,15.0,82.4,25.0,USA,1005.0,USA
2016295N13089,2016,NI,BB,KYANT,2016-10-28 06:00:00,TS,14.9,82.1,25.0,USA,1004.0,USA
2016295N13089,2016,NI,BB,KYANT,2016-10-28 09:00:00,TS,14.8,81.9,25.0,USA,1004.0,USA
2016295N13089,2016,NI,BB,KYANT,2016-10-28 12:00:00,TS,14.6,81.7,25.0,USA,1004.0,USA
2016295N13089,2016,NI,BB,KYANT,2016-10-28 15:00:00,TS,14.4,81.5,23.0,USA,1006.0,USA
2016295N13089,2016,NI,BB,KYANT,2016-10-28 18:00:00,DS,14.3,81.3,20.0,USA,1007.0,USA
2016295N13089,2016,NI,BB,KYANT,2016-10-28 21:00:00,DS,14.2,81.2,20.0,USA,1007.0,USA
2016295N13089,2016,NI,BB,KYANT,2016-10-29 00:00:00,DS,14.2,81.2,20.0,USA,1007.0,USA
2016295N13089,2016,NI,BB,KYANT,2016-10-29 03:00:00,DS,14.1,81.1,20.0,USA,1007.0,USA
2016295N13089,2016,NI,BB,KYANT,2016-10-29 06:00:00,DS,14.0,81.0,20.0,USA,1007.0,USA
2016308N13088,2016,NI,BB,UNNAMED,2016-11-02 18:00:00,TS,12.7,88.0,25.0,NEWDELHI,1004.0,NEWDELHI
2016308N13088,2016,NI,BB,UNNAMED,2016-11-02 21:00:00,TS,12.8,87.5,25.0,NEWDELHI,1004.0,NEWDELHI
2016308N13088,2016,NI,BB,UNNAMED,2016-11-03 00:00:00,TS,13.0,87.0,25.0,NEWDELHI,1004.0,NEWDELHI
2016308N13088,2016,NI,BB,UNNAMED,2016-11-03 03:00:00,TS,13.4,86.5,25.0,NEWDELHI,1004.0,NEWDELHI
2016308N13088,2016,NI,BB,UNNAMED,2016-11-03 06:00:00,TS,13.7,86.0,25.0,NEWDELHI,1004.0,NEWDELHI
2016308N13088,2016,NI,BB,UNNAMED,2016-11-03 09:00:00,TS,14.0,85.7,25.0,NEWDELHI,1004.0,NEWDELHI
2016308N13088,2016,NI,BB,UNNAMED,2016-11-03 12:00:00,TS,14.2,85.5,25.0,NEWDELHI,1004.0,NEWDELHI
2016308N13088,2016,NI,BB,UNNAMED,2016-11-03 15:00:00,TS,14.4,85.2,25.0,NEWDELHI,1004.0,NEWDELHI
2016308N13088,2016,NI,BB,UNNAMED,2016-11-03 18:00:00,TS,14.6,85.0,25.0,NEWDELHI,1004.0,NEWDELHI
2016308N13088,2016,NI,BB,UNNAMED,2016-11-03 21:00:00,TS,15.0,84.9,25.0,NEWDELHI,1003.0,NEWDELHI
2016308N13088,2016,NI,BB,UNNAMED,2016-11-04 00:00:00,TS,15.5,84.8,25.0,NEWDELHI,1002.0,NEWDELHI
2016308N13088,2016,NI,BB,UNNAMED,2016-11-04 03:00:00,TS,16.0,84.7,25.0,NEWDELHI,1002.0,NEWDELHI
2016308N13088,2016,NI,BB,UNNAMED,2016-11-04 06:00:00,TS,16.0,84.7,25.0,NEWDELHI,1000.0,NEWDELHI
2016308N13088,2016,NI,BB,UNNAMED,2016-11-04 09:00:00,TS,16.1,84.7,25.0,NEWDELHI,1000.0,NEWDELHI
2016308N13088,2016,NI,BB,UNNAMED,2016-11-04 12:00:00,TS,16.3,84.7,25.0,NEWDELHI,1000.0,NEWDELHI
2016308N13088,2016,NI,BB,UNNAMED,2016-11-04 15:00:00,TS,16.6,84.8,25.0,NEWDELHI,1000.0,NEWDELHI
2016308N13088,2016,NI,BB,UNNAMED,2016-11-04 18:00:00,TS,16.9,85.0,25.0,NEWDELHI,1000.0,NEWDELHI
2016308N13088,2016,NI,BB,UNNAMED,2016-11-04 21:00:00,TS,17.2,85.4,25.0,NEWDELHI,1000.0,NEWDELHI
2016308N13088,2016,NI,BB,UNNAMED,2016-11-05 00:00:00,TS,17.7,86.0,25.0,NEWDELHI,1000.0,NEWDELHI
2016308N13088,2016,NI,BB,UNNAMED,2016-11-05 03:00:00,TS,18.3,87.0,25.0,NEWDELHI,1000.0,NEWDELHI
2016308N13088,2016,NI,BB,UNNAMED,2016-11-05 06:00:00,TS,18.5,87.0,25.0,NEWDELHI,1000.0,NEWDELHI
2016308N13088,2016,NI,BB,UNNAMED,2016-11-05 09:00:00,TS,18.7,87.7,25.0,NEWDELHI,1000.0,NEWDELHI
2016308N13088,2016,NI,BB,UNNAMED,2016-11-05 12:00:00,TS,19.0,88.7,25.0,NEWDELHI,1000.0,NEWDELHI
2016308N13088,2016,NI,BB,UNNAMED,2016-11-05 15:00:00,TS,19.2,89.1,25.0,NEWDELHI,1000.0,NEWDELHI
2016308N13088,2016,NI,BB,UNNAMED,2016-11-05 18:00:00,TS,19.5,89.5,25.0,NEWDELHI,1000.0,NEWDELHI
2016308N13088,2016,NI,BB,UNNAMED,2016-11-05 21:00:00,TS,20.0,90.3,25.0,NEWDELHI,1000.0,NEWDELHI
2016308N13088,2016,NI,BB,UNNAMED,2016-11-06 00:00:00,TS,20.5,91.0,25.0,NEWDELHI,1000.0,NEWDELHI
2016308N13088,2016,NI,BB,UNNAMED,2016-11-06 03:00:00,TS,21.0,91.5,25.0,NEWDELHI,1000.0,NEWDELHI
2016308N13088,2016,NI,BB,UNNAMED,2016-11-06 06:00:00,TS,21.5,91.8,25.0,NEWDELHI,1002.0,NEWDELHI
2016308N13088,2016,NI,BB,UNNAMED,2016-11-06 09:00:00,TS,21.6,91.9,25.0,NEWDELHI,1003.0,NEWDELHI
2016335N07088,2016,NI,BB,NADA,2016-11-29 12:00:00,TS,6.8,87.7,30.0,USA,1000.0,USA
2016335N07088,2016,NI,BB,NADA,2016-11-29 15:00:00,TS,7.2,87.3,33.0,USA,998.0,USA
2016335N07088,2016,NI,BB,NADA,2016-11-29 18:00:00,TS,7.5,86.8,35.0,USA,996.0,USA
2016335N07088,2016,NI,BB,NADA,2016-11-29 21:00:00,TS,7.8,86.3,38.0,USA,995.0,USA
2016335N07088,2016,NI,BB,NADA,2016-11-30 00:00:00,TS,8.2,85.9,40.0,USA,993.0,USA
2016335N07088,2016,NI,BB,NADA,2016-11-30 03:00:00,TS,8.6,85.3,43.0,USA,991.0,USA
2016335N07088,2016,NI,BB,NADA,2016-11-30 06:00:00,TS,9.0,84.9,45.0,USA,989.0,USA
2016335N07088,2016,NI,BB,NADA,2016-11-30 09:00:00,TS,9.6,84.3,45.0,USA,989.0,USA
2016335N07088,2016,NI,BB,NADA,2016-11-30 12:00:00,TS,9.8,83.9,45.0,USA,989.0,USA
2016335N07088,2016,NI,BB,NADA,2016-11-30 15:00:00,TS,10.0,83.4,45.0,USA,989.0,USA
2016335N07088,2016,NI,BB,NADA,2016-11-30 18:00:00,TS,10.3,83.0,45.0,USA,989.0,USA
2016335N07088,2016,NI,BB,NADA,2016-11-30 21:00:00,TS,10.3,82.2,43.0,USA,991.0,USA
2016335N07088,2016,NI,BB,NADA,2016-12-01 00:00:00,TS,10.4,82.0,40.0,USA,993.0,USA
2016335N07088,2016,NI,BB,NADA,2016-12-01 03:00:00,TS,10.4,81.7,40.0,USA,993.0,USA
2016335N07088,2016,NI,BB,NADA,2016-12-01 06:00:00,TS,10.5,81.3,40.0,USA,993.0,USA
2016335N07088,2016,NI,BB,NADA,2016-12-01 09:00:00,TS,10.6,80.9,38.0,USA,995.0,USA
2016335N07088,2016,NI,BB,NADA,2016-12-01 12:00:00,TS,10.8,80.6,35.0,USA,996.0,USA
2016335N07088,2016,NI,BB,NADA,2016-12-01 15:00:00,TS,10.8,80.4,30.0,USA,1000.0,USA
2016335N07088,2016,NI,BB,NADA,2016-12-01 18:00:00,TS,10.8,80.1,25.0,USA,1004.0,USA
2016335N07088,2016,NI,BB,NADA,2016-12-01 21:00:00,TS,10.8,79.9,23.0,USA,1006.0,USA
2016335N07088,2016,NI,BB,NADA,2016-12-02 00:00:00,MX,10.9,79.6,20.0,USA,1007.0,USA
2016335N07088,2016,NI,BB,NADA,2016-12-02 03:00:00,DS,11.0,79.3,20.0,USA,1007.0,USA
2016335N07088,2016,NI,BB,NADA,2016-12-02 06:00:00,DS,11.0,78.9,20.0,USA,1007.0,USA
2016341N08092,2016,NI,BB,VARDAH,2016-12-06 06:00:00,TS,7.8,91.7,30.0,USA,1000.0,USA
2016341N08092,2016,NI,BB,VARDAH,2016-12-06 09:00:00,TS,8.2,91.3,30.0,USA,1000.0,USA
2016341N08092,2016,NI,BB,VARDAH,2016-12-06 12:00:00,TS,8.4,91.0,30.0,USA,1000.0,USA
2016341N08092,2016,NI,BB,VARDAH,2016-12-06 15:00:00,TS,8.7,91.0,30.0,USA,1002.0,USA
2016341N08092,2016,NI,BB,VARDAH,2016-12-06 18:00:00,MX,9.1,91.0,30.0,USA,1004.0,USA
2016341N08092,2016,NI,BB,VARDAH,2016-12-06 21:00:00,MX,9.4,91.0,30.0,USA,1004.0,USA
2016341N08092,2016,NI,BB,VARDAH,2016-12-07 00:00:00,MX,9.6,91.0,30.0,USA,1004.0,USA
2016341N08092,2016,NI,BB,VARDAH,2016-12-07 03:00:00,MX,9.8,91.1,30.0,USA,1003.0,USA
2016341N08092,2016,NI,BB,VARDAH,2016-12-07 06:00:00,MX,9.9,91.2,30.0,USA,1001.0,USA
2016341N08092,2016,NI,BB,VARDAH,2016-12-07 09:00:00,MX,10.1,91.2,30.0,USA,1001.0,USA
2016341N08092,2016,NI,BB,VARDAH,2016-12-07 12:00:00,TS,10.3,91.3,30.0,USA,1000.0,USA
2016341N08092,2016,NI,BB,VARDAH,2016-12-07 15:00:00,TS,10.5,91.3,35.0,USA,997.0,USA
2016341N08092,2016,NI,BB,VARDAH,2016-12-07 18:00:00,TS,10.8,91.3,40.0,USA,993.0,USA
2016341N08092,2016,NI,BB,VARDAH,2016-12-07 21:00:00,TS,11.0,91.3,43.0,USA,995.0,USA
2016341N08092,2016,NI,BB,VARDAH,2016-12-08 00:00:00,TS,11.1,91.3,45.0,USA,997.0,USA
2016341N08092,2016,NI,BB,VARDAH,2016-12-08 03:00:00,TS,11.3,91.3,45.0,USA,996.0,USA
2016341N08092,2016,NI,BB,VARDAH,2016-12-08 06:00:00,TS,11.4,91.3,45.0,USA,995.0,USA
2016341N08092,2016,NI,BB,VARDAH,2016-12-08 09:00:00,TS,11.4,91.2,45.0,USA,995.0,USA
2016341N08092,2016,NI,BB,VARDAH,2016-12-08 12:00:00,TS,11.4,91.2,45.0,USA,995.0,USA
2016341N08092,2016,NI,BB,VARDAH,2016-12-08 15:00:00,TS,11.5,91.1,45.0,USA,992.0,USA
2016341N08092,2016,NI,BB,VARDAH,2016-12-08 18:00:00,TS,11.6,91.0,45.0,USA,989.0,USA
2016341N08092,2016,NI,BB,VARDAH,2016-12-08 21:00:00,TS,11.7,90.9,45.0,USA,989.0,USA
2016341N08092,2016,NI,BB,VARDAH,2016-12-09 00:00:00,TS,11.8,90.7,45.0,USA,989.0,USA
2016341N08092,2016,NI,BB,VARDAH,2016-12-09 03:00:00,TS,11.9,90.6,45.0,USA,989.0,USA
2016341N08092,2016,NI,BB,VARDAH,2016-12-09 06:00:00,TS,12.0,90.5,45.0,USA,989.0,USA
2016341N08092,2016,NI,BB,VARDAH,2016-12-09 09:00:00,TS,12.1,90.3,48.0,USA,987.0,USA
2016341N08092,2016,NI,BB,VARDAH,2016-12-09 12:00:00,TS,12.2,90.0,50.0,USA,985.0,USA
2016341N08092,2016,NI,BB,VARDAH,2016-12-09 15:00:00,TS,12.2,89.7,53.0,USA,984.0,USA
2016341N08092,2016,NI,BB,VARDAH,2016-12-09 18:00:00,TS,12.3,89.4,55.0,USA,982.0,USA
2016341N08092,2016,NI,BB,VARDAH,2016-12-09 21:00:00,TS,12.5,88.8,55.0,USA,984.0,USA
2016341N08092,2016,NI,BB,VARDAH,2016-12-10 00:00:00,TS,12.6,88.3,55.0,USA,985.0,USA
2016341N08092,2016,NI,BB,VARDAH,2016-12-10 03:00:00,TS,12.7,87.8,58.0,USA,987.0,USA
2016341N08092,2016,NI,BB,VARDAH,2016-12-10 06:00:00,TS,12.9,87.3,60.0,USA,989.0,USA
2016341N08092,2016,NI,BB,VARDAH,2016-12-10 09:00:00,TS,13.0,86.7,63.0,USA,987.0,USA
2016341N08092,2016,NI,BB,VARDAH,2016-12-10 12:00:00,TS,13.0,86.4,65.0,USA,985.0,USA
2016341N08092,2016,NI,BB,VARDAH,2016-12-10 15:00:00,TS,13.1,85.9,68.0,USA,978.0,USA
2016341N08092,2016,NI,BB,VARDAH,2016-12-10 18:00:00,TS,13.1,85.4,70.0,USA,970.0,USA
2016341N08092,2016,NI,BB,VARDAH,2016-12-10 21:00:00,TS,13.0,85.1,73.0,USA,969.0,USA
2016341N08092,2016,NI,BB,VARDAH,2016-12-11 00:00:00,TS,13.1,84.8,75.0,USA,967.0,USA
2016341N08092,2016,NI,BB,VARDAH,2016-12-11 03:00:00,TS,13.0,84.4,75.0,USA,974.0,USA
2016341N08092,2016,NI,BB,VARDAH,2016-12-11 06:00:00,TS,13.1,83.8,75.0,USA,980.0,USA
2016341N08092,2016,NI,BB,VARDAH,2016-12-11 09:00:00,TS,13.1,83.4,75.0,USA,980.0,USA
2016341N08092,2016,NI,BB,VARDAH,2016-12-11 12:00:00,TS,13.2,83.2,75.0,USA,979.0,USA
2016341N08092,2016,NI,BB,VARDAH,2016-12-11 15:00:00,TS,13.2,82.7,78.0,USA,971.0,USA
2016341N08092,2016,NI,BB,VARDAH,2016-12-11 18:00:00,TS,13.1,82.4,80.0,USA,963.0,USA
2016341N08092,2016,NI,BB,VARDAH,2016-12-11 21:00:00,TS,13.2,82.0,85.0,USA,959.0,USA
2016341N08092,2016,NI,BB,VARDAH,2016-12-12 00:00:00,TS,13.2,81.7,80.0,USA,963.0,USA
2016341N08092,2016,NI,BB,VARDAH,2016-12-12 03:00:00,TS,13.2,81.3,80.0,USA,963.0,USA
2016341N08092,2016,NI,BB,VARDAH,2016-12-12 06:00:00,TS,13.2,80.8,80.0,USA,963.0,USA
2016341N08092,2016,NI,BB,VARDAH,2016-12-12 09:00:00,TS,13.2,80.3,73.0,USA,969.0,USA
2016341N08092,2016,NI,BB,VARDAH,2016-12-12 12:00:00,TS,13.1,79.9,65.0,USA,974.0,USA
2016341N08092,2016,NI,BB,VARDAH,2016-12-12 15:00:00,TS,13.1,79.4,58.0,USA,980.0,USA
2016341N08092,2016,NI,BB,VARDAH,2016-12-12 18:00:00,TS,13.0,78.9,50.0,USA,985.0,USA
2016341N08092,2016,NI,BB,VARDAH,2016-12-12 21:00:00,TS,13.0,78.4,40.0,USA,995.0,USA
2016341N08092,2016,NI,AS,VARDAH,2016-12-13 00:00:00,TS,13.0,77.8,30.0,USA,1005.0,USA
2016341N08092,2016,NI,AS,VARDAH,2016-12-13 03:00:00,TS,13.0,77.4,28.0,USA,1005.0,USA
2016341N08092,2016,NI,AS,VARDAH,2016-12-13 06:00:00,TS,13.0,77.0,25.0,USA,1004.0,USA
2016341N08092,2016,NI,AS,VARDAH,2016-12-13 09:00:00,TS,13.0,76.5,25.0,USA,1004.0,USA
2016341N08092,2016,NI,AS,VARDAH,2016-12-13 12:00:00,TS,13.1,76.0,25.0,USA,1004.0,USA
2016341N08092,2016,NI,AS,VARDAH,2016-12-13 15:00:00,TS,13.2,75.6,23.0,USA,1006.0,USA
2016341N08092,2016,NI,AS,VARDAH,2016-12-13 18:00:00,DS,13.2,75.1,20.0,USA,1007.0,USA
2016341N08092,2016,NI,AS,VARDAH,2016-12-13 21:00:00,DS,13.2,74.5,20.0,USA,1007.0,USA
2016341N08092,2016,NI,AS,VARDAH,2016-12-14 00:00:00,DS,13.2,74.0,20.0,USA,1007.0,USA
2016341N08092,2016,NI,AS,VARDAH,2016-12-14 03:00:00,DS,13.2,73.6,20.0,USA,1007.0,USA
2016341N08092,2016,NI,AS,VARDAH,2016-12-14 06:00:00,DS,13.1,73.2,20.0,USA,1007.0,USA
2016341N08092,2016,NI,AS,VARDAH,2016-12-14 09:00:00,DS,13.0,72.9,23.0,USA,1006.0,USA
2016341N08092,2016,NI,AS,VARDAH,2016-12-14 12:00:00,TS,12.9,72.6,25.0,USA,1004.0,USA
2016341N08092,2016,NI,AS,VARDAH,2016-12-14 15:00:00,TS,12.8,72.2,25.0,USA,1004.0,USA
2016341N08092,2016,NI,AS,VARDAH,2016-12-14 18:00:00,TS,12.6,71.8,25.0,USA,1004.0,USA
2016341N08092,2016,NI,AS,VARDAH,2016-12-14 21:00:00,TS,12.4,71.4,25.0,USA,1004.0,USA
2016341N08092,2016,NI,AS,VARDAH,2016-12-15 00:00:00,TS,12.2,71.0,25.0,USA,1004.0,USA
2016341N08092,2016,NI,AS,VARDAH,2016-12-15 03:00:00,TS,12.0,70.6,25.0,USA,1004.0,USA
2016341N08092,2016,NI,AS,VARDAH,2016-12-15 06:00:00,TS,11.8,70.2,25.0,USA,1004.0,USA
2016341N08092,2016,NI,AS,VARDAH,2016-12-15 09:00:00,TS,11.6,69.9,25.0,USA,1004.0,USA
2016341N08092,2016,NI,AS,VARDAH,2016-12-15 12:00:00,TS,11.4,69.5,25.0,USA,1004.0,USA
2016341N08092,2016,NI,AS,VARDAH,2016-12-15 15:00:00,TS,11.2,69.0,25.0,USA,1004.0,USA
2016341N08092,2016,NI,AS,VARDAH,2016-12-15 18:00:00,TS,11.1,68.5,25.0,USA,1004.0,USA
2016341N08092,2016,NI,AS,VARDAH,2016-12-15 21:00:00,TS,11.1,68.0,28.0,USA,1002.0,USA
2016341N08092,2016,NI,AS,VARDAH,2016-12-16 00:00:00,TS,11.2,67.5,30.0,USA,1000.0,USA
2016341N08092,2016,NI,AS,VARDAH,2016-12-16 03:00:00,TS,11.2,66.9,30.0,USA,1000.0,USA
2016341N08092,2016,NI,AS,VARDAH,2016-12-16 06:00:00,TS,11.2,66.4,30.0,USA,1000.0,USA
2016341N08092,2016,NI,AS,VARDAH,2016-12-16 09:00:00,TS,11.2,65.9,30.0,USA,1000.0,USA
2016341N08092,2016,NI,AS,VARDAH,2016-12-16 12:00:00,TS,11.2,65.4,30.0,USA,1000.0,USA
2016341N08092,2016,NI,AS,VARDAH,2016-12-16 15:00:00,TS,11.2,64.9,30.0,USA,1000.0,USA
2016341N08092,2016,NI,AS,VARDAH,2016-12-16 18:00:00,TS,11.1,64.2,30.0,USA,1000.0,USA
2016341N08092,2016,NI,AS,VARDAH,2016-12-16 21:00:00,TS,11.0,63.1,30.0,USA,1000.0,USA
2016341N08092,2016,NI,AS,VARDAH,2016-12-17 00:00:00,TS,11.1,62.1,30.0,USA,1000.0,USA
2016341N08092,2016,NI,AS,VARDAH,2016-12-17 03:00:00,TS,11.2,61.4,30.0,USA,1000.0,USA
2016341N08092,2016,NI,AS,VARDAH,2016-12-17 06:00:00,TS,11.0,60.8,30.0,USA,1000.0,USA
2016341N08092,2016,NI,AS,VARDAH,2016-12-17 09:00:00,TS,10.8,60.3,30.0,USA,1000.0,USA
2016341N08092,2016,NI,AS,VARDAH,2016-12-17 12:00:00,TS,10.6,59.8,30.0,USA,1000.0,USA
2016341N08092,2016,NI,AS,VARDAH,2016-12-17 15:00:00,TS,10.2,59.1,33.0,USA,998.0,USA
2016341N08092,2016,NI,AS,VARDAH,2016-12-17 18:00:00,TS,9.8,58.3,35.0,USA,996.0,USA
2016341N08092,2016,NI,AS,VARDAH,2016-12-17 21:00:00,TS,9.5,57.4,35.0,USA,996.0,USA
2016341N08092,2016,NI,AS,VARDAH,2016-12-18 00:00:00,TS,9.4,56.8,35.0,USA,996.0,USA
2016341N08092,2016,NI,AS,VARDAH,2016-12-18 03:00:00,TS,9.3,56.1,35.0,USA,996.0,USA
2016341N08092,2016,NI,AS,VARDAH,2016-12-18 06:00:00,TS,9.3,55.4,35.0,USA,996.0,USA
2016341N08092,2016,NI,AS,VARDAH,2016-12-18 09:00:00,TS,9.3,54.6,35.0,USA,996.0,USA
2016341N08092,2016,NI,AS,VARDAH,2016-12-18 12:00:00,TS,9.3,53.7,35.0,USA,996.0,USA
2016341N08092,2016,NI,AS,VARDAH,2016-12-18 15:00:00,TS,9.3,52.9,35.0,USA,996.0,USA
2016341N08092,2016,NI,AS,VARDAH,2016-12-18 18:00:00,TS,9.2,52.1,35.0,USA,996.0,USA
2016341N08092,2016,NI,AS,VARDAH,2016-12-18 21:00:00,TS,9.1,51.5,30.0,USA,1000.0,USA
2016341N08092,2016,NI,AS,VARDAH,2016-12-19 00:00:00,TS,8.9,51.0,25.0,USA,1004.0,USA
